           Time[sec]           V_{cmd}[V]          V_{gyro}[V]          \theta[deg] \omega_{gyro}[deg/sec] 
        0.0000000000         0.0000000000         1.2181965884        96.2617458060         8.1946888069 
        0.0050000000         0.0833680121         1.2105497339        95.8947462155        -3.2185268016 
        0.0100000000         0.1655492979         1.2130986854        96.0782460108         0.5858784012 
        0.0150000000         0.2453740241         1.2105497339        96.0782460108        -3.2185268016 
        0.0200000999         0.3217073853         1.2207455399        95.8947462155        11.9990940097 
        0.0250000999         0.3934597454         1.2105497339        95.7112464203        -3.2185268016 
        0.0300000999         0.4596112883         1.2105497339        95.8947462155        -3.2185268016 
        0.0350000999         0.5192203607         1.2844693270        96.0782460108       107.1092240804 
        0.0400000999         0.5714384398         1.3507420656        96.2617458060       206.0237593540 
        0.0450000999         0.6155222123         1.2921161815        97.5462443727       118.5224396889 
        0.0500000999         0.6508441547         1.3915252894        99.0142427347       266.8942425993 
        0.0550000999         0.6769014668         1.3711336775       100.4822410967       236.4590009766 
        0.0600000999         0.6933232280         1.4093679498       100.6657408920       293.5250790191 
        0.0650000999         0.6998756781         1.4042700468       103.2347380255       285.9162686134 
        0.0700000999         0.6964655443         1.4450532706       104.1522370017       346.7867518587 
        0.0750069000         0.6831165676         1.4297595617       106.1707347494       323.9603206417 
        0.0800000999         0.6600928194         1.4476022221       107.2717335209       350.5911570615 
        0.0850000999         0.6276479865         1.4756406885       109.8407306544       392.4396142926 
        0.0900000999         0.5862687158         1.4577980281       110.7582296306       365.8087778728 
        0.0950000999         0.5365440325         1.4756406885       113.3272267641       392.4396142926 
        0.1000000000         0.4791829742         1.4807385914       114.7952251261       400.0484246983 
        0.1050000000         0.4149997741         1.4756406885       116.8137228738       392.4396142926 
        0.1100000000         0.3449091391         1.4909343974       119.5662198026       415.2660455096 
        0.1150000000         0.2699087946         1.4883854459       121.2177179598       411.4616403068 
        0.1200000000         0.1910663549         1.4756406885       122.5022165265       392.4396142926 
        0.1250000000         0.1095041255         1.4756406885       125.2547134553       392.4396142926 
        0.1300000000         0.0263831279         1.4781896399       126.5392120220       396.2440194955 
        0.1350000000        -0.0571134281         1.4756406885       128.5577097697       392.4396142926 
        0.1400000000        -0.1397969864         1.4577980281       130.9432071080       365.8087778728 
        0.1450000999        -0.2204921484         1.4272106102       132.4112054700       320.1559154389 
        0.1500000999        -0.2980470148         1.4119169013       134.4297032177       297.3294842219 
        0.1550000999        -0.3713592443         1.3813294835       135.5307019892       251.6766217880 
        0.1600000999        -0.4393852526         1.1978049765       135.5307019892       -22.2405528157 
        0.1650115000        -0.5012897085         1.1901581220       135.8977015797       -33.6537684242 
        0.1700000999        -0.5557942941         1.1799623161       134.7967028082       -48.8713892355 
        0.1750000999        -0.6025202688         1.1468259468       135.3472021939       -98.3286568723 
        0.1800000999        -0.6406694935         1.1009448200       134.9802026034      -166.8079505233 
        0.1850000999        -0.6696989220         1.0932979656       132.7782050605      -178.2211661317 
        0.1900000999        -0.6891953264         1.0499657903       132.5947052652      -242.8960545798 
        0.1950000999        -0.6988811794         1.0499657903       131.8607060842      -242.8960545798 
        0.2000000999        -0.6986186051         1.0244762754       129.6587085412      -280.9401066081 
        0.2050000999        -0.6884113410         0.9887909546       128.0072103840      -334.2017794477 
        0.2100000999        -0.6684046854         0.9964378091       126.5392120220      -322.7885638392 
        0.2150000999        -0.6388834289         0.9709482942       124.5207142743      -360.8326158675 
        0.2200000999        -0.6002678004         0.9709482942       123.4197155028      -360.8326158675 
        0.2250000000        -0.5531085087         0.9582035368       122.3187167313      -379.8546418817 
        0.2300000000        -0.4980749740         0.9658503913       119.9332193931      -368.4414262732 
        0.2350000000        -0.4359514463         0.9556545853       118.0982214406      -383.6590470845 
        0.2400000999        -0.3676208201         0.9582035368       116.6302230786      -379.8546418817 
        0.2450001999        -0.2940569778         0.9658503913       114.6117253309      -368.4414262732 
        0.2500000000        -0.2163118961         0.9429098279       112.2262279926      -402.6810730987 
        0.2550000000        -0.1354846276         0.9658503913       111.1252292211      -368.4414262732 
        0.2600000000        -0.0527287639         0.9607524883       108.0057327019      -376.0502366789 
        0.2650000000         0.0307776828         0.9734972457       106.7212341352      -357.0282106647 
        0.2700000999         0.1138476630         0.9938888576       105.0697359779      -326.5929690421 
        0.2750000999         0.1952953775         1.0423189359       104.1522370017      -254.3092701883 
        0.2800000999         0.2739631032         1.0729063537       102.5007388445      -208.6564077544 
        0.2850000999         0.3487310214         1.1085916745       101.7667396635      -155.3947349148 
        0.2900000999         0.4185348264         1.1391790923       101.0327404825      -109.7418724808 
        0.2950048000         0.4824377966         1.1697665101       100.4822410967       -64.0890100469 
        0.3000000999         0.5393603342         1.2972140844       100.6657408920       126.1312500946 
        0.3050000999         0.5886621111         1.2360392488       100.4822410967        34.8255252267 
        0.3100000999         0.6295844059         1.3099588419       101.7667396635       145.1532761087 
        0.3150000999         0.6615446984         1.3099588419       102.6842386397       145.1532761087 
        0.3200000999         0.6840880405         1.3481931142       102.8677384350       202.2193541512 
        0.3250000999         0.6968935323         1.3507420656       104.7027363874       206.0237593540 
        0.3300000999         0.6997788905         1.3838784350       104.8862361827       255.4810269908 
        0.3350000999         0.6927030426         1.3838784350       106.9047339304       255.4810269908 
        0.3400000999         0.6757667117         1.4297595617       108.0057327019       323.9603206417 
        0.3450000999         0.6492109830         1.4246616587       110.3912300401       316.3515102361 
        0.3500000999         0.6134138717         1.4476022221       110.9417294259       350.5911570615 
        0.3550000999         0.5688849422         1.4348574647       112.5932275831       331.5691310474 
        0.3600017999         0.5162388657         1.4730917370       114.7952251261       388.6352090898 
        0.3650000000         0.4562836077         1.4476022221       116.6302230786       350.5911570615 
        0.3700000000         0.3898129315         1.4756406885       119.0157204168       392.4396142926 
        0.3750000000         0.3177933498         1.4654448825       120.4837187788       377.2219934813 
        0.3800000000         0.2412500462         1.4679938340       122.3187167313       381.0263986842 
        0.3850000000         0.1612725987         1.4552490766       123.7867150933       362.0043726700 
        0.3900000000         0.0789994694         1.4654448825       125.2547134553       377.2219934813 
        0.3950000999        -0.0043998704         1.4577980281       127.4567109983       365.8087778728 
        0.4000000999        -0.0877349199         1.4577980281       129.4752087460       365.8087778728 
        0.4050000999        -0.1698210813         1.4374064162       131.3102066985       335.3735362502 
        0.4100000999        -0.2494898751         1.3915252894       132.0442058795       266.8942425993 
        0.4150000999        -0.3256072326         1.3762315805       134.0627036272       244.0678113823 
        0.4200000999        -0.3970896394         1.3303504538       134.9802026034       175.5885177314 
        0.4250000999        -0.4629195581         1.2640777151       135.1637023987        76.6739824578 
        0.4300000999        -0.5221599138         1.1289832864       134.9802026034      -124.9594932921 
        0.4350000999        -0.5739674323         1.1876091705       134.2462034225       -37.4581736271 
        0.4400000999        -0.6176046444         1.1213364319       134.2462034225      -136.3727089006 
        0.4450000999        -0.6524503836         1.1085916745       133.5122042415      -155.3947349148 
        0.4500000999        -0.6780086280         1.0678084507       132.5947052652      -216.2652181600 
        0.4550000999        -0.6939155614         1.0550636933       131.1267069032      -235.2872441742 
        0.4600000999        -0.6999447519         1.0295741784       130.5762075175      -273.3312962025 
        0.4650000999        -0.6960103753         1.0219273240       129.4752087460      -284.7445118110 
        0.4700000999        -0.6821684365         0.9989867606       128.0072103840      -318.9841586364 
        0.4750000999        -0.6586159727         0.9760461972       125.6217130458      -353.2238054619 
        0.4800000999        -0.6256882483         0.9913399061       124.5207142743      -330.3973742449 
        0.4850000000        -0.5838549035         0.9505566824       122.5022165265      -391.2678574902 
        0.4900000000        -0.5337097577         0.9785951487       121.0342181646      -349.4194002591 
        0.4950000000        -0.4759673651         0.9607524883       119.3827200073      -376.0502366789 
        0.5000000000        -0.4114496766         0.9658503913       117.7312218501      -368.4414262732 
        0.5050000000        -0.3410750880         0.9633014398       115.8962238976      -372.2458314760 
        0.5100000000        -0.2658453669         0.9633014398       113.3272267641      -372.2458314760 
        0.5150000000        -0.1868313925         0.9505566824       110.7582296306      -391.2678574902 
        0.5200000999        -0.1051562617         0.9633014398       109.2902312687      -372.2458314760 
        0.5250000999        -0.0219858626         0.9785951487       107.8222329067      -349.4194002591 
        0.5300000999         0.0614975007         0.9734972457       105.8037351589      -357.0282106647 
        0.5350000999         0.1441054600         0.9862420032       103.6017376159      -338.0061846506 
        0.5400000999         0.2246621082         1.0193783725       102.6842386397      -288.5489170138 
        0.5450000999         0.3020207382         1.0856511111       101.9502394587      -189.6343817402 
        0.5500000999         0.3750801662         1.1009448200       101.2162402777      -166.8079505233 
        0.5550000999         0.4428004065         1.1238853834        99.7482419157      -132.5683036978 
        0.5600000999         0.5042174756         1.2156476369        99.7482419157         4.3902836041 
        0.5650000999         0.5584571143         1.2972140844        99.9317417110       126.1312500946 
        0.5700000999         0.6047472329         1.2538819092       100.1152415062        61.4563616465 
        0.5750000999         0.6424289011         1.3176056963       101.2162402777       156.5664917172 
        0.5800000999         0.6709657282         1.3150567448       101.7667396635       152.7620865144 
        0.5850000999         0.6899514985         1.3507420656       102.1337392540       206.0237593540 
        0.5900000999         0.6991159535         1.3532910171       103.6017376159       209.8281645568 
        0.5950000999         0.6983286391         1.3915252894       104.8862361827       266.8942425993 
        0.6000000000         0.6876010755         1.4144658528       106.3542345447       301.1338894247 
        0.6050000000         0.6670855391         1.4246616587       107.8222329067       316.3515102361 
        0.6100000000         0.6370741795         1.4374064162       110.3912300401       335.3735362502 
        0.6150000000         0.5979942022         1.4501511736       111.3087290164       354.3955622644 
        0.6200000000         0.5504019025         1.4577980281       113.5107265594       365.8087778728 
        0.6250000000         0.4949747468         1.4552490766       114.9787249214       362.0043726700 
        0.6300000000         0.4325017292         1.4450532706       116.4467232833       346.7867518587 
        0.6350000000         0.3638721398         1.4756406885       119.0157204168       392.4396142926 
        0.6400000000         0.2900629067         1.4679938340       120.8507183693       381.0263986842 
        0.6450000999         0.2121230976         1.4628959310       122.3187167313       373.4175882785 
        0.6500000999         0.1311652802         1.4527001251       123.9702148885       358.1999674672 
        0.6550000999         0.0483403524         1.4577980281       125.4382132505       365.8087778728 
        0.6600000999        -0.0351726902         1.4552490766       127.4567109983       362.0043726700 
        0.6650000999        -0.1181850569         1.4399553677       129.1082091555       339.1779414530 
        0.6700000999        -0.1995150841         1.3966231924       130.7597073127       274.5030530049 
        0.6750000999        -0.2780050557         1.3660357746       131.6772062890       228.8501905710 
        0.6800000999        -0.3525376836         1.3303504538       132.7782050605       175.5885177314 
        0.6850161999        -0.4222666537         1.2921161815       133.3287044462       118.5224396889 
        0.6900000999        -0.4855585167         1.1417280438       134.0627036272      -105.9374672780 
        0.6950000999        -0.5421531983         1.1825112676       133.1452046510       -45.0669840327 
        0.7000000999        -0.5910304425         1.1442769953       132.7782050605      -102.1330620752 
        0.7050000999        -0.6314944919         1.1264343349       132.4112054700      -128.7638984950 
        0.7100000999        -0.6629693493         1.0754553052       131.8607060842      -204.8520025515 
        0.7150000999        -0.6850069767         1.0805532081       130.2092079270      -197.2431921459 
        0.7200000999        -0.6972936731         1.0372210329       129.2917089507      -261.9180805940 
        0.7250000000        -0.6996545923         1.0346720814       128.3742099745      -265.7224857968 
        0.7300000000        -0.6920562213         1.0066336150       127.0897114078      -307.5709430279 
        0.7350030000        -0.6745931906         1.0066336150       125.4382132505      -307.5709430279 
        0.7400000000        -0.6475540448         0.9709482942       123.6032152980      -360.8326158675 
        0.7450025998        -0.6112625453         0.9734972457       122.1352169360      -357.0282106647 
        0.7500000000        -0.5663118961         0.9633014398       120.4837187788      -372.2458314760 
        0.7550000000        -0.5132787424         0.9633014398       117.5477220548      -372.2458314760 
        0.7600000000        -0.4529391731         0.9403608764       115.7127241024      -406.4854783015 
        0.7650000000        -0.3861521094         0.9582035368       114.6117253309      -379.8546418817 
        0.7700000999        -0.3138667589         0.9429098279       112.9602271736      -402.6810730987 
        0.7750000999        -0.2371149733         0.9607524883       110.7582296306      -376.0502366789 
        0.7800000999        -0.1569879056         0.9480077309       108.0057327019      -395.0722626930 
        0.7850000999        -0.0746261479         0.9607524883       106.1707347494      -376.0502366789 
        0.7900000999         0.0087978974         0.9556545853       104.8862361827      -383.6590470845 
        0.7950000999         0.0920967065         0.9862420032       103.4182378207      -338.0061846506 
        0.8000000999         0.1740845382         0.9989867606       101.3997400730      -318.9841586364 
        0.8050000999         0.2535943129         1.0244762754        99.7482419157      -280.9401066081 
        0.8100000999         0.3294942256         1.0627105477        98.8307429395      -223.8740285657 
        0.8150000999         0.4007038569         1.1085916745        98.2802435537      -155.3947349148 
        0.8200000999         0.4662095526         1.1697665101        97.5462443727       -64.0890100469 
        0.8250000999         0.5250788529         1.2870182785        97.5462443727       110.9136292833 
        0.8300000999         0.5764737655         1.2385882003        97.1792447823        38.6299304295 
        0.8350000999         0.6196626946         1.2895672300        97.7297441680       114.7180344861 
        0.8400000999         0.6540308548         1.3227035993        99.1977425300       164.1753021229 
        0.8450000999         0.6790890226         1.3558399686       100.1152415062       213.6325697597 
        0.8500000000         0.6944802909         1.3634868231       100.6657408920       225.0457853682 
        0.8550000000         0.6999861826         1.3736826290       101.2162402777       240.2634061795 
        0.8600000000         0.6955279174         1.3991721439       103.2347380255       278.3074582078 
        0.8650000000         0.6811689577         1.4221127072       105.4367355684       312.5471050332 
        0.8700000000         0.6571137004         1.4374064162       105.9872349542       335.3735362502 
        0.8750000000         0.6237045669         1.4297595617       107.8222329067       323.9603206417 
        0.8800000000         0.5814171294         1.4603469795       109.6572308591       369.6131830757 
        0.8850000000         0.5308533407         1.4374064162       111.4922288116       335.3735362502 
        0.8900000000         0.4727329657         1.4450532706       112.9602271736       346.7867518587 
        0.8950000999         0.4078819789         1.4654448825       114.7952251261       377.2219934813 
        0.9000000999         0.3372261088         1.4577980281       117.1807224643       365.8087778728 
        0.9050000999         0.2617698955         1.4628959310       118.8322206216       373.4175882785 
        0.9100000999         0.1825874426         1.4577980281       120.1167191883       365.8087778728 
        0.9150000999         0.1008058956         1.4628959310       122.5022165265       373.4175882785 
        0.9200000999         0.0175893977         1.4450532706       124.1537146838       346.7867518587 
        0.9250000999        -0.0658774815         1.4654448825       125.6217130458       377.2219934813 
        0.9300000999        -0.1484066086         1.4246616587       127.2732112030       316.3515102361 
        0.9350000999        -0.2288231986         1.4042700468       129.2917089507       285.9162686134 
        0.9400000999        -0.3059825383         1.3634868231       130.3927077222       225.0457853682 
        0.9450000999        -0.3787862805         1.3354483567       130.9432071080       183.1973281370 
        0.9500000999        -0.4461980793         1.2589798122       131.3102066985        69.0651720522 
        0.9550000999        -0.5072583417         1.1340811893       131.3102066985      -117.3506828865 
        0.9600000999        -0.5610978877         1.1774133646       130.9432071080       -52.6757944384 
        0.9650000999        -0.6069503226         1.1468259468       131.1267069032       -98.3286568723 
        0.9700000999        -0.6441629466         1.1213364319       129.8422083365      -136.3727089006 
        0.9750000000        -0.6722055800         1.0856511111       129.6587085412      -189.6343817402 
        0.9800000000        -0.6906801609         1.0780042567       128.0072103840      -201.0475973487 
        0.9850000000        -0.6993230543         1.0423189359       126.7227118173      -254.3092701883 
        0.9900000000        -0.6980112302         1.0219273240       125.4382132505      -284.7445118110 
        0.9950000000        -0.6867633622         0.9989867606       124.5207142743      -318.9841586364 
        1.0000000000        -0.6657395614         0.9913399061       123.0527159123      -330.3973742449 
        1.0050000000        -0.6352390972         0.9887909546       121.2177179598      -334.2017794477 
        1.0100001000        -0.5956952594         0.9709482942       120.3002189836      -360.8326158675 
        1.0150000000        -0.5476735674         0.9785951487       118.2817212358      -349.4194002591 
        1.0200000999        -0.4918537909         0.9607524883       116.4467232833      -376.0502366789 
        1.0250000999        -0.4290336183         0.9709482942       114.4282255356      -360.8326158675 
        1.0300000999        -0.3601062419         0.9454587794       111.8592284021      -398.8766678958 
        1.0350000999        -0.2860528285         0.9556545853       110.0242304496      -383.6590470845 
        1.0400000999        -0.2079275128         0.9709482942       109.1067314734      -360.8326158675 
        1.0450000999        -0.1268423926         0.9658503913       106.3542345447      -368.4414262732 
        1.0500000999        -0.0439516974         0.9582035368       104.7027363874      -379.8546418817 
        1.0550000999         0.0395646411         0.9785951487       103.4182378207      -349.4194002591 
        1.0600000999         0.1225177851         0.9938888576       101.5832398682      -326.5929690421 
        1.0650000999         0.2037269141         1.0295741784       100.6657408920      -273.3312962025 
        1.0700000999         0.2820360331         1.0499657903        98.8307429395      -242.8960545798 
        1.0750000999         0.3563304281         1.0907490141        98.0967437585      -182.0255713346 
        1.0800000999         0.4255525340         1.1519238497        97.1792447823       -90.7198464667 
        1.0850000999         0.4887169886         1.2921161815        97.3627445775       118.5224396889 
        1.0900000999         0.5449246591         1.2334902973        97.9132439632        31.0211200239 
        1.0950000999         0.5933754410         1.2819203755        97.9132439632       103.3048188776 
        1.1000000000         0.6333789367         1.3125077934        98.6472431442       148.9576813116 
        1.1050000000         0.6643673015         1.3481931142        99.0142427347       202.2193541512 
        1.1100000000         0.6858985367         1.3532910171       100.2987413015       209.8281645568 
        1.1150000000         0.6976661496         1.3838784350       101.9502394587       255.4810269908 
        1.1200000000         0.6995026308         1.3889763379       103.4182378207       263.0898373965 
        1.1250000000         0.6913818384         1.4119169013       103.9687372064       297.3294842219 
        1.1300000000         0.6734193701         1.4272106102       105.6202353637       320.1559154389 
        1.1350001000         0.6458702734         1.4221127072       107.0882337257       312.5471050332 
        1.1400000000         0.6091286283         1.4603469795       108.7397318829       369.6131830757 
        1.1450000999         0.5637145302         1.4450532706       110.7582296306       346.7867518587 
        1.1500000999         0.5102768963         1.4654448825       112.5932275831       377.2219934813 
        1.1550000999         0.4495755775         1.4577980281       114.4282255356       365.8087778728 
        1.1600000999         0.3824746444         1.4679938340       115.7127241024       381.0263986842 
        1.1650000999         0.3099292647         1.4628959310       118.4652210311       373.4175882785 
        1.1700000999         0.2329721067         1.4781896399       120.3002189836       396.2440194955 
        1.1750000999         0.1526986396         1.4577980281       121.2177179598       365.8087778728 
        1.1800000999         0.0702515392         1.4577980281       123.6032152980       365.8087778728 
        1.1850000999        -0.0131955771         1.4374064162       124.5207142743       335.3735362502 
        1.1900000999        -0.0964548572         1.4501511736       126.5392120220       354.3955622644 
        1.1950000999        -0.1783411225         1.4272106102       128.0072103840       320.1559154389 
        1.2000000999        -0.2576887392         1.3915252894       130.0257081317       266.8942425993 
        1.2050000999        -0.3333682107         1.3660357746       130.5762075175       228.8501905710 
        1.2100000999        -0.4043022554         1.3354483567       132.0442058795       183.1973281370 
        1.2150000999        -0.4694811420         1.2487840062       132.0442058795        53.8475512408 
        1.2200000999        -0.5279770628         1.1187874804       131.8607060842      -140.1771141034 
        1.2250000000        -0.5789564020         1.1825112676       132.4112054700       -45.0669840327 
        1.2300000000        -0.6216955142         1.1315322379       131.4937064937      -121.1550880893 
        1.2350000000        -0.6555849207         1.0907490141       130.5762075175      -182.0255713346 
        1.2400000000        -0.6801422130         1.0780042567       130.3927077222      -201.0475973487 
        1.2450000000        -0.6950178232         1.0576126448       128.7412095650      -231.4828389714 
        1.2500000000        -0.7000000000         1.0499657903       128.0072103840      -242.8960545798 
        1.2550000000        -0.6950178232         1.0066336150       126.1722124315      -307.5709430279 
        1.2600001000        -0.6801418177         1.0193783725       125.2547134553      -288.5489170138 
        1.2650000000        -0.6555849207         0.9836930517       123.9702148885      -341.8105898534 
        1.2700000999        -0.6216947468         0.9913399061       121.5847175503      -330.3973742449 
        1.2750000999        -0.5789554635         0.9607524883       120.6672185741      -376.0502366789 
        1.2800000999        -0.5279748703         0.9785951487       118.2817212358      -349.4194002591 
        1.2850000999        -0.4694786652         0.9480077309       116.0797236928      -395.0722626930 
        1.2900000999        -0.4042995294         0.9785951487       115.1622247166      -349.4194002591 
        1.2950000999        -0.3333652744         0.9454587794       112.7767273784      -398.8766678958 
        1.3000000999        -0.2576856345         0.9683993428       110.7582296306      -364.6370210704 
        1.3050000999        -0.1783378935         0.9582035368       108.9232316782      -379.8546418817 
        1.3100000999        -0.0964515498         0.9836930517       107.0882337257      -341.8105898534 
        1.3150000999        -0.0131922385         0.9683993428       105.4367355684      -364.6370210704 
        1.3200000999         0.0702548616         0.9734972457       103.2347380255      -357.0282106647 
        1.3250000999         0.1527018984         0.9964378091       101.9502394587      -322.7885638392 
        1.3300000999         0.2329752556         1.0295741784       100.4822410967      -273.3312962025 
        1.3350000999         0.3099322588         1.0525147418        99.5647421205      -239.0916493770 
        1.3400000999         0.3824774411         1.0958469171        98.4637433490      -174.4167609289 
        1.3450000999         0.4495781370         1.1468259468        98.0967437585       -98.3286568723 
        1.3500000000         0.5102780392         1.2819203755        97.7297441680       103.3048188776 
        1.3550000000         0.5637155200         1.2360392488        98.0967437585        34.8255252267 
        1.3600000000         0.6091286283         1.2946651330        98.4637433490       122.3268448918 
        1.3650000000         0.6458709179         1.3023119874        99.0142427347       133.7400605003 
        1.3700000000         0.6734193701         1.3558399686       100.4822410967       213.6325697597 
        1.3750000000         0.6913818384         1.3558399686       101.0327404825       213.6325697597 
        1.3800000000         0.6995026308         1.3736826290       101.3997400730       240.2634061795 
        1.3850001000         0.6976660132         1.3889763379       103.0512382302       263.0898373965 
        1.3900000000         0.6858985367         1.4221127072       104.8862361827       312.5471050332 
        1.3950000999         0.6643667756         1.4170148043       105.6202353637       304.9382946276 
        1.4000000999         0.6333782258         1.4348574647       108.5562320877       331.5691310474 
        1.4050000999         0.5933736695         1.4577980281       110.0242304496       365.8087778728 
        1.4100000999         0.5449225631         1.4577980281       110.7582296306       365.8087778728 
        1.4150000999         0.4887145980         1.4399553677       112.5932275831       339.1779414530 
        1.4200000999         0.4255498827         1.4654448825       114.6117253309       377.2219934813 
        1.4250000999         0.3563275539         1.4527001251       116.6302230786       358.1999674672 
        1.4300000999         0.2820329769         1.4679938340       119.1992202121       381.0263986842 
        1.4350000999         0.2037237194         1.4679938340       121.0342181646       381.0263986842 
        1.4400000999         0.1225144974         1.4705427855       122.1352169360       384.8308038870 
        1.4450000999         0.0395613072         1.4450532706       123.9702148885       346.7867518587 
        1.4500000999        -0.0439550300         1.4577980281       126.1722124315       365.8087778728 
        1.4550000999        -0.1268456765         1.4399553677       127.0897114078       339.1779414530 
        1.4600000999        -0.2079307014         1.3966231924       128.1907101792       274.5030530049 
        1.4650000999        -0.2860558762         1.3711336775       130.0257081317       236.4590009766 
        1.4700000999        -0.3601091054         1.3379973082       130.9432071080       187.0017333399 
        1.4750000000        -0.4290349376         1.2691756181       132.0442058795        84.2827928635 
        1.4800000000        -0.4918549789         1.1340811893       131.3102066985      -117.3506828865 
        1.4850000000        -0.5476735674         1.1825112676       131.3102066985       -45.0669840327 
        1.4900000000        -0.5956961373         1.1391790923       130.5762075175      -109.7418724808 
        1.4950000000        -0.6352390972         1.1417280438       130.9432071080      -105.9374672780 
        1.5000000000        -0.6657395614         1.0831021596       129.2917089507      -193.4387869431 
        1.5050000000        -0.6867633622         1.0882000626       128.1907101792      -185.8299765374 
        1.5100001000        -0.6980113561         1.0652594992       128.0072103840      -220.0696233629 
        1.5150000000        -0.6993230543         1.0423189359       126.1722124315      -254.3092701883 
        1.5200000999        -0.6906798894         1.0066336150       125.0712136600      -307.5709430279 
        1.5250000999        -0.6722051142         0.9938888576       123.2362157075      -326.5929690421 
        1.5300000999        -0.6441616397         0.9887909546       121.7682173456      -334.2017794477 
        1.5350000999        -0.6069486590         0.9633014398       119.5662198026      -372.2458314760 
        1.5400000999        -0.5610958911         0.9734972457       118.4652210311      -357.0282106647 
        1.5450000999        -0.5072560406         0.9556545853       116.6302230786      -383.6590470845 
        1.5500000999        -0.4461955064         0.9683993428       114.6117253309      -364.6370210704 
        1.5550000999        -0.3787834724         0.9480077309       112.9602271736      -395.0722626930 
        1.5600000999        -0.3059795350         0.9734972457       111.8592284021      -357.0282106647 
        1.5650000999        -0.2288200429         0.9582035368       109.1067314734      -379.8546418817 
        1.5700000999        -0.1484033453         0.9760461972       107.4552333162      -353.2238054619 
        1.5750000999        -0.0658741571         0.9683993428       105.6202353637      -364.6370210704 
        1.5800000999         0.0175927359         0.9760461972       104.1522370017      -353.2238054619 
        1.5850000999         0.1008092000         0.9836930517       102.1337392540      -341.8105898534 
        1.5900000999         0.1825906662         0.9989867606       101.2162402777      -318.9841586364 
        1.5950000999         0.2617729925         1.0219273240        99.0142427347      -284.7445118110 
        1.6000000000         0.3372275719         1.0525147418        97.5462443727      -239.0916493770 
        1.6050000000         0.4078833358         1.0932979656        96.2617458060      -178.2211661317 
        1.6100000000         0.4727329657         1.1570217527        95.8947462155       -83.1110360610 
        1.6150000000         0.5308533407         1.3023119874        97.1792447823       133.7400605003 
        1.6200000000         0.5814171294         1.2436861032        97.1792447823        46.2387408352 
        1.6250000000         0.6237045669         1.3023119874        98.0967437585       133.7400605003 
        1.6300000000         0.6571137004         1.2972140844        97.5462443727       126.1312500946 
        1.6350001000         0.6811693428         1.3685847260        99.3812423252       232.6545957738 
        1.6400000000         0.6955279174         1.3532910171        99.7482419157       209.8281645568 
        1.6450000999         0.6999861721         1.3966231924       101.0327404825       274.5030530049 
        1.6500000999         0.6944800817         1.3966231924       102.1337392540       274.5030530049 
        1.6550000999         0.6790882125         1.4195637558       103.4182378207       308.7426998304 
        1.6600000999         0.6540296646         1.4272106102       105.8037351589       320.1559154389 
        1.6650000999         0.6196611413         1.4348574647       106.9047339304       331.5691310474 
        1.6700000999         0.5764718712         1.4628959310       108.3727322924       373.4175882785 
        1.6750000999         0.5250766446         1.4374064162       110.5747298354       335.3735362502 
        1.6800000999         0.4662070618         1.4552490766       111.8592284021       362.0043726700 
        1.6850000999         0.4007011189         1.4476022221       114.2447257404       350.5911570615 
        1.6900000999         0.3294912794         1.4679938340       115.5292243071       381.0263986842 
        1.6950000999         0.2535912005         1.4501511736       117.3642222596       354.3955622644 
        1.7000000999         0.1740813039         1.4654448825       119.5662198026       377.2219934813 
        1.7050000999         0.0920933963         1.4501511736       120.8507183693       354.3955622644 
        1.7100000999         0.0087945584         1.4577980281       123.2362157075       365.8087778728 
        1.7150000999        -0.0746294681         1.4374064162       125.0712136600       335.3735362502 
        1.7200000999        -0.1569911597         1.4374064162       126.3557122268       335.3735362502 
        1.7250000000        -0.2371165442         1.3966231924       127.8237105888       274.5030530049 
        1.7300000000        -0.3138682513         1.3685847260       129.2917089507       232.6545957738 
        1.7350000000        -0.3861521094         1.3278015023       129.4752087460       171.7841125285 
        1.7400000000        -0.4529391731         1.2283923943       131.1267069032        23.4123096182 
        1.7450000000        -0.5132787424         1.1519238497       130.0257081317       -90.7198464667 
        1.7500000000        -0.5663118961         1.1774133646       129.8422083365       -52.6757944384 
        1.7550000000        -0.6112837184         1.1493748983       129.4752087460       -94.5242516695 
        1.7600001000        -0.6475546796         1.0932979656       128.3742099745      -178.2211661317 
        1.7650000000        -0.6746065748         1.1034937715       128.1907101792      -163.0035453204 
        1.7700000999        -0.6920564721         1.0601615963       127.4567109983      -227.6784337685 
        1.7750000999        -0.6996546447         1.0627105477       126.3557122268      -223.8740285657 
        1.7800000999        -0.6972933797         1.0193783725       124.3372144790      -288.5489170138 
        1.7850000999        -0.6850062893         1.0091825665       123.9702148885      -303.7665378251 
        1.7900073999        -0.6629291099         0.9887909546       122.3187167313      -334.2017794477 
        1.7950000999        -0.6314930512         0.9836930517       119.9332193931      -341.8105898534 
        1.8000000999        -0.5910286532         0.9709482942       119.1992202121      -360.8326158675 
        1.8050000999        -0.5421510860         0.9531056338       116.2632234881      -387.4634522873 
        1.8100000999        -0.4855561114         0.9785951487       115.1622247166      -349.4194002591 
        1.8150000999        -0.4220493472         0.9505566824       113.1437269689      -391.2678574902 
        1.8200000999        -0.3525347987         0.9683993428       111.6757286069      -364.6370210704 
        1.8250000999        -0.2780019911         0.9531056338       109.2902312687      -387.4634522873 
        1.8300000999        -0.1995118834         0.9734972457       107.8222329067      -357.0282106647 
        1.8350000999        -0.1181817657         0.9633014398       106.1707347494      -372.2458314760 
        1.8400000999        -0.0351693552         0.9683993428       103.6017376159      -364.6370210704 
        1.8450000999         0.0483436836         0.9683993428       101.7667396635      -364.6370210704 
        1.8500000000         0.1311669202         0.9836930517       100.2987413015      -341.8105898534 
        1.8550000000         0.2121246887         1.0244762754        99.1977425300      -280.9401066081 
        1.8600000000         0.2900629067         1.0601615963        97.5462443727      -227.6784337685 
        1.8650000000         0.3638721398         1.0882000626        96.6287453965      -185.8299765374 
        1.8700000000         0.4325017292         1.1264343349        95.7112464203      -128.7638984950 
        1.8750000000         0.4949747468         1.2819203755        95.7112464203       103.3048188776 
        1.8800000000         0.5504019025         1.2411371518        95.8947462155        42.4343356324 
        1.8850001000         0.5979950711         1.2666266666        96.4452456013        80.4783876607 
        1.8900000000         0.6370741795         1.3074098904        97.3627445775       141.3488709059 
        1.8950000999         0.6670860450         1.3278015023        97.9132439632       171.7841125285 
        1.9000000999         0.6876013884         1.3558399686        99.0142427347       213.6325697597 
        1.9050000999         0.6983288698         1.3558399686        99.7482419157       213.6325697597 
        1.9100000999         0.6991157857         1.3966231924       101.5832398682       274.5030530049 
        1.9150000999         0.6899509347         1.4042700468       101.9502394587       285.9162686134 
        1.9200000999         0.6709647764         1.4246616587       104.1522370017       316.3515102361 
        1.9250000999         0.6424275749         1.4374064162       105.6202353637       335.3735362502 
        1.9300000999         0.6047455512         1.4374064162       107.0882337257       335.3735362502 
        1.9350000999         0.5584551010         1.4628959310       109.4737310639       373.4175882785 
        1.9400000999         0.5042151593         1.4552490766       110.7582296306       362.0043726700 
        1.9450000999         0.4427978202         1.4603469795       112.7767273784       369.6131830757 
        1.9500000999         0.3750773468         1.4501511736       114.2447257404       354.3955622644 
        1.9550000999         0.3020177258         1.4705427855       116.6302230786       384.8308038870 
        1.9600000999         0.2246589456         1.4577980281       118.0982214406       365.8087778728 
        1.9650000999         0.1441021923         1.4654448825       119.7497195978       377.2219934813 
        1.9700000999         0.0614941744         1.4577980281       121.4012177551       365.8087778728 
        1.9750000000        -0.0219875314         1.4476022221       122.5022165265       350.5911570615 
        1.9800000000        -0.1051579124         1.4068189983       124.3372144790       289.7206738163 
        1.9850000000        -0.1868313925         1.3762315805       125.6217130458       244.0678113823 
        1.9900000000        -0.2658453669         1.3507420656       126.9062116125       206.0237593540 
        1.9950000000        -0.3410750880         1.3328994052       129.1082091555       179.3929229342 
        2.0000000000        -0.4114496766         1.2997630359       128.7412095650       129.9356552974 
        2.0050000000        -0.4759673651         1.1927070735       128.9247093602       -29.8493632214 
        2.0100000000        -0.5337097577         1.1595707042       129.1082091555       -79.3066308582 
        2.0150001000        -0.5838558257         1.1595707042       128.9247093602       -79.3066308582 
        2.0200000999        -0.6256897455         1.1417280438       128.5577097697      -105.9374672780 
        2.0250000999        -0.6586171038         1.0907490141       127.8237105888      -182.0255713346 
        2.0300000999        -0.6821691854         1.0958469171       126.9062116125      -174.4167609289 
        2.0350000999        -0.6960107313         1.0703574022       125.9887126363      -212.4608129572 
        2.0400000999        -0.6999447100         1.0474168388       125.0712136600      -246.7004597827 
        2.0450000999        -0.6939151221         1.0193783725       122.5022165265      -288.5489170138 
        2.0500000999        -0.6780077976         1.0040846636       121.4012177551      -311.3753482308 
        2.0550000999        -0.6524491739         0.9887909546       119.7497195978      -334.2017794477 
        2.0600000999        -0.6176030726         0.9887909546       118.8322206216      -334.2017794477 
        2.0650000999        -0.5739655208         0.9480077309       116.6302230786      -395.0722626930 
        2.0700000999        -0.5221576898         0.9709482942       114.4282255356      -360.8326158675 
        2.0750000999        -0.4629170533         0.9556545853       112.4097277879      -383.6590470845 
        2.0800000999        -0.3970868894         0.9607524883       110.9417294259      -376.0502366789 
        2.0850000999        -0.3256042767         0.9505566824       109.4737310639      -391.2678574902 
        2.0900000999        -0.2494867551         0.9709482942       107.0882337257      -360.8326158675 
        2.0950000999        -0.1698178418         0.9633014398       105.4367355684      -372.2458314760 
        2.1000000000        -0.0877332635         0.9760461972       103.9687372064      -353.2238054619 
        2.1050000000        -0.0043982008         0.9760461972       102.3172390492      -353.2238054619 
        2.1100000000         0.0789994694         0.9658503913        99.7482419157      -368.4414262732 
        2.1150000000         0.1612725987         0.9964378091        98.4637433490      -322.7885638392 
        2.1200000000         0.2412500462         1.0397699844        96.8122451918      -258.1136753912 
        2.1250000000         0.3177933498         1.0703574022        95.8947462155      -212.4608129572 
        2.1300000000         0.3898129315         1.0932979656        94.6102476488      -178.2211661317 
        2.1350000000         0.4562836077         1.1315322379        93.6927486725      -121.1550880893 
        2.1400001000         0.5162603110         1.2487840062        94.6102476488        53.8475512408 
        2.1450000999         0.5688868880         1.2844693270        94.7937474440       107.1092240804 
        2.1500000999         0.6134154804         1.2742735211        94.2432480583        91.8916032691 
        2.1550000999         0.6492122317         1.3125077934        95.1607470345       148.9576813116 
        2.1600000999         0.6757675827         1.3456441627        96.0782460108       198.4149489484 
        2.1650000999         0.6927035235         1.3558399686        97.3627445775       213.6325697597 
        2.1700000999         0.6997789745         1.3762315805        98.6472431442       244.0678113823 
        2.1750000999         0.6968932181         1.4042700468       100.1152415062       285.9162686134 
        2.1800000999         0.6840873325         1.4246616587       101.7667396635       316.3515102361 
        2.1850000999         0.6615436068         1.4144658528       102.6842386397       301.1338894247 
        2.1900033000         0.6295595659         1.4374064162       104.3357367969       335.3735362502 
        2.1950013000         0.5886494505         1.4399553677       105.9872349542       339.1779414530 
        2.2000000999         0.5393582057         1.4476022221       107.4552333162       350.5911570615 
        2.2050000999         0.4823784560         1.4476022221       109.4737310639       350.5911570615 
        2.2100000999         0.4185321498         1.4679938340       111.8592284021       381.0263986842 
        2.2150000999         0.3487281261         1.4527001251       113.3272267641       358.1999674672 
        2.2200000999         0.2739600304         1.4654448825       115.7127241024       377.2219934813 
        2.2250000000         0.1952937742         1.4450532706       116.9972226691       346.7867518587 
        2.2300000000         0.1138460156         1.4577980281       119.3827200073       365.8087778728 
        2.2350000000         0.0307776828         1.4577980281       120.4837187788       365.8087778728 
        2.2400000000        -0.0527287639         1.4425043191       121.7682173456       342.9823466559 
        2.2450000000        -0.1354846276         1.4195637558       123.2362157075       308.7426998304 
        2.2500000000        -0.2163118961         1.3864273864       125.2547134553       259.2854321936 
        2.2550000000        -0.2940600099         1.3634868231       126.7227118173       225.0457853682 
        2.2600000000        -0.3676222410         1.3278015023       126.9062116125       171.7841125285 
        2.2650001000        -0.4359527542         1.2997630359       128.3742099745       129.9356552974 
        2.2700000999        -0.4980761472         1.1187874804       127.6402107935      -140.1771141034 
        2.2750000999        -0.5531095320         1.1978049765       128.0072103840       -22.2405528157 
        2.2800000999        -0.6002695182         1.1493748983       127.0897114078       -94.5242516695 
        2.2850000999        -0.6388847935         1.1213364319       126.1722124315      -136.3727089006 
        2.2900000999        -0.6684056773         1.0805532081       126.1722124315      -197.2431921459 
        2.2950000999        -0.6884119460         1.0805532081       124.7042140695      -197.2431921459 
        2.3000000999        -0.6986188147         1.0372210329       123.7867150933      -261.9180805940 
        2.3050000999        -0.6988809907         1.0321231299       122.3187167313      -269.5268909996 
        2.3100000999        -0.6891947419         1.0040846636       121.0342181646      -311.3753482308 
        2.3150000999        -0.6696979502         0.9887909546       119.3827200073      -334.2017794477 
        2.3200000999        -0.6406681481         0.9785951487       117.3642222596      -349.4194002591 
        2.3250000999        -0.6025185690         0.9683993428       116.2632234881      -364.6370210704 
        2.3300000999        -0.5557922640         0.9633014398       114.2447257404      -372.2458314760 
        2.3350000999        -0.5011543724         0.9658503913       112.2262279926      -368.4414262732 
        2.3400000999        -0.4393826532         0.9480077309       110.5747298354      -395.0722626930 
        2.3450000999        -0.3713564137         0.9556545853       108.9232316782      -383.6590470845 
        2.3500000000        -0.2980455041         0.9556545853       106.1707347494      -383.6590470845 
        2.3550000000        -0.2204905638         0.9480077309       103.9687372064      -395.0722626930 
        2.3600000000        -0.1397969864         0.9607524883       102.6842386397      -376.0502366789 
        2.3650000000        -0.0571134281         0.9582035368       101.0327404825      -379.8546418817 
        2.3700285000         0.0268591109         0.9658503913        99.0142427347      -368.4414262732 
        2.3750000000         0.1095041255         0.9938888576        97.5462443727      -326.5929690421 
        2.3800000000         0.1910663549         1.0295741784        95.8947462155      -273.3312962025 
        2.3850000000         0.2699087946         1.0499657903        95.1607470345      -242.8960545798 
        2.3900001000         0.3449105937         1.0983958685        93.3257490820      -170.6123557261 
        2.3950000999         0.4150011187         1.1391790923        92.4082501058      -109.7418724808 
        2.4000000999         0.4791841912         1.1952560250        92.2247503105       -26.0449580186 
        2.4050000999         0.5365461771         1.2564308607        93.1422492868        65.2607668493 
        2.4100000999         0.5862705403         1.2819203755        93.1422492868       103.3048188776 
        2.4150000999         0.6276494650         1.3074098904        94.0597482630       141.3488709059 
        2.4200000999         0.6600939308         1.3354483567        94.4267478535       183.1973281370 
        2.4250000999         0.6831420976         1.3660357746        95.7112464203       228.8501905710 
        2.4300000999         0.6964658795         1.3711336775        96.8122451918       236.4590009766 
        2.4350000999         0.6998756152         1.3915252894        98.0967437585       266.8942425993 
        2.4400000999         0.6933227679         1.4170148043        99.5647421205       304.9382946276 
        2.4450000999         0.6769006161         1.4450532706       100.8492406872       346.7867518587 
        2.4500000999         0.6508429255         1.4272106102       102.6842386397       320.1559154389 
        2.4550000999         0.6155206220         1.4450532706       104.1522370017       346.7867518587 
        2.4600000999         0.5714365112         1.4527001251       105.6202353637       358.1999674672 
        2.4650000999         0.5192181211         1.4374064162       107.6387331114       335.3735362502 
        2.4700000999         0.4596087697         1.4577980281       109.4737310639       365.8087778728 
        2.4750000000         0.3934583645         1.4577980281       111.4922288116       365.8087778728 
        2.4800000000         0.3217059024         1.4577980281       113.1437269689       365.8087778728 
        2.4850000000         0.2453740241         1.4679938340       115.1622247166       381.0263986842 
        2.4900000000         0.1655492979         1.4628959310       116.9972226691       373.4175882785 
        2.4950000000         0.0833680121         1.4577980281       118.6487208263       365.8087778728 
        2.5000000000         0.0000000000         1.4476022221       120.1167191883       350.5911570615 
        2.5050000000        -0.0833680121         1.4450532706       121.2177179598       346.7867518587 
        2.5100000000        -0.1655492979         1.4170148043       123.6032152980       304.9382946276 
        2.5150001000        -0.2453755897         1.3889763379       125.2547134553       263.0898373965 
        2.5200000999        -0.3217073853         1.3481931142       126.1722124315       202.2193541512 
        2.5250000999        -0.3934597454         1.3303504538       127.4567109983       175.5885177314 
        2.5300000999        -0.4596112883         1.2844693270       127.4567109983       107.1092240804 
        2.5350000999        -0.5192203607         1.1111406260       126.9062116125      -151.5903297119 
        2.5400000999        -0.5714384398         1.1978049765       127.6402107935       -22.2405528157 
        2.5450000999        -0.6155222123         1.1289832864       126.5392120220      -124.9594932921 
        2.5500000999        -0.6508441547         1.1289832864       126.1722124315      -124.9594932921 
        2.5550000999        -0.6769014668         1.0703574022       125.8052128410      -212.4608129572 
        2.5600000999        -0.6933232280         1.0780042567       124.1537146838      -201.0475973487 
        2.5650000999        -0.6998756781         1.0321231299       123.2362157075      -269.5268909996 
        2.5700000999        -0.6964655443         1.0270252269       121.7682173456      -277.1357014053 
        2.5750000999        -0.6831413691         0.9836930517       120.4837187788      -341.8105898534 
        2.5800000999        -0.6600928194         1.0040846636       119.3827200073      -311.3753482308 
        2.5850000999        -0.6276479865         0.9658503913       117.1807224643      -368.4414262732 
        2.5900000999        -0.5862687158         0.9836930517       115.1622247166      -341.8105898534 
        2.5950000999        -0.5365440325         0.9582035368       113.8777261499      -379.8546418817 
        2.6000000000        -0.4791829742         0.9683993428       111.6757286069      -364.6370210704 
        2.6050000000        -0.4149997741         0.9454587794       109.4737310639      -398.8766678958 
        2.6100000000        -0.3449091391         0.9709482942       108.1892324972      -360.8326158675 
        2.6150000000        -0.2699087946         0.9658503913       105.6202353637      -368.4414262732 
        2.6200000000        -0.1910663549         0.9582035368       103.9687372064      -379.8546418817 
        2.6250000000        -0.1095041255         0.9633014398       102.1337392540      -372.2458314760 
        2.6300000000        -0.0263831279         0.9607524883       100.2987413015      -376.0502366789 
        2.6350000000         0.0571134281         0.9836930517        99.0142427347      -341.8105898534 
        2.6400001000         0.1397986243         0.9938888576        96.8122451918      -326.5929690421 
        2.6450000999         0.2204921484         1.0270252269        94.9772472393      -277.1357014053 
        2.6500000999         0.2980470148         1.0550636933        94.2432480583      -235.2872441742 
        2.6550000999         0.3713592443         1.1009448200        92.7752496963      -166.8079505233 
        2.6600000999         0.4393852526         1.1621196557        92.4082501058       -75.5022256554 
        2.6650078000         0.5012465445         1.2207455399        92.4082501058        11.9990940097 
        2.6700000999         0.5557942941         1.2334902973        92.2247503105        31.0211200239 
        2.6750000999         0.6025202688         1.3074098904        92.9587494915       141.3488709059 
        2.6800000999         0.6406694935         1.3125077934        93.1422492868       148.9576813116 
        2.6850000999         0.6696989220         1.3532910171        94.4267478535       209.8281645568 
        2.6900000999         0.6891953264         1.3532910171        94.9772472393       209.8281645568 
        2.6950000999         0.6988811794         1.3966231924        97.1792447823       274.5030530049 
        2.7000000999         0.6986186051         1.3838784350        97.5462443727       255.4810269908 
        2.7050000999         0.6884113410         1.4323085132        99.5647421205       327.7647258446 
        2.7100000999         0.6684046854         1.4374064162       101.0327404825       335.3735362502 
        2.7150000999         0.6388834289         1.4246616587       102.1337392540       316.3515102361 
        2.7200000999         0.6002678004         1.4476022221       104.5192365922       350.5911570615 
        2.7250000000         0.5531085087         1.4577980281       106.7212341352       365.8087778728 
        2.7300000000         0.4980749740         1.4552490766       107.8222329067       362.0043726700 
        2.7350000000         0.4359514463         1.4527001251       109.1067314734       358.1999674672 
        2.7400000000         0.3676222410         1.4679938340       111.8592284021       381.0263986842 
        2.7450000000         0.2940600099         1.4552490766       113.5107265594       362.0043726700 
        2.7500000000         0.2163118961         1.4730917370       115.1622247166       388.6352090898 
        2.7550000000         0.1354846276         1.4603469795       117.5477220548       369.6131830757 
        2.7600000000         0.0527287639         1.4476022221       118.2817212358       350.5911570615 
        2.7650001000        -0.0307793528         1.4501511736       120.4837187788       354.3955622644 
        2.7700000999        -0.1138476630         1.4246616587       121.7682173456       316.3515102361 
        2.7750000999        -0.1952953775         1.3991721439       124.5207142743       278.3074582078 
        2.7800000999        -0.2739631032         1.3507420656       125.4382132505       206.0237593540 
        2.7850000999        -0.3487310214         1.3125077934       125.6217130458       148.9576813116 
        2.7900000999        -0.4185348264         1.2870182785       126.5392120220       110.9136292833 
        2.7950000999        -0.4823808758         1.1748644131       125.8052128410       -56.4801996412 
        2.8000000999        -0.5393603342         1.1697665101       125.9887126363       -64.0890100469 
        2.8050000999        -0.5886621111         1.1442769953       125.8052128410      -102.1330620752 
        2.8100000999        -0.6295844059         1.1366301408       125.0712136600      -113.5462776836 
        2.8150000999        -0.6615446984         1.0729063537       124.3372144790      -208.6564077544 
        2.8200000999        -0.6840880405         1.0780042567       123.9702148885      -201.0475973487 
        2.8250000999        -0.6968935323         1.0372210329       122.3187167313      -261.9180805940 
        2.8300000999        -0.6997788905         1.0499657903       121.0342181646      -242.8960545798 
        2.8350000999        -0.6927030426         0.9913399061       119.7497195978      -330.3973742449 
        2.8400000999        -0.6757667117         0.9989867606       118.0982214406      -318.9841586364 
        2.8450000999        -0.6492109830         0.9862420032       116.8137228738      -338.0061846506 
        2.8500000000        -0.6134146760         0.9760461972       114.6117253309      -353.2238054619 
        2.8550000000        -0.5688859151         0.9505566824       112.4097277879      -391.2678574902 
        2.8600000000        -0.5162591822         0.9556545853       110.2077302449      -383.6590470845 
        2.8650000000        -0.4562836077         0.9556545853       108.9232316782      -383.6590470845 
        2.8700000000        -0.3898129315         0.9454587794       106.3542345447      -398.8766678958 
        2.8750000000        -0.3177933498         0.9607524883       105.2532357732      -376.0502366789 
        2.8800000000        -0.2412500462         0.9633014398       103.6017376159      -372.2458314760 
        2.8850000000        -0.1612725987         0.9505566824       100.8492406872      -391.2678574902 
        2.8900001000        -0.0789978085         0.9556545853        99.5647421205      -383.6590470845 
        2.8950000999         0.0043998704         0.9734972457        98.2802435537      -357.0282106647 
        2.9000000999         0.0877349199         0.9582035368        95.7112464203      -379.8546418817 
        2.9050000999         0.1698210813         0.9964378091        93.8762484678      -322.7885638392 
        2.9100000999         0.2494898751         1.0372210329        92.2247503105      -261.9180805940 
        2.9150000999         0.3256072326         1.1034937715        91.4907511295      -163.0035453204 
        2.9200000999         0.3970896394         1.1417280438        90.9402517438      -105.9374672780 
        2.9250000999         0.4629195581         1.1697665101        89.8392529723       -64.0890100469 
        2.9300000999         0.5221599138         1.2181965884        90.5732521533         8.1946888069 
        2.9350000999         0.5739674323         1.2232944913        90.9402517438        15.8034992126 
        2.9400000999         0.6176046444         1.2538819092        90.3897523581        61.4563616465 
        2.9450000999         0.6524503836         1.3558399686        91.6742509248       213.6325697597 
        2.9500000999         0.6780086280         1.3150567448        92.5917499010       152.7620865144 
        2.9550000999         0.6939155614         1.3915252894        93.6927486725       266.8942425993 
        2.9600000999         0.6999447519         1.3660357746        94.6102476488       228.8501905710 
        2.9650000999         0.6960103753         1.4297595617        96.0782460108       323.9603206417 
        2.9700000999         0.6821684365         1.4119169013        97.9132439632       297.3294842219 
        2.9750000000         0.6586165383         1.4705427855        99.5647421205       384.8308038870 
        2.9800000000         0.6256889969         1.4399553677       101.0327404825       339.1779414530 
        2.9850000000         0.5838549035         1.4501511736       103.4182378207       354.3955622644 
        2.9900000000         0.5337097577         1.4527001251       104.3357367969       358.1999674672 
        2.9950000000         0.4759673651         1.4603469795       106.1707347494       369.6131830757 
        3.0000000000         0.4114496766         1.4399553677       107.2717335209       339.1779414530 
        3.0050000000         0.3410750880         1.4628959310       109.8407306544       373.4175882785 
        3.0100000000         0.2658453669         1.4552490766       111.3087290164       362.0043726700 
        3.0150001000         0.1868297816         1.4527001251       113.5107265594       358.1999674672 
        3.0200000999         0.1051562617         1.4679938340       115.7127241024       381.0263986842 
        3.0250000999         0.0219858626         1.4450532706       116.6302230786       346.7867518587 
        3.0300000999        -0.0614975007         1.4450532706       119.1992202121       346.7867518587 
        3.0350000999        -0.1441054600         1.4246616587       120.3002189836       316.3515102361 
        3.0400000999        -0.2246621082         1.3966231924       121.5847175503       274.5030530049 
        3.0450038999        -0.3020780323         1.3634868231       122.6857163218       225.0457853682 
        3.0500000999        -0.3750801662         1.3099588419       123.4197155028       145.1532761087 
        3.0550000999        -0.4428004065         1.2691756181       124.1537146838        84.2827928635 
        3.0600000999        -0.5042174756         1.1417280438       124.7042140695      -105.9374672780 
        3.0650000999        -0.5584571143         1.1901581220       123.9702148885       -33.6537684242 
        3.0700000999        -0.6047472329         1.1315322379       123.9702148885      -121.1550880893 
        3.0750000999        -0.6424289011         1.1238853834       123.4197155028      -132.5683036978 
        3.0800000999        -0.6709657282         1.0703574022       122.1352169360      -212.4608129572 
        3.0850000999        -0.6899514985         1.0678084507       121.0342181646      -216.2652181600 
        3.0900000999        -0.6991159535         1.0474168388       119.7497195978      -246.7004597827 
        3.0950000999        -0.6983286391         1.0244762754       118.6487208263      -280.9401066081 
        3.1000000000        -0.6876010755         0.9938888576       117.1807224643      -326.5929690421 
        3.1050000000        -0.6670855391         0.9913399061       115.5292243071      -330.3973742449 
        3.1100000000        -0.6370741795         0.9836930517       113.6942263546      -341.8105898534 
        3.1150000000        -0.5979942022         0.9480077309       111.8592284021      -395.0722626930 
        3.1200000000        -0.5504019025         0.9582035368       110.0242304496      -379.8546418817 
        3.1250000000        -0.4949747468         0.9683993428       108.1892324972      -364.6370210704 
        3.1300000000        -0.4325017292         0.9556545853       106.7212341352      -383.6590470845 
        3.1350000000        -0.3638721398         0.9454587794       103.9687372064      -398.8766678958 
        3.1400001000        -0.2900613854         0.9633014398       102.5007388445      -372.2458314760 
        3.1450000999        -0.2121230976         0.9480077309       100.4822410967      -395.0722626930 
        3.1500000999        -0.1311652802         0.9582035368        98.2802435537      -379.8546418817 
        3.1550000999        -0.0483403524         0.9633014398        96.8122451918      -372.2458314760 
        3.1600000999         0.0351726902         0.9709482942        95.7112464203      -360.8326158675 
        3.1650000999         0.1181850569         0.9964378091        93.1422492868      -322.7885638392 
        3.1700000999         0.1995150841         1.0474168388        91.4907511295      -246.7004597827 
        3.1750000999         0.2780050557         1.1009448200        90.5732521533      -166.8079505233 
        3.1800000999         0.3525376836         1.1264343349        90.0227527676      -128.7638984950 
        3.1850000999         0.4220520112         1.1595707042        89.2887535866       -79.3066308582 
        3.1900000999         0.4855585167         1.2029028795        89.4722533818       -14.6317424101 
        3.1950000999         0.5421531983         1.2207455399        89.1052537913        11.9990940097 
        3.2000000999         0.5910304425         1.2105497339        89.1052537913        -3.2185268016 
        3.2050000999         0.6314944919         1.2844693270        89.8392529723       107.1092240804 
        3.2100000999         0.6629693493         1.3634868231        90.3897523581       225.0457853682 
        3.2150000999         0.6850069767         1.3328994052        91.4907511295       179.3929229342 
        3.2200000999         0.6972936731         1.3966231924        92.9587494915       274.5030530049 
        3.2250000000         0.6996545923         1.3940742409        94.6102476488       270.6986478021 
        3.2300000000         0.6920562213         1.4246616587        95.8947462155       316.3515102361 
        3.2350000000         0.6746065748         1.4272106102        97.5462443727       320.1559154389 
        3.2400000000         0.6475540448         1.4527001251        98.6472431442       358.1999674672 
        3.2450000000         0.6112837184         1.4450532706       100.6657408920       346.7867518587 
        3.2500000000         0.5663118961         1.4450532706       102.1337392540       346.7867518587 
        3.2550000000         0.5132787424         1.4577980281       104.5192365922       365.8087778728 
        3.2600000000         0.4529391731         1.4628959310       106.9047339304       373.4175882785 
        3.2650001000         0.3861507152         1.4450532706       107.4552333162       346.7867518587 
        3.2700000999         0.3138667589         1.4654448825       109.8407306544       377.2219934813 
        3.2750000999         0.2371149733         1.4552490766       111.4922288116       362.0043726700 
        3.2800000999         0.1569879056         1.4527001251       113.5107265594       358.1999674672 
        3.2850000999         0.0746261479         1.4577980281       114.7952251261       365.8087778728 
        3.2900000999        -0.0087978974         1.4552490766       117.3642222596       362.0043726700 
        3.2950000999        -0.0920967065         1.4450532706       118.2817212358       346.7867518587 
        3.3000000999        -0.1740845382         1.4195637558       120.1167191883       308.7426998304 
        3.3050000999        -0.2535943129         1.3915252894       121.9517171408       266.8942425993 
        3.3100000999        -0.3294942256         1.3507420656       122.1352169360       206.0237593540 
        3.3150000999        -0.4007038569         1.3150567448       123.2362157075       152.7620865144 
        3.3200000999        -0.4662095526         1.2640777151       123.9702148885        76.6739824578 
        3.3250000999        -0.5250788529         1.1213364319       123.2362157075      -136.3727089006 
        3.3300000999        -0.5764737655         1.1901581220       123.7867150933       -33.6537684242 
        3.3350000999        -0.6196626946         1.1136895775       122.6857163218      -147.7859245091 
        3.3400000999        -0.6540308548         1.1213364319       123.0527159123      -136.3727089006 
        3.3450000999        -0.6790890226         1.0652594992       121.5847175503      -220.0696233629 
        3.3500000000        -0.6944802909         1.0627105477       120.4837187788      -223.8740285657 
        3.3550000000        -0.6999861826         1.0372210329       118.6487208263      -261.9180805940 
        3.3600000000        -0.6955279174         1.0091825665       117.7312218501      -303.7665378251 
        3.3650000000        -0.6811689577         0.9964378091       116.6302230786      -322.7885638392 
        3.3700000000        -0.6571137004         0.9887909546       114.7952251261      -334.2017794477 
        3.3750000000        -0.6237045669         0.9709482942       112.4097277879      -360.8326158675 
        3.3800000000        -0.5814171294         0.9505566824       110.9417294259      -391.2678574902 
        3.3850000000        -0.5308533407         0.9683993428       109.4737310639      -364.6370210704 
        3.3900001000        -0.4727317329         0.9556545853       107.2717335209      -383.6590470845 
        3.3950000999        -0.4078819789         0.9531056338       105.4367355684      -387.4634522873 
        3.4000000999        -0.3372261088         0.9607524883       104.1522370017      -376.0502366789 
        3.4050000999        -0.2617698955         0.9505566824       101.2162402777      -391.2678574902 
        3.4100000999        -0.1825874426         0.9505566824        99.5647421205      -391.2678574902 
        3.4150000999        -0.1008058956         0.9658503913        97.3627445775      -368.4414262732 
        3.4200000999        -0.0175893977         0.9556545853        95.8947462155      -383.6590470845 
        3.4250000999         0.0658774815         0.9862420032        94.7937474440      -338.0061846506 
        3.4300000999         0.1484066086         1.0066336150        93.1422492868      -307.5709430279 
        3.4350000999         0.2288231986         1.0627105477        91.1237515391      -223.8740285657 
        3.4400000999         0.3059825383         1.1060427230        90.2062525628      -159.1991401176 
        3.4450000999         0.3787862805         1.1289832864        89.6557531771      -124.9594932921 
        3.4500000999         0.4461980793         1.1595707042        88.5547544056       -79.3066308582 
        3.4550000999         0.5072583417         1.2054518309        89.1052537913       -10.8273372073 
        3.4600000999         0.5610978877         1.2360392488        89.6557531771        34.8255252267 
        3.4650000999         0.6069503226         1.2130986854        89.2887535866         0.5858784012 
        3.4700000999         0.6441629466         1.3685847260        89.8392529723       232.6545957738 
        3.4750000000         0.6722055800         1.3048609389        90.5732521533       137.5444657031 
        3.4800000000         0.6906801609         1.3889763379        91.3072513343       263.0898373965 
        3.4850000000         0.6993230543         1.3736826290        93.5092488773       240.2634061795 
        3.4900000000         0.6980112302         1.4348574647        95.1607470345       331.5691310474 
        3.4950000000         0.6867633622         1.4144658528        96.0782460108       301.1338894247 
        3.5000000000         0.6657395614         1.4527001251        97.5462443727       358.1999674672 
        3.5050000000         0.6352390972         1.4399553677        99.7482419157       339.1779414530 
        3.5100000000         0.5956961373         1.4679938340       100.8492406872       381.0263986842 
        3.5150001000         0.5476725263         1.4399553677       102.3172390492       339.1779414530 
        3.5200000999         0.4918537909         1.4577980281       104.1522370017       365.8087778728 
        3.5250000999         0.4290336183         1.4476022221       106.1707347494       350.5911570615 
        3.5300000999         0.3601062419         1.4603469795       108.1892324972       369.6131830757 
        3.5350000999         0.2860528285         1.4527001251       109.8407306544       358.1999674672 
        3.5400000999         0.2079275128         1.4552490766       111.4922288116       362.0043726700 
        3.5450000999         0.1268423926         1.4552490766       114.2447257404       362.0043726700 
        3.5500000999         0.0439516974         1.4527001251       114.9787249214       358.1999674672 
        3.5550000999        -0.0395646411         1.4425043191       116.9972226691       342.9823466559 
        3.5600000999        -0.1225177851         1.4399553677       119.1992202121       339.1779414530 
        3.5650000999        -0.2037269141         1.3838784350       119.5662198026       255.4810269908 
        3.5700000999        -0.2820360331         1.3634868231       121.5847175503       225.0457853682 
        3.5750167999        -0.3565706430         1.3278015023       122.6857163218       171.7841125285 
        3.5800000999        -0.4255525340         1.2946651330       122.6857163218       122.3268448918 
        3.5850000999        -0.4887169886         1.2003539280       123.2362157075       -18.4361476129 
        3.5900000999        -0.5449246591         1.1468259468       122.6857163218       -98.3286568723 
        3.5950000999        -0.5933754410         1.1621196557       122.6857163218       -75.5022256554 
        3.6000000000        -0.6333789367         1.1315322379       121.7682173456      -121.1550880893 
        3.6050000000        -0.6643673015         1.0856511111       121.5847175503      -189.6343817402 
        3.6100000000        -0.6858985367         1.0703574022       119.9332193931      -212.4608129572 
        3.6150000000        -0.6976661496         1.0346720814       119.5662198026      -265.7224857968 
        3.6200000000        -0.6995026308         1.0499657903       118.2817212358      -242.8960545798 
        3.6250000000        -0.6913818384         0.9964378091       116.2632234881      -322.7885638392 
        3.6300000000        -0.6734193701         1.0091825665       115.3457245119      -303.7665378251 
        3.6350000000        -0.6458709179         0.9683993428       112.7767273784      -364.6370210704 
        3.6400001000        -0.6091278046         0.9785951487       111.4922288116      -349.4194002591 
        3.6450000999        -0.5637145302         0.9607524883       110.0242304496      -376.0502366789 
        3.6500000999        -0.5102768963         0.9683993428       107.4552333162      -364.6370210704 
        3.6550000999        -0.4495755775         0.9480077309       105.8037351589      -395.0722626930 
        3.6600000999        -0.3824746444         0.9480077309       103.7852374112      -395.0722626930 
        3.6650000999        -0.3099292647         0.9556545853       101.7667396635      -383.6590470845 
        3.6700000999        -0.2329721067         0.9582035368       100.2987413015      -379.8546418817 
        3.6750000999        -0.1526986396         0.9658503913        98.6472431442      -368.4414262732 
        3.6800000999        -0.0702515392         0.9683993428        96.4452456013      -364.6370210704 
        3.6850000999         0.0131955771         0.9709482942        94.6102476488      -360.8326158675 
        3.6900000999         0.0964548572         0.9785951487        92.4082501058      -349.4194002591 
        3.6950000999         0.1783411225         0.9989867606        90.7567519486      -318.9841586364 
        3.7000000999         0.2576887392         1.0525147418        90.0227527676      -239.0916493770 
        3.7050000999         0.3333682107         1.0754553052        88.5547544056      -204.8520025515 
        3.7100000999         0.4043022554         1.1289832864        88.7382542008      -124.9594932921 
        3.7150000999         0.4694811420         1.1697665101        87.4537556341       -64.0890100469 
        3.7200000999         0.5279770628         1.2029028795        86.9032562483       -14.6317424101 
        3.7250000000         0.5789564020         1.2513329577        87.2702558388        57.6519564437 
        3.7300000000         0.6216955142         1.2997630359        88.3712546103       129.9356552974 
        3.7350000000         0.6555849207         1.3099588419        89.1052537913       145.1532761087 
        3.7400000000         0.6801422130         1.3634868231        90.2062525628       225.0457853682 
        3.7450000000         0.6950178232         1.3736826290        90.7567519486       240.2634061795 
        3.7500000000         0.7000000000         1.3813294835        91.8577507200       251.6766217880 
        3.7550000000         0.6950178232         1.4144658528        93.5092488773       301.1338894247 
        3.7600000000         0.6801422130         1.4246616587        95.3442468298       316.3515102361 
        3.7650001000         0.6555843348         1.4374064162        96.8122451918       335.3735362502 
        3.7700000999         0.6216947468         1.4374064162        98.6472431442       335.3735362502 
        3.7750000999         0.5789554635         1.4756406885       100.4822410967       392.4396142926 
        3.7800000999         0.5279748703         1.4476022221       101.3997400730       350.5911570615 
        3.7850000999         0.4694786652         1.4628959310       103.6017376159       373.4175882785 
        3.7900000999         0.4042995294         1.4577980281       105.9872349542       365.8087778728 
        3.7950000999         0.3333652744         1.4450532706       107.0882337257       346.7867518587 
        3.8000000999         0.2576856345         1.4679938340       110.0242304496       381.0263986842 
        3.8050000999         0.1783378935         1.4527001251       111.1252292211       358.1999674672 
        3.8100000999         0.0964515498         1.4552490766       112.7767273784       362.0043726700 
        3.8150000999         0.0131922385         1.4552490766       115.1622247166       362.0043726700 
        3.8200000999        -0.0702548616         1.4374064162       115.8962238976       335.3735362502 
        3.8250000999        -0.1527018984         1.4195637558       117.3642222596       308.7426998304 
        3.8300000999        -0.2329752556         1.3915252894       119.7497195978       266.8942425993 
        3.8350000999        -0.3099322588         1.3583889201       120.8507183693       217.4369749625 
        3.8400000999        -0.3824774411         1.3125077934       120.8507183693       148.9576813116 
        3.8450000999        -0.4495781370         1.2972140844       122.5022165265       126.1312500946 
        3.8500000000        -0.5102780392         1.1672175587       121.9517171408       -67.8934152497 
        3.8550000000        -0.5637155200         1.1697665101       121.5847175503       -64.0890100469 
        3.8600000000        -0.6091286283         1.1493748983       121.4012177551       -94.5242516695 
        3.8650000000        -0.6458709179         1.1289832864       120.8507183693      -124.9594932921 
        3.8700000000        -0.6734193701         1.0703574022       119.9332193931      -212.4608129572 
        3.8750000000        -0.6913818384         1.0907490141       119.3827200073      -182.0255713346 
        3.8800000000        -0.6995026308         1.0397699844       117.5477220548      -258.1136753912 
        3.8850000000        -0.6976661496         1.0423189359       116.6302230786      -254.3092701883 
        3.8900001000        -0.6858982028         0.9964378091       114.7952251261      -322.7885638392 
        3.8950023999        -0.6643546661         1.0066336150       113.8777261499      -307.5709430279 
        3.9000000999        -0.6333782258         0.9836930517       112.0427281974      -341.8105898534 
        3.9050000999        -0.5933736695         0.9709482942       110.7582296306      -360.8326158675 
        3.9100000999        -0.5449225631         0.9633014398       108.5562320877      -372.2458314760 
        3.9150000999        -0.4887145980         0.9760461972       106.7212341352      -353.2238054619 
        3.9200000999        -0.4255498827         0.9556545853       104.8862361827      -383.6590470845 
        3.9250000999        -0.3563275539         0.9633014398       102.5007388445      -372.2458314760 
        3.9300000999        -0.2820329769         0.9633014398       101.7667396635      -372.2458314760 
        3.9350000999        -0.2037237194         0.9683993428        99.7482419157      -364.6370210704 
        3.9400000999        -0.1225144974         0.9785951487        98.0967437585      -349.4194002591 
        3.9450000999        -0.0395613072         0.9658503913        95.8947462155      -368.4414262732 
        3.9500000999         0.0439550300         0.9862420032        93.8762484678      -338.0061846506 
        3.9550000999         0.1268456765         0.9964378091        91.6742509248      -322.7885638392 
        3.9600000999         0.2079307014         1.0652594992        90.9402517438      -220.0696233629 
        3.9650000999         0.2860558762         1.1009448200        90.3897523581      -166.8079505233 
        3.9700000999         0.3601091054         1.1264343349        89.2887535866      -128.7638984950 
        3.9750000000         0.4290349376         1.1646686072        88.1877548151       -71.6978204525 
        3.9800000000         0.4918549789         1.1978049765        88.0042550198       -22.2405528157 
        3.9850000000         0.5476735674         1.2283923943        88.5547544056        23.4123096182 
        3.9900000000         0.5956961373         1.2334902973        88.5547544056        31.0211200239 
        3.9950000000         0.6352390972         1.3354483567        89.8392529723       183.1973281370 
        4.0000000000         0.6657395614         1.3507420656        90.2062525628       206.0237593540 
        4.0050000000         0.6867633622         1.3762315805        90.9402517438       244.0678113823 
        4.0100000000         0.6980112302         1.3736826290        92.4082501058       240.2634061795 
        4.0150000000         0.6993230543         1.4170148043        94.2432480583       304.9382946276 
        4.0200000999         0.6906798894         1.4093679498        94.9772472393       293.5250790191 
        4.0250000999         0.6722051142         1.4552490766        97.3627445775       362.0043726700 
        4.0300000999         0.6441616397         1.4272106102        98.6472431442       320.1559154389 
        4.0350000999         0.6069486590         1.4730917370       101.0327404825       388.6352090898 
        4.0400000999         0.5610958911         1.4450532706       101.9502394587       346.7867518587 
        4.0450000999         0.5072560406         1.4603469795       103.9687372064       369.6131830757 
        4.0500000999         0.4461955064         1.4577980281       105.9872349542       365.8087778728 
        4.0550000999         0.3787834724         1.4577980281       107.4552333162       365.8087778728 
        4.0600000999         0.3059795350         1.4577980281       108.7397318829       365.8087778728 
        4.0650000999         0.2288200429         1.4654448825       111.4922288116       377.2219934813 
        4.0700373000         0.1477956844         1.4577980281       112.9602271736       365.8087778728 
        4.0750000999         0.0658741571         1.4577980281       114.7952251261       365.8087778728 
        4.0800000999        -0.0175927359         1.4399553677       116.8137228738       339.1779414530 
        4.0850000999        -0.1008092000         1.4450532706       117.9147216453       346.7867518587 
        4.0900000999        -0.1825906662         1.4323085132       120.4837187788       327.7647258446 
        4.0950000999        -0.2617729925         1.3838784350       120.6672185741       255.4810269908 
        4.1000000000        -0.3372275719         1.3660357746       123.0527159123       228.8501905710 
        4.1050000000        -0.4078833358         1.3227035993       123.6032152980       164.1753021229 
        4.1100000000        -0.4727329657         1.2564308607       124.5207142743        65.2607668493 
        4.1150000000        -0.5308533407         1.1187874804       123.2362157075      -140.1771141034 
        4.1200000000        -0.5814171294         1.1825112676       122.8692161170       -45.0669840327 
        4.1250000000        -0.6237045669         1.1340811893       123.4197155028      -117.3506828865 
        4.1300000000        -0.6571137004         1.1034937715       121.7682173456      -163.0035453204 
        4.1350000000        -0.6811689577         1.0601615963       120.8507183693      -227.6784337685 
        4.1400000000        -0.6955279174         1.0627105477       120.3002189836      -223.8740285657 
        4.1450000999        -0.6999861721         1.0397699844       118.6487208263      -258.1136753912 
        4.1500000999        -0.6944800817         1.0117315180       117.3642222596      -299.9621326223 
        4.1550000999        -0.6790882125         1.0040846636       116.4467232833      -311.3753482308 
        4.1600000999        -0.6540296646         0.9887909546       114.6117253309      -334.2017794477 
        4.1650000999        -0.6196611413         0.9836930517       112.9602271736      -341.8105898534 
        4.1700000999        -0.5764718712         0.9658503913       111.6757286069      -368.4414262732 
        4.1750000999        -0.5250766446         0.9683993428       109.8407306544      -364.6370210704 
        4.1800000999        -0.4662070618         0.9709482942       106.9047339304      -360.8326158675 
        4.1850000999        -0.4007011189         0.9556545853       105.0697359779      -383.6590470845 
        4.1900000999        -0.3294912794         0.9556545853       103.2347380255      -383.6590470845 
        4.1950000999        -0.2535912005         0.9505566824       101.2162402777      -391.2678574902 
        4.2000000999        -0.1740813039         0.9556545853        99.9317417110      -383.6590470845 
        4.2050071000        -0.0919774175         0.9709482942        97.3627445775      -360.8326158675 
        4.2100000999        -0.0087945584         0.9709482942        96.4452456013      -360.8326158675 
        4.2150000999         0.0746294681         0.9938888576        95.1607470345      -326.5929690421 
        4.2200000999         0.1569911597         1.0142804695        93.3257490820      -296.1577274195 
        4.2250000000         0.2371165442         1.0703574022        91.6742509248      -212.4608129572 
        4.2300000000         0.3138682513         1.1111406260        91.1237515391      -151.5903297119 
        4.2350000000         0.3861521094         1.1417280438        90.5732521533      -105.9374672780 
        4.2400000000         0.4529391731         1.1570217527        89.2887535866       -83.1110360610 
        4.2450000000         0.5132787424         1.2156476369        90.0227527676         4.3902836041 
        4.2500000000         0.5663118961         1.2232944913        89.2887535866        15.8034992126 
        4.2550000000         0.6112837184         1.2207455399        90.2062525628        11.9990940097 
        4.2600000000         0.6475540448         1.3813294835        89.8392529723       251.6766217880 
        4.2650000000         0.6746065748         1.3048609389        90.9402517438       137.5444657031 
        4.2700000999         0.6920564721         1.4068189983        92.2247503105       289.7206738163 
        4.2750000999         0.6996546447         1.3736826290        93.1422492868       240.2634061795 
        4.2800000999         0.6972933797         1.4221127072        94.7937474440       312.5471050332 
        4.2850000999         0.6850062893         1.3991721439        96.2617458060       278.3074582078 
        4.2900000999         0.6629682776         1.4552490766        98.0967437585       362.0043726700 
        4.2950000999         0.6314930512         1.4501511736        99.7482419157       354.3955622644 
        4.3000000999         0.5910286532         1.4527001251       101.9502394587       358.1999674672 
        4.3050000999         0.5421510860         1.4527001251       103.4182378207       358.1999674672 
        4.3100000999         0.4855561114         1.4552490766       104.7027363874       362.0043726700 
        4.3150000999         0.4220493472         1.4577980281       106.9047339304       365.8087778728 
        4.3200000999         0.3525347987         1.4628959310       108.9232316782       373.4175882785 
        4.3250000999         0.2780019911         1.4552490766       110.5747298354       362.0043726700 
        4.3300000999         0.1995118834         1.4679938340       112.7767273784       381.0263986842 
        4.3350264999         0.1177468462         1.4552490766       114.9787249214       362.0043726700 
        4.3400000999         0.0351693552         1.4577980281       116.0797236928       365.8087778728 
        4.3450000999        -0.0483436836         1.4552490766       118.2817212358       362.0043726700 
        4.3500000000        -0.1311669202         1.4348574647       119.5662198026       331.5691310474 
        4.3550000999        -0.2121262798         1.3940742409       121.5847175503       270.6986478021 
        4.3600000000        -0.2900629067         1.3711336775       122.1352169360       236.4590009766 
        4.3650000000        -0.3638721398         1.3328994052       122.8692161170       179.3929229342 
        4.3700000000        -0.4325017292         1.2921161815       124.1537146838       118.5224396889 
        4.3750000000        -0.4949747468         1.1340811893       123.7867150933      -117.3506828865 
        4.3800000000        -0.5504019025         1.1850602191       123.6032152980       -41.2625788299 
        4.3850000000        -0.5979942022         1.1366301408       122.5022165265      -113.5462776836 
        4.3900000000        -0.6370741795         1.1187874804       121.9517171408      -140.1771141034 
        4.3950000999        -0.6670860450         1.0754553052       121.9517171408      -204.8520025515 
        4.4000000999        -0.6876013884         1.0601615963       120.3002189836      -227.6784337685 
        4.4050000999        -0.6983288698         1.0474168388       120.3002189836      -246.7004597827 
        4.4100000999        -0.6991157857         1.0321231299       118.6487208263      -269.5268909996 
        4.4150000999        -0.6899509347         0.9913399061       116.6302230786      -330.3973742449 
        4.4200000999        -0.6709647764         0.9862420032       115.5292243071      -338.0061846506 
        4.4250000999        -0.6424275749         0.9785951487       113.5107265594      -349.4194002591 
        4.4300000999        -0.6047455512         0.9683993428       111.8592284021      -364.6370210704 
        4.4350000999        -0.5584551010         0.9531056338       110.2077302449      -387.4634522873 
        4.4400000999        -0.5042151593         0.9709482942       108.3727322924      -360.8326158675 
        4.4450000999        -0.4427978202         0.9556545853       106.1707347494      -383.6590470845 
        4.4500000999        -0.3750773468         0.9454587794       104.3357367969      -398.8766678958 
        4.4550000999        -0.3020177258         0.9582035368       102.6842386397      -379.8546418817 
        4.4600000999        -0.2246589456         0.9505566824       100.6657408920      -391.2678574902 
        4.4650161999        -0.1438388605         0.9607524883        99.1977425300      -376.0502366789 
        4.4700000999        -0.0614941744         0.9760461972        97.3627445775      -353.2238054619 
        4.4750000000         0.0219875314         0.9709482942        95.3442468298      -360.8326158675 
        4.4800000999         0.1051595630         1.0091825665        94.0597482630      -303.7665378251 
        4.4850000000         0.1868313925         1.0525147418        91.6742509248      -239.0916493770 
        4.4900000000         0.2658453669         1.1085916745        91.1237515391      -155.3947349148 
        4.4950000000         0.3410750880         1.1340811893        90.0227527676      -117.3506828865 
        4.5000000000         0.4114496766         1.1799623161        90.0227527676       -48.8713892355 
        4.5050000000         0.4759673651         1.2130986854        90.2062525628         0.5858784012 
        4.5100000000         0.5337097577         1.2207455399        89.6557531771        11.9990940097 
        4.5150000000         0.5838549035         1.2080007824        90.5732521533        -7.0229320044 
        4.5200000999         0.6256897455         1.2411371518        89.8392529723        42.4343356324 
        4.5250000999         0.6586171038         1.4068189983        91.1237515391       289.7206738163 
        4.5300000999         0.6821691854         1.3048609389        91.8577507200       137.5444657031 
        4.5350041999         0.6960180332         1.4246616587        93.3257490820       316.3515102361 
        4.5400000999         0.6999447100         1.3762315805        94.6102476488       244.0678113823 
        4.5450000999         0.6939151221         1.4450532706        96.6287453965       346.7867518587 
        4.5500000999         0.6780077976         1.4068189983        98.0967437585       289.7206738163 
        4.5550000999         0.6524491739         1.4756406885        99.5647421205       392.4396142926 
        4.5600000999         0.6176030726         1.4323085132       101.5832398682       327.7647258446 
        4.5650000999         0.5739655208         1.4552490766       103.0512382302       362.0043726700 
        4.5700000999         0.5221576898         1.4450532706       104.3357367969       346.7867518587 
        4.5750000999         0.4629170533         1.4705427855       106.5377343399       384.8308038870 
        4.5800000999         0.3970868894         1.4527001251       108.9232316782       358.1999674672 
        4.5850000999         0.3256042767         1.4654448825       110.2077302449       377.2219934813 
        4.5900000999         0.2494867551         1.4603469795       111.8592284021       369.6131830757 
        4.5950000999         0.1698178418         1.4679938340       114.4282255356       381.0263986842 
        4.6000000000         0.0877332635         1.4679938340       115.7127241024       381.0263986842 
        4.6050000999         0.0043965312         1.4603469795       117.9147216453       369.6131830757 
        4.6100000000        -0.0789994694         1.4577980281       119.7497195978       365.8087778728 
        4.6150000000        -0.1612725987         1.4399553677       120.8507183693       339.1779414530 
        4.6200000000        -0.2412500462         1.3991721439       122.3187167313       278.3074582078 
        4.6250000000        -0.3177933498         1.3736826290       123.9702148885       240.2634061795 
        4.6300000000        -0.3898129315         1.3354483567       125.0712136600       183.1973281370 
        4.6350000000        -0.4562836077         1.2564308607       124.5207142743        65.2607668493 
        4.6400000000        -0.5162591822         1.1315322379       125.0712136600      -121.1550880893 
        4.6450000999        -0.5688868880         1.1850602191       124.7042140695       -41.2625788299 
        4.6500000999        -0.6134154804         1.1264343349       123.9702148885      -128.7638984950 
        4.6550000999        -0.6492122317         1.1034937715       123.6032152980      -163.0035453204 
        4.6600000999        -0.6757675827         1.0678084507       122.1352169360      -216.2652181600 
        4.6650000999        -0.6927035235         1.0729063537       121.5847175503      -208.6564077544 
        4.6700000999        -0.6997789745         1.0397699844       121.0342181646      -258.1136753912 
        4.6750000999        -0.6968932181         1.0270252269       119.0157204168      -277.1357014053 
        4.6800000999        -0.6840873325         0.9836930517       117.1807224643      -341.8105898534 
        4.6850000999        -0.6615436068         0.9989867606       116.6302230786      -318.9841586364 
        4.6900000999        -0.6295829463         0.9785951487       114.4282255356      -349.4194002591 
        4.6950000999        -0.5886603041         0.9658503913       112.2262279926      -368.4414262732 
        4.7000000999        -0.5393582057         0.9480077309       110.2077302449      -395.0722626930 
        4.7050000999        -0.4823784560         0.9683993428       108.1892324972      -364.6370210704 
        4.7100000999        -0.4185321498         0.9582035368       107.4552333162      -379.8546418817 
        4.7150058000        -0.3486455190         0.9531056338       104.8862361827      -387.4634522873 
        4.7200000999        -0.2739600304         0.9658503913       103.6017376159      -368.4414262732 
        4.7250000000        -0.1952937742         0.9556545853       101.5832398682      -383.6590470845 
        4.7300000999        -0.1138443683         0.9633014398        99.7482419157      -372.2458314760 
        4.7350000000        -0.0307776828         0.9785951487        97.3627445775      -349.4194002591 
        4.7400000000         0.0527287639         0.9556545853        95.1607470345      -383.6590470845 
        4.7450000000         0.1354846276         1.0015357121        93.5092488773      -315.1797534336 
        4.7500000000         0.2163118961         1.0448678873        92.2247503105      -250.5048649855 
        4.7550000000         0.2940600099         1.0958469171        90.9402517438      -174.4167609289 
        4.7600000000         0.3676222410         1.1519238497        91.1237515391       -90.7198464667 
        4.7650000000         0.4359514463         1.1723154616        90.0227527676       -60.2846048440 
        4.7700000999         0.4980761472         1.2105497339        90.2062525628        -3.2185268016 
        4.7750000999         0.5531095320         1.2181965884        90.2062525628         8.1946888069 
        4.7800000999         0.6002695182         1.2105497339        90.0227527676        -3.2185268016 
        4.7850000999         0.6388847935         1.3736826290        90.9402517438       240.2634061795 
        4.7900000999         0.6684056773         1.3048609389        91.8577507200       137.5444657031 
        4.7950000999         0.6884119460         1.3736826290        92.4082501058       240.2634061795 
        4.8000000999         0.6986188147         1.3838784350        94.7937474440       255.4810269908 
        4.8050000999         0.6988809907         1.4119169013        95.1607470345       297.3294842219 
        4.8100000999         0.6891947419         1.3991721439        97.1792447823       278.3074582078 
        4.8150000999         0.6696979502         1.4501511736        98.8307429395       354.3955622644 
        4.8200000999         0.6406681481         1.4476022221       100.4822410967       350.5911570615 
        4.8250000999         0.6025185690         1.4246616587       102.1337392540       316.3515102361 
        4.8300000999         0.5557922640         1.4552490766       103.9687372064       362.0043726700 
        4.8350000999         0.5011543724         1.4577980281       105.2532357732       365.8087778728 
        4.8400000999         0.4393826532         1.4501511736       107.0882337257       354.3955622644 
        4.8450000999         0.3713564137         1.4730917370       110.0242304496       388.6352090898 
        4.8500000000         0.2980455041         1.4603469795       111.3087290164       369.6131830757 
        4.8550000999         0.2204889791         1.4654448825       113.6942263546       377.2219934813 
        4.8600000000         0.1397969864         1.4527001251       114.6117253309       358.1999674672 
        4.8650000000         0.0571134281         1.4476022221       116.4467232833       350.5911570615 
        4.8700000000        -0.0263831279         1.4552490766       118.6487208263       362.0043726700 
        4.8750000000        -0.1095041255         1.4450532706       121.0342181646       346.7867518587 
        4.8800000000        -0.1910663549         1.4017210954       121.5847175503       282.1118634106 
        4.8850000000        -0.2699087946         1.3838784350       123.7867150933       255.4810269908 
        4.8900000000        -0.3449091391         1.3328994052       123.6032152980       179.3929229342 
        4.8950000999        -0.4150011187         1.2870182785       124.5207142743       110.9136292833 
        4.9000000999        -0.4791841912         1.1340811893       124.3372144790      -117.3506828865 
        4.9050000999        -0.5365461771         1.1952560250       123.9702148885       -26.0449580186 
        4.9100000999        -0.5862705403         1.1289832864       123.2362157075      -124.9594932921 
        4.9150016999        -0.6276613046         1.1289832864       123.6032152980      -124.9594932921 
        4.9200000999        -0.6600939308         1.0754553052       122.3187167313      -204.8520025515 
        4.9250000999        -0.6831420976         1.0780042567       121.0342181646      -201.0475973487 
        4.9300028999        -0.6964705744         1.0321231299       120.3002189836      -269.5268909996 
        4.9350000999        -0.6998756152         1.0525147418       119.7497195978      -239.0916493770 
        4.9400000999        -0.6933227679         0.9887909546       117.1807224643      -334.2017794477 
        4.9450000999        -0.6769006161         1.0066336150       116.8137228738      -307.5709430279 
        4.9500000999        -0.6508429255         0.9760461972       114.2447257404      -353.2238054619 
        4.9550000999        -0.6155206220         0.9760461972       113.3272267641      -353.2238054619 
        4.9600000999        -0.5714365112         0.9556545853       110.9417294259      -383.6590470845 
        4.9650000999        -0.5192181211         0.9658503913       109.4737310639      -368.4414262732 
        4.9700000999        -0.4596087697         0.9607524883       106.9047339304      -376.0502366789 
        4.9750000000        -0.3934583645         0.9454587794       105.2532357732      -398.8766678958 
        4.9800000999        -0.3217044196         0.9556545853       103.4182378207      -383.6590470845 
        4.9850000000        -0.2453740241         0.9505566824       101.5832398682      -391.2678574902 
        4.9900000000        -0.1655492979         0.9531056338       100.2987413015      -387.4634522873 
        4.9950105000        -0.0831937699         0.9683993428        97.1792447823      -364.6370210704 
        5.0000000000        -0.0000000000         0.9556545853        95.8947462155      -383.6590470845 
        5.0050000000         0.0833680121         0.9734972457        93.5092488773      -357.0282106647 
        5.0100000000         0.1655492979         0.9964378091        91.6742509248      -322.7885638392 
        5.0150000000         0.2453740241         1.0678084507        90.9402517438      -216.2652181600 
        5.0200000999         0.3217073853         1.0932979656        90.2062525628      -178.2211661317 
        5.0250000999         0.3934597454         1.1238853834        89.2887535866      -132.5683036978 
        5.0300000999         0.4596112883         1.1519238497        88.0042550198       -90.7198464667 
        5.0350000999         0.5192203607         1.1952560250        88.0042550198       -26.0449580186 
        5.0400000999         0.5714384398         1.2334902973        88.3712546103        31.0211200239 
        5.0450000999         0.6155222123         1.3303504538        89.6557531771       175.5885177314 
        5.0500000999         0.6508441547         1.2946651330        89.2887535866       122.3268448918 
        5.0550000999         0.6769014668         1.3609378716        90.9402517438       221.2413801653 
        5.0600000999         0.6933232280         1.3481931142        91.6742509248       202.2193541512 
        5.0650000999         0.6998756781         1.4042700468        93.1422492868       285.9162686134 
        5.0700000999         0.6964655443         1.3838784350        94.0597482630       255.4810269908 
        5.0750000999         0.6831413691         1.4527001251        96.0782460108       358.1999674672 
        5.0800000999         0.6600928194         1.4272106102        97.7297441680       320.1559154389 
        5.0850000999         0.6276479865         1.4527001251        99.3812423252       358.1999674672 
        5.0900000999         0.5862687158         1.4603469795       101.7667396635       369.6131830757 
        5.0950000999         0.5365440325         1.4527001251       102.3172390492       358.1999674672 
        5.1000000000         0.4791829742         1.4425043191       104.1522370017       342.9823466559 
        5.1050000999         0.4149984296         1.4679938340       106.7212341352       381.0263986842 
        5.1100000000         0.3449091391         1.4527001251       107.8222329067       358.1999674672 
        5.1150000000         0.2699087946         1.4577980281       110.7582296306       365.8087778728 
        5.1200000000         0.1910663549         1.4679938340       112.2262279926       381.0263986842 
        5.1250000000         0.1095041255         1.4399553677       113.3272267641       339.1779414530 
        5.1300010999         0.0263647573         1.4679938340       116.0797236928       381.0263986842 
        5.1350000000        -0.0571134281         1.4450532706       117.3642222596       346.7867518587 
        5.1400000000        -0.1397969864         1.4195637558       118.2817212358       308.7426998304 
        5.1450000999        -0.2204921484         1.3915252894       120.3002189836       266.8942425993 
        5.1500000999        -0.2980470148         1.3481931142       121.4012177551       202.2193541512 
        5.1550000999        -0.3713592443         1.3303504538       122.1352169360       175.5885177314 
        5.1600000999        -0.4393852526         1.2921161815       122.8692161170       118.5224396889 
        5.1650000999        -0.5011567038         1.1672175587       123.6032152980       -67.8934152497 
        5.1700000999        -0.5557942941         1.1544728012       122.1352169360       -86.9154412638 
        5.1750000999        -0.6025202688         1.1544728012       122.3187167313       -86.9154412638 
        5.1800000999        -0.6406694935         1.1187874804       121.7682173456      -140.1771141034 
        5.1850000999        -0.6696989220         1.0678084507       121.0342181646      -216.2652181600 
        5.1900000999        -0.6891953264         1.0907490141       120.3002189836      -182.0255713346 
        5.1950000999        -0.6988811794         1.0295741784       118.6487208263      -273.3312962025 
        5.2000000999        -0.6986186051         1.0321231299       118.0982214406      -269.5268909996 
        5.2050000999        -0.6884113410         0.9989867606       116.6302230786      -318.9841586364 
        5.2100000999        -0.6684046854         0.9913399061       114.2447257404      -330.3973742449 
        5.2150000999        -0.6388834289         0.9862420032       113.6942263546      -338.0061846506 
        5.2200000999        -0.6002678004         0.9633014398       110.7582296306      -372.2458314760 
        5.2250000000        -0.5531085087         0.9633014398       109.8407306544      -372.2458314760 
        5.2300000999        -0.4980738009         0.9683993428       106.9047339304      -364.6370210704 
        5.2350000000        -0.4359514463         0.9582035368       105.4367355684      -379.8546418817 
        5.2400000000        -0.3676222410         0.9556545853       103.6017376159      -383.6590470845 
        5.2450000000        -0.2940600099         0.9633014398       102.3172390492      -372.2458314760 
        5.2500000000        -0.2163118961         0.9556545853       100.1152415062      -383.6590470845 
        5.2550000000        -0.1354846276         0.9658503913        98.2802435537      -368.4414262732 
        5.2600000000        -0.0527287639         0.9556545853        95.8947462155      -383.6590470845 
        5.2650000000         0.0307776828         0.9785951487        94.6102476488      -349.4194002591 
        5.2700000999         0.1138476630         1.0015357121        92.4082501058      -315.1797534336 
        5.2750000999         0.1952953775         1.0729063537        92.0412505153      -208.6564077544 
        5.2800000999         0.2739631032         1.1060427230        90.0227527676      -159.1991401176 
        5.2850000999         0.3487310214         1.1340811893        89.2887535866      -117.3506828865 
        5.2900000999         0.4185348264         1.1672175587        89.2887535866       -67.8934152497 
        5.2950000999         0.4823808758         1.1952560250        88.7382542008       -26.0449580186 
        5.3000000999         0.5393603342         1.2232944913        88.7382542008        15.8034992126 
        5.3050000999         0.5886621111         1.2130986854        89.4722533818         0.5858784012 
        5.3100000999         0.6295844059         1.3303504538        89.6557531771       175.5885177314 
        5.3150000999         0.6615446984         1.3507420656        91.1237515391       206.0237593540 
        5.3200000999         0.6840880405         1.3354483567        90.5732521533       183.1973281370 
        5.3250000999         0.6968935323         1.4017210954        92.7752496963       282.1118634106 
        5.3300000999         0.6997788905         1.3864273864        93.5092488773       259.2854321936 
        5.3350000999         0.6927030426         1.4170148043        95.3442468298       304.9382946276 
        5.3400000999         0.6757667117         1.4374064162        97.5462443727       335.3735362502 
        5.3450000999         0.6492109830         1.4527001251        98.8307429395       358.1999674672 
        5.3500000000         0.6134146760         1.4501511736       101.0327404825       354.3955622644 
        5.3550022000         0.5688644892         1.4628959310       102.5007388445       373.4175882785 
        5.3600000000         0.5162591822         1.4654448825       104.1522370017       377.2219934813 
        5.3650000000         0.4562836077         1.4552490766       105.6202353637       362.0043726700 
        5.3700000000         0.3898129315         1.4577980281       108.0057327019       365.8087778728 
        5.3750000000         0.3177933498         1.4705427855       110.0242304496       384.8308038870 
        5.3800000000         0.2412500462         1.4679938340       111.3087290164       381.0263986842 
        5.3850000000         0.1612725987         1.4552490766       113.6942263546       362.0043726700 
        5.3900000000         0.0789994694         1.4577980281       114.6117253309       365.8087778728 
        5.3950000999        -0.0043998704         1.4552490766       117.5477220548       362.0043726700 
        5.4000000999        -0.0877349199         1.4425043191       118.0982214406       342.9823466559 
        5.4050000999        -0.1698210813         1.4221127072       119.7497195978       312.5471050332 
        5.4100000999        -0.2494898751         1.3966231924       121.7682173456       274.5030530049 
        5.4150000999        -0.3256072326         1.3634868231       122.3187167313       225.0457853682 
        5.4200000999        -0.3970896394         1.3278015023       123.9702148885       171.7841125285 
        5.4250000999        -0.4629195581         1.2487840062       123.9702148885        53.8475512408 
        5.4300000999        -0.5221599138         1.1366301408       123.9702148885      -113.5462776836 
        5.4350000999        -0.5739674323         1.1876091705       123.9702148885       -37.4581736271 
        5.4400000999        -0.6176046444         1.1315322379       123.4197155028      -121.1550880893 
        5.4450000999        -0.6524503836         1.1034937715       123.2362157075      -163.0035453204 
        5.4500000999        -0.6780086280         1.0780042567       122.5022165265      -201.0475973487 
        5.4550000999        -0.6939155614         1.0423189359       120.3002189836      -254.3092701883 
        5.4600000999        -0.6999447519         1.0499657903       119.7497195978      -242.8960545798 
        5.4650000999        -0.6960103753         1.0142804695       118.6487208263      -296.1577274195 
        5.4700001999        -0.6821680616         0.9938888576       116.6302230786      -326.5929690421 
        5.4750000000        -0.6586165383         0.9938888576       115.3457245119      -326.5929690421 
        5.4800000999        -0.6256882483         0.9862420032       113.1437269689      -338.0061846506 
        5.4850000000        -0.5838549035         0.9607524883       111.8592284021      -376.0502366789 
        5.4900000000        -0.5337097577         0.9582035368       109.2902312687      -379.8546418817 
        5.4950000000        -0.4759673651         0.9582035368       107.0882337257      -379.8546418817 
        5.5000000000        -0.4114496766         0.9582035368       106.1707347494      -379.8546418817 
        5.5050000000        -0.3410750880         0.9556545853       103.6017376159      -383.6590470845 
        5.5100000000        -0.2658453669         0.9607524883       101.7667396635      -376.0502366789 
        5.5150000000        -0.1868313925         0.9556545853       100.1152415062      -383.6590470845 
        5.5200000999        -0.1051562617         0.9785951487        99.0142427347      -349.4194002591 
        5.5250000999        -0.0219858626         0.9505566824        95.8947462155      -391.2678574902 
        5.5300000999         0.0614975007         0.9862420032        95.1607470345      -338.0061846506 
        5.5350000999         0.1441054600         0.9964378091        92.2247503105      -322.7885638392 
        5.5400000999         0.2246621082         1.0678084507        91.4907511295      -216.2652181600 
        5.5450000999         0.3020207382         1.0983958685        90.0227527676      -170.6123557261 
        5.5500000999         0.3750801662         1.1315322379        89.8392529723      -121.1550880893 
        5.5550000999         0.4428004065         1.1697665101        89.4722533818       -64.0890100469 
        5.5600000999         0.5042174756         1.2003539280        89.1052537913       -18.4361476129 
        5.5650000999         0.5584571143         1.2334902973        89.8392529723        31.0211200239 
        5.5700000999         0.6047472329         1.2258434428        89.8392529723        19.6079044154 
        5.5750000999         0.6424289011         1.3736826290        90.0227527676       240.2634061795 
        5.5800000999         0.6709657282         1.3048609389        91.3072513343       137.5444657031 
        5.5850000999         0.6899514985         1.3991721439        92.5917499010       278.3074582078 
        5.5900000999         0.6991159535         1.3762315805        93.6927486725       244.0678113823 
        5.5950000999         0.6983286391         1.4170148043        94.0597482630       304.9382946276 
        5.6000000000         0.6876010755         1.4068189983        95.7112464203       289.7206738163 
        5.6050000999         0.6670850331         1.4501511736        97.1792447823       354.3955622644 
        5.6100000000         0.6370741795         1.4348574647        99.3812423252       331.5691310474 
        5.6150000000         0.5979942022         1.4679938340       101.3997400730       381.0263986842 
        5.6200000000         0.5504019025         1.4501511736       102.6842386397       354.3955622644 
        5.6250000000         0.4949747468         1.4628959310       104.7027363874       373.4175882785 
        5.6300000000         0.4325017292         1.4450532706       105.6202353637       346.7867518587 
        5.6350000000         0.3638721398         1.4603469795       107.8222329067       369.6131830757 
        5.6400000000         0.2900629067         1.4501511736       110.0242304496       354.3955622644 
        5.6450038999         0.2120625720         1.4577980281       111.6757286069       365.8087778728 
        5.6500000999         0.1311652802         1.4450532706       113.6942263546       346.7867518587 
        5.6550000999         0.0483403524         1.4577980281       115.1622247166       365.8087778728 
        5.6600000999        -0.0351726902         1.4552490766       117.7312218501       362.0043726700 
        5.6650000999        -0.1181850569         1.4221127072       118.4652210311       312.5471050332 
        5.6700000999        -0.1995150841         1.3762315805       120.1167191883       244.0678113823 
        5.6750000999        -0.2780050557         1.3507420656       121.7682173456       206.0237593540 
        5.6800000999        -0.3525376836         1.3303504538       122.6857163218       175.5885177314 
        5.6850000999        -0.4220520112         1.2921161815       122.8692161170       118.5224396889 
        5.6900000999        -0.4855585167         1.1876091705       123.7867150933       -37.4581736271 
        5.6950000999        -0.5421531983         1.1621196557       123.7867150933       -75.5022256554 
        5.7000000999        -0.5910304425         1.1519238497       122.3187167313       -90.7198464667 
        5.7050000999        -0.6314944919         1.1315322379       121.7682173456      -121.1550880893 
        5.7100000999        -0.6629693493         1.0831021596       121.2177179598      -193.4387869431 
        5.7150000999        -0.6850069767         1.0729063537       120.4837187788      -208.6564077544 
        5.7200000999        -0.6972936731         1.0525147418       119.3827200073      -239.0916493770 
        5.7250000000        -0.6996545923         1.0295741784       117.3642222596      -273.3312962025 
        5.7300000999        -0.6920559705         0.9964378091       115.8962238976      -322.7885638392 
        5.7350000000        -0.6746065748         1.0015357121       114.9787249214      -315.1797534336 
        5.7400000000        -0.6475540448         0.9862420032       113.1437269689      -338.0061846506 
        5.7450000000        -0.6112837184         0.9785951487       111.8592284021      -349.4194002591 
        5.7500000000        -0.5663118961         0.9582035368       109.2902312687      -379.8546418817 
        5.7550000000        -0.5132787424         0.9658503913       108.0057327019      -368.4414262732 
        5.7600000000        -0.4529391731         0.9505566824       105.4367355684      -391.2678574902 
        5.7650000000        -0.3861521094         0.9607524883       104.5192365922      -376.0502366789 
        5.7700000999        -0.3138667589         0.9582035368       101.9502394587      -379.8546418817 
        5.7750000999        -0.2371149733         0.9556545853       100.2987413015      -383.6590470845 
        5.7800000999        -0.1569879056         0.9658503913        98.2802435537      -368.4414262732 
        5.7850000999        -0.0746261479         0.9556545853        96.6287453965      -383.6590470845 
        5.7900000999         0.0087978974         0.9683993428        94.0597482630      -364.6370210704 
        5.7950000999         0.0920967065         0.9760461972        92.7752496963      -353.2238054619 
        5.8000000999         0.1740845382         1.0168294210        91.6742509248      -292.3533222166 
        5.8050000999         0.2535943129         1.0499657903        89.2887535866      -242.8960545798 
        5.8100000999         0.3294942256         1.0856511111        88.7382542008      -189.6343817402 
        5.8150000999         0.4007038569         1.1187874804        87.8207552246      -140.1771141034 
        5.8200000999         0.4662095526         1.1672175587        87.8207552246       -67.8934152497 
        5.8250000999         0.5250788529         1.2105497339        87.4537556341        -3.2185268016 
        5.8300000999         0.5764737655         1.2538819092        88.1877548151        61.4563616465 
        5.8350000999         0.6196626946         1.3125077934        88.3712546103       148.9576813116 
        5.8400000999         0.6540308548         1.2997630359        89.2887535866       129.9356552974 
        5.8450000999         0.6790890226         1.3609378716        89.8392529723       221.2413801653 
        5.8500000000         0.6944802909         1.3762315805        91.4907511295       244.0678113823 
        5.8550000999         0.6999861931         1.3838784350        92.0412505153       255.4810269908 
        5.8600000000         0.6955279174         1.4042700468        93.6927486725       285.9162686134 
        5.8650000000         0.6811689577         1.4348574647        95.3442468298       331.5691310474 
        5.8700000000         0.6571137004         1.4348574647        96.4452456013       331.5691310474 
        5.8750000000         0.6237045669         1.4374064162        98.6472431442       335.3735362502 
        5.8800000000         0.5814171294         1.4705427855       100.4822410967       384.8308038870 
        5.8850000000         0.5308533407         1.4450532706       101.3997400730       346.7867518587 
        5.8900000000         0.4727329657         1.4654448825       104.1522370017       377.2219934813 
        5.8950000999         0.4078819789         1.4450532706       105.0697359779       346.7867518587 
        5.9000000999         0.3372261088         1.4577980281       107.2717335209       365.8087778728 
        5.9050000999         0.2617698955         1.4552490766       108.7397318829       362.0043726700 
        5.9100000999         0.1825874426         1.4450532706       110.3912300401       346.7867518587 
        5.9150000999         0.1008058956         1.4628959310       113.1437269689       373.4175882785 
        5.9200000999         0.0175893977         1.4476022221       114.2447257404       350.5911570615 
        5.9250000999        -0.0658774815         1.4374064162       115.8962238976       335.3735362502 
        5.9300000999        -0.1484066086         1.4323085132       118.2817212358       327.7647258446 
        5.9350000999        -0.2288231986         1.3787805320       118.6487208263       247.8722165851 
        5.9400000999        -0.3059825383         1.3456441627       120.3002189836       198.4149489484 
        5.9450000999        -0.3787862805         1.3227035993       120.6672185741       164.1753021229 
        5.9500000999        -0.4461980793         1.2946651330       122.1352169360       122.3268448918 
        5.9550000999        -0.5072583417         1.1697665101       121.2177179598       -64.0890100469 
        5.9600000999        -0.5610978877         1.1672175587       121.7682173456       -67.8934152497 
        5.9650000999        -0.6069503226         1.1519238497       121.0342181646       -90.7198464667 
        5.9700000999        -0.6441629466         1.1315322379       120.6672185741      -121.1550880893 
        5.9750000000        -0.6722055800         1.0831021596       120.6672185741      -193.4387869431 
        5.9800000999        -0.6906804325         1.0856511111       118.2817212358      -189.6343817402 
        5.9850000000        -0.6993230543         1.0295741784       117.9147216453      -273.3312962025 
        5.9900000000        -0.6980112302         1.0397699844       116.9972226691      -258.1136753912 
        5.9950000000        -0.6867633622         0.9887909546       114.6117253309      -334.2017794477 
        6.0000000000        -0.6657395614         1.0091825665       114.0612259451      -303.7665378251 
        6.0050000000        -0.6352390972         0.9760461972       111.3087290164      -353.2238054619 
        6.0100000000        -0.5956961373         0.9785951487       109.8407306544      -349.4194002591 
        6.0150000000        -0.5476735674         0.9709482942       108.5562320877      -360.8326158675 
        6.0200000999        -0.4918537909         0.9709482942       105.9872349542      -360.8326158675 
        6.0250000999        -0.4290336183         0.9607524883       105.2532357732      -376.0502366789 
        6.0300000999        -0.3601062419         0.9633014398       102.1337392540      -372.2458314760 
        6.0350000999        -0.2860528285         0.9633014398       100.8492406872      -372.2458314760 
        6.0400000999        -0.2079275128         0.9658503913        99.0142427347      -368.4414262732 
        6.0450000999        -0.1268423926         0.9709482942        97.3627445775      -360.8326158675 
        6.0500000999        -0.0439516974         0.9683993428        96.0782460108      -364.6370210704 
        6.0550000999         0.0395646411         0.9734972457        93.6927486725      -357.0282106647 
        6.0600000999         0.1225177851         1.0117315180        91.6742509248      -299.9621326223 
        6.0650000999         0.2037269141         1.0678084507        90.3897523581      -216.2652181600 
        6.0700000999         0.2820360331         1.1085916745        90.2062525628      -155.3947349148 
        6.0750000999         0.3563304281         1.1340811893        88.9217539961      -117.3506828865 
        6.0800000999         0.4255525340         1.1748644131        89.2887535866       -56.4801996412 
        6.0850000999         0.4887169886         1.2054518309        88.1877548151       -10.8273372073 
        6.0900000999         0.5449246591         1.2232944913        88.7382542008        15.8034992126 
        6.0950000999         0.5933754410         1.2054518309        88.1877548151       -10.8273372073 
        6.1000000000         0.6333789367         1.3558399686        89.2887535866       213.6325697597 
        6.1050000999         0.6643678274         1.3201546478        89.2887535866       160.3708969201 
        6.1100000000         0.6858985367         1.3736826290        90.9402517438       240.2634061795 
        6.1150000000         0.6976661496         1.3634868231        92.2247503105       225.0457853682 
        6.1200000000         0.6995026308         1.4093679498        93.6927486725       293.5250790191 
        6.1250000000         0.6913818384         1.3966231924        94.7937474440       274.5030530049 
        6.1300000000         0.6734193701         1.4603469795        96.8122451918       369.6131830757 
        6.1350000000         0.6458709179         1.4272106102        98.4637433490       320.1559154389 
        6.1400000000         0.6091286283         1.4730917370       100.6657408920       388.6352090898 
        6.1450000999         0.5637145302         1.4476022221       101.2162402777       350.5911570615 
        6.1500000999         0.5102768963         1.4756406885       103.6017376159       392.4396142926 
        6.1550000999         0.4495755775         1.4425043191       105.6202353637       342.9823466559 
        6.1600000999         0.3824746444         1.4552490766       107.0882337257       362.0043726700 
        6.1650000999         0.3099292647         1.4705427855       109.8407306544       384.8308038870 
        6.1700000999         0.2329721067         1.4654448825       111.4922288116       377.2219934813 
        6.1750000999         0.1526986396         1.4577980281       113.3272267641       365.8087778728 
        6.1800000999         0.0702515392         1.4527001251       115.1622247166       358.1999674672 
        6.1850000999        -0.0131955771         1.4476022221       116.4467232833       350.5911570615 
        6.1900000999        -0.0964548572         1.4476022221       117.7312218501       350.5911570615 
        6.1950000999        -0.1783411225         1.4195637558       120.3002189836       308.7426998304 
        6.2000000999        -0.2576887392         1.3762315805       120.4837187788       244.0678113823 
        6.2050000999        -0.3333682107         1.3558399686       122.5022165265       213.6325697597 
        6.2100000999        -0.4043022554         1.3227035993       122.6857163218       164.1753021229 
        6.2150000999        -0.4694811420         1.2640777151       123.0527159123        76.6739824578 
        6.2200000999        -0.5279770628         1.1264343349       123.9702148885      -128.7638984950 
        6.2250000000        -0.5789564020         1.1774133646       123.2362157075       -52.6757944384 
        6.2300000999        -0.6216962815         1.1340811893       123.2362157075      -117.3506828865 
        6.2350000000        -0.6555849207         1.1111406260       122.5022165265      -151.5903297119 
        6.2400000000        -0.6801422130         1.0729063537       121.7682173456      -208.6564077544 
        6.2450000000        -0.6950178232         1.0652594992       120.1167191883      -220.0696233629 
        6.2500000000        -0.7000000000         1.0321231299       118.4652210311      -269.5268909996 
        6.2550000000        -0.6950178232         1.0219273240       117.9147216453      -284.7445118110 
        6.2600000000        -0.6801422130         0.9913399061       115.7127241024      -330.3973742449 
        6.2650000000        -0.6555849207         0.9964378091       114.7952251261      -322.7885638392 
        6.2700000999        -0.6216947468         0.9862420032       112.5932275831      -338.0061846506 
        6.2750000999        -0.5789554635         0.9505566824       110.3912300401      -391.2678574902 
        6.2800000999        -0.5279748703         0.9734972457       109.4737310639      -357.0282106647 
        6.2850000999        -0.4694786652         0.9658503913       106.9047339304      -368.4414262732 
        6.2900000999        -0.4042995294         0.9633014398       105.9872349542      -372.2458314760 
        6.2950000999        -0.3333652744         0.9505566824       103.0512382302      -391.2678574902 
        6.3000000999        -0.2576856345         0.9607524883       101.3997400730      -376.0502366789 
        6.3050000999        -0.1783378935         0.9658503913        99.7482419157      -368.4414262732 
        6.3100000999        -0.0964515498         0.9785951487        98.4637433490      -349.4194002591 
        6.3150000999        -0.0131922385         0.9556545853        95.5277466250      -383.6590470845 
        6.3200000999         0.0702548616         0.9862420032        94.4267478535      -338.0061846506 
        6.3250000999         0.1527018984         0.9989867606        92.7752496963      -318.9841586364 
        6.3300000999         0.2329752556         1.0550636933        90.7567519486      -235.2872441742 
        6.3350000999         0.3099322588         1.1111406260        90.9402517438      -151.5903297119 
        6.3400000999         0.3824774411         1.1264343349        89.8392529723      -128.7638984950 
        6.3450000999         0.4495781370         1.1748644131        89.8392529723       -56.4801996412 
        6.3500000000         0.5102780392         1.2003539280        88.9217539961       -18.4361476129 
        6.3550000999         0.5637165098         1.2258434428        88.7382542008        19.6079044154 
        6.3600000000         0.6091286283         1.2105497339        89.2887535866        -3.2185268016 
        6.3650000000         0.6458709179         1.3685847260        89.6557531771       232.6545957738 
        6.3700000000         0.6734193701         1.3023119874        90.0227527676       133.7400605003 
        6.3750000000         0.6913818384         1.3864273864        91.6742509248       259.2854321936 
        6.3800000000         0.6995026308         1.3736826290        92.9587494915       240.2634061795 
        6.3850000000         0.6976661496         1.4272106102        94.7937474440       320.1559154389 
        6.3900000000         0.6858985367         1.3966231924        95.3442468298       274.5030530049 
        6.3950000999         0.6643667756         1.4450532706        97.1792447823       346.7867518587 
        6.4000000999         0.6333782258         1.4450532706        99.5647421205       346.7867518587 
        6.4050000999         0.5933736695         1.4476022221       100.2987413015       350.5911570615 
        6.4100000999         0.5449225631         1.4450532706       102.6842386397       346.7867518587 
        6.4150000999         0.4887145980         1.4705427855       104.8862361827       384.8308038870 
        6.4200000999         0.4255498827         1.4476022221       105.8037351589       350.5911570615 
        6.4250000999         0.3563275539         1.4654448825       108.5562320877       377.2219934813 
        6.4300000999         0.2820329769         1.4527001251       109.8407306544       358.1999674672 
        6.4350065999         0.2036197832         1.4628959310       111.8592284021       373.4175882785 
        6.4400000999         0.1225144974         1.4425043191       113.5107265594       342.9823466559 
        6.4450000999         0.0395613072         1.4527001251       114.7952251261       358.1999674672 
        6.4500000999        -0.0439550300         1.4374064162       116.6302230786       335.3735362502 
        6.4550000999        -0.1268456765         1.4246616587       118.6487208263       316.3515102361 
        6.4600000999        -0.2079307014         1.3813294835       120.1167191883       251.6766217880 
        6.4650000999        -0.2860558762         1.3507420656       121.2177179598       206.0237593540 
        6.4700000999        -0.3601091054         1.3150567448       121.7682173456       152.7620865144 
        6.4750000000        -0.4290349376         1.2895672300       122.1352169360       114.7180344861 
        6.4800000999        -0.4918561668         1.1697665101       122.1352169360       -64.0890100469 
        6.4850000000        -0.5476735674         1.1595707042       122.5022165265       -79.3066308582 
        6.4900000000        -0.5956961373         1.1289832864       121.5847175503      -124.9594932921 
        6.4950000000        -0.6352390972         1.1340811893       121.2177179598      -117.3506828865 
        6.5000000000        -0.6657395614         1.0576126448       120.8507183693      -231.4828389714 
        6.5050000000        -0.6867633622         1.0983958685       120.3002189836      -170.6123557261 
        6.5100000000        -0.6980112302         1.0372210329       119.0157204168      -261.9180805940 
        6.5150000000        -0.6993230543         1.0448678873       117.9147216453      -250.5048649855 
        6.5200000999        -0.6906798894         0.9989867606       115.8962238976      -318.9841586364 
        6.5250000999        -0.6722051142         1.0066336150       115.1622247166      -307.5709430279 
        6.5300000999        -0.6441616397         0.9836930517       112.7767273784      -341.8105898534 
        6.5350000999        -0.6069486590         0.9683993428       110.7582296306      -364.6370210704 
        6.5400000999        -0.5610958911         0.9683993428       109.4737310639      -364.6370210704 
        6.5450000999        -0.5072560406         0.9633014398       107.0882337257      -372.2458314760 
        6.5500000999        -0.4461955064         0.9683993428       105.9872349542      -364.6370210704 
        6.5550000999        -0.3787834724         0.9607524883       104.1522370017      -376.0502366789 
        6.5600093000        -0.3058412316         0.9683993428       101.5832398682      -364.6370210704 
        6.5650000999        -0.2288200429         0.9556545853        99.5647421205      -383.6590470845 
        6.5700000999        -0.1484033453         0.9734972457        98.0967437585      -357.0282106647 
        6.5750000999        -0.0658741571         0.9531056338        95.5277466250      -387.4634522873 
        6.5800000999         0.0175927359         0.9887909546        94.4267478535      -334.2017794477 
        6.5850000999         0.1008092000         0.9734972457        92.4082501058      -357.0282106647 
        6.5900000999         0.1825906662         1.0142804695        91.1237515391      -296.1577274195 
        6.5950000999         0.2617729925         1.0448678873        89.4722533818      -250.5048649855 
        6.6000000000         0.3372275719         1.0805532081        87.8207552246      -197.2431921459 
        6.6050000999         0.4078846927         1.1187874804        87.2702558388      -140.1771141034 
        6.6100000000         0.4727329657         1.1621196557        87.0867560436       -75.5022256554 
        6.6150000000         0.5308533407         1.2181965884        87.2702558388         8.1946888069 
        6.6200000000         0.5814171294         1.2793714240        87.6372554293        99.5004136748 
        6.6250000000         0.6237045669         1.2844693270        88.0042550198       107.1092240804 
        6.6300000000         0.6571137004         1.3125077934        88.3712546103       148.9576813116 
        6.6350000000         0.6811689577         1.3456441627        89.8392529723       198.4149489484 
        6.6400000000         0.6955279174         1.3838784350        90.3897523581       255.4810269908 
        6.6450000999         0.6999861721         1.3609378716        90.9402517438       221.2413801653 
        6.6500000999         0.6944800817         1.4068189983        92.2247503105       289.7206738163 
        6.6550000999         0.6790882125         1.4221127072        94.6102476488       312.5471050332 
        6.6600000999         0.6540296646         1.4527001251        96.6287453965       358.1999674672 
        6.6650000999         0.6196611413         1.4374064162        98.0967437585       335.3735362502 
        6.6700000999         0.5764718712         1.4705427855       100.2987413015       384.8308038870 
        6.6750000999         0.5250766446         1.4552490766       101.2162402777       362.0043726700 
        6.6800000999         0.4662070618         1.4552490766       103.2347380255       362.0043726700 
        6.6850000999         0.4007011189         1.4527001251       104.8862361827       358.1999674672 
        6.6900000999         0.3294912794         1.4603469795       106.3542345447       369.6131830757 
        6.6950000999         0.2535912005         1.4527001251       108.5562320877       358.1999674672 
        6.7000000999         0.1740813039         1.4552490766       110.5747298354       362.0043726700 
        6.7050000999         0.0920933963         1.4552490766       111.8592284021       362.0043726700 
        6.7100000999         0.0087945584         1.4323085132       113.1437269689       327.7647258446 
        6.7150000999        -0.0746294681         1.4399553677       114.9787249214       339.1779414530 
        6.7200000999        -0.1569911597         1.4144658528       116.9972226691       301.1338894247 
        6.7250000000        -0.2371165442         1.3711336775       117.7312218501       236.4590009766 
        6.7300000999        -0.3138697436         1.3328994052       119.0157204168       179.3929229342 
        6.7350000000        -0.3861521094         1.3074098904       120.1167191883       141.3488709059 
        6.7400000000        -0.4529391731         1.2691756181       120.8507183693        84.2827928635 
        6.7450000000        -0.5132787424         1.1876091705       120.8507183693       -37.4581736271 
        6.7500000000        -0.5663118961         1.1519238497       119.9332193931       -90.7198464667 
        6.7550000000        -0.6112837184         1.1391790923       120.3002189836      -109.7418724808 
        6.7600000000        -0.6475540448         1.1315322379       120.3002189836      -121.1550880893 
        6.7650000000        -0.6746065748         1.0780042567       119.3827200073      -201.0475973487 
        6.7700000999        -0.6920564721         1.0703574022       117.5477220548      -212.4608129572 
        6.7750000999        -0.6996546447         1.0474168388       116.6302230786      -246.7004597827 
        6.7800000999        -0.6972933797         1.0270252269       114.7952251261      -277.1357014053 
        6.7850000999        -0.6850062893         0.9862420032       113.6942263546      -338.0061846506 
        6.7900000999        -0.6629682776         0.9964378091       112.2262279926      -322.7885638392 
        6.7950000999        -0.6314930512         0.9760461972       110.5747298354      -353.2238054619 
        6.8000000999        -0.5910286532         0.9785951487       109.2902312687      -349.4194002591 
        6.8050000999        -0.5421510860         0.9582035368       107.2717335209      -379.8546418817 
        6.8100000999        -0.4855561114         0.9683993428       105.0697359779      -364.6370210704 
        6.8150000999        -0.4220493472         0.9556545853       102.6842386397      -383.6590470845 
        6.8200000999        -0.3525347987         0.9480077309       100.8492406872      -395.0722626930 
        6.8250000999        -0.2780019911         0.9480077309        99.0142427347      -395.0722626930 
        6.8300000999        -0.1995118834         0.9734972457        97.3627445775      -357.0282106647 
        6.8350000999        -0.1181817657         0.9505566824        95.7112464203      -391.2678574902 
        6.8400000999        -0.0351693552         0.9862420032        94.2432480583      -338.0061846506 
        6.8450000999         0.0483436836         0.9836930517        92.7752496963      -341.8105898534 
        6.8500000000         0.1311669202         0.9989867606        90.5732521533      -318.9841586364 
        6.8550000999         0.2121262798         1.0321231299        88.7382542008      -269.5268909996 
        6.8600000000         0.2900629067         1.0703574022        87.4537556341      -212.4608129572 
        6.8650000000         0.3638721398         1.1111406260        87.0867560436      -151.5903297119 
        6.8700000000         0.4325017292         1.1519238497        86.3527568626       -90.7198464667 
        6.8750000000         0.4949747468         1.2029028795        85.9857572721       -14.6317424101 
        6.8800000000         0.5504019025         1.2870182785        86.7197564531       110.9136292833 
        6.8850000000         0.5979942022         1.2513329577        86.1692570673        57.6519564437 
        6.8900000000         0.6370741795         1.3023119874        87.0867560436       133.7400605003 
        6.8950000999         0.6670860450         1.3176056963        87.2702558388       156.5664917172 
        6.9000000999         0.6876013884         1.3583889201        88.7382542008       217.4369749625 
        6.9050000999         0.6983288698         1.3711336775        90.2062525628       236.4590009766 
        6.9100000999         0.6991157857         1.3991721439        91.8577507200       278.3074582078 
        6.9150000999         0.6899509347         1.4170148043        92.5917499010       304.9382946276 
        6.9200000999         0.6709647764         1.4246616587        93.6927486725       316.3515102361 
        6.9250000999         0.6424275749         1.4348574647        95.8947462155       331.5691310474 
        6.9300000999         0.6047455512         1.4399553677        97.5462443727       339.1779414530 
        6.9350000999         0.5584551010         1.4679938340        99.7482419157       381.0263986842 
        6.9400000999         0.5042151593         1.4756406885       101.7667396635       392.4396142926 
        6.9450000999         0.4427978202         1.4476022221       103.0512382302       350.5911570615 
        6.9500000999         0.3750773468         1.4527001251       104.7027363874       358.1999674672 
        6.9550000999         0.3020177258         1.4679938340       106.9047339304       381.0263986842 
        6.9600000999         0.2246589456         1.4450532706       108.3727322924       346.7867518587 
        6.9650000999         0.1441021923         1.4527001251       110.0242304496       358.1999674672 
        6.9700000999         0.0614941744         1.4654448825       112.4097277879       377.2219934813 
        6.9750000000        -0.0219875314         1.4399553677       113.1437269689       339.1779414530 
        6.9800000999        -0.1051595630         1.4221127072       115.1622247166       312.5471050332 
        6.9850000000        -0.1868313925         1.3787805320       116.6302230786       247.8722165851 
        6.9900000000        -0.2658453669         1.3634868231       118.4652210311       225.0457853682 
        6.9950000000        -0.3410750880         1.3201546478       119.3827200073       160.3708969201 
        7.0000000000        -0.4114496766         1.2819203755       119.3827200073       103.3048188776 
        7.0050000000        -0.4759673651         1.1952560250       119.1992202121       -26.0449580186 
        7.0100000000        -0.5337097577         1.1417280438       119.0157204168      -105.9374672780 
        7.0150000000        -0.5838549035         1.1468259468       118.6487208263       -98.3286568723 
        7.0200000999        -0.6256897455         1.1315322379       118.4652210311      -121.1550880893 
        7.0250000999        -0.6586171038         1.0831021596       117.7312218501      -193.4387869431 
        7.0300000999        -0.6821691854         1.0754553052       116.2632234881      -204.8520025515 
        7.0350042999        -0.6960182112         1.0372210329       115.1622247166      -261.9180805940 
        7.0400000999        -0.6999447100         1.0295741784       113.3272267641      -273.3312962025 
        7.0450000999        -0.6939151221         0.9938888576       111.6757286069      -326.5929690421 
        7.0500000999        -0.6780077976         0.9862420032       110.3912300401      -338.0061846506 
        7.0550000999        -0.6524491739         0.9887909546       109.1067314734      -334.2017794477 
        7.0600000999        -0.6176030726         0.9785951487       107.8222329067      -349.4194002591 
        7.0650000999        -0.5739655208         0.9658503913       105.4367355684      -368.4414262732 
        7.0700000999        -0.5221576898         0.9607524883       103.6017376159      -376.0502366789 
        7.0750000999        -0.4629170533         0.9531056338       101.7667396635      -387.4634522873 
        7.0800000999        -0.3970868894         0.9505566824       100.2987413015      -391.2678574902 
        7.0850000999        -0.3256042767         0.9709482942        98.6472431442      -360.8326158675 
        7.0900000999        -0.2494867551         0.9531056338        96.6287453965      -387.4634522873 
        7.0950000999        -0.1698178418         0.9582035368        93.5092488773      -379.8546418817 
        7.1000000000        -0.0877332635         0.9607524883        92.2247503105      -376.0502366789 
        7.1050000999        -0.0043965312         0.9633014398        90.2062525628      -372.2458314760 
        7.1100000000         0.0789994694         0.9913399061        89.1052537913      -330.3973742449 
        7.1150000000         0.1612725987         0.9887909546        86.9032562483      -334.2017794477 
        7.1200000000         0.2412500462         1.0525147418        86.1692570673      -239.0916493770 
        7.1250000000         0.3177933498         1.0805532081        85.0682582958      -197.2431921459 
        7.1300000000         0.3898129315         1.1111406260        83.6002599339      -151.5903297119 
        7.1350000000         0.4562836077         1.1544728012        82.8662607529       -86.9154412638 
        7.1400000000         0.5162591822         1.2080007824        82.8662607529        -7.0229320044 
        7.1450000999         0.5688868880         1.2819203755        83.7837597291       103.3048188776 
        7.1500000999         0.6134154804         1.2768224726        83.6002599339        95.6960084720 
        7.1550000999         0.6492122317         1.3099588419        83.9672595244       145.1532761087 
        7.1600000999         0.6757675827         1.3252525508        84.8847585006       167.9797073257 
        7.1650000999         0.6927035235         1.3660357746        85.9857572721       228.8501905710 
        7.1700000999         0.6997789745         1.3762315805        87.4537556341       244.0678113823 
        7.1750000999         0.6968932181         1.4042700468        88.5547544056       285.9162686134 
        7.1800000999         0.6840873325         1.4272106102        90.2062525628       320.1559154389 
        7.1850000999         0.6615436068         1.4374064162        91.8577507200       335.3735362502 
        7.1900000999         0.6295829463         1.4476022221        93.8762484678       350.5911570615 
        7.1950000999         0.5886603041         1.4450532706        94.4267478535       346.7867518587 
        7.2000000999         0.5393582057         1.4476022221        96.8122451918       350.5911570615 
        7.2050000999         0.4823784560         1.4577980281        98.6472431442       365.8087778728 
        7.2100000999         0.4185321498         1.4781896399       101.0327404825       396.2440194955 
        7.2150093999         0.3485933456         1.4501511736       102.1337392540       354.3955622644 
        7.2200000999         0.2739600304         1.4679938340       104.5192365922       381.0263986842 
        7.2250000000         0.1952937742         1.4450532706       105.8037351589       346.7867518587 
        7.2300000999         0.1138443683         1.4374064162       107.6387331114       335.3735362502 
        7.2350000000         0.0307776828         1.4374064162       108.5562320877       335.3735362502 
        7.2400000000        -0.0527287639         1.4272106102       110.3912300401       320.1559154389 
        7.2450000000        -0.1354846276         1.4221127072       112.4097277879       312.5471050332 
        7.2500000000        -0.2163118961         1.3711336775       113.6942263546       236.4590009766 
        7.2550000000        -0.2940600099         1.3481931142       115.5292243071       202.2193541512 
        7.2600000000        -0.3676222410         1.3048609389       115.7127241024       137.5444657031 
        7.2650000000        -0.4359514463         1.2870182785       116.6302230786       110.9136292833 
        7.2700000999        -0.4980761472         1.2003539280       116.6302230786       -18.4361476129 
        7.2750000999        -0.5531095320         1.1315322379       115.7127241024      -121.1550880893 
        7.2800000999        -0.6002695182         1.1391790923       115.1622247166      -109.7418724808 
        7.2850000999        -0.6388847935         1.1264343349       115.8962238976      -128.7638984950 
        7.2900000999        -0.6684056773         1.0780042567       114.4282255356      -201.0475973487 
        7.2950000999        -0.6884119460         1.0780042567       113.6942263546      -201.0475973487 
        7.3000000999        -0.6986188147         1.0295741784       111.8592284021      -273.3312962025 
        7.3050000999        -0.6988809907         1.0346720814       110.7582296306      -265.7224857968 
        7.3100000999        -0.6891947419         0.9989867606       109.4737310639      -318.9841586364 
        7.3150000999        -0.6696979502         1.0040846636       107.0882337257      -311.3753482308 
        7.3200000999        -0.6406681481         0.9760461972       105.4367355684      -353.2238054619 
        7.3263720999        -0.5905247306         0.9683993428       103.7852374112      -364.6370210704 
        7.3300000999        -0.5557922640         0.9607524883       102.8677384350      -376.0502366789 
        7.3350000999        -0.5011543724         0.9607524883       100.4822410967      -376.0502366789 
        7.3400000999        -0.4393826532         0.9607524883        99.0142427347      -376.0502366789 
        7.3450000999        -0.3713564137         0.9505566824        96.9957449870      -391.2678574902 
        7.3500000000        -0.2980455041         0.9531056338        94.7937474440      -387.4634522873 
        7.3550000999        -0.2204889791         0.9531056338        92.5917499010      -387.4634522873 
        7.3600000000        -0.1397969864         0.9505566824        90.7567519486      -391.2678574902 
        7.3650000000        -0.0571134281         0.9785951487        89.2887535866      -349.4194002591 
        7.3700000000         0.0263831279         0.9785951487        87.2702558388      -349.4194002591 
        7.3750000000         0.1095041255         0.9964378091        85.6187576816      -322.7885638392 
        7.3800000000         0.1910663549         1.0321231299        84.5177589101      -269.5268909996 
        7.3850000000         0.2699087946         1.0729063537        83.0497605481      -208.6564077544 
        7.3900000000         0.3449091391         1.1136895775        82.4992611624      -147.7859245091 
        7.3950000999         0.4150011187         1.1595707042        82.3157613671       -79.3066308582 
        7.4000000999         0.4791841912         1.2080007824        81.7652619814        -7.0229320044 
        7.4050013999         0.5365601309         1.2334902973        82.1322615719        31.0211200239 
        7.4100000999         0.5862705403         1.2972140844        82.4992611624       126.1312500946 
        7.4150000999         0.6276494650         1.2895672300        82.3157613671       114.7180344861 
        7.4200000999         0.6600939308         1.3303504538        83.2332603434       175.5885177314 
        7.4250000999         0.6831420976         1.3532910171        84.3342591149       209.8281645568 
        7.4300000999         0.6964658795         1.3762315805        85.2517580911       244.0678113823 
        7.4350000999         0.6998756152         1.3889763379        86.9032562483       263.0898373965 
        7.4400000999         0.6933227679         1.4195637558        87.8207552246       308.7426998304 
        7.4450000999         0.6769006161         1.4144658528        89.2887535866       301.1338894247 
        7.4500000999         0.6508429255         1.4425043191        90.5732521533       342.9823466559 
        7.4550000999         0.6155206220         1.4374064162        92.5917499010       335.3735362502 
        7.4600000999         0.5714365112         1.4654448825        94.6102476488       377.2219934813 
        7.4650000999         0.5192181211         1.4552490766        96.4452456013       362.0043726700 
        7.4700009999         0.4595974238         1.4603469795        98.6472431442       369.6131830757 
        7.4750000000         0.3934583645         1.4705427855       100.1152415062       384.8308038870 
        7.4800008999         0.3216925444         1.4654448825       101.7667396635       377.2219934813 
        7.4850000000         0.2453740241         1.4501511736       103.0512382302       354.3955622644 
        7.4900000000         0.1655492979         1.4399553677       105.0697359779       339.1779414530 
        7.4950000000         0.0833680121         1.4450532706       107.0882337257       346.7867518587 
        7.5000000000         0.0000000000         1.4501511736       108.9232316782       354.3955622644 
        7.5050000000        -0.0833680121         1.4323085132       111.3087290164       327.7647258446 
        7.5100000000        -0.1655492979         1.4323085132       112.7767273784       327.7647258446 
        7.5150007999        -0.2453865447         1.3762315805       114.2447257404       244.0678113823 
        7.5200001999        -0.3217088699         1.3354483567       114.2447257404       183.1973281370 
        7.5250000999        -0.3934597454         1.3099588419       115.5292243071       145.1532761087 
        7.5300000999        -0.4596112883         1.2742735211       115.8962238976        91.8916032691 
        7.5350000999        -0.5192203607         1.1570217527       116.4467232833       -83.1110360610 
        7.5400000999        -0.5714384398         1.1493748983       115.1622247166       -94.5242516695 
        7.5450000999        -0.6155222123         1.1493748983       115.5292243071       -94.5242516695 
        7.5500000999        -0.6508441547         1.1187874804       114.6117253309      -140.1771141034 
        7.5550000999        -0.6769014668         1.0474168388       113.3272267641      -246.7004597827 
        7.5600000999        -0.6933232280         1.0703574022       112.0427281974      -212.4608129572 
        7.5650000999        -0.6998756781         1.0142804695       110.7582296306      -296.1577274195 
        7.5700000999        -0.6964655443         1.0270252269       109.2902312687      -277.1357014053 
        7.5750000999        -0.6831413691         0.9887909546       108.3727322924      -334.2017794477 
        7.5800000999        -0.6600928194         0.9989867606       107.0882337257      -318.9841586364 
        7.5850000999        -0.6276479865         0.9811441002       105.4367355684      -345.6149950562 
        7.5900000999        -0.5862687158         0.9785951487       103.6017376159      -349.4194002591 
        7.5950000999        -0.5365440325         0.9607524883       101.3997400730      -376.0502366789 
        7.6000000000        -0.4791829742         0.9683993428       100.1152415062      -364.6370210704 
        7.6050000999        -0.4149984296         0.9683993428        98.0967437585      -364.6370210704 
        7.6100000000        -0.3449091391         0.9429098279        95.5277466250      -402.6810730987 
        7.6150000000        -0.2699087946         0.9709482942        94.2432480583      -360.8326158675 
        7.6200000000        -0.1910663549         0.9607524883        92.2247503105      -376.0502366789 
        7.6250000000        -0.1095041255         0.9556545853        89.2887535866      -383.6590470845 
        7.6300000000        -0.0263831279         0.9862420032        88.0042550198      -338.0061846506 
        7.6350000000         0.0571134281         0.9658503913        85.8022574768      -368.4414262732 
        7.6400012999         0.1398182735         1.0066336150        84.8847585006      -307.5709430279 
        7.6450001999         0.2204937349         1.0448678873        83.4167601386      -250.5048649855 
        7.6500000999         0.2980470148         1.0754553052        81.9487617766      -204.8520025515 
        7.6550000999         0.3713592443         1.1315322379        82.1322615719      -121.1550880893 
        7.6600000999         0.4393852526         1.1723154616        81.5817621861       -60.2846048440 
        7.6650000999         0.5011567038         1.1978049765        80.2972636194       -22.2405528157 
        7.6700000999         0.5557942941         1.2309413458        81.5817621861        27.2167148210 
        7.6750000999         0.6025202688         1.2844693270        80.8477630051       107.1092240804 
        7.6800000999         0.6406694935         1.3099588419        82.1322615719       145.1532761087 
        7.6850000999         0.6696989220         1.3303504538        82.8662607529       175.5885177314 
        7.6900000999         0.6891953264         1.3685847260        84.3342591149       232.6545957738 
        7.6950000999         0.6988811794         1.3864273864        84.8847585006       259.2854321936 
        7.7000000999         0.6986186051         1.3864273864        86.1692570673       259.2854321936 
        7.7050000999         0.6884113410         1.4272106102        87.4537556341       320.1559154389 
        7.7100000999         0.6684046854         1.4323085132        89.8392529723       327.7647258446 
        7.7150000999         0.6388834289         1.4476022221        90.7567519486       350.5911570615 
        7.7200000999         0.6002678004         1.4374064162        92.4082501058       335.3735362502 
        7.7250000000         0.5531085087         1.4679938340        94.2432480583       381.0263986842 
        7.7300000999         0.4980738009         1.4425043191        95.8947462155       342.9823466559 
        7.7350000000         0.4359514463         1.4577980281        98.0967437585       365.8087778728 
        7.7400000000         0.3676222410         1.4603469795        99.5647421205       369.6131830757 
        7.7450000000         0.2940600099         1.4527001251       101.7667396635       358.1999674672 
        7.7500000000         0.2163118961         1.4399553677       103.0512382302       339.1779414530 
        7.7550000000         0.1354846276         1.4450532706       105.0697359779       346.7867518587 
        7.7600000000         0.0527287639         1.4374064162       106.5377343399       335.3735362502 
        7.7650000000        -0.0307776828         1.4450532706       108.5562320877       346.7867518587 
        7.7700000999        -0.1138476630         1.4170148043       110.9417294259       304.9382946276 
        7.7750000999        -0.1952953775         1.3864273864       112.0427281974       259.2854321936 
        7.7800007999        -0.2739738692         1.3405462597       112.7767273784       190.8061385427 
        7.7850004998        -0.3487368173         1.3023119874       113.6942263546       133.7400605003 
        7.7900000999        -0.4185348264         1.2615287636       114.2447257404        72.8695772550 
        7.7950000999        -0.4823808758         1.2156476369       114.0612259451         4.3902836041 
        7.8000070000        -0.5394338362         1.1850602191       114.0612259451       -41.2625788299 
        7.8050000999        -0.5886621111         1.1034937715       112.9602271736      -163.0035453204 
        7.8100000999        -0.6295844059         1.1366301408       113.1437269689      -113.5462776836 
        7.8150000999        -0.6615446984         1.0754553052       112.0427281974      -204.8520025515 
        7.8200000999        -0.6840880405         1.0576126448       111.1252292211      -231.4828389714 
        7.8250000999        -0.6968935323         1.0372210329       109.6572308591      -261.9180805940 
        7.8300000999        -0.6997788905         1.0270252269       108.0057327019      -277.1357014053 
        7.8350000999        -0.6927030426         0.9887909546       106.5377343399      -334.2017794477 
        7.8400000999        -0.6757667117         0.9862420032       105.0697359779      -338.0061846506 
        7.8450000999        -0.6492109830         0.9836930517       104.7027363874      -341.8105898534 
        7.8500000000        -0.6134146760         0.9709482942       101.9502394587      -360.8326158675 
        7.8550000999        -0.5688849422         0.9505566824       100.4822410967      -391.2678574902 
        7.8600000000        -0.5162591822         0.9683993428        99.0142427347      -364.6370210704 
        7.8650000000        -0.4562836077         0.9556545853        96.4452456013      -383.6590470845 
        7.8700000000        -0.3898129315         0.9582035368        95.1607470345      -379.8546418817 
        7.8750000000        -0.3177933498         0.9633014398        92.9587494915      -372.2458314760 
        7.8800000000        -0.2412500462         0.9505566824        90.5732521533      -391.2678574902 
        7.8850000000        -0.1612725987         0.9760461972        88.9217539961      -353.2238054619 
        7.8900000000        -0.0789994694         0.9607524883        86.5362566578      -376.0502366789 
        7.8950006999         0.0044098978         0.9887909546        85.8022574768      -334.2017794477 
        7.9000000999         0.0877349199         0.9760461972        83.4167601386      -353.2238054619 
        7.9050000999         0.1698210813         0.9989867606        81.5817621861      -318.9841586364 
        7.9100000999         0.2494898751         1.0474168388        80.4807634146      -246.7004597827 
        7.9150000999         0.3256072326         1.0729063537        79.5632644384      -208.6564077544 
        7.9200000999         0.3970896394         1.1060427230        79.1962648479      -159.1991401176 
        7.9250000999         0.4629195581         1.1544728012        78.0952660764       -86.9154412638 
        7.9300000999         0.5221599138         1.2207455399        77.9117662812        11.9990940097 
        7.9350000999         0.5739674323         1.2870182785        78.2787658717       110.9136292833 
        7.9400000999         0.6176046444         1.2768224726        79.1962648479        95.6960084720 
        7.9450000999         0.6524503836         1.3023119874        79.0127650526       133.7400605003 
        7.9500000999         0.6780086280         1.3481931142        79.9302640289       202.2193541512 
        7.9550000999         0.6939155614         1.3711336775        81.3982623909       236.4590009766 
        7.9600000999         0.6999447519         1.3864273864        82.1322615719       259.2854321936 
        7.9650000999         0.6960103753         1.3966231924        83.9672595244       274.5030530049 
        7.9700000999         0.6821684365         1.4348574647        85.0682582958       331.5691310474 
        7.9750000000         0.6586165383         1.4246616587        86.9032562483       316.3515102361 
        7.9800000999         0.6256882483         1.4476022221        89.1052537913       350.5911570615 
        7.9850000000         0.5838549035         1.4527001251        90.3897523581       358.1999674672 
        7.9900000000         0.5337097577         1.4527001251        91.4907511295       358.1999674672 
        7.9950000000         0.4759673651         1.4476022221        93.8762484678       350.5911570615 
        8.0000000000         0.4114496766         1.4730917370        96.0782460108       388.6352090898 
        8.0050000000         0.3410750880         1.4679938340        97.5462443727       381.0263986842 
        8.0100001000         0.2658438205         1.4577980281        99.3812423252       365.8087778728 
        8.0150000000         0.1868313925         1.4628959310       101.0327404825       373.4175882785 
        8.0200000999         0.1051562617         1.4450532706       102.8677384350       346.7867518587 
        8.0250000999         0.0219858626         1.4399553677       104.7027363874       339.1779414530 
        8.0300000999        -0.0614975007         1.4399553677       106.1707347494       339.1779414530 
        8.0350000999        -0.1441054600         1.3991721439       107.4552333162       278.3074582078 
        8.0400000999        -0.2246621082         1.3685847260       109.2902312687       232.6545957738 
        8.0450000999        -0.3020207382         1.3379973082       110.0242304496       187.0017333399 
        8.0500000999        -0.3750801662         1.3074098904       111.1252292211       141.3488709059 
        8.0550000999        -0.4428004065         1.2717245696       111.4922288116        88.0871980663 
        8.0600000999        -0.5042174756         1.2258434428       111.4922288116        19.6079044154 
        8.0650000999        -0.5584571143         1.1136895775       111.3087290164      -147.7859245091 
        8.0700000999        -0.6047472329         1.1595707042       111.4922288116       -79.3066308582 
        8.0750000999        -0.6424289011         1.1162385289       110.3912300401      -143.9815193063 
        8.0800000999        -0.6709657282         1.0703574022       109.2902312687      -212.4608129572 
        8.0850000999        -0.6899514985         1.0703574022       107.6387331114      -212.4608129572 
        8.0900000999        -0.6991159535         1.0576126448       107.6387331114      -231.4828389714 
        8.0950000999        -0.6983286391         1.0448678873       106.7212341352      -250.5048649855 
        8.1000000999        -0.6876007627         0.9964378091       104.5192365922      -322.7885638392 
        8.1050000000        -0.6670855391         0.9989867606       102.5007388445      -318.9841586364 
        8.1100024999        -0.6370568648         0.9709482942       101.5832398682      -360.8326158675 
        8.1150000000        -0.5979942022         0.9607524883        99.1977425300      -376.0502366789 
        8.1200000000        -0.5504019025         0.9658503913        97.7297441680      -368.4414262732 
        8.1250001000        -0.4949735648         0.9480077309        95.7112464203      -395.0722626930 
        8.1300000000        -0.4325017292         0.9683993428        94.0597482630      -364.6370210704 
        8.1350001000        -0.3638707118         0.9480077309        91.8577507200      -395.0722626930 
        8.1400000000        -0.2900629067         0.9607524883        90.0227527676      -376.0502366789 
        8.1450000999        -0.2121230976         0.9760461972        88.1877548151      -353.2238054619 
        8.1500000999        -0.1311652802         0.9709482942        86.9032562483      -360.8326158675 
        8.1550000999        -0.0483403524         0.9887909546        85.2517580911      -334.2017794477 
        8.1600000999         0.0351726902         0.9760461972        83.0497605481      -353.2238054619 
        8.1650000999         0.1181850569         0.9964378091        81.3982623909      -322.7885638392 
        8.1700000999         0.1995150841         1.0474168388        80.4807634146      -246.7004597827 
        8.1750000999         0.2780050557         1.0729063537        79.5632644384      -208.6564077544 
        8.1800000999         0.3525376836         1.1085916745        78.6457654622      -155.3947349148 
        8.1850000999         0.4220520112         1.1442769953        77.3612668954      -102.1330620752 
        8.1900000999         0.4855585167         1.2207455399        76.6272677144        11.9990940097 
        8.1950000999         0.5421531983         1.2793714240        77.3612668954        99.5004136748 
        8.2000000999         0.5910304425         1.2742735211        77.9117662812        91.8916032691 
        8.2050000999         0.6314944919         1.2997630359        78.6457654622       129.9356552974 
        8.2100000999         0.6629693493         1.3456441627        78.8292652574       198.4149489484 
        8.2150008999         0.6850097291         1.3532910171        79.9302640289       209.8281645568 
        8.2200000999         0.6972936731         1.3685847260        80.8477630051       232.6545957738 
        8.2250000000         0.6996545923         1.3915252894        82.6827609576       266.8942425993 
        8.2300000000         0.6920562213         1.4093679498        83.6002599339       293.5250790191 
        8.2350000000         0.6746065748         1.4272106102        85.2517580911       320.1559154389 
        8.2400000000         0.6475540448         1.4374064162        87.4537556341       335.3735362502 
        8.2450000000         0.6112837184         1.4552490766        88.5547544056       362.0043726700 
        8.2500001000         0.5663109135         1.4654448825        90.7567519486       377.2219934813 
        8.2550000000         0.5132787424         1.4450532706        92.2247503105       346.7867518587 
        8.2600000000         0.4529391731         1.4654448825        93.6927486725       377.2219934813 
        8.2650000000         0.3861521094         1.4577980281        96.0782460108       365.8087778728 
        8.2700000999         0.3138667589         1.4705427855        98.2802435537       384.8308038870 
        8.2750000999         0.2371149733         1.4577980281        99.1977425300       365.8087778728 
        8.2800000999         0.1569879056         1.4654448825       101.5832398682       377.2219934813 
        8.2850000999         0.0746261479         1.4399553677       103.4182378207       339.1779414530 
        8.2900000999        -0.0087978974         1.4425043191       105.0697359779       342.9823466559 
        8.2950000999        -0.0920967065         1.4323085132       106.9047339304       327.7647258446 
        8.3000004998        -0.1740910126         1.3966231924       107.4552333162       274.5030530049 
        8.3050000999        -0.2535943129         1.3583889201       109.1067314734       217.4369749625 
        8.3100000999        -0.3294942256         1.3278015023       110.0242304496       171.7841125285 
        8.3150000999        -0.4007038569         1.3048609389       111.1252292211       137.5444657031 
        8.3200000999        -0.4662095526         1.2615287636       111.3087290164        72.8695772550 
        8.3250000999        -0.5250788529         1.1952560250       112.0427281974       -26.0449580186 
        8.3300000999        -0.5764737655         1.1340811893       111.3087290164      -117.3506828865 
        8.3350000999        -0.6196626946         1.1315322379       110.5747298354      -121.1550880893 
        8.3400000999        -0.6540308548         1.1162385289       109.6572308591      -143.9815193063 
        8.3450000999        -0.6790890226         1.0652594992       109.2902312687      -220.0696233629 
        8.3500000000        -0.6944802909         1.0856511111       108.7397318829      -189.6343817402 
        8.3550000000        -0.6999861826         1.0372210329       106.9047339304      -261.9180805940 
        8.3600000000        -0.6955279174         1.0321231299       105.6202353637      -269.5268909996 
        8.3650000000        -0.6811689577         0.9964378091       103.9687372064      -322.7885638392 
        8.3700003999        -0.6571113966         0.9938888576       102.5007388445      -326.5929690421 
        8.3750001000        -0.6237038080         0.9734972457       100.6657408920      -357.0282106647 
        8.3800000000        -0.5814171294         0.9582035368        98.8307429395      -379.8546418817 
        8.3850000000        -0.5308533407         0.9734972457        97.3627445775      -357.0282106647 
        8.3900018998        -0.4727095473         0.9480077309        95.7112464203      -395.0722626930 
        8.3950000999        -0.4078819789         0.9633014398        93.8762484678      -372.2458314760 
        8.4000000999        -0.3372261088         0.9480077309        90.9402517438      -395.0722626930 
        8.4050000999        -0.2617698955         0.9633014398        89.6557531771      -372.2458314760 
        8.4100000999        -0.1825874426         0.9811441002        87.8207552246      -345.6149950562 
        8.4150000999        -0.1008058956         0.9760461972        86.5362566578      -353.2238054619 
        8.4200000999        -0.0175893977         0.9887909546        85.0682582958      -334.2017794477 
        8.4250000999         0.0658774815         0.9862420032        82.8662607529      -338.0061846506 
        8.4300000999         0.1484066086         1.0091825665        81.7652619814      -303.7665378251 
        8.4350000999         0.2288231986         1.0627105477        80.2972636194      -223.8740285657 
        8.4400000999         0.3059825383         1.0678084507        78.2787658717      -216.2652181600 
        8.4450000999         0.3787862805         1.1085916745        78.0952660764      -155.3947349148 
        8.4500000999         0.4461980793         1.1595707042        77.7282664859       -79.3066308582 
        8.4550000999         0.5072583417         1.2334902973        76.6272677144        31.0211200239 
        8.4600000999         0.5610978877         1.2742735211        77.5447666907        91.8916032691 
        8.4650000999         0.6069503226         1.2819203755        78.0952660764       103.3048188776 
        8.4700137999         0.6442525252         1.3125077934        79.1962648479       148.9576813116 
        8.4750000000         0.6722055800         1.3634868231        79.7467642336       225.0457853682 
        8.4800000000         0.6906801609         1.3558399686        81.2147625956       213.6325697597 
        8.4850000000         0.6993230543         1.3940742409        81.7652619814       270.6986478021 
        8.4900000000         0.6980112302         1.3838784350        83.0497605481       255.4810269908 
        8.4950000000         0.6867633622         1.4348574647        84.5177589101       331.5691310474 
        8.5000001000         0.6657390449         1.4119169013        85.8022574768       297.3294842219 
        8.5050000000         0.6352390972         1.4552490766        88.0042550198       362.0043726700 
        8.5100000000         0.5956961373         1.4348574647        89.2887535866       331.5691310474 
        8.5150000000         0.5476735674         1.4705427855        90.9402517438       384.8308038870 
        8.5200000999         0.4918537909         1.4374064162        92.2247503105       335.3735362502 
        8.5250000999         0.4290336183         1.4832875429        94.6102476488       403.8528299011 
        8.5300000999         0.3601062419         1.4450532706        96.4452456013       346.7867518587 
        8.5350000999         0.2860528285         1.4552490766        98.2802435537       362.0043726700 
        8.5400000999         0.2079275128         1.4501511736        99.7482419157       354.3955622644 
        8.5450000999         0.1268423926         1.4628959310       102.6842386397       373.4175882785 
        8.5500000999         0.0439516974         1.4399553677       103.6017376159       339.1779414530 
        8.5550000999        -0.0395646411         1.4374064162       105.4367355684       335.3735362502 
        8.5600000999        -0.1225177851         1.3991721439       106.3542345447       278.3074582078 
        8.5650000999        -0.2037269141         1.3685847260       108.5562320877       232.6545957738 
        8.5700000999        -0.2820360331         1.3405462597       109.2902312687       190.8061385427 
        8.5750000999        -0.3563304281         1.3125077934       110.2077302449       148.9576813116 
        8.5800000999        -0.4255525340         1.2895672300       111.3087290164       114.7180344861 
        8.5850000999        -0.4887169886         1.2487840062       111.4922288116        53.8475512408 
        8.5900000999        -0.5449246591         1.1238853834       111.1252292211      -132.5683036978 
        8.5950000999        -0.5933754410         1.1621196557       110.3912300401       -75.5022256554 
        8.6000000000        -0.6333789367         1.1111406260       110.2077302449      -151.5903297119 
        8.6050000000        -0.6643673015         1.1111406260       109.1067314734      -151.5903297119 
        8.6100000000        -0.6858985367         1.0627105477       107.6387331114      -223.8740285657 
        8.6150000000        -0.6976661496         1.0627105477       107.0882337257      -223.8740285657 
        8.6200000000        -0.6995026308         1.0499657903       106.5377343399      -242.8960545798 
        8.6250001000        -0.6913815769         1.0091825665       104.8862361827      -303.7665378251 
        8.6300000000        -0.6734193701         1.0066336150       103.4182378207      -307.5709430279 
        8.6350000000        -0.6458709179         0.9887909546       101.3997400730      -334.2017794477 
        8.6400000000        -0.6091286283         0.9633014398        99.0142427347      -372.2458314760 
        8.6450000999        -0.5637145302         0.9480077309        97.5462443727      -395.0722626930 
        8.6500000999        -0.5102768963         0.9556545853        96.4452456013      -383.6590470845 
        8.6550000999        -0.4495755775         0.9760461972        94.0597482630      -353.2238054619 
        8.6600000999        -0.3824746444         0.9480077309        92.2247503105      -395.0722626930 
        8.6650000999        -0.3099292647         0.9658503913        90.0227527676      -368.4414262732 
        8.6700000999        -0.2329721067         0.9836930517        88.9217539961      -341.8105898534 
        8.6750000999        -0.1526986396         0.9683993428        86.9032562483      -364.6370210704 
        8.6800000999        -0.0702515392         0.9836930517        85.0682582958      -341.8105898534 
        8.6850000999         0.0131955771         0.9785951487        83.4167601386      -349.4194002591 
        8.6900000999         0.0964548572         0.9760461972        81.2147625956      -353.2238054619 
        8.6950000999         0.1783411225         1.0193783725        80.1137638241      -288.5489170138 
        8.7000000999         0.2576887392         1.0550636933        78.6457654622      -235.2872441742 
        8.7050000999         0.3333682107         1.0780042567        77.3612668954      -201.0475973487 
        8.7100000999         0.4043022554         1.1264343349        77.1777671002      -128.7638984950 
        8.7150000999         0.4694811420         1.1595707042        76.4437679192       -79.3066308582 
        8.7200000999         0.5279770628         1.2334902973        76.4437679192        31.0211200239 
        8.7250000000         0.5789564020         1.2895672300        76.4437679192       114.7180344861 
        8.7300000000         0.6216955142         1.2819203755        77.1777671002       103.3048188776 
        8.7350000000         0.6555849207         1.3074098904        77.1777671002       141.3488709059 
        8.7400000000         0.6801422130         1.3634868231        78.8292652574       225.0457853682 
        8.7450000000         0.6950178232         1.3736826290        80.2972636194       240.2634061795 
        8.7500001000         0.7000000000         1.3966231924        81.7652619814       274.5030530049 
        8.7550000000         0.6950178232         1.4119169013        82.6827609576       297.3294842219 
        8.7600000000         0.6801422130         1.4093679498        83.7837597291       293.5250790191 
        8.7650000000         0.6555849207         1.4297595617        85.0682582958       323.9603206417 
        8.7700000999         0.6216947468         1.4297595617        86.7197564531       323.9603206417 
        8.7750000999         0.5789554635         1.4527001251        88.7382542008       358.1999674672 
        8.7800000999         0.5279748703         1.4552490766        90.5732521533       362.0043726700 
        8.7850000999         0.4694786652         1.4450532706        92.2247503105       346.7867518587 
        8.7900000999         0.4042995294         1.4705427855        94.6102476488       384.8308038870 
        8.7950094999         0.3332271209         1.4603469795        96.8122451918       369.6131830757 
        8.8000000999         0.2576856345         1.4577980281        97.7297441680       365.8087778728 
        8.8050000999         0.1783378935         1.4527001251        99.7482419157       358.1999674672 
        8.8100000999         0.0964515498         1.4577980281       101.5832398682       365.8087778728 
        8.8150000999         0.0131922385         1.4374064162       103.2347380255       335.3735362502 
        8.8200000999        -0.0702548616         1.4374064162       105.0697359779       335.3735362502 
        8.8250000999        -0.1527018984         1.4068189983       105.9872349542       289.7206738163 
        8.8300000999        -0.2329752556         1.3736826290       107.4552333162       240.2634061795 
        8.8350000999        -0.3099322588         1.3328994052       108.1892324972       179.3929229342 
        8.8400000999        -0.3824774411         1.2972140844       109.1067314734       126.1312500946 
        8.8450000999        -0.4495781370         1.2717245696       110.2077302449        88.0871980663 
        8.8500000000        -0.5102780392         1.2309413458       109.8407306544        27.2167148210 
        8.8550000000        -0.5637155200         1.1060427230       109.4737310639      -159.1991401176 
        8.8600000000        -0.6091286283         1.1697665101       109.2902312687       -64.0890100469 
        8.8650000000        -0.6458709179         1.1111406260       109.2902312687      -151.5903297119 
        8.8700000000        -0.6734193701         1.1060427230       108.9232316782      -159.1991401176 
        8.8750001000        -0.6913820999         1.0601615963       107.2717335209      -227.6784337685 
        8.8800000000        -0.6995026308         1.0601615963       106.1707347494      -227.6784337685 
        8.8850000000        -0.6976661496         1.0193783725       104.3357367969      -288.5489170138 
        8.8900000000        -0.6858985367         1.0193783725       103.4182378207      -288.5489170138 
        8.8950000999        -0.6643667756         0.9938888576       101.7667396635      -326.5929690421 
        8.9000000999        -0.6333782258         0.9811441002       100.4822410967      -345.6149950562 
        8.9050000999        -0.5933736695         0.9862420032        99.0142427347      -338.0061846506 
        8.9100000999        -0.5449225631         0.9556545853        96.4452456013      -383.6590470845 
        8.9150000999        -0.4887145980         0.9785951487        94.7937474440      -349.4194002591 
        8.9200000999        -0.4255498827         0.9658503913        93.1422492868      -368.4414262732 
        8.9250000999        -0.3563275539         0.9633014398        91.3072513343      -372.2458314760 
        8.9300000999        -0.2820329769         0.9633014398        88.3712546103      -372.2458314760 
        8.9350000999        -0.2037237194         0.9785951487        87.8207552246      -349.4194002591 
        8.9400000999        -0.1225144974         0.9709482942        85.4352578863      -360.8326158675 
        8.9450000999        -0.0395613072         0.9785951487        84.3342591149      -349.4194002591 
        8.9500000999         0.0439550300         0.9862420032        82.6827609576      -338.0061846506 
        8.9550000999         0.1268456765         1.0015357121        80.6642632099      -315.1797534336 
        8.9600000999         0.2079307014         1.0448678873        79.7467642336      -250.5048649855 
        8.9650000999         0.2860558762         1.0703574022        78.2787658717      -212.4608129572 
        8.9700000999         0.3601091054         1.1085916745        77.1777671002      -155.3947349148 
        8.9750000000         0.4290349376         1.1519238497        76.6272677144       -90.7198464667 
        8.9800000000         0.4918549789         1.2334902973        76.6272677144        31.0211200239 
        8.9850000000         0.5476735674         1.2819203755        76.8107675097       103.3048188776 
        8.9900000000         0.5956961373         1.2615287636        77.5447666907        72.8695772550 
        8.9950000000         0.6352390972         1.2921161815        76.9942673049       118.5224396889 
        9.0000001000         0.6657400780         1.3379973082        78.0952660764       187.0017333399 
        9.0050000000         0.6867633622         1.3558399686        79.9302640289       213.6325697597 
        9.0100000000         0.6980112302         1.3762315805        81.0312628004       244.0678113823 
        9.0150000000         0.6993230543         1.3991721439        81.7652619814       278.3074582078 
        9.0200000999         0.6906798894         1.4093679498        83.6002599339       293.5250790191 
        9.0250000999         0.6722051142         1.4272106102        84.5177589101       320.1559154389 
        9.0300000999         0.6441616397         1.4246616587        85.6187576816       316.3515102361 
        9.0350000999         0.6069486590         1.4577980281        87.8207552246       365.8087778728 
        9.0400000999         0.5610958911         1.4399553677        89.8392529723       339.1779414530 
        9.0450000999         0.5072560406         1.4603469795        91.3072513343       369.6131830757 
        9.0500000999         0.4461955064         1.4476022221        92.5917499010       350.5911570615 
        9.0550000999         0.3787834724         1.4679938340        94.4267478535       381.0263986842 
        9.0600000999         0.3059795350         1.4450532706        97.3627445775       346.7867518587 
        9.0650000999         0.2288200429         1.4603469795        99.1977425300       369.6131830757 
        9.0700000999         0.1484033453         1.4679938340       100.4822410967       381.0263986842 
        9.0750000999         0.0658741571         1.4450532706       101.7667396635       346.7867518587 
        9.0800000999        -0.0175927359         1.4348574647       104.5192365922       331.5691310474 
        9.0850000999        -0.1008092000         1.4323085132       105.6202353637       327.7647258446 
        9.0900000999        -0.1825906662         1.4093679498       107.0882337257       293.5250790191 
        9.0950000999        -0.2617729925         1.3736826290       108.9232316782       240.2634061795 
        9.1000000000        -0.3372275719         1.3456441627       109.2902312687       198.4149489484 
        9.1050000000        -0.4078833358         1.2997630359       109.6572308591       129.9356552974 
        9.1100000000        -0.4727329657         1.2691756181       110.3912300401        84.2827928635 
        9.1150000000        -0.5308533407         1.1621196557       110.3912300401       -75.5022256554 
        9.1200000000        -0.5814171294         1.1493748983       110.5747298354       -94.5242516695 
        9.1250001000        -0.6237053258         1.1493748983       109.8407306544       -94.5242516695 
        9.1300000000        -0.6571137004         1.1136895775       109.1067314734      -147.7859245091 
        9.1350000000        -0.6811689577         1.0703574022       108.9232316782      -212.4608129572 
        9.1400000000        -0.6955279174         1.0882000626       107.6387331114      -185.8299765374 
        9.1450000999        -0.6999861721         1.0448678873       106.1707347494      -250.5048649855 
        9.1500000999        -0.6944800817         1.0295741784       105.4367355684      -273.3312962025 
        9.1550000999        -0.6790882125         1.0091825665       103.9687372064      -303.7665378251 
        9.1600000999        -0.6540296646         0.9836930517       101.5832398682      -341.8105898534 
        9.1650000999        -0.6196611413         0.9862420032       100.4822410967      -338.0061846506 
        9.1700000999        -0.5764718712         0.9709482942        99.1977425300      -360.8326158675 
        9.1750000999        -0.5250766446         0.9760461972        96.9957449870      -353.2238054619 
        9.1800000999        -0.4662070618         0.9556545853        94.4267478535      -383.6590470845 
        9.1850000999        -0.4007011189         0.9582035368        92.7752496963      -379.8546418817 
        9.1900000999        -0.3294912794         0.9505566824        91.4907511295      -391.2678574902 
        9.1950000999        -0.2535912005         0.9658503913        89.2887535866      -368.4414262732 
        9.2000000999        -0.1740813039         0.9811441002        87.4537556341      -345.6149950562 
        9.2050000999        -0.0920933963         0.9709482942        85.9857572721      -360.8326158675 
        9.2100000999        -0.0087945584         0.9760461972        84.1507593196      -353.2238054619 
        9.2150000999         0.0746294681         0.9938888576        82.8662607529      -326.5929690421 
        9.2200000999         0.1569911597         1.0091825665        81.3982623909      -303.7665378251 
        9.2250000000         0.2371165442         1.0474168388        79.1962648479      -246.7004597827 
        9.2300000000         0.3138682513         1.0780042567        78.0952660764      -201.0475973487 
        9.2350000000         0.3861521094         1.1136895775        78.0952660764      -147.7859245091 
        9.2400000000         0.4529391731         1.1519238497        77.1777671002       -90.7198464667 
        9.2450000000         0.5132787424         1.2742735211        76.9942673049        91.8916032691 
        9.2500001000         0.5663128786         1.2513329577        76.9942673049        57.6519564437 
        9.2550000000         0.6112837184         1.2870182785        77.5447666907       110.9136292833 
        9.2600000000         0.6475540448         1.3048609389        78.8292652574       137.5444657031 
        9.2650000000         0.6746065748         1.3456441627        78.4622656669       198.4149489484 
        9.2700000999         0.6920564721         1.3583889201        80.1137638241       217.4369749625 
        9.2750000999         0.6996546447         1.3787805320        81.2147625956       247.8722165851 
        9.2800000999         0.6972933797         1.3966231924        82.8662607529       274.5030530049 
        9.2850000999         0.6850062893         1.4068189983        83.4167601386       289.7206738163 
        9.2900000999         0.6629682776         1.4170148043        85.0682582958       304.9382946276 
        9.2950000999         0.6314930512         1.4297595617        86.5362566578       323.9603206417 
        9.3000000999         0.5910286532         1.4399553677        88.1877548151       339.1779414530 
        9.3050015999         0.5421352270         1.4476022221        90.2062525628       350.5911570615 
        9.3100000999         0.4855561114         1.4399553677        92.0412505153       339.1779414530 
        9.3150000999         0.4220493472         1.4730917370        93.5092488773       388.6352090898 
        9.3200000999         0.3525347987         1.4552490766        95.8947462155       362.0043726700 
        9.3250000999         0.2780019911         1.4552490766        98.2802435537       362.0043726700 
        9.3300000999         0.1995118834         1.4527001251        99.7482419157       358.1999674672 
        9.3350000999         0.1181817657         1.4628959310       101.3997400730       373.4175882785 
        9.3400000999         0.0351693552         1.4348574647       103.0512382302       331.5691310474 
        9.3450000999        -0.0483436836         1.4374064162       104.8862361827       335.3735362502 
        9.3500000000        -0.1311669202         1.4195637558       106.3542345447       308.7426998304 
        9.3550000000        -0.2121246887         1.3685847260       107.0882337257       232.6545957738 
        9.3600000000        -0.2900629067         1.3303504538       108.1892324972       175.5885177314 
        9.3650000000        -0.3638721398         1.3048609389       109.4737310639       137.5444657031 
        9.3700000000        -0.4325017292         1.2768224726       110.5747298354        95.6960084720 
        9.3750001000        -0.4949759288         1.2334902973       110.2077302449        31.0211200239 
        9.3800000000        -0.5504019025         1.1162385289       110.0242304496      -143.9815193063 
        9.3850000000        -0.5979942022         1.1646686072       109.1067314734       -71.6978204525 
        9.3900000000        -0.6370741795         1.1111406260       108.9232316782      -151.5903297119 
        9.3950000999        -0.6670860450         1.1162385289       108.7397318829      -143.9815193063 
        9.4000000999        -0.6876013884         1.0678084507       107.6387331114      -216.2652181600 
        9.4050000999        -0.6983288698         1.0780042567       106.7212341352      -201.0475973487 
        9.4100000999        -0.6991157857         1.0219273240       105.4367355684      -284.7445118110 
        9.4150001999        -0.6899506525         1.0244762754       103.4182378207      -280.9401066081 
        9.4200000999        -0.6709647764         0.9887909546       102.3172390492      -334.2017794477 
        9.4250000999        -0.6424275749         0.9887909546       100.2987413015      -334.2017794477 
        9.4300000999        -0.6047455512         0.9709482942        98.2802435537      -360.8326158675 
        9.4350000999        -0.5584551010         0.9480077309        96.8122451918      -395.0722626930 
        9.4400000999        -0.5042151593         0.9582035368        94.6102476488      -379.8546418817 
        9.4450000999        -0.4427978202         0.9633014398        93.1422492868      -372.2458314760 
        9.4500000999        -0.3750773468         0.9505566824        90.9402517438      -391.2678574902 
        9.4550000999        -0.3020177258         0.9633014398        88.9217539961      -372.2458314760 
        9.4600000999        -0.2246589456         0.9760461972        87.2702558388      -353.2238054619 
        9.4650000999        -0.1441021923         0.9683993428        85.4352578863      -364.6370210704 
        9.4700000999        -0.0614941744         0.9760461972        84.1507593196      -353.2238054619 
        9.4750000000         0.0219875314         0.9760461972        81.9487617766      -353.2238054619 
        9.4800000000         0.1051579124         1.0015357121        80.2972636194      -315.1797534336 
        9.4850000000         0.1868313925         1.0295741784        78.4622656669      -273.3312962025 
        9.4900000000         0.2658453669         1.0678084507        77.3612668954      -216.2652181600 
        9.4950000000         0.3410750880         1.1060427230        76.8107675097      -159.1991401176 
        9.5000001000         0.4114510290         1.1493748983        76.2602681239       -94.5242516695 
        9.5050000000         0.4759673651         1.2105497339        76.4437679192        -3.2185268016 
        9.5100000000         0.5337097577         1.2972140844        76.9942673049       126.1312500946 
        9.5150000000         0.5838549035         1.2640777151        76.6272677144        76.6739824578 
        9.5200000999         0.6256897455         1.2921161815        77.1777671002       118.5224396889 
        9.5250000999         0.6586171038         1.3379973082        78.0952660764       187.0017333399 
        9.5300000999         0.6821691854         1.3558399686        79.0127650526       213.6325697597 
        9.5350000999         0.6960107313         1.3736826290        80.6642632099       240.2634061795 
        9.5400000999         0.6999447100         1.3940742409        82.1322615719       270.6986478021 
        9.5450000999         0.6939151221         1.4119169013        82.4992611624       297.3294842219 
        9.5500000999         0.6780077976         1.4144658528        83.7837597291       301.1338894247 
        9.5550000999         0.6524491739         1.4272106102        85.6187576816       320.1559154389 
        9.5600000999         0.6176030726         1.4374064162        87.4537556341       335.3735362502 
        9.5650000999         0.5739655208         1.4501511736        89.2887535866       354.3955622644 
        9.5700031999         0.5221231810         1.4527001251        90.5732521533       358.1999674672 
        9.5750000999         0.4629170533         1.4450532706        92.5917499010       346.7867518587 
        9.5800000999         0.3970868894         1.4781896399        94.6102476488       396.2440194955 
        9.5850000999         0.3256042767         1.4603469795        96.6287453965       369.6131830757 
        9.5900000999         0.2494867551         1.4628959310        99.0142427347       373.4175882785 
        9.5950000999         0.1698178418         1.4730917370       100.6657408920       388.6352090898 
        9.6000000000         0.0877332635         1.4577980281       102.5007388445       365.8087778728 
        9.6050000000         0.0043982008         1.4374064162       103.6017376159       335.3735362502 
        9.6100000000        -0.0789994694         1.4348574647       105.0697359779       331.5691310474 
        9.6150000000        -0.1612725987         1.4144658528       106.9047339304       301.1338894247 
        9.6200000000        -0.2412500462         1.3787805320       109.1067314734       247.8722165851 
        9.6250001000        -0.3177948392         1.3583889201       109.8407306544       217.4369749625 
        9.6300000000        -0.3898129315         1.3150567448       110.2077302449       152.7620865144 
        9.6350000000        -0.4562836077         1.2819203755       110.9417294259       103.3048188776 
        9.6400000000        -0.5162591822         1.1876091705       110.9417294259       -37.4581736271 
        9.6450000999        -0.5688868880         1.1391790923       110.7582296306      -109.7418724808 
        9.6500000999        -0.6134154804         1.1519238497       110.3912300401       -90.7198464667 
        9.6550012999        -0.6492197312         1.1213364319       110.0242304496      -136.3727089006 
        9.6600000999        -0.6757675827         1.0805532081       109.2902312687      -197.2431921459 
        9.6650000999        -0.6927035235         1.0831021596       107.2717335209      -193.4387869431 
        9.6700000999        -0.6997789745         1.0372210329       106.1707347494      -261.9180805940 
        9.6750000999        -0.6968932181         1.0372210329       105.4367355684      -261.9180805940 
        9.6800000999        -0.6840873325         0.9989867606       103.9687372064      -318.9841586364 
        9.6850000999        -0.6615436068         0.9887909546       102.3172390492      -334.2017794477 
        9.6900000999        -0.6295829463         0.9887909546       100.8492406872      -334.2017794477 
        9.6950000999        -0.5886603041         0.9683993428        99.3812423252      -364.6370210704 
        9.7000000999        -0.5393582057         0.9785951487        97.5462443727      -349.4194002591 
        9.7050000999        -0.4823784560         0.9556545853        95.3442468298      -383.6590470845 
        9.7100000999        -0.4185321498         0.9683993428        93.6927486725      -364.6370210704 
        9.7150000999        -0.3487281261         0.9429098279        90.9402517438      -402.6810730987 
        9.7200000999        -0.2739600304         0.9582035368        89.1052537913      -379.8546418817 
        9.7250000000        -0.1952937742         0.9734972457        87.2702558388      -357.0282106647 
        9.7300000000        -0.1138460156         0.9785951487        86.9032562483      -349.4194002591 
        9.7350000000        -0.0307776828         0.9811441002        85.0682582958      -345.6149950562 
        9.7400000000         0.0527287639         0.9836930517        82.8662607529      -341.8105898534 
        9.7450000000         0.1354846276         0.9989867606        80.6642632099      -318.9841586364 
        9.7500001000         0.2163134859         1.0448678873        79.7467642336      -250.5048649855 
        9.7550000000         0.2940600099         1.0780042567        79.1962648479      -201.0475973487 
        9.7600000000         0.3676222410         1.1111406260        78.0952660764      -151.5903297119 
        9.7650000000         0.4359514463         1.1391790923        76.6272677144      -109.7418724808 
        9.7700038999         0.4981207711         1.2666266666        76.6272677144        80.4783876607 
        9.7750000999         0.5531095320         1.2538819092        77.1777671002        61.4563616465 
        9.7800000999         0.6002695182         1.2946651330        78.2787658717       122.3268448918 
        9.7850000999         0.6388847935         1.2921161815        78.2787658717       118.5224396889 
        9.7900000999         0.6684056773         1.3583889201        79.1962648479       217.4369749625 
        9.7950000999         0.6884119460         1.3558399686        81.2147625956       213.6325697597 
        9.8000000999         0.6986188147         1.3889763379        81.7652619814       263.0898373965 
        9.8050000999         0.6988809907         1.3915252894        82.6827609576       266.8942425993 
        9.8100000999         0.6891947419         1.4119169013        83.7837597291       297.3294842219 
        9.8150000999         0.6696979502         1.4195637558        85.6187576816       308.7426998304 
        9.8200000999         0.6406681481         1.4323085132        87.2702558388       327.7647258446 
        9.8250000999         0.6025185690         1.4425043191        88.7382542008       342.9823466559 
        9.8300000999         0.5557922640         1.4654448825        90.9402517438       377.2219934813 
        9.8350000999         0.5011543724         1.4450532706        93.1422492868       346.7867518587 
        9.8400000999         0.4393826532         1.4756406885        94.2432480583       392.4396142926 
        9.8450000999         0.3713564137         1.4552490766        96.6287453965       362.0043726700 
        9.8500000000         0.2980455041         1.4628959310        97.9132439632       373.4175882785 
        9.8550000000         0.2204905638         1.4628959310        99.7482419157       373.4175882785 
        9.8600000000         0.1397969864         1.4628959310       101.7667396635       373.4175882785 
        9.8650000000         0.0571134281         1.4374064162       103.4182378207       335.3735362502 
        9.8700000000        -0.0263831279         1.4476022221       105.4367355684       350.5911570615 
        9.8750001000        -0.1095057766         1.4297595617       106.3542345447       323.9603206417 
        9.8800000000        -0.1910663549         1.3685847260       107.6387331114       232.6545957738 
        9.8850000000        -0.2699087946         1.3430952112       108.9232316782       194.6105437455 
        9.8900000000        -0.3449091391         1.3099588419       109.6572308591       145.1532761087 
        9.8950000999        -0.4150011187         1.2921161815       110.7582296306       118.5224396889 
        9.9000000999        -0.4791841912         1.2411371518       111.3087290164        42.4343356324 
        9.9050000999        -0.5365461771         1.1213364319       110.0242304496      -136.3727089006 
        9.9100021999        -0.5862897167         1.1621196557       110.0242304496       -75.5022256554 
        9.9150000999        -0.6276494650         1.1289832864       110.0242304496      -124.9594932921 
        9.9200000999        -0.6600939308         1.1060427230       108.5562320877      -159.1991401176 
        9.9250000999        -0.6831420976         1.0729063537       107.6387331114      -208.6564077544 
        9.9300000999        -0.6964658795         1.0525147418       106.3542345447      -239.0916493770 
        9.9350000999        -0.6998756152         1.0525147418       106.1707347494      -239.0916493770 
        9.9400000999        -0.6933227679         1.0015357121       104.5192365922      -315.1797534336 
        9.9450000999        -0.6769006161         0.9887909546       102.5007388445      -334.2017794477 
        9.9500000999        -0.6508429255         0.9964378091       101.7667396635      -322.7885638392 
        9.9550000999        -0.6155206220         0.9709482942        99.5647421205      -360.8326158675 
        9.9600000999        -0.5714365112         0.9709482942        97.3627445775      -360.8326158675 
        9.9650000999        -0.5192181211         0.9531056338        95.8947462155      -387.4634522873 
        9.9700000999        -0.4596087697         0.9862420032        94.4267478535      -338.0061846506 
        9.9750000000        -0.3934583645         0.9429098279        92.2247503105      -402.6810730987 
        9.9800000000        -0.3217059024         0.9582035368        89.6557531771      -379.8546418817 
        9.9850000000        -0.2453740241         0.9760461972        88.3712546103      -353.2238054619 
        9.9900000000        -0.1655492979         0.9582035368        86.3527568626      -379.8546418817 
        9.9950017999        -0.0833381432         0.9785951487        85.0682582958      -349.4194002591 
