           Time[sec]           V_{cmd}[V]          V_{gyro}[V]          \theta[deg] \omega_{gyro}[deg/sec] 
        0.0000000000         0.0000000000         1.2130986854        94.2565471971        -0.2054378810 
        0.0050000000         0.0145131181         1.2181965884        93.8895476066         7.4033725247 
        0.0100000000         0.0290199969         1.2130986854        93.7060478113        -0.2054378810 
        0.0150000000         0.0435143999         1.2156476369        93.7060478113         3.5989673219 
        0.0200000000         0.0579900959         1.2283923943        94.2565471971        22.6209933360 
        0.0250000000         0.0724408617         1.2258434428        94.2565471971        18.8165881332 
        0.0300000000         0.0868604848         1.2181965884        92.9720486303         7.4033725247 
        0.0350000000         0.1012427662         1.2615287636        94.6235467876        72.0782609728 
        0.0400000000         0.1155815228         1.2385882003        94.0730474018        37.8386141473 
        0.0450000000         0.1298705905         1.2411371518        94.6235467876        41.6430193502 
        0.0500000000         0.1441038261         1.2564308607        94.6235467876        64.4694505671 
        0.0550000000         0.1582751109         1.2589798122        95.3575459686        68.2738557700 
        0.0600000000         0.1723783525         1.2589798122        95.7245455590        68.2738557700 
        0.0650000000         0.1864074879         1.2717245696        95.1740461733        87.2958817841 
        0.0700000000         0.2003564858         1.2742735211        96.8255443305        91.1002869869 
        0.0750000000         0.2142193495         1.2436861032        97.1925439210        45.4474245530 
        0.0800000000         0.2279901194         1.2921161815        97.3760437163       117.7311234068 
        0.0850000000         0.2416628753         1.2921161815        98.4770424878       117.7311234068 
        0.0900000000         0.2552317392         1.3150567448        98.8440420783       151.9707702322 
        0.0950000000         0.2686908778         1.3023119874        98.6605422830       132.9487442181 
        0.1000000000         0.2820345050         1.3150567448        99.5780412593       151.9707702322 
        0.1050000000         0.2952568843         1.3379973082       100.8625398260       186.2104170577 
        0.1100000000         0.3083523312         1.3201546478       100.8625398260       159.5795806379 
        0.1150000000         0.3213152161         1.3379973082       102.1470383927       186.2104170577 
        0.1200000000         0.3341399662         1.3583889201       103.6150367547       216.6456586803 
        0.1250000000         0.3468210679         1.3328994052       103.6150367547       178.6016066520 
        0.1300000000         0.3593530697         1.3532910171       105.0830351167       209.0368482747 
        0.1350000000         0.3717305839         1.3405462597       105.4500347072       190.0148222605 
        0.1400000000         0.3839482895         1.3150567448       107.1015328645       151.9707702322 
        0.1450000000         0.3960009339         1.3507420656       108.5695312264       205.2324430718 
        0.1500000000         0.4078833358         1.3762315805       108.3860314312       243.2764951001 
        0.1550000000         0.4195903867         1.3660357746       110.0375295884       228.0588742888 
        0.1600000000         0.4311170538         1.4068189983       111.3220281552       288.9293575341 
        0.1650000000         0.4424583817         1.3634868231       112.4230269267       224.2544690860 
        0.1700000000         0.4536094948         1.3838784350       113.8910252887       254.6897107086 
        0.1750000000         0.4645655990         1.3660357746       115.3590236506       228.0588742888 
        0.1800001000         0.4753221975         1.3991721439       116.0930228316       277.5161419256 
        0.1850000000         0.4858740267         1.3379973082       117.3775213984       186.2104170577 
        0.1900000000         0.4962171895         1.4323085132       119.3960191461       326.9734095624 
        0.1950000000         0.5063470263         1.3940742409       120.3135181223       269.9073315199 
        0.2000000000         0.5162591822         1.4144658528       123.0660150511       300.3425731426 
        0.2050000000         0.5259493959         1.4144658528       123.0660150511       300.3425731426 
        0.2100001000         0.5354136885         1.4042700468       125.6350121846       285.1249523312 
        0.2150000000         0.5446474305         1.4348574647       128.2040093180       330.7778147652 
        0.2200000000         0.5536472130         1.4577980281       128.7545087038       365.0174615907 
        0.2250000000         0.5624089801         1.4476022221       127.2865103418       349.7998407793 
        0.2300000000         0.5709289650         1.4552490766       132.9750039945       361.2130563878 
        0.2350000000         0.5792035049         1.4679938340       134.9935017422       380.2350824020 
        0.2400001000         0.5872292006         1.4807385914       136.8284996947       399.2571084161 
        0.2450000000         0.5950021278         1.4679938340       138.8469974424       380.2350824020 
        0.2500000000         0.6025194189         1.4909343974       141.2324947807       414.4747292274 
        0.2550000000         0.6097776842         1.4807385914       141.9664939617       399.2571084161 
        0.2600000000         0.6167738032         1.5062281063       144.7189908904       437.3011604444 
        0.2650000000         0.6235047684         1.4960323003       146.1869892524       422.0835396331 
        0.2700000000         0.6299676860         1.5368155241       149.6734853621       482.9540228784 
        0.2750000000         0.6361597776         1.5113260093       151.6919831098       444.9099708501 
        0.2800000000         0.6420783813         1.5138749607       153.8939806528       448.7143760529 
        0.2850000000         0.6477209525         1.5266197182       154.9949794243       467.7364020670 
        0.2900001000         0.6530851700         1.5317176211       158.6649753293       475.3452124727 
        0.2950000000         0.6581684143         1.5291686697       160.4999732818       471.5408072699 
        0.3000000000         0.6629688135         1.5546581845       163.2524702105       509.5848592982 
        0.3050000000         0.6674841993         1.5444623786       165.8214673440       494.3672384868 
        0.3100000000         0.6717126307         1.5623050390       168.3904644775       520.9980749067 
        0.3150000000         0.6756522897         1.5674029419       170.4089622252       528.6068853123 
        0.3200000000         0.6793014827         1.5674029419       170.7759618157       528.6068853123 
        0.3250000000         0.6826586409         1.5852456023       176.6479552636       555.2377217321 
        0.3300000000         0.6857223211         1.5801476994       178.8499528066       547.6289113265 
        0.3350000000         0.6884912061         1.5954414083       177.3819544446       570.4553425434 
        0.3400000000         0.6909641055         1.5852456023       179.7674517829       555.2377217321 
        0.3450000000         0.6931399564         1.6081861657       -99.8862361759       589.4773685576 
        0.3500001000         0.6950178578         1.5623050390      -100.4367355616       520.9980749067 
        0.3550000000         0.6965968987         1.6081861657      -179.8921469042       589.4773685576 
        0.3600000000         0.6978765040         1.6132840687      -180.6261460852       597.0861789632 
        0.3650000000         0.6988560890         1.6234798746      -179.7086471090       612.3037997745 
        0.3700000000         0.6995352326         1.6387735836      -178.7911481327       635.1302309915 
        0.3750000000         0.6999136427         1.6234798746      -174.7541526373       612.3037997745 
        0.3800000000         0.6999911569         1.6489693895      -171.4511563228       650.3478518028 
        0.3850000000         0.6997677416         1.6336756806      -168.3316598036       627.5214205859 
        0.3900000000         0.6992434930         1.6362246321      -165.9461624653       631.3258257887 
        0.3950000000         0.6984186364         1.6617141469      -161.5421673794       669.3698778170 
        0.4000000000         0.6972935264         1.6489693895      -158.9731702459       650.3478518028 
        0.4050000000         0.6958686468         1.6209309231      -155.8536737267       608.4993945717 
        0.4100000000         0.6941446100         1.6489693895      -152.0001780264       650.3478518028 
        0.4150001000         0.6921221139         1.6693610014      -148.8806815072       680.7830934255 
        0.4200001000         0.6898021089         1.6642630984      -145.5776851927       673.1742830198 
        0.4250000000         0.6871856100         1.6693610014      -141.9076892878       680.7830934255 
        0.4300000000         0.6842736375         1.6642630984      -138.9716925638       673.1742830198 
        0.4350000000         0.6810674927         1.6846547103      -135.1181968636       703.6095246425 
        0.4400000000         0.6775685538         1.6795568073      -131.2647011634       696.0007142368 
        0.4450000000         0.6737783251         1.6948505162      -128.3287044394       718.8271454538 
        0.4500000000         0.6696984361         1.6668120499      -125.3927077154       676.9786882226 
        0.4550000000         0.6653306406         1.6795568073      -122.0897114009       696.0007142368 
        0.4600000000         0.6606768165         1.6846547103      -118.9702148817       703.6095246425 
        0.4650000000         0.6557389644         1.6897526133      -114.1992202052       711.2183350481 
        0.4700000000         0.6505192071         1.6973994677      -111.2632234813       722.6315506566 
        0.4750001000         0.6450196758         1.6923015648      -108.3272267573       715.0227402509 
        0.4800000000         0.6392430731         1.6821057588      -103.5562320808       699.8051194396 
        0.4850000000         0.6331915442         1.7203400311      -100.6202353569       756.8711974821 
        0.4900000000         0.6268678033         1.7024973707       -96.5832398614       730.2403610623 
        0.4950000000         0.6202745691         1.6923015648       -94.3812423184       715.0227402509 
        0.5000000000         0.6134146760         1.6999484192       -90.1607470277       726.4359558594 
        0.5050000000         0.6062910732         1.6591651954       -86.1237515322       665.5654726142 
        0.5100000000         0.5989068230         1.7075952737       -83.1877548082       737.8491714679 
        0.5150000000         0.5912651001         1.6923015648       -80.0682582890       715.0227402509 
        0.5200000000         0.5833691896         1.6897526133       -76.0312627936       711.2183350481 
        0.5250000000         0.5752224860         1.7101442252       -72.3612668886       741.6535766707 
        0.5300000000         0.5668284917         1.7126931766       -68.3242713931       745.4579818736 
        0.5350000000         0.5581908152         1.6999484192       -65.0212750786       726.4359558594 
        0.5400000000         0.5493131699         1.6948505162       -61.9017785594       718.8271454538 
        0.5450000000         0.5401993724         1.7101442252       -59.1492816307       741.6535766707 
        0.5500000000         0.5308533407         1.6948505162       -55.2957859305       718.8271454538 
        0.5550000000         0.5212790927         1.6999484192       -50.8917908445       726.4359558594 
        0.5600000000         0.5114807445         1.7024973707       -46.6712955538       730.2403610623 
        0.5650000000         0.5014625084         1.6846547103       -44.1022984203       703.6095246425 
        0.5700001000         0.4912284844         1.7279868856       -42.2673004678       768.2844130906 
        0.5750001000         0.4807834816         1.6897526133       -36.9458064056       711.2183350481 
        0.5800001000         0.4701317878         1.6795568073       -34.7438088626       696.0007142368 
        0.5850000000         0.4592782012         1.7024973707       -30.1563139814       730.2403610623 
        0.5900000000         0.4482269538         1.6719099529       -27.0368174622       684.5874986283 
        0.5950000000         0.4369830116         1.6846547103       -23.1833217620       703.6095246425 
        0.6000000000         0.4255512084         1.6795568073       -20.2473250380       696.0007142368 
        0.6050000000         0.4139364587         1.6973994677       -16.3938293378       722.6315506566 
        0.6100000000         0.4021437560         1.6617141469       -13.2743328186       669.3698778170 
        0.6150000000         0.3901781697         1.6719099529       -10.3383360946       684.5874986283 
        0.6200000000         0.3780448441         1.6617141469        -6.4848403944       669.3698778170 
        0.6250000000         0.3657489953         1.6693610014        -2.2643451037       680.7830934255 
        0.6300000000         0.3532959093         1.6591651954         0.3046520298       665.5654726142 
        0.6350000000         0.3406909398         1.6719099529         3.4241485491       684.5874986283 
        0.6400000000         0.3279395057         1.6515183410         6.1766454778       654.1522570057 
        0.6450000000         0.3150470889         1.6591651954        10.0301411780       665.5654726142 
        0.6500000000         0.3020192320         1.6311267291        12.0486389257       623.7170153830 
        0.6550000000         0.2888615356         1.6540672925        16.6361338069       657.9566622085 
        0.6600000000         0.2755796562         1.6081861657        18.6546315547       589.4773685576 
        0.6650000000         0.2621793040         1.6591651954        22.3246274596       665.5654726142 
        0.6700000000         0.2486662397         1.6260288261        24.7101247979       616.1082049774 
        0.6750000000         0.2350462726         1.6438714865        28.7471202933       642.7390413972 
        0.6800000000         0.2213252580         1.6056372142        31.3161174268       585.6729633548 
        0.6850000000         0.2075090947         1.6209309231        33.3346151746       608.4993945717 
        0.6900000000         0.1936037223         1.6234798746        36.4541116938       612.3037997745 
        0.6950001000         0.1796148382         1.6030882627        39.3901084178       581.8685581519 
        0.7000001000         0.1655490159         1.5877945538        42.8766045275       559.0421269349 
        0.7050001000         0.1514120232         1.5979903598        45.0786020705       574.2597477463 
        0.7100000000         0.1372102225         1.6030882627        46.7301002277       581.8685581519 
        0.7150000000         0.1229491511         1.5750497964        50.9505955184       540.0201009208 
        0.7200000000         0.1086352233         1.5750497964        53.3360928566       540.0201009208 
        0.7250000000         0.0942745926         1.5699518934        56.2720895806       532.4112905151 
        0.7300000000         0.0798734329         1.5623050390        58.2905873284       520.9980749067 
        0.7350000000         0.0654379353         1.5725008449        61.4100838476       536.2156957180 
        0.7400000000         0.0509743056         1.5597560875        64.7130801621       517.1936697038 
        0.7450000000         0.0364887618         1.5623050390        66.9150777050       520.9980749067 
        0.7500000000         0.0219875314         1.5368155241        69.3005750433       482.9540228784 
        0.7550000000         0.0074768483         1.5393644756        71.8695721767       486.7584280812 
        0.7600000000        -0.0070370490         1.5521092330        72.4200715625       505.7804540953 
        0.7650000000        -0.0215479211         1.5164239122        75.9065676722       452.5187812557 
        0.7700000000        -0.0360495296         1.5036791548        83.4300592774       433.4967552416 
        0.7750000000        -0.0505356403         1.4679938340        74.6220691055       380.2350824020 
        0.7800000000        -0.0650000255         1.4170148043        82.1455607107       304.1469783454 
        0.7850000000        -0.0794364669         1.3762315805        83.4300592774       243.2764951001 
        0.7900000000        -0.0938387581         1.3558399686        85.2650572299       212.8412534775 
        0.7950000000        -0.1082007077         1.2054518309        84.8980576394       -11.6186534894 
        0.8000000000        -0.1225161413         1.1876091705        86.3660560014       -38.2494899093 
        0.8050000000        -0.1367789046         1.2080007824        84.8980576394        -7.8142482866 
        0.8100000000        -0.1509828661         1.2130986854        84.7145578441        -0.2054378810 
        0.8150000000        -0.1651219193         1.1952560250        84.8980576394       -26.8362743008 
        0.8200001000        -0.1791902665         1.1366301408        84.8980576394      -114.3375939658 
        0.8250001000        -0.1931812969         1.2029028795        85.0815574346       -15.4230586923 
        0.8300001000        -0.2070892777         1.1646686072        83.9805586631       -72.4891367347 
        0.8350001000        -0.2209082299         1.1289832864        84.3475582536      -125.7508095743 
        0.8400000000        -0.2346319392         1.1417280438        83.2465594822      -106.7287835602 
        0.8450000000        -0.2482550546         1.1595707042        82.8795598917       -80.0979471404 
        0.8500000000        -0.2617714440         1.1315322379        82.6960600964      -121.9464043715 
        0.8550000000        -0.2751752967         1.1315322379        82.3290605059      -121.9464043715 
        0.8600000000        -0.2884608502         1.1213364319        81.0445619392      -137.1640251828 
        0.8650000000        -0.3016223931         1.1391790923        80.3105627582      -110.5331887630 
        0.8700000000        -0.3146542672         1.0907490141        79.0260641914      -182.8168876168 
        0.8750000000        -0.3275508700         1.0958469171        78.4755648057      -175.2080772111 
        0.8800000000        -0.3403066571         1.1034937715        77.5580658294      -163.7948616026 
        0.8850000000        -0.3529161449         1.0907490141        77.5580658294      -182.8168876168 
        0.8900000000        -0.3653739124         1.0780042567        76.0900674675      -201.8389136309 
        0.8950000000        -0.3776746040         1.0780042567        75.3560682865      -201.8389136309 
        0.9000000000        -0.3898129315         1.1085916745        73.7045701292      -156.1860511970 
        0.9050000000        -0.4017836767         1.0525147418        73.5210703340      -239.8829656592 
        0.9100000000        -0.4135816933         1.0525147418        70.7685734053      -239.8829656592 
        0.9150000000        -0.4252019092         1.0448678873        70.2180740195      -251.2961812677 
        0.9200000000        -0.4366393288         1.0397699844        69.4840748385      -258.9049916733 
        0.9250000000        -0.4478890353         1.0193783725        67.0985775003      -289.3402332960 
        0.9300000000        -0.4589461921         1.0219273240        65.8140789335      -285.5358280931 
        0.9350000000        -0.4698060460         1.0066336150        65.4470793430      -308.3622593101 
        0.9400000000        -0.4804639280         1.0142804695        62.6945824143      -296.9490437016 
        0.9450001000        -0.4909154633         0.9454587794        61.9605832333      -399.6679841780 
        0.9500001000        -0.5011557408         1.0117315180        60.3090850761      -300.7534489045 
        0.9550001000        -0.5111805691         0.9785951487        58.2905873284      -350.2107165412 
        0.9600001000        -0.5209856385         1.0091825665        56.8225889664      -304.5578541073 
        0.9650000000        -0.5305665445         0.9454587794        54.8040912186      -399.6679841780 
        0.9700000000        -0.5399195514         0.9683993428        53.1525930614      -365.4283373526 
        0.9750000000        -0.5490404444         0.9658503913        52.6020936757      -369.2327425554 
        0.9800000000        -0.5579253024         0.9480077309        49.8495967469      -395.8635789752 
        0.9850000000        -0.5665703057         0.9633014398        47.8310989992      -373.0371477582 
        0.9900000000        -0.5749717379         0.9276161190        46.7301002277      -426.2988205978 
        0.9950000000        -0.5831259871         0.9429098279        43.9776032990      -403.4723893809 
        1.0000000000        -0.5910295479         0.9352629734        42.3261051417      -414.8856049893 
        1.0050000000        -0.5986790223         0.9199692645        39.9406078035      -437.7120362063 
        1.0100001000        -0.6060712671         0.9174203130        37.1881108748      -441.5164414092 
        1.0150000000        -0.6132026686         0.9046755556        32.4171161983      -460.5384674233 
        1.0200001000        -0.6200707315         0.9123224101        32.9676155841      -449.1252518148 
        1.0250000000        -0.6266719538         0.9046755556        30.5821182458      -460.5384674233 
        1.0300000000        -0.6330039017         0.8995776526        25.4441239789      -468.1472778289 
        1.0350000000        -0.6390637183         0.8868328952        25.9946233646      -487.1693038431 
        1.0400000000        -0.6448487985         0.8893818467        23.7926258216      -483.3648986403 
        1.0450000000        -0.6503566553         0.8689902348        21.4071284834      -513.8001402629 
        1.0500000000        -0.6555849207         0.8740881378        19.3886307357      -506.1913298572 
        1.0550000000        -0.6605313472         0.8817349922        16.8196336022      -494.7781142488 
        1.0600000000        -0.6651938083         0.8333049140        13.8836368782      -567.0618131025 
        1.0650000000        -0.6695702995         0.8613433804        11.4981395400      -525.2133558714 
        1.0700000000        -0.6736589394         0.8409517685         8.1951432255      -555.6485974940 
        1.0750000000        -0.6774579702         0.8205601566         6.3601452730      -586.0838391167 
        1.0800000000        -0.6809657588         0.8587944289         4.7086471158      -529.0177610742 
        1.0850000000        -0.6841807971         0.8078153991         1.2221510061      -605.1058651308 
        1.0900000000        -0.6871017029         0.8562454774        -2.0808453084      -532.8221662770 
        1.0950000000        -0.6897272205         0.7925216902        -5.0168420324      -627.9322963478 
        1.1000000000        -0.6920562213         0.8384028170        -6.8518399849      -559.4530026969 
        1.1050000000        -0.6940877040         0.8078153991       -11.2558350708      -605.1058651308 
        1.1100000000        -0.6958207951         0.8078153991       -13.4578326138      -605.1058651308 
        1.1150000000        -0.6972547498         0.8333049140       -16.2103295425      -567.0618131025 
        1.1200000000        -0.6983889514         0.7797769328       -19.6968256523      -646.9543223619 
        1.1250000000        -0.6992229125         0.7517384665       -22.4493225810      -688.8027795931 
        1.1300000000        -0.6997562744         0.8001685447       -25.7523188955      -616.5190807393 
        1.1350001000        -0.6999888095         0.7874237873       -28.3213160289      -635.5411067534 
        1.1400000000        -0.6999204130         0.7491895150       -32.5418113197      -692.6071847959 
        1.1450001000        -0.6995511088         0.7797769328       -35.6613078389      -646.9543223619 
        1.1500000000        -0.6988810851         0.7568363694       -40.6158023106      -681.1939691874 
        1.1550001000        -0.6979105764         0.7593853209       -40.7993021058      -677.3895639846 
        1.1600000000        -0.6966400776         0.7568363694       -45.0197973966      -681.1939691874 
        1.1650000000        -0.6950700677         0.7619342724       -50.3412914588      -673.5851587817 
        1.1700000000        -0.6932012439         0.7772279813       -49.6072922778      -650.7587275648 
        1.1750000000        -0.6910344098         0.7389937090       -54.1947871590      -707.8248056072 
        1.1800000000        -0.6885704968         0.7619342724       -60.4337801974      -673.5851587817 
        1.1850000000        -0.6858105642         0.7338958061       -60.9842795832      -715.4336160129 
        1.1900000000        -0.6827557986         0.7466405635       -63.9202763072      -696.4115899987 
        1.1950000000        -0.6794075131         0.7440916120       -67.9572718026      -700.2159952015 
        1.2000000000        -0.6757671472         0.7517384665       -71.0767683218      -688.8027795931 
        1.2050000000        -0.6718362659         0.7440916120       -74.3797646363      -700.2159952015 
        1.2100000000        -0.6676165592         0.7338958061       -78.9672595175      -715.4336160129 
        1.2150000000        -0.6631098410         0.7262489516       -82.0867560368      -726.8468316213 
        1.2200000000        -0.6583180489         0.7415426605       -84.8392529655      -704.0204004044 
        1.2250000000        -0.6532432428         0.7313468546       -89.2432480514      -719.2380212157 
        1.2300000000        -0.6478876045         0.7313468546       -93.0967437517      -719.2380212157 
        1.2350000000        -0.6422534364         0.7262489516       -95.8492406804      -726.8468316213 
        1.2400000000        -0.6363431606         0.7287979031       -98.6017376091      -723.0424264185 
        1.2450000000        -0.6301593179         0.7262489516      -103.3727322856      -726.8468316213 
        1.2500000000        -0.6237045669         0.7237000001      -106.6757286001      -730.6512368242 
        1.2550000000        -0.6169816825         0.7466405635      -110.3457245050      -696.4115899987 
        1.2600001000        -0.6099934124         0.7262489516      -114.0157204100      -726.8468316213 
        1.2650000000        -0.6027431881         0.7313468546      -117.1352169292      -719.2380212157 
        1.2700001000        -0.5952335465         0.7237000001      -120.8052128342      -730.6512368242 
        1.2750000000        -0.5874683169         0.7287979031      -124.2917089439      -723.0424264185 
        1.2800001000        -0.5794502162         0.7466405635      -128.5122042346      -696.4115899987 
        1.2850000000        -0.5711833330         0.7109552427      -132.3656999348      -749.6732628383 
        1.2900000000        -0.5626707325         0.7466405635      -134.7511972731      -696.4115899987 
        1.2950024000        -0.5539119777         0.7033083882      -138.9716925638      -761.0864784468 
        1.3000000000        -0.5449236111         0.7440916120      -142.6416884688      -700.2159952015 
        1.3050000000        -0.5356967197         0.7364447575      -146.4951841690      -711.6292108100 
        1.3100000000        -0.5262395298         0.7237000001      -149.6146806882      -730.6512368242 
        1.3150000000        -0.5165561071         0.7721300783      -152.9176770027      -658.3675379704 
        1.3200000000        -0.5066506146         0.7338958061      -157.1381722934      -715.4336160129 
        1.3250000000        -0.4965273107         0.7644832239      -159.5236696316      -669.7807535789 
        1.3300000000        -0.4861905474         0.7568363694      -164.8451636938      -681.1939691874 
        1.3350000000        -0.4756447686         0.7542874179      -169.0656589845      -684.9983743902 
        1.3400000000        -0.4648945080         0.7542874179      -171.2676565275      -684.9983743902 
        1.3450000000        -0.4539443870         0.7466405635      -175.4881518182      -696.4115899987 
        1.3500000000        -0.4427991133         0.7364447575      -179.1581477232      -711.6292108100 
        1.3550000000        -0.4314634783         0.7593853209      -179.3416475185      -677.3895639846 
        1.3600000000        -0.4199423551         0.7389937090      -181.7271448567      -707.8248056072 
        1.3650000000        -0.4082406968         0.7542874179       -99.5192365854      -684.9983743902 
        1.3700000000        -0.3963635339         0.7746790298      -100.8037351521      -654.5631327676 
        1.3750000000        -0.3843159726         0.7568363694       177.9324538304      -681.1939691874 
        1.3800000000        -0.3721031921         0.7619342724       179.9509515781      -673.5851587817 
        1.3850001000        -0.3597301936         0.7517384665       178.4829532161      -688.8027795931 
        1.3900000000        -0.3472030435         0.7593853209       175.7304562874      -677.3895639846 
        1.3950001000        -0.3345261252         0.7848748358       172.2439601777      -639.3455119563 
        1.4000000000        -0.3217059024         0.7772279813       168.2069646822      -650.7587275648 
        1.4050001000        -0.3087468613         0.7670321754       165.4544677535      -665.9763483761 
        1.4100000000        -0.2956556095         0.7772279813       161.7844718485      -650.7587275648 
        1.4150000000        -0.2824369934         0.7899727387       159.0319749198      -631.7367015506 
        1.4200000000        -0.2690969564         0.7925216902       155.5454788101      -627.9322963478 
        1.4250000000        -0.2556412333         0.7874237873       152.6094820861      -635.5411067534 
        1.4300000000        -0.2420756090         0.8052664477       150.0404849526      -608.9102703336 
        1.4350000000        -0.2284059152         0.8027174962       146.9209884334      -612.7146755365 
        1.4400000000        -0.2146380286         0.8256580595       143.4344923237      -578.4750287110 
        1.4450000000        -0.2007778682         0.8154622536       140.3149958044      -593.6926495223 
        1.4500073000        -0.1868109705         0.8027174962       137.5624988757      -612.7146755365 
        1.4550000000        -0.1728045971         0.8358538655       134.9935017422      -563.2574078997 
        1.4600000000        -0.1587035123         0.8154622536       131.6905054278      -593.6926495223 
        1.4650000000        -0.1445342000         0.8282070110       127.4700101370      -574.6706235082 
        1.4700000000        -0.1303027519         0.8384028170       125.6350121846      -559.4530026969 
        1.4750000000        -0.1160152860         0.8282070110       123.0660150511      -574.6706235082 
        1.4800000000        -0.1016779446         0.8485986229       120.1300183271      -544.2353818855 
        1.4850000000        -0.0872968914         0.8460496714       117.5610211936      -548.0397870884 
        1.4900000000        -0.0728783088         0.8766370893       114.8085242649      -502.3869246544 
        1.4950000000        -0.0584283956         0.8740881378       112.7900265172      -506.1913298572 
        1.5000000000        -0.0439533637         0.8409517685       109.6705299979      -555.6485974940 
        1.5050000000        -0.0294594360         0.8919307982       108.5695312264      -479.5604934374 
        1.5100001000        -0.0149525534         0.8944797497       104.7160355262      -475.7560882346 
        1.5150000000        -0.0004398229         0.8868328952       102.6975377785      -487.1693038431 
        1.5200001000         0.0140736771         0.9658503913       100.6790400308      -369.2327425554 
        1.5250000000         0.0285805464         0.9327140220        94.9905463781      -418.6900101922 
        1.5300001000         0.0430757088         0.9556545853        96.6420445353      -384.4503633667 
        1.5350000000         0.0575517734         0.9887909546        94.9905463781      -334.9930957299 
        1.5400001000         0.0720036747         1.1366301408        93.5225480161      -114.3375939658 
        1.5450000000         0.0864240439         1.2258434428        94.2565471971        18.8165881332 
        1.5500000000         0.1008075478         1.2156476369        94.0730474018         3.5989673219 
        1.5550000000         0.1151477140         1.2130986854        94.2565471971        -0.2054378810 
        1.5600000000         0.1294383778         1.2130986854        93.8895476066        -0.2054378810 
        1.5650000000         0.1436733954         1.2258434428        92.9720486303        18.8165881332 
        1.5700000000         0.1578466471         1.2156476369        93.7060478113         3.5989673219 
        1.5750000000         0.1719520398         1.2156476369        95.1740461733         3.5989673219 
        1.5800000000         0.1859835096         1.2615287636        93.5225480161        72.0782609728 
        1.5850000000         0.1999350242         1.2538819092        94.4400469923        60.6650453643 
        1.5900000000         0.2138005859         1.2564308607        94.9905463781        64.4694505671 
        1.5950000000         0.2275742336         1.2946651330        95.9080453543       121.5355286096 
        1.6000000000         0.2412500462         1.2768224726        96.0915451495        94.9046921898 
        1.6050000000         0.2548221443         1.2997630359        97.0090441258       129.1443390152 
        1.6100000000         0.2682846932         1.2921161815        97.1925439210       117.7311234068 
        1.6150000000         0.2816319053         1.3023119874        97.5595435115       132.9487442181 
        1.6200000000         0.2948580425         1.3176056963        99.9450408498       155.7751754350 
        1.6250000000         0.3079574189         1.3328994052        99.2110416688       178.6016066520 
        1.6300000000         0.3209244030         1.3379973082       100.1285406450       186.2104170577 
        1.6350001000         0.3337536754         1.3328994052       100.8625398260       178.6016066520 
        1.6400000000         0.3464389554         1.3507420656       102.1470383927       205.2324430718 
        1.6450001000         0.3589758040         1.3558399686       104.7160355262       212.8412534775 
        1.6500000000         0.3713578290         1.3558399686       103.7985365500       212.8412534775 
        1.6550001000         0.3835806976         1.3609378716       105.2665349120       220.4500638831 
        1.6600000000         0.3956381776         1.3583889201       106.3675336835       216.6456586803 
        1.6650001000         0.4075260497         1.3762315805       107.2850326597       243.2764951001 
        1.6700000000         0.4192382526         1.3787805320       108.7530310217       247.0809003029 
        1.6750000000         0.4307704591         1.3838784350       109.4870302027       254.6897107086 
        1.6800000000         0.4421174754         1.4017210954       112.0560273362       281.3205471284 
        1.6850000000         0.4532744234         1.3711336775       112.6065267219       235.6676846945 
        1.6900000000         0.4642365066         1.3991721439       114.0745250839       277.5161419256 
        1.6950000000         0.4749990125         1.3966231924       115.5425234459       273.7117367228 
        1.7000000000         0.4855573141         1.4272106102       118.6620199651       319.3645991567 
        1.7050000000         0.4959068724         1.3915252894       117.9280207841       266.1029263171 
        1.7100000000         0.5060432380         1.3787805320       120.1300183271       247.0809003029 
        1.7150000000         0.5159620534         1.4068189983       121.4145168938       288.9293575341 
        1.7200097000         0.5256776482         1.4527001251       124.5340134131       357.4086511850 
        1.7250000000         0.5351300720         1.4144658528       124.9010130036       300.3425731426 
        1.7300000000         0.5443710348         1.4527001251       128.3875091133       357.4086511850 
        1.7350000000         0.5533779701         1.4577980281       128.5710089085       365.0174615907 
        1.7400000000         0.5621470056         1.4323085132       130.5895066563       326.9734095624 
        1.7450000000         0.5706743716         1.4883854459       132.7915041992       410.6703240246 
        1.7500000000         0.5789564020         1.4756406885       134.4430023565       391.6482980105 
        1.7550000000         0.5869895364         1.4679938340       136.8284996947       380.2350824020 
        1.7600001000         0.5947704745         1.4858364944       139.5809966234       406.8659188218 
        1.7650000000         0.6022954119         1.5113260093       139.9479962139       444.9099708501 
        1.7700001000         0.6095617155         1.4858364944       142.5169933474       406.8659188218 
        1.7750000000         0.6165656804         1.5240707667       145.0859904809       463.9319968642 
        1.7800001000         0.6233048558         1.5062281063       146.5539888429       437.3011604444 
        1.7850000000         0.6297758054         1.5470113301       150.2239847479       498.1716436897 
        1.7900001000         0.6359762648         1.5317176211       151.6919831098       475.3452124727 
        1.7950000000         0.6419030727         1.5138749607       154.9949794243       448.7143760529 
        1.8000000000         0.6475540448         1.5495602815       157.5639765578       501.9760488925 
        1.8050000000         0.6529266304         1.5572071360       160.6834730770       513.3892645010 
        1.8100000000         0.6580185199         1.5393644756       161.4174722580       486.7584280812 
        1.8150000000         0.6628275243         1.5775987479       164.3534689820       543.8245061236 
        1.8200000000         0.6673515760         1.5495602815       166.9224661155       501.9760488925 
        1.8250000000         0.6715887303         1.5699518934       169.6749630442       532.4112905151 
        1.8300000000         0.6755371655         1.5775987479       172.7944595634       543.8245061236 
        1.8350045000         0.6791983451         1.5954414083       175.9139560826       570.4553425434 
        1.8400000000         0.6825612138         1.6005393113       178.1159536256       578.0641529491 
        1.8450000000         0.6856338072         1.6081861657       180.6849507591       589.4773685576 
        1.8500000000         0.6884116435         1.6005393113       180.3179511686       578.0641529491 
        1.8550000000         0.6908935285         1.6413225350       180.3179511686       638.9346361944 
        1.8600000000         0.6930783952         1.6030882627       -99.7027363806       581.8685581519 
        1.8650000000         0.6949653043         1.6413225350      -179.5251473137       638.9346361944 
        1.8700000000         0.6965534447         1.6234798746      -179.3416475185       612.3037997745 
        1.8750000000         0.6978421336         1.6387735836      -180.0756466995       635.1302309915 
        1.8800000000         0.6988308170         1.6387735836      -179.3416475185       635.1302309915 
        1.8850001000         0.6995190805         1.6387735836      -177.1396499755       635.1302309915 
        1.8900000000         0.6999065961         1.6438714865      -172.9191546848       642.7390413972 
        1.8950001000         0.6999932282         1.6591651954      -169.2491587798       665.5654726142 
        1.9000000000         0.6997789325         1.6438714865      -166.3131620558       642.7390413972 
        1.9050001000         0.6992637841         1.6693610014      -164.1111645128       680.7830934255 
        1.9100000000         0.6984480456         1.6438714865      -160.0741690174       642.7390413972 
        1.9150001000         0.6973320024         1.6668120499      -156.9546724981       676.9786882226 
        1.9200000000         0.6959162237         1.6693610014      -152.3671776169       680.7830934255 
        1.9250000000         0.6942012421         1.6693610014      -148.8806815072       680.7830934255 
        1.9300000000         0.6921878202         1.6719099529      -146.8621837595       684.5874986283 
        1.9350000000         0.6898768236         1.6795568073      -142.6416884688       696.0007142368 
        1.9400000000         0.6872692458         1.6846547103      -138.9716925638       703.6095246425 
        1.9450000000         0.6843662078         1.6897526133      -135.8521960446       711.2183350481 
        1.9500000000         0.6811689577         1.6795568073      -133.4666987063       696.0007142368 
        1.9550000000         0.6776788699         1.6872036618      -128.6957040299       707.4139298453 
        1.9600000000         0.6738974449         1.6923015648      -127.0442058726       715.0227402509 
        1.9650000000         0.6698263083         1.6821057588      -121.9062116057       699.8051194396 
        1.9700000000         0.6654672103         1.6923015648      -118.6032152912       715.0227402509 
        1.9750000000         0.6608220249         1.6999484192      -113.8322206147       726.4359558594 
        1.9800000000         0.6558927491         1.6897526133      -110.3457245050       711.2183350481 
        1.9850000000         0.6506815020         1.6999484192      -107.2262279858       726.4359558594 
        1.9900000000         0.6451905240         1.6821057588      -103.7397318761       699.8051194396 
        1.9950000000         0.6394221756         1.7126931766       -99.5192365854       745.4579818736 
        2.0000000000         0.6333789367         1.6999484192       -96.5832398614       726.4359558594 
        2.0050000000         0.6270634053         1.7101442252       -92.7297441612       741.6535766707 
        2.0100000000         0.6204782965         1.7101442252       -89.4267478467       741.6535766707 
        2.0150001000         0.6136263016         1.6872036618       -85.9402517370       707.4139298453 
        2.0200001000         0.6065106403         1.7101442252       -82.2702558320       741.6535766707 
        2.0250000000         0.5991343874         1.6948505162       -79.3342591080       718.8271454538 
        2.0300000000         0.5915004189         1.7075952737       -75.2972636126       737.8491714679 
        2.0350000000         0.5836121618         1.7126931766       -70.8932685266       745.4579818736 
        2.0400001000         0.5754728418         1.7101442252       -67.2232726216       741.6535766707 
        2.0450000000         0.5670864539         1.6923015648       -63.7367765119       715.0227402509 
        2.0500000000         0.5584561077         1.6948505162       -60.6172799927       718.8271454538 
        2.0550000000         0.5495856786         1.7228889826       -57.6812832687       760.6756026849 
        2.0600000000         0.5404789802         1.7024973707       -53.0937883875       730.2403610623 
        2.0650000000         0.5311399273         1.7075952737       -50.1577916635       737.8491714679 
        2.0700000000         0.5215725350         1.6999484192       -46.1207961680       726.4359558594 
        2.0750000000         0.5117809163         1.6897526133       -43.5517990346       711.2183350481 
        2.0800000000         0.5017692806         1.7407316430       -38.7808043581       787.3064391047 
        2.0850000000         0.4915419321         1.6897526133       -36.7623066104       711.2183350481 
        2.0900000000         0.4811032674         1.6591651954       -31.9913119339       665.5654726142 
        2.0950000000         0.4704577742         1.7024973707       -28.6883156194       730.2403610623 
        2.1000011000         0.4596076206         1.6897526133       -25.2018195097       711.2183350481 
        2.1050000000         0.4485646954         1.6999484192       -21.1648240142       726.4359558594 
        2.1100000000         0.4373265218         1.6973994677       -18.2288272903       722.6315506566 
        2.1150000000         0.4259003396         1.6948505162       -17.1278285188       718.8271454538 
        2.1200000000         0.4142910608         1.6719099529       -10.8888354803       684.5874986283 
        2.1250000000         0.4025036764         1.6821057588        -8.1363385516       699.8051194396 
        2.1300000000         0.3905432539         1.6897526133        -6.8518399849       711.2183350481 
        2.1350000000         0.3784149350         1.6489693895        -2.0808453084       650.3478518028 
        2.1400001000         0.3661236864         1.6719099529         1.9561501871       684.5874986283 
        2.1450000000         0.3536755343         1.6591651954         5.4426462968       665.5654726142 
        2.1500000000         0.3410750880         1.6642630984         7.8281436350       673.1742830198 
        2.1550000000         0.3283280120         1.6438714865        11.4981395400       642.7390413972 
        2.1600000000         0.3154397863         1.6413225350        14.9846356497       638.9346361944 
        2.1650000000         0.3024159516         1.6464204380        17.0031333974       646.5434466000 
        2.1700000000         0.2892621069         1.6387735836        20.6731293024       635.1302309915 
        2.1750000000         0.2759839070         1.6464204380        24.3431252074       646.5434466000 
        2.1800001000         0.2625867914         1.6311267291        26.7286225456       623.7170153830 
        2.1850000000         0.2490773265         1.6234798746        30.3986184506       612.3037997745 
        2.1900000000         0.2354605131         1.6209309231        32.4171161983       608.4993945717 
        2.1950000000         0.2217424742         1.6260288261        35.5366127175       616.1082049774 
        2.2000000000         0.2079291071         1.6183819717        38.6561092368       604.6949893689 
        2.2050000000         0.1940263504         1.6005393113        41.5921059607       578.0641529491 
        2.2100000000         0.1800401808         1.5954414083        44.5281026847       570.4553425434 
        2.2150000000         0.1659766112         1.6081861657        47.2805996134       589.4773685576 
        2.2200000000         0.1518416874         1.6005393113        50.9505955184       578.0641529491 
        2.2250000000         0.1376414862         1.6107351172        54.0700920376       593.2817737604 
        2.2300000000         0.1233821123         1.5852456023        55.7215901949       555.2377217321 
        2.2350000000         0.1090696959         1.5903435053        58.1070875331       562.8465321378 
        2.2400000000         0.0947103899         1.5826966509        61.7770834381       551.4333165293 
        2.2450000000         0.0803103675         1.5674029419        63.9790809811       528.6068853123 
        2.2500000000         0.0658758193         1.5699518934        66.7315779098       532.4112905151 
        2.2550000000         0.0514129508         1.5419134271        69.3005750433       490.5628332840 
        2.2600000000         0.0369279796         1.5495602815        71.5025725862       501.9760488925 
        2.2650001000         0.0224268428         1.5674029419        73.7045701292       528.6068853123 
        2.2700000000         0.0079166447         1.5189728637        76.6405668532       456.3231864586 
        2.2750000000        -0.0065972469         1.5368155241        79.3930637819       482.9540228784 
        2.2800000000        -0.0211083023         1.5215218152        80.6775623487       460.1275916614 
        2.2850000000        -0.0356102832         1.5062281063        85.8155566156       437.3011604444 
        2.2900000000        -0.0500969551         1.4807385914        85.9990564109       399.2571084161 
        2.2950000000        -0.0645620900         1.4272106102        87.1000551824       319.3645991567 
        2.3000000000        -0.0789994694         1.3787805320        88.0175541586       247.0809003029 
        2.3050001000        -0.0934031743         1.2921161815        89.3020527254       117.7311234068 
        2.3100000000        -0.1077661494         1.2080007824        88.7515533396        -7.8142482866 
        2.3150000000        -0.1220830831         1.2003539280        89.4855525206       -19.2274638951 
        2.3200000000        -0.1363475327         1.2156476369        91.3205504731         3.5989673219 
        2.3250000000        -0.1505533659         1.2130986854        90.0360519063        -0.2054378810 
        2.3300000000        -0.1646944755         1.2105497339        89.3020527254        -4.0098430838 
        2.3350000000        -0.1787647822         1.1646686072        89.1185529301       -72.4891367347 
        2.3400000000        -0.1927582371         1.1799623161        89.3020527254       -49.6627055177 
        2.3450000000        -0.2066688244         1.1697665101        88.5680535444       -64.8803263290 
        2.3500000000        -0.2204905638         1.1799623161        89.3020527254       -49.6627055177 
        2.3550000000        -0.2342175133         1.1366301408        87.8340543634      -114.3375939658 
        2.3600000000        -0.2478437716         1.1519238497        87.8340543634       -91.5111627489 
        2.3650000000        -0.2613634807         1.1289832864        86.9165553871      -125.7508095743 
        2.3700000000        -0.2747708285         1.0932979656        86.7330555919      -179.0124824139 
        2.3750000000        -0.2880600510         1.1264343349        85.9990564109      -129.5552147771 
        2.3800000000        -0.3012254352         1.0907490141        84.5310580489      -182.8168876168 
        2.3850000000        -0.3142613213         1.1060427230        84.7145578441      -159.9904563998 
        2.3900001000        -0.3271623616         1.0805532081        84.1640584584      -198.0345084281 
        2.3950000000        -0.3399222401         1.0882000626        82.5125603012      -186.6212928196 
        2.4000000000        -0.3525362411         1.0780042567        81.2280617344      -201.8389136309 
        2.4050000000        -0.3649986853         1.0729063537        80.8610621439      -209.4477240366 
        2.4100000000        -0.3773042148         1.0856511111        79.0260641914      -190.4256980224 
        2.4150000000        -0.3894475395         1.0525147418        77.9250654199      -239.8829656592 
        2.4200000000        -0.4014234389         1.0550636933        77.3745660342      -236.0785604564 
        2.4250000000        -0.4132267645         1.0372210329        75.7230678770      -262.7093968762 
        2.4300001000        -0.4248526728         1.0346720814        74.0715697197      -266.5138020790 
        2.4350000000        -0.4362954737         1.0270252269        73.1540707435      -277.9270176875 
        2.4400000000        -0.4475509399         1.0244762754        71.6860723815      -281.7314228903 
        2.4450000000        -0.4586140019         1.0244762754        70.0345742243      -281.7314228903 
        2.4500000000        -0.4694799036         1.0219273240        68.9335754528      -285.5358280931 
        2.4550000000        -0.4801439737         0.9964378091        66.5480781145      -323.5798801214 
        2.4600000000        -0.4906016278         1.0066336150        66.5480781145      -308.3622593101 
        2.4650000000        -0.5008483700         0.9887909546        63.7955811858      -334.9930957299 
        2.4700000000        -0.5108797952         0.9989867606        61.9605832333      -319.7754749186 
        2.4750000000        -0.5206915909         0.9683993428        61.2265840523      -365.4283373526 
        2.4800000000        -0.5302795388         0.9785951487        59.2080863046      -350.2107165412 
        2.4850000000        -0.5396395172         0.9709482942        57.5565881474      -361.6239321497 
        2.4900000000        -0.5487675020         0.9556545853        55.3545906044      -384.4503633667 
        2.4950000000        -0.5576595692         0.9352629734        52.9690932661      -414.8856049893 
        2.5000000000        -0.5663118961         0.9531056338        51.5010949042      -388.2547685695 
        2.5050000000        -0.5747207628         0.9072245071        49.4825971564      -456.7340622205 
        2.5100000000        -0.5828825545         0.9607524883        47.4640994087      -376.8415529611 
        2.5150001000        -0.5907939180         0.9097734586        45.0786020705      -452.9296570176 
        2.5200000000        -0.5984509851         0.9378119249        44.5281026847      -411.0811997865 
        2.5250000000        -0.6058509312         0.9097734586        40.3076073940      -452.9296570176 
        2.5300000000        -0.6129904191         0.9148713616        39.3901084178      -445.3208466120 
        2.5350000000        -0.6198663797         0.8970287012        36.2706118985      -471.9516830318 
        2.5400000000        -0.6264758569         0.9046755556        35.9036123080      -460.5384674233 
        2.5450000000        -0.6328160093         0.8970287012        31.8666168126      -471.9516830318 
        2.5500000000        -0.6388841112         0.8944797497        29.8481190648      -475.7560882346 
        2.5550001000        -0.6446776670         0.8689902348        27.8296213171      -513.8001402629 
        2.5600000000        -0.6501938467         0.8791860408        24.7101247979      -498.5825194516 
        2.5650000000        -0.6554306183         0.8613433804        21.9576278691      -525.2133558714 
        2.5700000000        -0.6603856172         0.8587944289        19.9391301214      -529.0177610742 
        2.5750000000        -0.6650567134         0.8511475744        16.4526340117      -540.4309766827 
        2.5800000000        -0.6694418986         0.8562454774        15.1681354450      -532.8221662770 
        2.5850000000        -0.6735392877         0.8409517685        12.5991383115      -555.6485974940 
        2.5900000000        -0.6773471192         0.8740881378         9.1126422018      -506.1913298572 
        2.5950000000        -0.6808637561         0.8180112051         6.9106446588      -589.8882443195 
        2.6000000000        -0.6840876865         0.8638923318         3.9746479348      -521.4089506686 
        2.6050150000        -0.6870258703         0.8205601566         1.4056508013      -586.0838391167 
        2.6100000000        -0.6896520106         0.8435007200        -0.9798465369      -551.8441922912 
        2.6150000000        -0.6919900120         0.8078153991        -3.9158432609      -605.1058651308 
        2.6200000000        -0.6940305239         0.8282070110        -6.4848403944      -574.6706235082 
        2.6250000000        -0.6957726688         0.8154622536       -10.5218358898      -593.6926495223 
        2.6300000000        -0.6972156979         0.7874237873       -13.6413324091      -635.5411067534 
        2.6350000000        -0.6983589908         0.8129133021       -15.8433299520      -597.4970547251 
        2.6400001000        -0.6992020698         0.7950706417       -18.2288272903      -624.1278911450 
        2.6450000000        -0.6997445310         0.7874237873       -22.0823229905      -635.5411067534 
        2.6500000000        -0.6999861826         0.7823258843       -24.6513201240      -643.1499171591 
        2.6550000000        -0.6999269070         0.7925216902       -27.9543164384      -627.9322963478 
        2.6600000000        -0.6995667296         0.7542874179       -31.2573127529      -684.9983743902 
        2.6650000000        -0.6989058053         0.7848748358       -34.5603090674      -639.3455119563 
        2.6700000000        -0.6979444182         0.7721300783       -38.2303049724      -658.3675379704 
        2.6750000000        -0.6966829815         0.7619342724       -40.2488027201      -673.5851587817 
        2.6800001000        -0.6951220035         0.7619342724       -44.4692980108      -673.5851587817 
        2.6850000000        -0.6932622578         0.7593853209       -47.2217949395      -677.3895639846 
        2.6900000000        -0.6911044412         0.7823258843       -50.1577916635      -643.1499171591 
        2.6950000000        -0.6886495157         0.7466405635       -53.6442877732      -696.4115899987 
        2.7000000000        -0.6858985367         0.7440916120       -56.9472840877      -700.2159952015 
        2.7050000000        -0.6828526867         0.7440916120       -60.2502804022      -700.2159952015 
        2.7100000000        -0.6795132752         0.7542874179       -63.5532767167      -684.9983743902 
        2.7150000000        -0.6758817379         0.7415426605       -66.4892734406      -704.0204004044 
        2.7200000000        -0.6719596359         0.7491895150       -70.7097687313      -692.6071847959 
        2.7250000000        -0.6677486554         0.7440916120       -75.8477629983      -700.2159952015 
        2.7300000000        -0.6632506067         0.7593853209       -76.0312627936      -677.3895639846 
        2.7350000000        -0.6584674236         0.7237000001       -80.9857572653      -730.6512368242 
        2.7400000000        -0.6534011622         0.7593853209       -85.7567519417      -677.3895639846 
        2.7450000000        -0.6480540008         0.7262489516       -87.9587494847      -726.8468316213 
        2.7500000000        -0.6424282380         0.7542874179       -91.2617457992      -684.9983743902 
        2.7550000000        -0.6365262923         0.7237000001       -94.7482419089      -730.6512368242 
        2.7600000000        -0.6303507011         0.7466405635       -98.0512382234      -696.4115899987 
        2.7650001000        -0.6239039876         0.7313468546      -102.0882337188      -719.2380212157 
        2.7700000000        -0.6171893182         0.7338958061      -104.8407306476      -715.4336160129 
        2.7750000000        -0.6102091846         0.7517384665      -107.7767273715      -688.8027795931 
        2.7800000000        -0.6029667193         0.7313468546      -113.4652210242      -719.2380212157 
        2.7850000000        -0.5954650358         0.7440916120      -114.9332193862      -700.2159952015 
        2.7900000000        -0.5877073592         0.7313468546      -119.3372144722      -719.2380212157 
        2.7950000000        -0.5796970246         0.7211510486      -123.3742099677      -734.4556420270 
        2.8000000000        -0.5714374755         0.7415426605      -125.5762075107      -704.0204004044 
        2.8050001000        -0.5629320903         0.7338958061      -129.7967028014      -715.4336160129 
        2.8100000000        -0.5541850431         0.7287979031      -133.2831989111      -723.0424264185 
        2.8150000000        -0.5451995766         0.7491895150      -137.5036942018      -692.6071847959 
        2.8200000000        -0.5359797263         0.7466405635      -139.8891915400      -696.4115899987 
        2.8250000000        -0.5265294559         0.7823258843      -143.5591874450      -643.1499171591 
        2.8300000000        -0.5168528281         0.7542874179      -147.5961829405      -684.9983743902 
        2.8350000000        -0.5069540029         0.7313468546      -151.4496786407      -719.2380212157 
        2.8400000000        -0.4968372359         0.7466405635      -154.2021755694      -696.4115899987 
        2.8450000000        -0.4865068763         0.7338958061      -158.2391710649      -715.4336160129 
        2.8500000000        -0.4759673651         0.7491895150      -161.7256671746      -692.6071847959 
        2.8550000000        -0.4652232334         0.7338958061      -165.7626626701      -715.4336160129 
        2.8600000000        -0.4542791001         0.7695811269      -169.0656589845      -662.1719431732 
        2.8650000000        -0.4431396701         0.7517384665      -172.7356548895      -688.8027795931 
        2.8700000000        -0.4318097324         0.7440916120      -176.5891505897      -700.2159952015 
        2.8750000000        -0.4202941577         0.7670321754      -179.3416475185      -665.9763483761 
        2.8800000000        -0.4085978967         0.7440916120      -180.0756466995      -700.2159952015 
        2.8850000000        -0.3967259775         0.7542874179      -179.3416475185      -684.9983743902 
        2.8900001000        -0.3846832615         0.7772279813      -100.0697359711      -650.7587275648 
        2.8950000000        -0.3724756533         0.7848748358      -100.9872349474      -639.3455119563 
        2.9000000000        -0.3601076736         0.7491895150       180.8684505544      -692.6071847959 
        2.9050000000        -0.3475848821         0.7848748358       180.1344513734      -639.3455119563 
        2.9100000000        -0.3349126621         0.7848748358       178.1159536256      -639.3455119563 
        2.9150000000        -0.3220964617         0.7823258843       175.9139560826      -643.1499171591 
        2.9200000000        -0.3091417906         0.7950706417       172.2439601777      -624.1278911450 
        2.9250000000        -0.2960542180         0.7899727387       169.4914632490      -631.7367015506 
        2.9300001000        -0.2828391048         0.7772279813       165.2709679582      -650.7587275648 
        2.9350000000        -0.2695029287         0.7925216902       162.5184710295      -627.9322963478 
        2.9400000000        -0.2560506265         0.8052664477       159.7659741008      -608.9102703336 
        2.9450000000        -0.2424882470         0.7976195932       155.5454788101      -620.3234859421 
        2.9500000000        -0.2288216208         0.8103643506       151.1414837241      -601.3014599280 
        2.9550000000        -0.2150566230         0.8027174962       149.4899855669      -612.7146755365 
        2.9600000000        -0.2011991714         0.8052664477       147.1044882286      -608.9102703336 
        2.9650000000        -0.1872552234         0.8282070110       143.9849917094      -574.6706235082 
        2.9700000000        -0.1732307735         0.8460496714       141.4159945759      -548.0397870884 
        2.9750000000        -0.1591318510         0.8052664477       138.2964980567      -608.9102703336 
        2.9800000000        -0.1449645168         0.8435007200       136.4615001042      -551.8441922912 
        2.9850000000        -0.1307348618         0.8536965259       132.0575050183      -536.6265714799 
        2.9900000000        -0.1164490033         0.8460496714       129.8555074753      -548.0397870884 
        2.9950000000        -0.1021130829         0.8613433804       127.2865103418      -525.2133558714 
        3.0000000000        -0.0877332635         0.8689902348       124.5340134131      -513.8001402629 
        3.0050000000        -0.0733157272         0.8613433804       121.9650162796      -525.2133558714 
        3.0100000000        -0.0588666722         0.8740881378       119.3960191461      -506.1913298572 
        3.0150001000        -0.0443920203         0.8740881378       116.8270220126      -506.1913298572 
        3.0200000000        -0.0298988635         0.9021266041       114.9920240601      -464.3428726261 
        3.0250000000        -0.0153925633         0.8435007200       111.3220281552      -551.8441922912 
        3.0300000000        -0.0008796457         0.8868328952       109.3035304074      -487.1693038431 
        3.0350004000         0.0136348109         0.9097734586       106.7345332740      -452.9296570176 
        3.0400000000         0.0281410846         0.9862420032       105.4500347072      -338.7975009328 
        3.0450000000         0.0426364211         0.9836930517       103.2480371642      -342.6019061356 
        3.0500000000         0.0571134281         1.0040846636       102.3305381880      -312.1666645130 
        3.0550001000         0.0715661705         1.0321231299       101.0460396213      -270.3182072818 
        3.0600000000         0.0859875689         1.2029028795        99.3945414640       -15.4230586923 
        3.0650000000         0.1003722896         1.2003539280        99.5780412593       -19.2274638951 
        3.0700000000         0.1147138598         1.2080007824       100.8625398260        -7.8142482866 
        3.0750001000         0.1290063993         1.2156476369       100.3120404403         3.5989673219 
        3.0800000000         0.1432429079         1.2232944913        99.5780412593        15.0121829304 
        3.0850000000         0.1574181210         1.2487840062       100.1285406450        53.0562349587 
        3.0900000000         0.1715256593         1.2564308607       100.8625398260        64.4694505671 
        3.0950000000         0.1855594579         1.2462350547       100.4955402355        49.2518297558 
        3.1000000000         0.1995134837         1.2640777151       102.3305381880        75.8826661756 
        3.1050000000         0.2133817378         1.2819203755       101.0460396213       102.5135025954 
        3.1100000000         0.2271582580         1.2844693270       102.5140379832       106.3179077983 
        3.1150000000         0.2408371219         1.2895672300       104.5325357310       113.9267182039 
        3.1200000000         0.2544124488         1.2895672300       102.5140379832       113.9267182039 
        3.1250000000         0.2678784027         1.3099588419       101.0460396213       144.3619598266 
        3.1300000000         0.2812291943         1.3048609389       104.5325357310       136.7531494209 
        3.1350000000         0.2944590843         1.3125077934       104.7160355262       148.1663650294 
        3.1400001000         0.3075626457         1.3252525508       107.4685324550       167.1883910435 
        3.1450000000         0.3205334632         1.3227035993       105.8170342977       163.3839858407 
        3.1500000000         0.3333667426         1.3227035993       107.6520322502       163.3839858407 
        3.1550000000         0.3460567061         1.3634868231       108.9365308169       224.2544690860 
        3.1600000000         0.3585978982         1.3328994052       109.1200306122       178.6016066520 
        3.1650000000         0.3709849275         1.3150567448       110.4045291789       151.9707702322 
        3.1700000000         0.3832124687         1.3456441627       112.6065267219       197.6236326662 
        3.1750000000         0.3952752650         1.3507420656       111.8725275409       205.2324430718 
        3.1800001000         0.4071683669         1.3278015023       114.6250244696       170.9927962464 
        3.1850000000         0.4188859531         1.3966231924       112.2395271314       273.7117367228 
        3.1900000000         0.4304236944         1.3915252894       116.6435222174       266.1029263171 
        3.1950000000         0.4417763946         1.3966231924       116.4600224221       273.7117367228 
        3.2000001000         0.4529393944         1.3889763379       119.5795189414       262.2985211143 
        3.2050000000         0.4639072310         1.4017210954       116.8270220126       281.3205471284 
        3.2100000000         0.4746758530         1.4017210954       123.2495148463       281.3205471284 
        3.2150000000         0.4852404098         1.4144658528       122.1485160748       300.3425731426 
        3.2200000000         0.4955963595         1.4348574647       121.7815164843       330.7778147652 
        3.2250000000         0.5057392500         1.4221127072       126.7360109560       311.7557887510 
        3.2300000000         0.5156647209         1.4323085132       128.3875091133       326.9734095624 
        3.2350000000         0.5253685052         1.3991721439       129.3050080895       277.5161419256 
        3.2400000000         0.5348464312         1.4552490766       131.8740052230       361.2130563878 
        3.2450000000         0.5440944243         1.4527001251       132.6080044040       357.4086511850 
        3.2500000000         0.5531085087         1.4476022221       133.5255033802       349.7998407793 
        3.2550000000         0.5618848092         1.4603469795       136.4615001042       368.8218667935 
        3.2600000000         0.5704195528         1.4858364944       138.4799978520       406.8659188218 
        3.2650001000         0.5787092339         1.4832875429       140.8654951902       403.0615136189 
        3.2700000000         0.5867497986         1.4654448825       141.7829941664       376.4306771991 
        3.2750000000         0.5945382802         1.5087770578       144.7189908904       441.1055656472 
        3.2800000000         0.6020711671         1.4781896399       145.8199896619       395.4527032133 
        3.2850000000         0.6093452208         1.5240707667       148.3889867954       463.9319968642 
        3.2900000000         0.6163573143         1.5317176211       150.7744841336       475.3452124727 
        3.2950000000         0.6231044329         1.5011302033       153.5269810623       429.6923500387 
        3.3000000000         0.6295836761         1.5138749607       156.4629777863       448.7143760529 
        3.3050001000         0.6357923798         1.5419134271       157.9309761483       490.5628332840 
        3.3100000000         0.6417275107         1.5138749607       159.5824743055       448.7143760529 
        3.3150000000         0.6473868814         1.5674029419       163.2524702105       528.6068853123 
        3.3200000000         0.6527679375         1.5393644756       165.2709679582       486.7584280812 
        3.3250001000         0.6578684649         1.5419134271       167.6564652965       490.5628332840 
        3.3300000000         0.6626859734         1.5648539905       170.4089622252       524.8024801095 
        3.3350000000         0.6672186892         1.5648539905       172.6109597682       524.8024801095 
        3.3400000000         0.6714645648         1.5775987479       175.7304562874       543.8245061236 
        3.3450000000         0.6754217746         1.5750497964       178.4829532161       540.0201009208 
        3.3500000000         0.6790886175         1.5979903598       181.0519503496       574.2597477463 
        3.3550000000         0.6824635172         1.5801476994       179.4004521924       547.6289113265 
        3.3600000000         0.6855450226         1.6209309231       180.3179511686       608.4993945717 
        3.3650000000         0.6883318092         1.5877945538       -99.1522369949       559.0421269349 
        3.3700000000         0.6908226787         1.6183819717      -179.7086471090       604.6949893689 
        3.3750000000         0.6930165604         1.5954414083      -182.0941444472       570.4553425434 
        3.3800000000         0.6949125111         1.6234798746      -179.1581477232       612.3037997745 
        3.3850000000         0.6965097158         1.6234798746      -178.7911481327       612.3037997745 
        3.3900001000         0.6978075107         1.6336756806      -177.1396499755       627.5214205859 
        3.3950000000         0.6988052691         1.6489693895      -173.2861542753       650.3478518028 
        3.4000000000         0.6995026308         1.6413225350      -170.3501575513       638.9346361944 
        3.4050000000         0.6998992732         1.6387735836      -166.1296622606       635.1302309915 
        3.4100000000         0.6999950257         1.6642630984      -163.1936655366       673.1742830198 
        3.4150000000         0.6997898472         1.6311267291      -160.4411686079       623.7170153830 
        3.4200000000         0.6992838257         1.6438714865      -157.3216720886       642.7390413972 
        3.4250000000         0.6984771790         1.6540672925      -153.2846765932       657.9566622085 
        3.4300001000         0.6973702286         1.6617141469      -149.6146806882       669.3698778170 
        3.4350000000         0.6959635259         1.6566162440      -147.4126831452       661.7610674113 
        3.4400000000         0.6942576001         1.6693610014      -143.5591874450       680.7830934255 
        3.4450000000         0.6922532097         1.6795568073      -140.8066905163       696.0007142368 
        3.4500001000         0.6899511676         1.6719099529      -135.3016966588       684.5874986283 
        3.4550000000         0.6873526103         1.6897526133      -133.2831989111       711.2183350481 
        3.4600000000         0.6844585080         1.6821057588      -129.6132030061       699.8051194396 
        3.4650000000         0.6812701538         1.6489693895      -126.6772062821       650.3478518028 
        3.4700000000         0.6777889185         1.6973994677      -122.2732111962       722.6315506566 
        3.4750000000         0.6740162986         1.6821057588      -120.0712136532       699.8051194396 
        3.4800000000         0.6699539160         1.6821057588      -115.8507183625       699.8051194396 
        3.4850000000         0.6656035172         1.6846547103      -112.5477220480       703.6095246425 
        3.4900000000         0.6609669724         1.7050463222      -108.3272267573       734.0447662651 
        3.4950000000         0.6560462749         1.6821057588      -103.9232316713       699.8051194396 
        3.5000000000         0.6508435401         1.7050463222      -101.5377343331       734.0447662651 
        3.5050000000         0.6453610047         1.7203400311       -97.6842386329       756.8711974821 
        3.5100000000         0.6396010257         1.7050463222       -93.4637433422       734.0447662651 
        3.5150001000         0.6335659558         1.7050463222       -91.2617457992       734.0447662651 
        3.5200000000         0.6272587598         1.6923015648       -88.3257490752       715.0227402509 
        3.5250000000         0.6206817790         1.7024973707       -83.1877548082       730.2403610623 
        3.5300000000         0.6138379643         1.7075952737       -80.9857572653       737.8491714679 
        3.5350000000         0.6067302578         1.7126931766       -76.9487617698       745.4579818736 
        3.5400000000         0.5993617152         1.6897526133       -74.0127650458       711.2183350481 
        3.5450000000         0.5917355043         1.7024973707       -70.1592693456       730.2403610623 
        3.5500000000         0.5838549035         1.7126931766       -66.3057736454       745.4579818736 
        3.5550009000         0.5757218148         1.7050463222       -62.6357777404       734.0447662651 
        3.5600000000         0.5673441922         1.7152421281       -58.5987822449       749.2623870764 
        3.5650000000         0.5587211797         1.7126931766       -54.9287863400       745.4579818736 
        3.5700000000         0.5498579704         1.7024973707       -52.5432890017       730.2403610623 
        3.5750001000         0.5407581902         1.7203400311       -48.3227937110       756.8711974821 
        3.5800000000         0.5314263043         1.6795568073       -44.8362976013       696.0007142368 
        3.5850000000         0.5218657714         1.7024973707       -40.9828019011       730.2403610623 
        3.5900000000         0.5120808861         1.7024973707       -38.2303049724       730.2403610623 
        3.5950000000         0.5020758548         1.6999484192       -34.3768092721       726.4359558594 
        3.6000000000         0.4918549789         1.7024973707       -30.8903131624       730.2403610623 
        3.6050000000         0.4814226522         1.6719099529       -27.7708166432       684.5874986283 
        3.6100000000         0.4707833597         1.6923015648       -23.9173209430       715.0227402509 
        3.6150000000         0.4599416754         1.6923015648       -20.6143246285       715.0227402509 
        3.6200000000         0.4489022600         1.6821057588       -17.4948281093       699.8051194396 
        3.6250000000         0.4376698594         1.6948505162       -13.6413324091       718.8271454538 
        3.6300000000         0.4262493026         1.6821057588       -10.3383360946       699.8051194396 
        3.6350000000         0.4146454993         1.6234798746        -7.2188395754       612.3037997745 
        3.6400001000         0.4028632006         1.6693610014        -2.6313446942       680.7830934255 
        3.6450109000         0.3908819359         1.6566162440        -0.7963467417       661.7610674113 
        3.6500000000         0.3787848765         1.6719099529         2.8736491633       684.5874986283 
        3.6550000000         0.3664987278         1.6617141469         5.9931456825       669.3698778170 
        3.6600000000         0.3540550196         1.6642630984         9.2961419970       673.1742830198 
        3.6650000000         0.3414591015         1.6362246321        12.7826381067       631.3258257887 
        3.6700000000         0.3287163887         1.6642630984        16.2691342164       673.1742830198 
        3.6750000000         0.3158323591         1.6311267291        18.8381313499       623.7170153830 
        3.6800001000         0.3028122901         1.6642630984        22.3246274596       673.1742830198 
        3.6850000000         0.2896625640         1.6336756806        25.6276237741       627.5214205859 
        3.6900000000         0.2763880489         1.6336756806        28.7471202933       627.5214205859 
        3.6950000000         0.2629947133         1.6107351172        30.5821182458       593.2817737604 
        3.7000001000         0.2494880439         1.6362246321        33.1511153793       631.3258257887 
        3.7050000000         0.2358746607         1.6209309231        36.8211112843       608.4993945717 
        3.7100000000         0.2221596028         1.6311267291        40.6746069845       623.7170153830 
        3.7150000000         0.2083490374         1.6132840687        43.4271039132       597.0861789632 
        3.7200000000         0.1944489018         1.6081861657        46.7301002277       589.4773685576 
        3.7250000000         0.1804651717         1.6030882627        48.9320977707       581.8685581519 
        3.7300000000         0.1664038589         1.5877945538        51.6845946994       559.0421269349 
        3.7350000000         0.1522710083         1.6005393113        54.6205914234       578.0641529491 
        3.7400000000         0.1380726956         1.5928924568        57.7400879426       566.6509373406 
        3.7450000000         0.1238150249         1.5801476994        59.9420854856       547.6289113265 
        3.7500000000         0.1095041255         1.5750497964        61.4100838476       540.0201009208 
        3.7550000000         0.0951461498         1.5801476994        66.3645783193       547.6289113265 
        3.7600000000         0.0807472704         1.5699518934        68.5665758623       532.4112905151 
        3.7650001000         0.0663133883         1.5444623786        70.2180740195       494.3672384868 
        3.7700000000         0.0518515757         1.5623050390        73.8880699245       520.9980749067 
        3.7750000000         0.0373671828         1.5572071360        75.3560682865       513.3892645010 
        3.7800000000         0.0228667257         1.5291686697        78.6590646009       471.5408072699 
        3.7850000000         0.0083564379         1.5368155241        80.3105627582       482.9540228784 
        3.7900000000        -0.0061574422         1.5393644756        83.4300592774       486.7584280812 
        3.7950000000        -0.0206686752         1.5164239122        84.3475582536       452.5187812557 
        3.8000000000        -0.0351710227         1.4985812518        87.4670547729       425.8879448359 
        3.8050001000        -0.0496585396         1.4374064162        88.9350531349       334.5822199680 
        3.8100000000        -0.0641241290         1.3991721439        90.0360519063       277.5161419256 
        3.8150000000        -0.0785624408         1.3864273864        92.2380494493       258.4941159114 
        3.8200000000        -0.0929669782         1.3456441627        89.3020527254       197.6236326662 
        3.8250001000        -0.1073318355         1.2564308607        92.7885488351        64.4694505671 
        3.8300000000        -0.1216499768         1.1799623161        92.2380494493       -49.6627055177 
        3.8350000000        -0.1359161070         1.2309413458        93.7060478113        26.4253985388 
        3.8400000000        -0.1501238063         1.2156476369        93.3390482208         3.5989673219 
        3.8450000000        -0.1642669667         1.1697665101        92.2380494493       -64.8803263290 
        3.8500000000        -0.1783395080         1.1952560250        92.7885488351       -26.8362743008 
        3.8550000000        -0.1923353803         1.1748644131        93.7060478113       -57.2715159234 
        3.8600000000        -0.2062485667         1.1315322379        92.2380494493      -121.9464043715 
        3.8650000000        -0.2200730860         1.1570217527        91.8710498588       -83.9023523432 
        3.8700000000        -0.2338029948         1.1519238497        90.5865512921       -91.5111627489 
        3.8750000000        -0.2474323906         1.0983958685        90.9535508826      -171.4036720083 
        3.8800000000        -0.2609554142         1.1723154616        90.9535508826       -61.0759211262 
        3.8850000000        -0.2743662518         1.1238853834        89.3020527254      -133.3596199800 
        3.8900001000        -0.2876594027         1.1315322379        88.9350531349      -121.9464043715 
        3.8950000000        -0.3008283584         1.1187874804        90.0360519063      -140.9684303856 
        3.9000000000        -0.3138682513         1.1136895775        88.2010539539      -148.5772407913 
        3.9050000000        -0.3267732107         1.1009448200        88.3845537491      -167.5992668054 
        3.9100000000        -0.3395376889         1.0983958685        87.8340543634      -171.4036720083 
        3.9150000000        -0.3521561982         1.0907490141        85.6320568204      -182.8168876168 
        3.9200042000        -0.3646337213         1.0805532081        85.9990564109      -198.0345084281 
        3.9250000000        -0.3769336766         1.0729063537        82.8795598917      -209.4477240366 
        3.9300001000        -0.3890822350         1.0601615963        83.2465594822      -228.4697500507 
        3.9350000000        -0.4010630426         1.0627105477        82.8795598917      -224.6653448479 
        3.9400000000        -0.4128716727         1.0372210329        80.1270629629      -262.7093968762 
        3.9450000000        -0.4245028074         1.0474168388        79.0260641914      -247.4917760649 
        3.9500001000        -0.4359516735         1.0346720814        77.7415656247      -266.5138020790 
        3.9550000000        -0.4472126678         1.0295741784        76.4570670580      -274.1226124847 
        3.9600000000        -0.4582816305         1.0066336150        74.4385693102      -308.3622593101 
        3.9650000000        -0.4691535759         1.0066336150        73.1540707435      -308.3622593101 
        3.9700001000        -0.4798240413         0.9989867606        71.8695721767      -319.7754749186 
        3.9750000000        -0.4902878055         1.0066336150        70.4015738148      -308.3622593101 
        3.9800000000        -0.5005410042         1.0040846636        68.9335754528      -312.1666645130 
        3.9850000000        -0.5105790180         0.9785951487        67.2820772955      -350.2107165412 
        3.9900000000        -0.5203975315         0.9709482942        65.0800797525      -361.6239321497 
        3.9950000000        -0.5299923238         0.9760461972        63.6120813906      -354.0151217441 
        4.0000000000        -0.5393592699         0.9785951487        61.7770834381      -350.2107165412 
        4.0050000000        -0.5484943431         0.9556545853        61.9605832333      -384.4503633667 
        4.0100000000        -0.5573936160         0.9505566824        57.7400879426      -392.0591737724 
        4.0150000000        -0.5660532628         0.9174203130        57.0060887616      -441.5164414092 
        4.0200000000        -0.5744695608         0.9199692645        55.9050899901      -437.7120362063 
        4.0250001000        -0.5826390526         0.9378119249        52.9690932661      -411.0811997865 
        4.0300001000        -0.5905578993         0.9301650705        48.3815983849      -422.4944153950 
        4.0350000000        -0.5982227118         0.9352629734        49.2990973612      -414.8856049893 
        4.0400000000        -0.6056305014         0.9327140220        45.9961010467      -418.6900101922 
        4.0450000000        -0.6127779277         0.9250671675        44.1611030942      -430.1032258007 
        4.0500000000        -0.6196619179         0.9250671675        42.3261051417      -430.1032258007 
        4.0550000000        -0.6262795127         0.8919307982        39.5736082130      -479.5604934374 
        4.0600000000        -0.6326278671         0.8995776526        37.5551104653      -468.1472778289 
        4.0650001000        -0.6387043706         0.8689902348        34.6191137413      -513.8001402629 
        4.0700001000        -0.6445061680         0.8893818467        32.0501166078      -483.3648986403 
        4.0750001000        -0.6500308892         0.8689902348        29.6646192696      -513.8001402629 
        4.0800000000        -0.6552760571         0.8740881378        29.1141198838      -506.1913298572 
        4.0850000000        -0.6602396265         0.8689902348        24.8936245931      -513.8001402629 
        4.0900000000        -0.6649193559         0.8562454774        22.5081272549      -532.8221662770 
        4.0950000000        -0.6693132334         0.8511475744        19.3886307357      -540.4309766827 
        4.1000007000        -0.6734199247         0.8409517685        17.1866331927      -555.6485974940 
        4.1050000000        -0.6772360008         0.8205601566        13.8836368782      -586.0838391167 
        4.1100000000        -0.6807614845         0.8384028170        12.5991383115      -559.4530026969 
        4.1150000000        -0.6839943059         0.8766370893         8.5621428160      -502.3869246544 
        4.1200000000        -0.6869330749         0.7950706417         6.1766454778      -624.1278911450 
        4.1250000000        -0.6895765283         0.8307559625         3.2406487538      -570.8662183053 
        4.1300000000        -0.6919235296         0.8231091081         0.6716516203      -582.2794339138 
        4.1350000000        -0.6939730698         0.8282070110        -2.0808453084      -574.6706235082 
        4.1400000000        -0.6957242678         0.7364447575        -5.2003418276      -711.6292108100 
        4.1450000000        -0.6971763708         0.8256580595        -8.5033381421      -578.4750287110 
        4.1500001000        -0.6983287745         0.8001685447       -11.2558350708      -616.5190807393 
        4.1550000000        -0.6991809234         0.7517384665       -14.5588313853      -688.8027795931 
        4.1600000000        -0.6997325113         0.8154622536       -16.0268297473      -593.6926495223 
        4.1650000000        -0.6999832810         0.7746790298       -20.4308248333      -654.5631327676 
        4.1700000000        -0.6999331246         0.7874237873       -23.7338211477      -635.5411067534 
        4.1750000000        -0.6995820638         0.7823258843       -25.3853193050      -643.1499171591 
        4.1800000000        -0.6989302495         0.7950706417       -29.6058145957      -624.1278911450 
        4.1850000000        -0.6979779619         0.7593853209       -31.8078121387      -677.3895639846 
        4.1900001000        -0.6967255824         0.7848748358       -36.3953070199      -639.3455119563 
        4.1950000000        -0.6951737334         0.7440916120       -39.6983033343      -700.2159952015 
        4.2000000000        -0.6933229980         0.7746790298       -42.0838006726      -654.5631327676 
        4.2050000000        -0.6911741999         0.7542874179       -45.3867969871      -684.9983743902 
        4.2100000000        -0.6887282628         0.7670321754       -48.8732930968      -665.9763483761 
        4.2150000000        -0.6859862383         0.7746790298       -51.4422902303      -654.5631327676 
        4.2200000000        -0.6829493052         0.7364447575       -56.0297851115      -711.6292108100 
        4.2250000000        -0.6796187691         0.7619342724       -57.8647830640      -673.5851587817 
        4.2300000000        -0.6759960617         0.7440916120       -62.0852783547      -700.2159952015 
        4.2350000000        -0.6720827406         0.7542874179       -64.8377752834      -684.9983743902 
        4.2400000000        -0.6678804880         0.7415426605       -69.4252701646      -704.0204004044 
        4.2450000000        -0.6633911106         0.7440916120       -72.1777670933      -700.2159952015 
        4.2500000000        -0.6586165383         0.7517384665       -76.2147625888      -688.8027795931 
        4.2550000000        -0.6535588237         0.7313468546       -79.5177589033      -719.2380212157 
        4.2600000000        -0.6482201412         0.7517384665       -82.6372554225      -688.8027795931 
        4.2650000000        -0.6426027859         0.7338958061       -86.1237515322      -715.4336160129 
        4.2700000000        -0.6367091728         0.7466405635       -89.6102476419      -696.4115899987 
        4.2750001000        -0.6305417094         0.7364447575       -92.5462443659      -711.6292108100 
        4.2800000000        -0.6241034253         0.7364447575       -96.2162402709      -711.6292108100 
        4.2850000000        -0.6173967102         0.7211510486       -99.8862361759      -734.4556420270 
        4.2900000000        -0.6104245735         0.7389937090      -103.7397318761      -707.8248056072 
        4.2950000000        -0.6031900124         0.7338958061      -107.2262279858      -715.4336160129 
        4.3000000000        -0.5956961373         0.7568363694      -110.5292243003      -681.1939691874 
        4.3050000000        -0.5879461696         0.7364447575      -113.6487208195      -711.6292108100 
        4.3100000000        -0.5799434412         0.7058573397      -116.9517171340      -757.2820732440 
        4.3150001000        -0.5716912249         0.7517384665      -120.9887126294      -688.8027795931 
        4.3200000000        -0.5631935709         0.7466405635      -123.5577097629      -696.4115899987 
        4.3250000000        -0.5544536300         0.7440916120      -127.4112054631      -700.2159952015 
        4.3300000000        -0.5454753269         0.7313468546      -131.2647011634      -719.2380212157 
        4.3350000000        -0.5362625214         0.7644832239      -133.8336982968      -669.7807535789 
        4.3400000000        -0.5268191742         0.7491895150      -137.1366946113      -692.6071847959 
        4.3450000000        -0.5171493451         0.7517384665      -141.5406896973      -688.8027795931 
        4.3500000000        -0.5072571911         0.7237000001      -144.1096868308      -730.6512368242 
        4.3550000000        -0.4971469649         0.7568363694      -147.7796827357      -681.1939691874 
        4.3600000000        -0.4868230130         0.7491895150      -151.4496786407      -692.6071847959 
        4.3650000000        -0.4762897737         0.7670321754      -155.8536737267      -665.9763483761 
        4.3700000000        -0.4655517752         0.7440916120      -157.6886716791      -700.2159952015 
        4.3750000000        -0.4546136338         0.7746790298      -161.3586675841      -654.5631327676 
        4.3800000000        -0.4434800520         0.7670321754      -164.1111645128      -665.9763483761 
        4.3850000000        -0.4321558161         0.7670321754      -168.6986593941      -665.9763483761 
        4.3900000000        -0.4206457944         0.7797769328      -174.5706528420      -646.9543223619 
        4.3950000000        -0.4089549352         0.7644832239      -175.3046520230      -669.7807535789 
        4.4000001000        -0.3970880253         0.7746790298      -179.1581477232      -654.5631327676 
        4.4050000000        -0.3850508835         0.7874237873      -180.2591464947      -635.5411067534 
        4.4100000000        -0.3728479675         0.7542874179      -179.7086471090      -684.9983743902 
        4.4150000000        -0.3604847625         0.8001685447      -118.0527159055      -616.5190807393 
        4.4200000000        -0.3479665834         0.8027174962      -100.9872349474      -612.7146755365 
        4.4250000000        -0.3352988119         0.7746790298       180.1344513734      -654.5631327676 
        4.4300000000        -0.3224868938         0.8103643506       181.0519503496      -601.3014599280 
        4.4350000000        -0.3095363373         0.7797769328       179.4004521924      -646.9543223619 
        4.4400001000        -0.2964524466         0.8001685447       177.1984546494      -616.5190807393 
        4.4450000000        -0.2832416355         0.8205601566       173.8954583349      -586.0838391167 
        4.4500000000        -0.2699087946         0.7925216902       170.2254624299      -627.9322963478 
        4.4550000000        -0.2564599186         0.8154622536       167.6564652965      -593.6926495223 
        4.4600000000        -0.2429007894         0.8129133021       165.2709679582      -597.4970547251 
        4.4650000000        -0.2292372360         0.8256580595       161.9679716438      -578.4750287110 
        4.4700000000        -0.2154751325         0.8154622536       158.6649753293      -593.6926495223 
        4.4750000000        -0.2016203952         0.8256580595       155.5454788101      -578.4750287110 
        4.4800000000        -0.1876789804         0.8282070110       152.7929818813      -574.6706235082 
        4.4850000000        -0.1736568816         0.8358538655       149.6734853621      -563.2574078997 
        4.4900000000        -0.1595601268         0.8256580595       146.5539888429      -578.4750287110 
        4.4950000000        -0.1453947765         0.8485986229       144.1684915047      -544.2353818855 
        4.5000000000        -0.1311669202         0.8587944289       142.1499937569      -529.0177610742 
        4.5050000000        -0.1168826747         0.8485986229       138.4799978520      -544.2353818855 
        4.5100000000        -0.1025481808         0.8613433804       136.6449998995      -525.2133558714 
        4.5150000000        -0.0881696010         0.8740881378       133.7090031755      -506.1913298572 
        4.5200000000        -0.0737531166         0.8536965259       130.7730064515      -536.6265714799 
        4.5250001000        -0.0593046363         0.8868328952       128.5710089085      -487.1693038431 
        4.5300000000        -0.0448312389         0.8970287012       126.0020117751      -471.9516830318 
        4.5350000000        -0.0303382791         0.8791860408       123.0660150511      -498.5825194516 
        4.5400000000        -0.0158322768         0.8842839437       121.4145168938      -490.9737090459 
        4.5450000000        -0.0013194681         0.8919307982       119.3960191461      -479.5604934374 
        4.5500000000         0.0131939078         0.9123224101       116.4600224221      -449.1252518148 
        4.5550000000         0.0277016116         0.9556545853       116.6435222174      -384.4503633667 
        4.5600000000         0.0421974064         1.0372210329       112.4230269267      -262.7093968762 
        4.5650001000         0.0566753496         0.9964378091       110.9550285647      -323.5798801214 
        4.5700000000         0.0711283493         1.0601615963       110.5880289742      -228.4697500507 
        4.5750000000         0.0855510600         1.2487840062       109.4870302027        53.0562349587 
        4.5800000000         0.0999369918         1.2003539280       106.7345332740       -19.2274638951 
        4.5850000000         0.1142799603         1.2156476369       110.9550285647         3.5989673219 
        4.5900000000         0.1285737993         1.2080007824       108.7530310217        -7.8142482866 
        4.5950000000         0.1428123638         1.2207455399       106.5510334787        11.2077777275 
        4.6000000000         0.1569895327         1.2360392488       110.2210293837        34.0342089445 
        4.6050000000         0.1710992110         1.2564308607       109.3035304074        64.4694505671 
        4.6100000000         0.1851353330         1.2615287636       110.5880289742        72.0782609728 
        4.6150000000         0.1990918645         1.2640777151       110.9550285647        75.8826661756 
        4.6200000000         0.2129628054         1.2768224726       111.5055279504        94.9046921898 
        4.6250000000         0.2267421927         1.2666266666       109.1200306122        79.6870713785 
        4.6300000000         0.2404241025         1.2717245696       111.8725275409        87.2958817841 
        4.6350000000         0.2540026529         1.2895672300       112.9735263124       113.9267182039 
        4.6400000000         0.2674720064         1.2819203755       112.7900265172       102.5135025954 
        4.6450000000         0.2808263724         1.2946651330       114.2580248791       121.5355286096 
        4.6500001000         0.2940602733         1.2946651330       114.2580248791       121.5355286096 
        4.6550000000         0.3071672296         1.3150567448       114.9920240601       151.9707702322 
        4.6600000000         0.3201423968         1.3201546478       116.0930228316       159.5795806379 
        4.6650000000         0.3329799333         1.3328994052       117.0105218079       178.6016066520 
        4.6700000000         0.3456743202         1.3328994052       117.0105218079       178.6016066520 
        4.6750000000         0.3582201001         1.3456441627       118.8455197604       197.6236326662 
        4.6800000000         0.3706118795         1.3430952112       120.1300183271       193.8192274633 
        4.6850000000         0.3828443313         1.3405462597       119.9465185319       190.0148222605 
        4.6900001000         0.3949124361         1.3711336775       121.9650162796       235.6676846945 
        4.6950000000         0.4068102871         1.3634868231       123.0660150511       224.2544690860 
        4.7000000000         0.4185334881         1.3762315805       123.6165144368       243.2764951001 
        4.7050000000         0.4300767597         1.3405462597       124.5340134131       190.0148222605 
        4.7100000000         0.4414351393         1.3864273864       127.1030105465       258.4941159114 
        4.7150000000         0.4526037440         1.3940742409       127.2865103418       269.9073315199 
        4.7200000000         0.4635777722         1.4093679498       129.1215082943       292.7337627369 
        4.7250000000         0.4743525062         1.4170148043       131.1400060420       304.1469783454 
        4.7300000000         0.4849233140         1.4170148043       131.6905054278       304.1469783454 
        4.7350000000         0.4952856509         1.4068189983       134.8100019470       288.9293575341 
        4.7400000000         0.5054350623         1.4297595617       134.9935017422       323.1690043595 
        4.7450000000         0.5153671849         1.4374064162       137.0119994900       334.5822199680 
        4.7500000000         0.5250777487         1.4476022221       138.2964980567       349.7998407793 
        4.7550006000         0.5345637038         1.4297595617       139.9479962139       323.1690043595 
        4.7600000000         0.5438175989         1.4603469795       142.8839929379       368.8218667935 
        4.7650000000         0.5528388289         1.4603469795       143.6179921189       368.8218667935 
        4.7700000000         0.5616223909         1.4577980281       145.2694902761       365.0174615907 
        4.7750001000         0.5701646774         1.4934833489       147.6549876144       418.2791344303 
        4.7800000000         0.5784615106         1.4858364944       149.4899855669       406.8659188218 
        4.7850000000         0.5865098291         1.4781896399       151.6919831098       395.4527032133 
        4.7900000000         0.5943060043         1.5011302033       153.7104808576       429.6923500387 
        4.7950000000         0.6018466846         1.4858364944       155.3619790148       406.8659188218 
        4.8000000000         0.6091286283         1.5087770578       158.2979757388       441.1055656472 
        4.8050000000         0.6161487048         1.5062281063       160.3164734865       437.3011604444 
        4.8100000000         0.6229038961         1.5393644756       162.3349712343       486.7584280812 
        4.8150001000         0.6293914253         1.5266197182       165.4544677535       467.7364020670 
        4.8200000000         0.6356081222         1.5393644756       167.2894657060       486.7584280812 
        4.8250000000         0.6415516953         1.5419134271       169.4914632490       490.5628332840 
        4.8300000000         0.6472194624         1.5444623786       173.3449589492       494.3672384868 
        4.8350000000         0.6526089870         1.5521092330       176.0974558779       505.7804540953 
        4.8400000000         0.6577179519         1.5495602815       176.6479552636       501.9760488925 
        4.8450000000         0.6625441608         1.5393644756       179.9509515781       486.7584280812 
        4.8500000000         0.6670855391         1.5699518934       181.0519503496       532.4112905151 
        4.8550000000         0.6713401342         1.5928924568       179.9509515781       566.6509373406 
        4.8600000000         0.6753061171         1.5903435053      -100.4367355616       562.8465321378 
        4.8650000000         0.6789817828         1.6005393113       -98.9687371996       578.0641529491 
        4.8700000000         0.6823655511         1.5877945538      -179.7086471090       559.0421269349 
        4.8750000000         0.6854559674         1.6005393113      -180.0756466995       578.0641529491 
        4.8800000000         0.6882517031         1.6260288261      -179.8921469042       616.1082049774 
        4.8850000000         0.6907515562         1.6107351172      -178.9746479280       593.2817737604 
        4.8900000000         0.6929544520         1.6107351172      -176.4056507945       593.2817737604 
        4.8950000000         0.6948594436         1.6311267291      -172.9191546848       623.7170153830 
        4.9000001000         0.6964657410         1.6183819717      -169.6161583703       604.6949893689 
        4.9050000000         0.6977725664         1.6209309231      -166.8636614416       608.4993945717 
        4.9100012000         0.6987796509         1.6387735836      -163.3771653318       635.1302309915 
        4.9150000000         0.6994859158         1.6311267291      -161.9091669699       623.7170153830 
        4.9200000000         0.6998916740         1.6540672925      -156.9546724981       657.9566622085 
        4.9250000000         0.6999965456         1.6489693895      -153.8351759789       650.3478518028 
        4.9300000000         0.6998004856         1.6540672925      -149.9816802787       657.9566622085 
        4.9350000000         0.6993035780         1.6668120499      -147.0456835547       676.9786882226 
        4.9400001000         0.6985060178         1.6489693895      -144.2931866260       650.3478518028 
        4.9450000000         0.6974082045         1.6693610014      -139.7056917448       680.7830934255 
        4.9500000000         0.6960105533         1.6642630984      -137.6871939971       673.1742830198 
        4.9550000000         0.6943136839         1.6438714865      -133.8336982968       642.7390413972 
        4.9600000000         0.6923183260         1.6719099529      -129.6132030061       684.5874986283 
        4.9650000000         0.6900253372         1.6719099529      -127.5947052584       684.5874986283 
        4.9700000000         0.6874357034         1.6821057588      -123.3742099677       699.8051194396 
        4.9750000000         0.6845505379         1.6744589044      -120.8052128342       688.3919038311 
        4.9800000000         0.6813710809         1.6897526133      -117.1352169292       711.2183350481 
        4.9850000000         0.6778986994         1.6795568073      -114.1992202052       696.0007142368 
        4.9900000000         0.6741348862         1.6566162440      -110.1622247098       661.7610674113 
        4.9950000000         0.6700812593         1.6872036618      -105.7582296238       707.4139298453 
        5.0000000000         0.6657395614         1.6795568073      -103.0057326951       696.0007142368 
        5.0050000000         0.6611116590         1.6795568073       -98.9687371996       696.0007142368 
        5.0100000000         0.6561995417         1.6923015648       -95.6657408851       715.0227402509 
        5.0150000000         0.6510053213         1.7075952737       -91.9957449802       737.8491714679 
        5.0200000000         0.6455312306         1.6948505162       -89.9772472324       718.8271454538 
        5.0250001000         0.6397795054         1.6872036618       -85.3897523512       707.4139298453 
        5.0300014000         0.6337512458         1.7024973707       -81.9032562415       730.2403610623 
        5.0350000000         0.6274538666         1.7050463222       -78.0497605413       734.0447662651 
        5.0400000000         0.6208850164         1.7024973707       -74.5632644316       730.2403610623 
        5.0450000000         0.6140492449         1.7024973707       -71.6272677076       730.2403610623 
        5.0500000000         0.6069494908         1.7050463222       -67.4067724169       734.0447662651 
        5.0550000000         0.5995888064         1.7024973707       -63.5532767167       730.2403610623 
        5.0600000000         0.5919703560         1.6770078558       -60.2502804022       692.1963090340 
        5.0650001000         0.5840972548         1.7101442252       -56.3967847020       741.6535766707 
        5.0700006000         0.5759723777         1.6923015648       -53.4607879780       715.0227402509 
        5.0750000000         0.5676017066         1.7279868856       -50.8917908445       768.2844130906 
        5.0800000000         0.5589860311         1.6872036618       -46.1207961680       707.4139298453 
        5.0850000000         0.5501300450         1.6872036618       -42.8177998536       707.4139298453 
        5.0900000000         0.5410375555         1.7177910796       -39.1478039486       753.0667922792 
        5.0950000000         0.5317124715         1.6821057588       -35.8448076341       699.8051194396 
        5.1000000000         0.5221588018         1.6999484192       -31.9913119339       726.4359558594 
        5.1050000000         0.5123806537         1.6897526133       -28.5048158242       711.2183350481 
        5.1100000000         0.5023822308         1.6821057588       -25.0183197145       699.8051194396 
        5.1150000000         0.4921678315         1.7101442252       -20.9813242190       741.6535766707 
        5.1200008000         0.4817401621         1.6897526133       -18.0453274950       711.2183350481 
        5.1250000000         0.4711087595         1.6744589044       -14.3753315901       688.3919038311 
        5.1300000000         0.4602731401         1.6770078558       -10.7053356851       692.1963090340 
        5.1350000000         0.4492396473         1.6770078558        -7.0353397801       692.1963090340 
        5.1400000000         0.4380130242         1.6413225350        -4.4663426466       638.9346361944 
        5.1450000000         0.4265980974         1.6770078558        -1.3468461274       692.1963090340 
        5.1500001000         0.4149995403         1.6744589044         1.5891505966       688.3919038311 
        5.1550000000         0.4032230405         1.6693610014         5.8096458873       680.7830934255 
        5.1600000000         0.3912729595         1.6719099529         8.7456426113       684.5874986283 
        5.1650000000         0.3791546684         1.6515183410        12.4156385162       654.1522570057 
        5.1700000000         0.3668733771         1.6591651954        15.5351350355       665.5654726142 
        5.1750000000         0.3544343651         1.6566162440        18.6546315547       661.7610674113 
        5.1800000000         0.3418429803         1.6438714865        20.3061297119       642.7390413972 
        5.1850000000         0.3291046356         1.6387735836        23.9761256169       635.1302309915 
        5.1900001000         0.3162245483         1.6489693895        28.1966209076       650.3478518028 
        5.1950000000         0.3032090324         1.6183819717        31.3161174268       604.6949893689 
        5.2000000000         0.2900629067         1.6387735836        33.8851145603       635.1302309915 
        5.2050000000         0.2767920816         1.6209309231        36.2706118985       608.4993945717 
        5.2100000000         0.2634022623         1.6260288261        39.3901084178       616.1082049774 
        5.2150000000         0.2498992052         1.6158330202        40.8581067797       600.8905841661 
        5.2200000000         0.2362887152         1.6183819717        45.9961010467       604.6949893689 
        5.2250000000         0.2225766437         1.6081861657        48.5650981802       589.4773685576 
        5.2300000000         0.2087688854         1.5699518934        52.0515942899       532.4112905151 
        5.2350000000         0.1948713765         1.6081861657        54.4370916281       589.4773685576 
        5.2400000000         0.1808900914         1.5877945538        56.8225889664       559.0421269349 
        5.2450000000         0.1668310409         1.5903435053        59.5750858951       562.8465321378 
        5.2500000000         0.1527002690         1.5725008449        62.5110826191       536.2156957180 
        5.2550000000         0.1385038505         1.6005393113        65.2635795478       578.0641529491 
        5.2600000000         0.1242478886         1.5623050390        68.5665758623       520.9980749067 
        5.2650000000         0.1099385119         1.5572071360        70.4015738148       513.3892645010 
        5.2700000000         0.0955818722         1.5648539905        73.1540707435       524.8024801095 
        5.2750001000         0.0811838530         1.5597560875        76.2735672627       517.1936697038 
        5.2800000000         0.0667515091         1.5495602815        78.2920650104       501.9760488925 
        5.2850000000         0.0522901801         1.5521092330        80.6775623487       505.7804540953 
        5.2900000000         0.0378063713         1.5342665726        82.5125603012       479.1496176755 
        5.2950000000         0.0233063093         1.5393644756        86.1825562061       486.7584280812 
        5.3000000000         0.0087962279         1.5164239122        87.6505545681       452.5187812557 
        5.3050011000        -0.0057208281         1.5189728637        90.0360519063       456.3231864586 
        5.3100000000        -0.0202290400         1.4934833489        92.6050490398       418.2791344303 
        5.3150001000        -0.0347320383         1.4858364944        93.7060478113       406.8659188218 
        5.3200000000        -0.0492195254         1.4450532706        95.9080453543       345.9954355765 
        5.3250000000        -0.0636861427         1.4144658528        97.3760437163       300.3425731426 
        5.3300000000        -0.0781253811         1.3252525508        99.0275418735       167.1883910435 
        5.3350000000        -0.0925310330         1.3481931142       100.3120404403       201.4280378690 
        5.3400000000        -0.1068969054         1.1850602191        99.5780412593       -42.0538951121 
        5.3450000000        -0.1212168224         1.1672175587        99.7615410545       -68.6847315319 
        5.3500000000        -0.1354846276         1.2207455399        98.2935426925        11.2077777275 
        5.3550000000        -0.1496941875         1.2130986854        99.7615410545        -0.2054378810 
        5.3600000000        -0.1638393930         1.1774133646        99.3945414640       -53.4671107206 
        5.3650000000        -0.1779141633         1.1799623161        99.7615410545       -49.6627055177 
        5.3700000000        -0.1919124475         1.1748644131        99.0275418735       -57.2715159234 
        5.3750000000        -0.2058282277         1.1519238497        98.8440420783       -91.5111627489 
        5.3800000000        -0.2196555213         1.1493748983        97.9265431020       -95.3155679517 
        5.3850000000        -0.2333883841         1.1442769953        97.7430433068      -102.9243783573 
        5.3900000000        -0.2470209121         1.1595707042        98.1100428973       -80.0979471404 
        5.3950000000        -0.2605472446         1.1264343349        96.4585447400      -129.5552147771 
        5.4000001000        -0.2739618339         1.1391790923        93.7060478113      -110.5331887630 
        5.4050000000        -0.2872581116         1.1391790923        96.6420445353      -110.5331887630 
        5.4100000000        -0.3004311629         1.1111406260        94.8070465828      -152.3816459941 
        5.4150000000        -0.3134750573         1.1136895775        92.0545496541      -148.5772407913 
        5.4200000000        -0.3263841875         1.0882000626        92.2380494493      -186.6212928196 
        5.4250000000        -0.3391530036         1.1034937715        92.9720486303      -163.7948616026 
        5.4300005000        -0.3517772711         1.0907490141        93.1555484256      -182.8168876168 
        5.4350000000        -0.3642477988         1.0882000626        90.7700510873      -186.6212928196 
        5.4400001000        -0.3765632343         1.0856511111        90.2195517016      -190.4256980224 
        5.4450000000        -0.3887162942         1.0754553052        90.2195517016      -205.6433188337 
        5.4500000000        -0.4007024879         1.0525147418        87.6505545681      -239.8829656592 
        5.4550000000        -0.4125164178         1.0576126448        86.3660560014      -232.2741552535 
        5.4600000000        -0.4241530050         1.0601615963        85.9990564109      -228.4697500507 
        5.4650000000        -0.4356072469         1.0295741784        83.6135590726      -274.1226124847 
        5.4700000000        -0.4468742192         1.0397699844        83.0630596869      -258.9049916733 
        5.4750000000        -0.4579490783         1.0270252269        81.5950613249      -277.9270176875 
        5.4800000000        -0.4688270629         1.0168294210        79.7600633724      -293.1446384988 
        5.4850000000        -0.4795034967         0.9887909546        79.2095639867      -334.9930957299 
        5.4900000000        -0.4899737897         1.0168294210        77.3745660342      -293.1446384988 
        5.4950000000        -0.5002334408         0.9938888576        75.5395680817      -327.3842853243 
        5.5000000000        -0.5102780392         0.9862420032        74.4385693102      -338.7975009328 
        5.5050000000        -0.5201032668         0.9785951487        71.8695721767      -350.2107165412 
        5.5100000000        -0.5297048995         0.9887909546        70.5850736100      -334.9930957299 
        5.5150000000        -0.5390788098         0.9658503913        69.4840748385      -369.2327425554 
        5.5200000000        -0.5482209676         0.9683993428        67.2820772955      -365.4283373526 
        5.5250001000        -0.5571276184         0.9709482942        65.4470793430      -361.6239321497 
        5.5300008000        -0.5657957735         0.9582035368        64.5295803668      -380.6459581639 
        5.5350000000        -0.5742181320         0.9658503913        61.9605832333      -369.2327425554 
        5.5400000000        -0.5823949989         0.9480077309        59.7585856903      -395.8635789752 
        5.5450000000        -0.5903214915         0.9072245071        57.5565881474      -456.7340622205 
        5.5500000000        -0.5979942022         0.9352629734        55.5380903996      -414.8856049893 
        5.5550000000        -0.6054098325         0.9250671675        53.8865922424      -430.1032258007 
        5.5600000000        -0.6125651943         0.9352629734        51.6845946994      -414.8856049893 
        5.5650001000        -0.6194573467         0.8944797497        49.1155975659      -475.7560882346 
        5.5700000000        -0.6260829213         0.9250671675        47.4640994087      -430.1032258007 
        5.5750000000        -0.6324394751         0.8919307982        44.8951022752      -479.5604934374 
        5.5800000000        -0.6385241403         0.8995776526        42.5096049370      -468.1472778289 
        5.5850017000        -0.6443362296         0.8740881378        39.9406078035      -506.1913298572 
        5.5900000000        -0.6498674597         0.8970287012        36.8211112843      -471.9516830318 
        5.5950010000        -0.6551222599         0.8664412833        36.4541116938      -517.6045454657 
        5.6000000000        -0.6600933751         0.8868328952        33.1511153793      -487.1693038431 
        5.6050000000        -0.6647817359         0.8740881378        30.2151186553      -506.1913298572 
        5.6100000000        -0.6691843040         0.8638923318        27.4626217266      -521.4089506686 
        5.6150000000        -0.6732991867         0.8409517685        24.5266250026      -555.6485974940 
        5.6200000000        -0.6771246150         0.8511475744        22.3246274596      -540.4309766827 
        5.6250000000        -0.6806589443         0.8460496714        19.5721305309      -548.0397870884 
        5.6300000000        -0.6839006552         0.8333049140        16.8196336022      -567.0618131025 
        5.6350000000        -0.6868483541         0.8256580595        14.0671366735      -578.4750287110 
        5.6400000000        -0.6895007738         0.8307559625        10.7641403590      -570.8662183053 
        5.6450000000        -0.6918567740         0.8715391863         9.2961419970      -509.9957350601 
        5.6500001000        -0.6939153799         0.7976195932         6.1766454778      -620.3234859421 
        5.6550000000        -0.6956755921         0.8333049140         3.0571489586      -567.0618131025 
        5.6600000000        -0.6971367684         0.8205601566         0.4881518251      -586.0838391167 
        5.6650000000        -0.6982982424         0.8384028170        -2.9983442846      -559.4530026969 
        5.6700000000        -0.6991595148         0.7746790298        -5.0168420324      -654.5631327676 
        5.6750000000        -0.6997202154         0.8256580595        -8.3198383469      -578.4750287110 
        5.6800000000        -0.6999801030         0.7976195932       -11.9898342518      -620.3234859421 
        5.6850000000        -0.6999390659         0.7976195932       -17.1278285188      -620.3234859421 
        5.6900001000        -0.6995971121         0.8027174962       -17.3113283140      -612.7146755365 
        5.6950000000        -0.6989544179         0.7797769328       -20.0638252428      -646.9543223619 
        5.7000000000        -0.6980112302         0.7848748358       -23.9173209430      -639.3455119563 
        5.7050000000        -0.6967679643         0.7848748358       -26.4863180765      -639.3455119563 
        5.7100000000        -0.6952251546         0.7899727387       -29.6058145957      -631.7367015506 
        5.7150000000        -0.6933834645         0.7568363694       -32.5418113197      -681.1939691874 
        5.7200000000        -0.6912436856         0.7823258843       -36.9458064056      -643.1499171591 
        5.7250000000        -0.6888067380         0.7491895150       -39.3313037439      -692.6071847959 
        5.7300000000        -0.6860736691         0.7746790298       -41.7168010821      -654.5631327676 
        5.7350000000        -0.6830456541         0.7440916120       -46.4877957585      -700.2159952015 
        5.7400000000        -0.6797239946         0.7797769328       -48.6897933015      -646.9543223619 
        5.7450000000        -0.6761101187         0.7619342724       -51.8092898208      -673.5851587817 
        5.7500000000        -0.6722055800         0.7593853209       -55.8462853162      -677.3895639846 
        5.7550008000        -0.6680113630         0.7644832239       -58.2317826544      -669.7807535789 
        5.7600000000        -0.6635313526         0.7389937090       -62.6357777404      -707.8248056072 
        5.7650000000        -0.6587653930         0.7593853209       -65.5717744644      -677.3895639846 
        5.7700000000        -0.6537162271         0.7670321754       -68.5077711884      -665.9763483761 
        5.7750001000        -0.6483859163         0.7389937090       -72.7282664791      -707.8248056072 
        5.7800000000        -0.6427770802         0.7568363694       -76.0312627936      -681.1939691874 
        5.7850000000        -0.6368918018         0.7440916120       -79.5177589033      -700.2159952015 
        5.7900000000        -0.6307327208         0.7287979031       -82.4537556273      -723.0424264185 
        5.7950000000        -0.6243024849         0.7542874179       -85.3897523512      -684.9983743902 
        5.8000000000        -0.6176038585         0.7568363694       -89.9772472324      -681.1939691874 
        5.8050000000        -0.6106397214         0.7619342724       -92.1792447754      -673.5851587817 
        5.8100000000        -0.6034130675         0.7491895150       -96.3997400661      -692.6071847959 
        5.8150001000        -0.5959268512         0.7211510486       -99.5192365854      -734.4556420270 
        5.8200000000        -0.5881847478         0.7517384665      -102.6387331046      -688.8027795931 
        5.8250000000        -0.5801896288         0.7517384665      -106.1252292143      -688.8027795931 
        5.8300000000        -0.5719450837         0.7542874179      -110.3457245050      -684.9983743902 
        5.8350000000        -0.5634546567         0.7466405635      -113.2817212290      -696.4115899987 
        5.8400000000        -0.5547219980         0.7517384665      -116.2177179530      -688.8027795931 
        5.8450000000        -0.5457508618         0.7517384665      -120.0712136532      -688.8027795931 
        5.8500000000        -0.5365451048         0.7517384665      -122.8237105819      -688.8027795931 
        5.8550000000        -0.5271086846         0.7593853209      -128.6957040299      -677.3895639846 
        5.8600000000        -0.5174456579         0.7389937090      -129.6132030061      -707.8248056072 
        5.8650000000        -0.5075601791         0.7568363694      -133.2831989111      -681.1939691874 
        5.8700000000        -0.4974564977         0.7338958061      -137.5036942018      -715.4336160129 
        5.8750000000        -0.4871389576         0.7772279813      -140.2561911305      -650.7587275648 
        5.8800000000        -0.4766119942         0.7644832239      -144.1096868308      -669.7807535789 
        5.8850000000        -0.4658801331         0.7644832239      -145.9446847832      -669.7807535789 
        5.8900000000        -0.4549479881         0.7517384665      -151.2661788454      -688.8027795931 
        5.8950000000        -0.4438202588         0.7695811269      -153.1011767979      -662.1719431732 
        5.9000001000        -0.4325015009         0.7389937090      -157.8721714744      -707.8248056072 
        5.9050000000        -0.4209972651         0.7746790298      -161.1751677889      -654.5631327676 
        5.9100000000        -0.4093118123         0.7619342724      -163.5606651271      -673.5851587817 
        5.9150000000        -0.3974503945         0.7899727387      -168.1481600083      -631.7367015506 
        5.9200000000        -0.3854181110         0.7772279813      -171.2676565275      -650.7587275648 
        5.9250000000        -0.3732201345         0.7593853209      -174.5706528420      -677.3895639846 
        5.9300000000        -0.3608617090         0.7746790298      -178.6076483375      -654.5631327676 
        5.9350000000        -0.3483481473         0.7823258843      -178.9746479280      -643.1499171591 
        5.9400001000        -0.3356845745         0.7644832239      -179.8921469042      -669.7807535789 
        5.9450000000        -0.3228771987         0.7874237873      -179.8921469042      -635.5411067534 
        5.9500000000        -0.3099307617         0.8052664477      -100.2532357664      -608.9102703336 
        5.9550000000        -0.2968510841         0.7670321754       179.2169523971      -665.9763483761 
        5.9600000000        -0.2836437889         0.8052664477       180.3179511686      -608.9102703336 
        5.9650000000        -0.2703145540         0.8180112051       179.7674517829      -589.8882443195 
        5.9700000000        -0.2568691095         0.8103643506       178.6664530114      -601.3014599280 
        5.9750000000        -0.2433132359         0.8052664477       174.9964571064      -608.9102703336 
        5.9800000000        -0.2296527607         0.8282070110       172.9779593587      -574.6706235082 
        5.9850000000        -0.2158935569         0.8078153991       169.1244636585      -605.1058651308 
        5.9900000000        -0.2020415394         0.8282070110       166.3719667297      -574.6706235082 
        5.9950000000        -0.1881026633         0.8384028170       164.1699691867      -559.4530026969 
        6.0000000000        -0.1740829210         0.8409517685       160.4999732818      -555.6485974940 
        6.0050000000        -0.1599883397         0.8205601566       157.9309761483      -586.0838391167 
        6.0100000000        -0.1458249787         0.8562454774       155.5454788101      -532.8221662770 
        6.0150000000        -0.1315989268         0.8485986229       152.2424824956      -544.2353818855 
        6.0200001000        -0.1173160138         0.8435007200       149.4899855669      -551.8441922912 
        6.0250001000        -0.1029829512         0.8689902348       146.9209884334      -513.8001402629 
        6.0300000000        -0.0886059037         0.8613433804       143.8014919142      -525.2133558714 
        6.0350000000        -0.0741904769         0.8638923318       141.2324947807      -521.4089506686 
        6.0400000000        -0.0597431554         0.8664412833       139.0304972377      -517.6045454657 
        6.0450000000        -0.0452701501         0.8766370893       134.6265021517      -502.3869246544 
        6.0500000000        -0.0307776828         0.9021266041       134.2595025612      -464.3428726261 
        6.0550000000        -0.0162719841         0.8740881378       130.4060068610      -506.1913298572 
        6.0600000000        -0.0017592900         0.8868328952       128.7545087038      -487.1693038431 
        6.0650001000         0.0127544506         0.9046755556       129.6720076800      -460.5384674233 
        6.0700000000         0.0272621277         0.9250671675       124.3505136178      -430.1032258007 
        6.0750000000         0.0417583750         0.9480077309       121.9650162796      -395.8635789752 
        6.0800000000         0.0562366701         0.9964378091       123.8000142321      -323.5798801214 
        6.0850000000         0.0706907888         1.1391790923       117.3775213984      -110.5331887630 
        6.0900000000         0.0851145172         1.1825112676       119.9465185319       -45.8583003149 
        6.0950000000         0.0995016545         1.1774133646       118.6620199651       -53.4671107206 
        6.1000000000         0.1138460156         1.2003539280       119.0290195556       -19.2274638951 
        6.1050000000         0.1281414338         1.2258434428       119.5795189414        18.8165881332 
        6.1100000000         0.1423817634         1.2181965884       118.4785201699         7.4033725247 
        6.1150000000         0.1565608824         1.2360392488       119.2125193509        34.0342089445 
        6.1200000000         0.1706726952         1.2691756181       119.9465185319        83.4914765813 
        6.1250000000         0.1847111350         1.2564308607       119.9465185319        64.4694505671 
        6.1300000000         0.1986701666         1.2742735211       120.1300183271        91.1002869869 
        6.1350000000         0.2125437890         1.2742735211       121.2310170986        91.1002869869 
        6.1400000000         0.2263260379         1.2946651330       121.0475173033       121.5355286096 
        6.1450001000         0.2400112609         1.3074098904       122.1485160748       140.5575546237 
        6.1500001000         0.2535930273         1.2946651330       121.9650162796       121.5355286096 
        6.1550000000         0.2670655045         1.2997630359       122.8825152558       129.1443390152 
        6.1600000000         0.2804234396         1.3303504538       124.7175132083       174.7972014492 
        6.1650000000         0.2936608194         1.3099588419       124.7175132083       144.3619598266 
        6.1700000000         0.3067719530         1.3354483567       126.1855115703       182.4060118548 
        6.1750000000         0.3197512040         1.3278015023       126.7360109560       170.9927962464 
        6.1800000000         0.3325929925         1.3507420656       127.6535099323       205.2324430718 
        6.1850000000         0.3452917978         1.3634868231       126.9195107513       224.2544690860 
        6.1900001000         0.3578424100         1.3507420656       129.3050080895       205.2324430718 
        6.1950000000         0.3702386853         1.3660357746       131.1400060420       228.0588742888 
        6.2000000000         0.3824760427         1.3838784350       131.3235058373       254.6897107086 
        6.2050000000         0.3945489720         1.3787805320       133.3420035850       247.0809003029 
        6.2100000000         0.4064522828         1.3915252894       131.6905054278       266.1029263171 
        6.2150000000         0.4181808580         1.3736826290       134.8100019470       239.4720898973 
        6.2200000000         0.4297296553         1.3889763379       137.5624988757       262.2985211143 
        6.2250000000         0.4410937098         1.3991721439       137.9294984662       277.5161419256 
        6.2300000000         0.4522681362         1.3940742409       139.7644964187       269.9073315199 
        6.2350000000         0.4632481304         1.4068189983       142.1499937569       288.9293575341 
        6.2400000000         0.4740289721         1.4144658528       142.7004931427       300.3425731426 
        6.2450000000         0.4846060267         1.4348574647       144.1684915047       330.7778147652 
        6.2500000000         0.4949747468         1.4195637558       146.5539888429       307.9513835482 
        6.2550000000         0.5051306751         1.4450532706       147.2879880239       345.9954355765 
        6.2600000000         0.5150694454         1.4399553677       148.3889867954       338.3866251709 
        6.2650000000         0.5247867850         1.4450532706       150.9579839289       345.9954355765 
        6.2700001000         0.5342787039         1.4527001251       153.1599814718       357.4086511850 
        6.2750001000         0.5435407418         1.4501511736       154.0774804481       353.6042459822 
        6.2800000000         0.5525689309         1.4527001251       156.4629777863       357.4086511850 
        6.2850000000         0.5613597510         1.4858364944       158.8484751245       406.8659188218 
        6.2900000000         0.5699092400         1.4501511736       160.4999732818       353.6042459822 
        6.2950000000         0.5782137224         1.5062281063       162.1514714390       437.3011604444 
        6.3000000000         0.5862696280         1.4807385914       163.8029695962       399.2571084161 
        6.3050000000         0.5940734937         1.5138749607       166.7389663202       448.7143760529 
        6.3100000000         0.6016219645         1.5164239122       168.7574640680       452.5187812557 
        6.3150001000         0.6089119384         1.5138749607       170.7759618157       448.7143760529 
        6.3200000000         0.6159398520         1.5266197182       172.7944595634       467.7364020670 
        6.3250000000         0.6227031135         1.5164239122       175.7304562874       452.5187812557 
        6.3300000000         0.6291986720         1.5368155241       177.0149548541       482.9540228784 
        6.3350000000         0.6354237351         1.5368155241       180.6849507591       482.9540228784 
        6.3400000000         0.6413756267         1.5572071360       180.1344513734       513.3892645010 
        6.3450000000         0.6470517880         1.5495602815       176.6479552636       501.9760488925 
        6.3500000000         0.6524497787         1.5597560875       -98.4182378139       517.1936697038 
        6.3550000000         0.6575672783         1.5801476994      -100.6202353569       547.6289113265 
        6.3600000000         0.6624020868         1.5750497964      -178.7911481327       540.0201009208 
        6.3650000000         0.6669521255         1.5674029419      -179.7086471090       528.6068853123 
        6.3700000000         0.6712154385         1.5852456023      -180.8096458805       555.2377217321 
        6.3750000000         0.6751901929         1.5775987479      -179.7086471090       543.8245061236 
        6.3800000000         0.6788746800         1.6107351172      -177.1396499755       593.2817737604 
        6.3850000000         0.6822673157         1.5979903598      -174.7541526373       574.2597477463 
        6.3900000000         0.6853666416         1.6132840687      -172.5521550943       597.0861789632 
        6.3950001000         0.6881713784         1.6081861657      -167.7811604178       589.4773685576 
        6.4000001000         0.6906802082         1.6132840687      -165.2121632843       597.0861789632 
        6.4050000000         0.6928920701         1.6234798746      -161.7256671746       612.3037997745 
        6.4100000000         0.6948061017         1.6107351172      -158.6061706554       593.2817737604 
        6.4150000000         0.6964214330         1.6387735836      -155.8536737267       635.1302309915 
        6.4200000000         0.6977373696         1.6362246321      -153.2846765932       631.3258257887 
        6.4250000000         0.6987533457         1.6387735836      -149.9816802787       635.1302309915 
        6.4300000000         0.6994689245         1.6566162440      -146.8621837595       661.7610674113 
        6.4350000000         0.6998837985         1.6464204380      -143.7426872403       646.5434466000 
        6.4400001000         0.6999977885         1.6234798746      -140.2561911305       612.3037997745 
        6.4450000000         0.6998108477         1.6719099529      -136.4026954303       684.5874986283 
        6.4500000000         0.6993230543         1.6591651954      -134.2006978873       665.5654726142 
        6.4550000000         0.6985346187         1.6719099529      -130.8977015729       684.5874986283 
        6.4600000000         0.6974458799         1.6719099529      -127.2277056679       684.5874986283 
        6.4650000000         0.6960573059         1.6285777776      -124.2917089439       619.9126101802 
        6.4700000000         0.6943694937         1.6770078558      -119.3372144722       692.1963090340 
        6.4750000000         0.6923831689         1.6846547103      -117.1352169292       703.6095246425 
        6.4800000000         0.6900991855         1.6693610014      -113.4652210242       680.7830934255 
        6.4850000000         0.6875185252         1.6872036618      -110.7127240955       707.4139298453 
        6.4900000000         0.6846422976         1.6770078558      -106.6757286001       692.1963090340 
        6.4950000000         0.6814717391         1.6617141469      -103.7397318761       669.3698778170 
        6.5000000000         0.6780082128         1.6668120499       -99.8862361759       676.9786882226 
        6.5050000000         0.6742532077         1.6872036618       -98.0512382234       707.4139298453 
        6.5100000000         0.6702083380         1.7050463222       -91.6287453897       734.0447662651 
        6.5150000000         0.6658753428         1.6948505162       -89.7937474372       718.8271454538 
        6.5200001000         0.6612559894         1.6872036618       -85.3897523512       707.4139298453 
        6.5250001000         0.6563524486         1.7050463222       -82.4537556273       734.0447662651 
        6.5300000000         0.6511668454         1.7075952737       -78.0497605413       737.8491714679 
        6.5350000000         0.6457012017         1.6999484192       -74.9302640221       726.4359558594 
        6.5400000000         0.6399579682         1.7126931766       -71.4437679123       745.4579818736 
        6.5450000000         0.6339396137         1.7126931766       -67.2232726216       745.4579818736 
        6.5500000000         0.6276487257         1.6923015648       -63.9202763072       715.0227402509 
        6.5550000000         0.6210880087         1.7075952737       -60.8007797879       737.8491714679 
        6.5600000000         0.6142602831         1.7101442252       -57.4977834735       741.6535766707 
        6.5650001000         0.6071683398         1.7024973707       -53.2772881827       730.2403610623 
        6.5700000000         0.5998156609         1.7330847885       -49.7907920730       775.8932234962 
        6.5750000000         0.5922049740         1.7126931766       -46.1207961680       745.4579818736 
        6.5800000000         0.5843396955         1.6923015648       -43.0012996488       715.0227402509 
        6.5850000000         0.5762232067         1.7305358370       -39.3313037439       772.0888182934 
        6.5900000000         0.5678589969         1.6948505162       -35.2943082484       718.8271454538 
        6.5950000000         0.5592506619         1.7177910796       -31.4408125482       753.0667922792 
        6.6000000000         0.5504019025         1.7101442252       -27.9543164384       741.6535766707 
        6.6050000000         0.5413165228         1.6923015648       -24.6513201240       715.0227402509 
        6.6100000000         0.5319984287         1.7126931766       -21.3483238095       745.4579818736 
        6.6150000000         0.5224516260         1.7152421281       -17.3113283140       749.2623870764 
        6.6200000000         0.5126802190         1.6770078558       -14.7423311806       692.1963090340 
        6.6250000000         0.5026884084         1.7203400311        -9.9713365041       756.8711974821 
        6.6300000000         0.4924804898         1.6872036618        -7.5858391659       707.4139298453 
        6.6350000000         0.4820608516         1.6591651954        -3.1818440799       665.5654726142 
        6.6400000000         0.4714339732         1.6821057588        -0.2458473559       699.8051194396 
        6.6450001000         0.4606042046         1.6973994677         2.6901493681       722.6315506566 
        6.6500001000         0.4495766347         1.6821057588         7.2776442493       699.8051194396 
        6.6550000000         0.4383560161         1.6770078558        10.2136409732       692.1963090340 
        6.6600000000         0.4269467238         1.6668120499        12.7826381067       676.9786882226 
        6.6650000000         0.4153538851         1.7075952737        18.1041321689       737.8491714679 
        6.6700000000         0.4035824839         1.6642630984        19.7556303262       673.1742830198 
        6.6750000000         0.3916375807         1.6464204380        23.9761256169       646.5434466000 
        6.6800000000         0.3795243107         1.6770078558        26.7286225456       692.1963090340 
        6.6850000000         0.3672478815         1.6515183410        29.6646192696       654.1522570057 
        6.6900001000         0.3548133205         1.6744589044        32.4171161983       688.3919038311 
        6.6950000000         0.3422267241         1.6387735836        36.2706118985       635.1302309915 
        6.7000000000         0.3294927525         1.6566162440        39.3901084178       661.7610674113 
        6.7050000000         0.3166171305         1.6489693895        43.0601043227       650.3478518028 
        6.7100000000         0.3036053934         1.6413225350        45.8126012515       638.9346361944 
        6.7150000000         0.2904631349         1.6413225350        48.9320977707       638.9346361944 
        6.7200000000         0.2771960050         1.6183819717        51.6845946994       604.6949893689 
        6.7250000000         0.2638097073         1.6387735836        55.5380903996       635.1302309915 
        6.7300000000         0.2503099965         1.6311267291        59.0245865093       623.7170153830 
        6.7350000000         0.2367026764         1.6260288261        60.6760846666       616.1082049774 
        6.7400000000         0.2229935967         1.6209309231        62.5110826191       608.4993945717 
        6.7450000000         0.2091886511         1.6260288261        68.7500756575       616.1082049774 
        6.7500000000         0.1952937742         1.6005393113        70.7685734053       578.0641529491 
        6.7550000000         0.1813149397         1.6183819717        73.7045701292       604.6949893689 
        6.7600000000         0.1672581571         1.6107351172        75.9065676722       593.2817737604 
        6.7650000000         0.1531294694         1.5826966509        79.3930637819       551.4333165293 
        6.7700001000         0.1389346662         1.5826966509        81.9620609154       551.4333165293 
        6.7750001000         0.1246804175         1.5979903598        84.1640584584       574.2597477463 
        6.7800000000         0.1103728549         1.5674029419        87.4670547729       528.6068853123 
        6.7850000000         0.0960175568         1.5623050390        90.4030514968       520.9980749067 
        6.7900000000         0.0816209803         1.5674029419        92.4215492446       528.6068853123 
        6.7950000000         0.0671893146         1.5572071360        94.9905463781       513.3892645010 
        6.8000000000         0.0527287639         1.5470113301        95.3575459686       498.1716436897 
        6.8050000000         0.0382455448         1.5597560875        99.5780412593       517.1936697038 
        6.8100000000         0.0237458838         1.5444623786       102.5140379832       494.3672384868 
        6.8150001000         0.0092357241         1.5240707667       104.5325357310       463.9319968642 
        6.8200000000        -0.0052778257         1.5342665726       107.1015328645       479.1496176755 
        6.8250000000        -0.0197893967         1.5240707667       109.8540297932       463.9319968642 
        6.8300000000        -0.0342924603         1.5419134271       112.0560273362       490.5628332840 
        6.8350000000        -0.0487807813         1.4705427855       113.3405259029       384.0394876048 
        6.8400000000        -0.0632481313         1.4476022221       115.3590236506       349.7998407793 
        6.8450000000        -0.0776882906         1.4144658528       117.1940216031       300.3425731426 
        6.8500000000        -0.0920950514         1.3660357746       117.9280207841       228.0588742888 
        6.8550000000        -0.1064622201         1.1825112676       118.6620199651       -45.8583003149 
        6.8600000000        -0.1207836201         1.1825112676       114.9920240601       -45.8583003149 
        6.8650000000        -0.1350530948         1.2054518309       117.9280207841       -11.6186534894 
        6.8700000000        -0.1492645095         1.2105497339       117.7445209889        -4.0098430838 
        6.8750000000        -0.1634117547         1.2207455399       117.7445209889        11.2077777275 
        6.8800000000        -0.1774887485         1.1570217527       117.9280207841       -83.9023523432 
        6.8850000000        -0.1914894390         1.1723154616       117.0105218079       -61.0759211262 
        6.8900000000        -0.2054078073         1.1621196557       117.1940216031       -76.2935419375 
        6.8950001000        -0.2192381456         1.1621196557       117.1940216031       -76.2935419375 
        6.9000001000        -0.2329739549         1.1493748983       113.7075254934       -95.3155679517 
        6.9050000000        -0.2466093360         1.1417280438       115.5425234459      -106.7287835602 
        6.9100000000        -0.2601389723         1.1289832864       115.3590236506      -125.7508095743 
        6.9150000000        -0.2735567736         1.1315322379       114.8085242649      -121.9464043715 
        6.9200000000        -0.2868569717         1.1264343349       113.8910252887      -129.5552147771 
        6.9250000000        -0.3000338486         1.1136895775       114.0745250839      -148.5772407913 
        6.9300000000        -0.3130817397         1.1213364319       114.8085242649      -137.1640251828 
        6.9350000000        -0.3259950354         1.1085916745       110.9550285647      -156.1860511970 
        6.9400001000        -0.3387684385         1.1060427230       111.5055279504      -159.9904563998 
        6.9450000000        -0.3513956954         1.1009448200       109.8540297932      -167.5992668054 
        6.9500000000        -0.3638721398         1.0805532081       109.1200306122      -198.0345084281 
        6.9550000000        -0.3761921539         1.0958469171       105.4500347072      -175.2080772111 
        6.9600000000        -0.3883504413         1.0780042567       108.9365308169      -201.8389136309 
        6.9650000000        -0.4003417751         1.0499657903       105.4500347072      -243.6873708620 
        6.9700000000        -0.4121610001         1.0040846636       105.4500347072      -312.1666645130 
        6.9750000000        -0.4238030352         1.0321231299       103.9820363452      -270.3182072818 
        6.9800000000        -0.4352628754         1.0040846636       101.9635385975      -312.1666645130 
        6.9850000000        -0.4465355942         1.0474168388       101.0460396213      -247.4917760649 
        6.9900000000        -0.4576163452         1.0091825665       100.1285406450      -304.5578541073 
        6.9950000000        -0.4685003649         0.9964378091        97.9265431020      -323.5798801214 
        7.0000000000        -0.4791829742         0.9862420032        97.1925439210      -338.7975009328 
        7.0050000000        -0.4896595805         0.9964378091        94.9905463781      -323.5798801214 
        7.0100000000        -0.4999256799         0.9887909546        93.5225480161      -334.9930957299 
        7.0150000000        -0.5099768589         0.9785951487        92.0545496541      -350.2107165412 
        7.0200001000        -0.5198089911         0.9964378091        90.7700510873      -323.5798801214 
        7.0250001000        -0.5294174561         0.9862420032        88.3845537491      -338.7975009328 
        7.0300000000        -0.5387981368         0.9607524883        87.8340543634      -376.8415529611 
        7.0350000000        -0.5479473757         0.9836930517        85.4485570251      -342.6019061356 
        7.0400000000        -0.5568610494         0.9683993428        83.6135590726      -365.4283373526 
        7.0450000000        -0.5655353261         0.9454587794        81.2280617344      -399.6679841780 
        7.0500000000        -0.5739664765         0.9454587794        80.4940625534      -399.6679841780 
        7.0550000000        -0.5821508762         0.9352629734        77.7415656247      -414.8856049893 
        7.0600000000        -0.5900850065         0.9480077309        75.7230678770      -395.8635789752 
        7.0650001000        -0.5977656076         0.9199692645        70.7685734053      -437.7120362063 
        7.0700000000        -0.6051889245         0.9123224101        70.9520732005      -449.1252518148 
        7.0750000000        -0.6123522190         0.9250671675        68.9335754528      -430.1032258007 
        7.0800001000        -0.6192523959         0.9021266041        66.9150777050      -464.3428726261 
        7.0850000000        -0.6258860826         0.8817349922        61.4100838476      -494.7781142488 
        7.0900000000        -0.6322508335         0.8817349922        61.4100838476      -494.7781142488 
        7.0950000000        -0.6383437768         0.8740881378        59.2080863046      -506.1913298572 
        7.1000000000        -0.6441622932         0.8766370893        57.5565881474      -502.3869246544 
        7.1050000000        -0.6497038813         0.8740881378        54.4370916281      -506.1913298572 
        7.1100000000        -0.6549661587         0.8638923318        52.2350940852      -521.4089506686 
        7.1150000000        -0.6599468632         0.8740881378        49.6660969517      -506.1913298572 
        7.1200000000        -0.6646438535         0.8256580595        47.2805996134      -578.4750287110 
        7.1250000000        -0.6690551104         0.8587944289        44.3446028895      -529.0177610742 
        7.1300000000        -0.6731787374         0.8536965259        41.7756057560      -536.6265714799 
        7.1350000000        -0.6770129618         0.8282070110        38.6561092368      -574.6706235082 
        7.1400000000        -0.6805561353         0.8511475744        37.0046110795      -540.4309766827 
        7.1450001000        -0.6838067966         0.7721300783        33.3346151746      -658.3675379704 
        7.1500001000        -0.6867634184         0.8333049140        27.6461215219      -567.0618131025 
        7.1550000000        -0.6894247471         0.8129133021        27.6461215219      -597.4970547251 
        7.1600000000        -0.6917897452         0.8078153991        23.9761256169      -605.1058651308 
        7.1650000000        -0.6938573398         0.7976195932        22.6916270501      -620.3234859421 
        7.1700000000        -0.6956266418         0.8001685447        18.6546315547      -616.5190807393 
        7.1750000000        -0.6970968908         0.8052664477        15.9021346259      -608.9102703336 
        7.1800000000        -0.6982674547         0.7389937090        12.9661379020      -707.8248056072 
        7.1850000000        -0.6991378302         0.8129133021         9.4796417923      -597.4970547251 
        7.1900001000        -0.6997076516         0.7925216902         5.9931456825      -627.9322963478 
        7.1950000000        -0.6999766486         0.7721300783         3.7911481395      -658.3675379704 
        7.2000000000        -0.6999447309         0.7925216902         0.4881518251      -627.9322963478 
        7.2050000000        -0.6996119038         0.7186020971        -3.1818440799      -738.2600472298 
        7.2100000000        -0.6989783103         0.7593853209        -6.1178408039      -677.3895639846 
        7.2150000000        -0.6980442229         0.8001685447        -8.6868379374      -616.5190807393 
        7.2200009000        -0.6968097939         0.7517384665       -12.9073332281      -688.8027795931 
        7.2250000000        -0.6952763013         0.7542874179       -15.6598301568      -684.9983743902 
        7.2300000000        -0.6934436572         0.7721300783       -18.9628264713      -658.3675379704 
        7.2350000000        -0.6913128985         0.7466405635       -22.2658227857      -696.4115899987 
        7.2400000000        -0.6888849412         0.7542874179       -25.5688191002      -684.9983743902 
        7.2450000000        -0.6861608291         0.7619342724       -28.3213160289      -673.5851587817 
        7.2500000000        -0.6831417334         0.7415426605       -32.3583115244      -704.0204004044 
        7.2550000000        -0.6798289519         0.7542874179       -35.8448076341      -684.9983743902 
        7.2600000000        -0.6762239088         0.7338958061       -38.7808043581      -715.4336160129 
        7.2650000000        -0.6723281540         0.7542874179       -42.0838006726      -684.9983743902 
        7.2700001000        -0.6681432756         0.7542874179       -45.9372963728      -684.9983743902 
        7.2750001000        -0.6636712403         0.7466405635       -48.8732930968      -696.4115899987 
        7.2800000000        -0.6589139876         0.7237000001       -53.2772881827      -730.6512368242 
        7.2850000000        -0.6538733725         0.7466405635       -56.3967847020      -696.4115899987 
        7.2900000000        -0.6485516542         0.7389937090       -59.6997810164      -707.8248056072 
        7.2950000000        -0.6429511207         0.7262489516       -63.1862771262      -726.8468316213 
        7.3000000000        -0.6370741795         0.7338958061       -66.8562730311      -715.4336160129 
        7.3050000000        -0.6309233572         0.7338958061       -69.6087699599      -715.4336160129 
        7.3100000000        -0.6245012981         0.7262489516       -76.2147625888      -726.8468316213 
        7.3150001000        -0.6178106265         0.7440916120       -77.3157613603      -700.2159952015 
        7.3200000000        -0.6108546282         0.7160531457       -81.5362566510      -742.0644524327 
        7.3250000000        -0.6036358843         0.7491895150       -84.4722533750      -692.6071847959 
        7.3300000000        -0.5961576345         0.7186020971       -88.5092488705      -738.2600472298 
        7.3350000000        -0.5884230939         0.7542874179       -91.2617457992      -684.9983743902 
        7.3400000000        -0.5804355874         0.7262489516       -94.9317417042      -726.8468316213 
        7.3450000000        -0.5721985491         0.7262489516       -98.7852374044      -726.8468316213 
        7.3500000000        -0.5637155200         0.7364447575      -101.9047339236      -711.6292108100 
        7.3550000000        -0.5549901470         0.7338958061      -105.3912300333      -715.4336160129 
        7.3600000000        -0.5460261812         0.7542874179      -107.5932275763      -684.9983743902 
        7.3650000000        -0.5368274763         0.7338958061      -112.3642222528      -715.4336160129 
        7.3700000000        -0.5273979868         0.7415426605      -117.5022165197      -704.0204004044 
        7.3750000000        -0.5177417665         0.7440916120      -118.4197154960      -700.2159952015 
        7.3800000000        -0.5078629666         0.7313468546      -123.0072103772      -719.2380212157 
        7.3850000000        -0.4977658342         0.7415426605      -126.4937064869      -704.0204004044 
        7.3900000000        -0.4874547099         0.7440916120      -129.6132030061      -700.2159952015 
        7.3950001000        -0.4769338141         0.7415426605      -132.5491997301      -704.0204004044 
        7.4000001000        -0.4662080907         0.7466405635      -137.1366946113      -696.4115899987 
        7.4050000000        -0.4552821627         0.7440916120      -140.0726913353      -700.2159952015 
        7.4100000000        -0.4441602904         0.7517384665      -143.1921878545      -688.8027795931 
        7.4150000000        -0.4328474715         0.7542874179      -147.2291833500      -684.9983743902 
        7.4200000000        -0.4213485695         0.7568363694      -150.7156794597      -681.1939691874 
        7.4250000000        -0.4096685278         0.7593853209      -153.1011767979      -677.3895639846 
        7.4300000000        -0.3978123678         0.7440916120      -158.0556712696      -700.2159952015 
        7.4350000000        -0.3857851864         0.7644832239      -160.9916679936      -669.7807535789 
        7.4400001000        -0.3735919087         0.7568363694      -164.6616638986      -681.1939691874 
        7.4450000000        -0.3612385130         0.7772279813      -167.9646602131      -650.7587275648 
        7.4500000000        -0.3487295737         0.7670321754      -171.0841567323      -665.9763483761 
        7.4550000000        -0.3360707140         0.7491895150      -175.1211522277      -692.6071847959 
        7.4600036000        -0.3232581069         0.7823258843      -178.7911481327      -643.1499171591 
        7.4650000000        -0.3103250638         0.7797769328      -180.2591464947      -646.9543223619 
        7.4700000000        -0.2972493415         0.7619342724      -179.1581477232      -673.5851587817 
        7.4750000000        -0.2840458304         0.8078153991      -179.7086471090      -605.1058651308 
        7.4800000000        -0.2707202066         0.8052664477      -100.8037351521      -608.9102703336 
        7.4850000000        -0.2572781990         0.7644832239       180.1344513734      -669.7807535789 
        7.4900000000        -0.2437255863         0.8154622536       179.9509515781      -593.6926495223 
        7.4950000000        -0.2300681949         0.8078153991       179.5839519876      -605.1058651308 
        7.5000000000        -0.2163118961         0.7950706417       179.0334526019      -624.1278911450 
        7.5050000000        -0.2024626038         0.8333049140       175.3634566969      -567.0618131025 
        7.5100000000        -0.1885262719         0.8384028170       172.9779593587      -559.4530026969 
        7.5150000000        -0.1745088917         0.8154622536       168.9409638632      -593.6926495223 
        7.5200001000        -0.1604162068         0.8460496714       167.1059659107      -548.0397870884 
        7.5250001000        -0.1462548394         0.8358538655       164.1699691867      -563.2574078997 
        7.5300000000        -0.1320308814         0.8664412833       161.7844718485      -517.6045454657 
        7.5350000000        -0.1177498788         0.8536965259       158.8484751245      -536.6265714799 
        7.5400000000        -0.1034182551         0.8511475744       155.9124784006      -540.4309766827 
        7.5450000000        -0.0890421714         0.8740881378       153.1599814718      -506.1913298572 
        7.5500000000        -0.0746278080         0.8613433804       149.3064857716      -525.2133558714 
        7.5550000000        -0.0601813618         0.8664412833       148.2054870001      -517.6045454657 
        7.5600000000        -0.0457090433         0.8766370893       145.0859904809      -502.3869246544 
        7.5650001000        -0.0312167844         0.8562454774       141.9664939617      -532.8221662770 
        7.5700000000        -0.0167116850         0.8766370893       139.9479962139      -502.3869246544 
        7.5750000000        -0.0021991112         0.8766370893       136.6449998995      -502.3869246544 
        7.5800000000         0.0123144079         0.9097734586       137.1954992852      -452.9296570176 
        7.5850000000         0.0268226331         0.9250671675       136.8284996947      -430.1032258007 
        7.5900000000         0.0413193271         0.9378119249       130.0390072705      -411.0811997865 
        7.5950000000         0.0557982577         0.9683993428       128.2040093180      -365.4283373526 
        7.6000000000         0.0702532004         1.1672175587       130.7730064515       -68.6847315319 
        7.6050000000         0.0846779409         1.1697665101       127.4700101370       -64.8803263290 
        7.6100000000         0.0990662780         1.1621196557       127.2865103418       -76.2935419375 
        7.6150000000         0.1134120260         1.1901581220       126.5525111608       -34.4450847064 
        7.6200000000         0.1277090177         1.2283923943       126.5525111608        22.6209933360 
        7.6250000000         0.1419511067         1.2334902973       127.6535099323        30.2298037417 
        7.6300000000         0.1561321703         1.2360392488       126.9195107513        34.0342089445 
        7.6350000000         0.1702461120         1.2436861032       127.4700101370        45.4474245530 
        7.6400000000         0.1842868640         1.2640777151       127.4700101370        75.8826661756 
        7.6450001000         0.1982486687         1.2691756181       128.9380084990        83.4914765813 
        7.6500001000         0.2121249654         1.2283923943       128.9380084990        22.6209933360 
        7.6550000000         0.2259097938         1.2946651330       129.4885078848       121.5355286096 
        7.6600000000         0.2395977792         1.3074098904       130.4060068610       140.5575546237 
        7.6650000000         0.2531827604         1.3023119874       130.2225070658       132.9487442181 
        7.6700000000         0.2666588972         1.2972140844       131.5070056325       125.3399338124 
        7.6750010000         0.2800230565         1.3099588419       131.5070056325       144.3619598266 
        7.6800000000         0.2932615129         1.3328994052       134.0760027660       178.6016066520 
        7.6850000000         0.3063765553         1.3074098904       132.9750039945       140.5575546237 
        7.6900001000         0.3193601434         1.3328994052       134.9935017422       178.6016066520 
        7.6950000000         0.3322059205         1.3481931142       136.2780003090       201.4280378690 
        7.7000000000         0.3449091391         1.3430952112       135.9110007185       193.8192274633 
        7.7050000000         0.3574640797         1.3583889201       136.2780003090       216.6456586803 
        7.7100000000         0.3698653448         1.3634868231       135.3605013327       224.2544690860 
        7.7150000000         0.3821076032         1.3558399686       139.0304972377       212.8412534775 
        7.7200000000         0.3941855917         1.3966231924       138.2964980567       273.7117367228 
        7.7250000000         0.4060941181         1.3558399686       141.7829941664       212.8412534775 
        7.7300000000         0.4178280627         1.3889763379       143.2509925284       262.2985211143 
        7.7350000000         0.4293823812         1.3787805320       144.3519912999       247.0809003029 
        7.7400000000         0.4407521062         1.4144658528       145.4529900714       300.3425731426 
        7.7450000000         0.4519323498         1.3940742409       146.9209884334       269.9073315199 
        7.7500000000         0.4629183057         1.4272106102       148.7559863859       319.3645991567 
        7.7550000000         0.4737052509         1.4170148043       149.6734853621       304.1469783454 
        7.7600000000         0.4842885481         1.4170148043       152.6094820861       304.1469783454 
        7.7650000000         0.4946636473         1.4195637558       152.9764816766       307.9513835482 
        7.7700001000         0.5048262896         1.4170148043       154.0774804481       304.1469783454 
        7.7750001000         0.5147716993         1.4399553677       156.8299773768       338.3866251709 
        7.7800000000         0.5244956140         1.4297595617       157.5639765578       323.1690043595 
        7.7850000000         0.5339942424         1.4476022221       160.1329736913       349.7998407793 
        7.7900000000         0.5432633043         1.4756406885       161.2339724628       391.6482980105 
        7.7950000000         0.5522988147         1.4577980281       164.3534689820       365.0174615907 
        7.8000000000         0.5610968894         1.4679938340       165.0874681630       380.2350824020 
        7.8050000000         0.5696537460         1.4960323003       167.2894657060       422.0835396331 
        7.8100001000         0.5779658696         1.4832875429       170.5924620204       403.0615136189 
        7.8150001000         0.5860293543         1.4603469795       171.6934607919       368.8218667935 
        7.8200000000         0.5938407486         1.5062281063       174.6294575159       437.3011604444 
        7.8250000000         0.6013970069         1.5087770578       176.4644554684       441.1055656472 
        7.8300000000         0.6086947218         1.5113260093       177.0149548541       444.9099708501 
        7.8350000000         0.6157307561         1.5368155241       180.5014509639       482.9540228784 
        7.8400000000         0.6225020850         1.5368155241       180.5014509639       482.9540228784 
        7.8450000000         0.6290057973         1.5444623786       179.4004521924       494.3672384868 
        7.8500000000         0.6352390972         1.5393644756       -99.3357367901       486.7584280812 
        7.8550021000         0.6412017504         1.5597560875      -101.1707347426       517.1936697038 
        7.8600000000         0.6468838581         1.5572071360      -179.3416475185       513.3892645010 
        7.8650000000         0.6522903129         1.5674029419      -179.8921469042       528.6068853123 
        7.8700000000         0.6574163452         1.5623050390      -181.3601452662       520.9980749067 
        7.8750000000         0.6622597512         1.5725008449      -180.4426462900       536.2156957180 
        7.8800000000         0.6668184487         1.6056372142      -177.8736491565       585.6729633548 
        7.8850000000         0.6710904779         1.5903435053      -174.7541526373       562.8465321378 
        7.8900000000         0.6750740022         1.5903435053      -172.7356548895       562.8465321378 
        7.8950001000         0.6787673801         1.5801476994      -169.4326585750       547.6289113265 
        7.9000001000         0.6821688761         1.6081861657      -166.3131620558       589.4773685576 
        7.9050000000         0.6852770452         1.5954414083      -163.5606651271       570.4553425434 
        7.9100000000         0.6880906758         1.6107351172      -160.0741690174       593.2817737604 
        7.9150000000         0.6906084931         1.6107351172      -157.6886716791       593.2817737604 
        7.9200000000         0.6928294146         1.6183819717      -153.6516761837       604.6949893689 
        7.9250000000         0.6947524855         1.6158330202      -151.8166782312       600.8905841661 
        7.9300000000         0.6963768792         1.6387735836      -148.8806815072       635.1302309915 
        7.9350001000         0.6977019208         1.6413225350      -144.1096868308       638.9346361944 
        7.9400001000         0.6987269877         1.6209309231      -142.6416884688       608.4993945717 
        7.9450000000         0.6994516572         1.6515183410      -138.4211931780       654.1522570057 
        7.9500000000         0.6998756467         1.6642630984      -137.8706937923       673.1742830198 
        7.9550000000         0.6999987564         1.6540672925      -132.3656999348       657.9566622085 
        7.9600000000         0.6998209335         1.6591651954      -129.4297032109       665.5654726142 
        7.9650000000         0.6993422544         1.6617141469      -125.2092079202       669.3698778170 
        7.9700000000         0.6985629249         1.6668120499      -122.8237105819       676.9786882226 
        7.9750000000         0.6974832800         1.6744589044      -119.1537146770       688.3919038311 
        7.9800000000         0.6961037838         1.6795568073      -115.8507183625       696.0007142368 
        7.9850000000         0.6944250294         1.6668120499      -113.2817212290       676.9786882226 
        7.9900000000         0.6924477385         1.6617141469      -108.5107265525       669.3698778170 
        7.9950000000         0.6901727612         1.6566162440      -105.3912300333       661.7610674113 
        8.0000000000         0.6876010755         1.6897526133      -100.8037351521       711.2183350481 
        8.0050000000         0.6847337869         1.6897526133       -98.6017376091       711.2183350481 
        8.0100001000         0.6815720620         1.6897526133       -95.4822410899       711.2183350481 
        8.0150000000         0.6781174585         1.6897526133       -91.8122451849       711.2183350481 
        8.0200001000         0.6743711851         1.6999484192       -87.2247503037       726.4359558594 
        8.0250000000         0.6703351522         1.6923015648       -84.2887535797       715.0227402509 
        8.0300000000         0.6660108612         1.7126931766       -83.0042550130       745.4579818736 
        8.0350000000         0.6614002492         1.6999484192       -77.4992611555       726.4359558594 
        8.0400000000         0.6565052982         1.7024973707       -74.0127650458       730.2403610623 
        8.0450001000         0.6513280061         1.7075952737       -70.5262689361       737.8491714679 
        8.0500000000         0.6458709179         1.7126931766       -66.6727732359       745.4579818736 
        8.0550001000         0.6401359430         1.6948505162       -62.6357777404       718.8271454538 
        8.0600000000         0.6341260056         1.7101442252       -59.6997810164       741.6535766707 
        8.0650001000         0.6278432087         1.6973994677       -56.2132849067       722.6315506566 
        8.0700000000         0.6212907558         1.6948505162       -53.2772881827       718.8271454538 
        8.0750000000         0.6144710789         1.7305358370       -48.3227937110       772.0888182934 
        8.0800000000         0.6073872380         1.6770078558       -45.5702967823       692.1963090340 
        8.0850000000         0.6000422785         1.7228889826       -41.3498014916       760.6756026849 
        8.0900001000         0.5924392036         1.6999484192       -38.7808043581       726.4359558594 
        8.0950000000         0.5845817454         1.7024973707       -34.5603090674       730.2403610623 
        8.1000001000         0.5764726537         1.7075952737       -31.6243123434       737.8491714679 
        8.1050000000         0.5681160629         1.6846547103       -26.4863180765       703.6095246425 
        8.1100000000         0.5595150719         1.7050463222       -24.8348199192       734.0447662651 
        8.1150000000         0.5506735427         1.6923015648       -20.7978244238       715.0227402509 
        8.1200000000         0.5415952764         1.6821057588       -17.8618276998       699.8051194396 
        8.1250001000         0.5322839874         1.7024973707       -13.2743328186       730.2403610623 
        8.1300000000         0.5227442440         1.6795568073       -10.7053356851       696.0007142368 
        8.1350001000         0.5129793844         1.6770078558        -6.8518399849       692.1963090340 
        8.1400000000         0.5029943876         1.6821057588        -3.9158432609       699.8051194396 
        8.1450001000         0.4927927476         1.6973994677        -0.0623475607       722.6315506566 
        8.1500000000         0.4823796659         1.6821057588         3.2406487538       699.8051194396 
        8.1550000000         0.4717590008         1.6846547103         7.2776442493       703.6095246425 
        8.1600000000         0.4609355244         1.6744589044        10.7641403590       688.3919038311 
        8.1650000000         0.4499138897         1.6642630984        13.8836368782       673.1742830198 
        8.1700001000         0.4386986087         1.6566162440        16.8196336022       661.7610674113 
        8.1750000000         0.4272951816         1.6540672925        19.5721305309       657.9566622085 
        8.1800001000         0.4157075985         1.6566162440        22.8751268454       661.7610674113 
        8.1850000000         0.4039417679         1.6719099529        26.1781231599       684.5874986283 
        8.1900001000         0.3920018067         1.6464204380        29.6646192696       646.5434466000 
        8.1950000000         0.3798938031         1.6642630984        32.7841157888       673.1742830198 
        8.2000000000         0.3676222410         1.6413225350        36.6376114890       638.9346361944 
        8.2050000000         0.3551926363         1.6515183410        39.2066086225       654.1522570057 
        8.2100000000         0.3426103327         1.6489693895        43.0601043227       650.3478518028 
        8.2150000000         0.3298807394         1.6336756806        45.2621018657       627.5214205859 
        8.2200000000         0.3170093288         1.6336756806        46.5466004324       627.5214205859 
        8.2250000000         0.3040016345         1.6183819717        51.8680944947       604.6949893689 
        8.2300000000         0.2908632485         1.6311267291        54.9875910139       623.7170153830 
        8.2350000000         0.2775998190         1.6234798746        56.8225889664       612.3037997745 
        8.2400000000         0.2642170481         1.6209309231        61.2265840523       608.4993945717 
        8.2450000000         0.2507206891         1.6107351172        64.1625807763       593.2817737604 
        8.2500001000         0.2371162710         1.6311267291        68.1995762718       623.7170153830 
        8.2550000000         0.2234104617         1.5903435053        69.4840748385       562.8465321378 
        8.2600000000         0.2096083341         1.5928924568        72.6035713577       566.6509373406 
        8.2650000000         0.1957160949         1.6209309231        76.2735672627       608.4993945717 
        8.2700000000         0.1817397164         1.5801476994        78.1085652152       547.6289113265 
        8.2750000000         0.1676852072         1.5725008449        81.0445619392       536.2156957180 
        8.2800000000         0.1535586094         1.6030882627        84.5310580489       581.8685581519 
        8.2850000000         0.1393659960         1.5750497964        86.5495557966       540.0201009208 
        8.2900000000         0.1251134686         1.5623050390        89.6690523158       520.9980749067 
        8.2950001000         0.1108068677         1.5597560875        91.5040502683       517.1936697038 
        8.3000000000         0.0964532035         1.5597560875        93.8895476066       517.1936697038 
        8.3050024000         0.0820508682         1.5470113301        97.0090441258       498.1716436897 
        8.3100000000         0.0676270935         1.5470113301        98.4770424878       498.1716436897 
        8.3150016000         0.0531626957         1.5521092330       101.4130392118       505.7804540953 
        8.3200000000         0.0386847033         1.5189728637       103.7985365500       456.3231864586 
        8.3250000000         0.0241854490         1.5674029419       106.7345332740       528.6068853123 
        8.3300000000         0.0096757972         1.5215218152       108.9365308169       460.1275916614 
        8.3350000000        -0.0048380142         1.5062281063       110.5880289742       437.3011604444 
        8.3400000000        -0.0193497457         1.5011302033       112.7900265172       429.6923500387 
        8.3450000000        -0.0338531587         1.4960323003       114.8085242649       422.0835396331 
        8.3500000000        -0.0483420180         1.3966231924       116.8270220126       273.7117367228 
        8.3550000000        -0.0628100949         1.4527001251       119.3960191461       357.4086511850 
        8.3600000000        -0.0772511694         1.3711336775       122.8825152558       235.6676846945 
        8.3650000000        -0.0916590333         1.2844693270       121.4145168938       106.3179077983 
        8.3700000000        -0.1060274926         1.2385882003       121.5980166891        37.8386141473 
        8.3750001000        -0.1203506562         1.2054518309       121.5980166891       -11.6186534894 
        8.3800000000        -0.1346215086         1.2003539280       121.9650162796       -19.2274638951 
        8.3850000000        -0.1488347726         1.2105497339       120.8640175081        -4.0098430838 
        8.3900000000        -0.1629840518         1.1774133646       120.6805177128       -53.4671107206 
        8.3950000000        -0.1770632635         1.1621196557       120.4970179176       -76.2935419375 
        8.4000000000        -0.1910663549         1.1697665101       119.9465185319       -64.8803263290 
        8.4050000000        -0.2049873059         1.1672175587       120.8640175081       -68.6847315319 
        8.4100000000        -0.2188201320         1.1493748983       119.9465185319       -95.3155679517 
        8.4150000000        -0.2325588863         1.1595707042       119.3960191461       -80.0979471404 
        8.4200001000        -0.2461979342         1.1264343349       117.9280207841      -129.5552147771 
        8.4250000000        -0.2597305972         1.1238853834       117.1940216031      -133.3596199800 
        8.4300000000        -0.2731518725         1.1136895775       116.4600224221      -148.5772407913 
        8.4350014000        -0.2864594267         1.1315322379       116.4600224221      -121.9464043715 
        8.4400000000        -0.2996364160         1.1111406260       116.6435222174      -152.3816459941 
        8.4450000000        -0.3126882984         1.1009448200       111.8725275409      -167.5992668054 
        8.4500000000        -0.3256057547         1.0907490141       114.2580248791      -182.8168876168 
        8.4550000000        -0.3383832315         1.0932979656       113.5240256982      -179.0124824139 
        8.4600000000        -0.3510152359         1.0932979656       112.4230269267      -179.0124824139 
        8.4650000000        -0.3634963372         1.0983958685       111.3220281552      -171.4036720083 
        8.4700000000        -0.3758211698         1.0882000626       110.4045291789      -186.6212928196 
        8.4750000000        -0.3879844351         1.0729063537       109.8540297932      -209.4477240366 
        8.4800000000        -0.3999809042         1.0754553052       108.2025316359      -205.6433188337 
        8.4850000000        -0.4118054196         1.0550636933       106.5510334787      -236.0785604564 
        8.4900000000        -0.4234528980         1.0040846636       105.4500347072      -312.1666645130 
        8.4950000000        -0.4349183321         1.0372210329       104.7160355262      -262.7093968762 
        8.5000001000        -0.4461970165         1.0397699844       103.9820363452      -258.9049916733 
        8.5050000000        -0.4572834315         1.0397699844       102.1470383927      -258.9049916733 
        8.5100000000        -0.4681734819         1.0193783725       100.6790400308      -289.3402332960 
        8.5150000000        -0.4788622624         1.0066336150        99.2110416688      -308.3622593101 
        8.5200000000        -0.4893451779         1.0091825665        98.1100428973      -304.5578541073 
        8.5250013000        -0.4996203647         0.9862420032        95.7245455590      -338.7975009328 
        8.5300000000        -0.5096754774         1.0142804695        94.6235467876      -296.9490437016 
        8.5350000000        -0.5195141213         0.9429098279        92.6050490398      -403.4723893809 
        8.5400000000        -0.5291294238         0.9836930517        91.3205504731      -342.6019061356 
        8.5450001000        -0.5385174366         0.9811441002        89.8525521111      -346.4063113384 
        8.5500000000        -0.5476735674         0.9709482942        88.0175541586      -361.6239321497 
        8.5550000000        -0.5565944363         0.9582035368        86.3660560014      -380.6459581639 
        8.5600000000        -0.5652760228         0.9709482942        85.6320568204      -361.6239321497 
        8.5650000000        -0.5737145944         0.9403608764        82.6960600964      -407.2767945837 
        8.5700000000        -0.5819065236         0.9505566824        80.4940625534      -392.0591737724 
        8.5750000000        -0.5898482885         0.9327140220        79.7600633724      -418.6900101922 
        8.5800001000        -0.5975366261         0.9454587794        76.2735672627      -399.6679841780 
        8.5850000000        -0.6049677777         0.9225182160        72.2365717672      -433.9076310035 
        8.5900000000        -0.6121390021         0.9072245071        71.8695721767      -456.7340622205 
        8.5950000000        -0.6190470651         0.9276161190        70.0345742243      -426.2988205978 
        8.6000000000        -0.6256889969         0.9021266041        68.7500756575      -464.3428726261 
        8.6050000000        -0.6320619422         0.9021266041        65.4470793430      -464.3428726261 
        8.6100000000        -0.6381631612         0.9072245071        63.6120813906      -456.7340622205 
        8.6150000000        -0.6439900309         0.8817349922        59.9420854856      -494.7781142488 
        8.6200000000        -0.6495400463         0.8689902348        57.9235877379      -513.8001402629 
        8.6250001000        -0.6548109242         0.8893818467        56.2720895806      -483.3648986403 
        8.6300000000        -0.6598000907         0.8409517685        53.1525930614      -555.6485974940 
        8.6350000000        -0.6645057087         0.8715391863        50.7670957232      -509.9957350601 
        8.6400000000        -0.6689256526         0.8562454774        48.3815983849      -532.8221662770 
        8.6450000000        -0.6730580224         0.8536965259        45.2621018657      -536.6265714799 
        8.6500000000        -0.6769010414         0.8409517685        42.3261051417      -555.6485974940 
        8.6550000000        -0.6804530576         0.8307559625        39.3901084178      -570.8662183053 
        8.6600000000        -0.6837125440         0.8562454774        37.0046110795      -532.8221662770 
        8.6650000000        -0.6866780992         0.8435007200        34.8026135365      -551.8441922912 
        8.6700001000        -0.6893484987         0.8205601566        30.5821182458      -586.0838391167 
        8.6750000000        -0.6917224434         0.8256580595        28.5636204981      -578.4750287110 
        8.6800000000        -0.6937990638         0.8205601566        25.8111235694      -586.0838391167 
        8.6850000000        -0.6955774169         0.8231091081        23.7926258216      -582.2794339138 
        8.6900000000        -0.6970567381         0.7950706417        17.0031333974      -624.1278911450 
        8.6950000000        -0.6982363913         0.8129133021        17.3701329879      -597.4970547251 
        8.7000000000        -0.6991158696         0.7848748358        13.5166372877      -639.3455119563 
        8.7050001000        -0.6996948034         0.8052664477        10.7641403590      -608.9102703336 
        8.7100000000        -0.6999729180         0.8256580595         8.1951432255      -578.4750287110 
        8.7150000000        -0.6999501196         0.7619342724         5.6261460920      -673.5851587817 
        8.7200000000        -0.6996264095         0.8154622536         2.1396499823      -593.6926495223 
        8.7250000000        -0.6990019268         0.7746790298        -4.2828428514      -654.5631327676 
        8.7300000000        -0.6980769400         0.7721300783        -4.2828428514      -658.3675379704 
        8.7350000000        -0.6968518467         0.7823258843        -7.2188395754      -643.1499171591 
        8.7400000000        -0.6953271736         0.7976195932       -10.1548362993      -620.3234859421 
        8.7450000000        -0.6935035762         0.7568363694       -13.2743328186      -681.1939691874 
        8.7500001000        -0.6913817930         0.7925216902       -16.3938293378      -627.9322963478 
        8.7550000000        -0.6889628724         0.7568363694       -19.5133258570      -681.1939691874 
        8.7600000000        -0.6862477182         0.7644832239       -23.1833217620      -669.7807535789 
        8.7650000000        -0.6832375429         0.7644832239       -26.1193184860      -669.7807535789 
        8.7700000000        -0.6799336407         0.7389937090       -29.7893143909      -707.8248056072 
        8.7750000000        -0.6763374319         0.7542874179       -32.9088109102      -684.9983743902 
        8.7800000000        -0.6724504626         0.7670321754       -36.9458064056      -665.9763483761 
        8.7850000000        -0.6682744037         0.7313468546       -40.0653029248      -719.2380212157 
        8.7900000000        -0.6638110506         0.7593853209       -43.5517990346      -677.3895639846 
        8.7950001000        -0.6590622243         0.7517384665       -46.1207961680      -688.8027795931 
        8.8000000000        -0.6540302597         0.7593853209       -49.6072922778      -677.3895639846 
        8.8050000000        -0.6487170267         0.7440916120       -53.2772881827      -700.2159952015 
        8.8100000000        -0.6431249073         0.7593853209       -56.5802844972      -677.3895639846 
        8.8150000000        -0.6372563056         0.7517384665       -59.1492816307      -688.8027795931 
        8.8200000000        -0.6311137445         0.7440916120       -63.5532767167      -700.2159952015 
        8.8250000000        -0.6246998647         0.7440916120       -66.8562730311      -700.2159952015 
        8.8300001000        -0.6180172872         0.7491895150       -70.5262689361      -692.6071847959 
        8.8350000000        -0.6110692939         0.7619342724       -74.0127650458      -673.5851587817 
        8.8400000000        -0.6038584628         0.7593853209       -76.7652619745      -677.3895639846 
        8.8450000000        -0.5963880302         0.7109552427       -80.8022574700      -749.6732628383 
        8.8500000000        -0.5886612076         0.7619342724       -83.7382541940      -673.5851587817 
        8.8550000000        -0.5806813169         0.7440916120       -88.3257490752      -700.2159952015 
        8.8600000000        -0.5724517886         0.7517384665       -91.2617457992      -688.8027795931 
        8.8650000000        -0.5639761608         0.7389937090       -94.0142427279      -707.8248056072 
        8.8700000000        -0.5552580769         0.7466405635       -98.2347380186      -696.4115899987 
        8.8750001000        -0.5463011036         0.7440916120      -101.9047339236      -700.2159952015 
        8.8800000000        -0.5371096359         0.7364447575      -104.8407306476      -711.6292108100 
        8.8850000000        -0.5276870808         0.7517384665      -108.3272267573      -688.8027795931 
        8.8900000000        -0.5180376706         0.7440916120      -112.1807224575      -700.2159952015 
        8.8950000000        -0.5081655537         0.7593853209      -116.7682173387      -677.3895639846 
        8.9000000000        -0.4980749740         0.7466405635      -118.7867150865      -696.4115899987 
        8.9050000000        -0.4877702697         0.7542874179      -121.1722124247      -684.9983743902 
        8.9100000000        -0.4772558707         0.7517384665      -124.8422083297      -688.8027795931 
        8.9150000000        -0.4665362972         0.7746790298      -128.1452046441      -654.5631327676 
        8.9200001000        -0.4556159373         0.7415426605      -132.1822001396      -704.0204004044 
        8.9250000000        -0.4445001466         0.7619342724      -134.5676974778      -673.5851587817 
        8.9300000000        -0.4331930429         0.7593853209      -138.7881927685      -677.3895639846 
        8.9350000000        -0.4216997076         0.7491895150      -142.2746888783      -692.6071847959 
        8.9400000000        -0.4100250816         0.7619342724      -145.5776851927      -673.5851587817 
        8.9450000000        -0.3981741840         0.7644832239      -148.8806815072      -669.7807535789 
        8.9500000000        -0.3861521094         0.7491895150      -151.8166782312      -692.6071847959 
        8.9550001000        -0.3739637810         0.7823258843      -155.4866741362      -643.1499171591 
        8.9600000000        -0.3616151744         0.7593853209      -158.7896704506      -677.3895639846 
        8.9650000000        -0.3491108625         0.7823258843      -162.4596663556      -643.1499171591 
        8.9700000000        -0.3364564662         0.7797769328      -165.0286634891      -646.9543223619 
        8.9750000000        -0.3236574257         0.7848748358      -169.2491587798      -639.3455119563 
        8.9800000000        -0.3107192434         0.7797769328      -171.4511563228      -646.9543223619 
        8.9850000000        -0.2976474816         0.7848748358      -175.6716516135      -639.3455119563 
        8.9900000000        -0.2844477597         0.7976195932      -179.1581477232      -620.3234859421 
        8.9950000000        -0.2711257524         0.7874237873      -180.2591464947      -635.5411067534 
        9.0000001000        -0.2576869170         0.7925216902      -179.8921469042      -627.9322963478 
        9.0050000000        -0.2441378405         0.8027174962      -180.2591464947      -612.7146755365 
        9.0100000000        -0.2304835381         0.8103643506      -100.2532357664      -601.3014599280 
        9.0150000000        -0.2167301498         0.8103643506       179.4004521924      -601.3014599280 
        9.0200000000        -0.2028835883         0.8333049140       180.3179511686      -567.0618131025 
        9.0250000000        -0.1889498061         0.8078153991       179.4004521924      -605.1058651308 
        9.0300000000        -0.1749347936         0.8180112051       178.8499528066      -589.8882443195 
        9.0350000000        -0.1608445758         0.8409517685       175.5469564922      -555.6485974940 
        9.0400000000        -0.1466852102         0.8740881378       173.7119585397      -506.1913298572 
        9.0450001000        -0.1324624989         0.8282070110       170.0419626347      -574.6706235082 
        9.0500000000        -0.1181834113         0.8409517685       167.4729655012      -555.6485974940 
        9.0550000000        -0.1038532311         0.8511475744       165.2709679582      -540.4309766827 
        9.0600000000        -0.0894784039         0.8536965259       161.6009720533      -536.6265714799 
        9.0650000000        -0.0750651096         0.8664412833       159.9494738960      -517.6045454657 
        9.0700000000        -0.0606195444         0.8664412833       156.6464775816      -517.6045454657 
        9.0750000000        -0.0461479186         0.8740881378       154.4444800386      -506.1913298572 
        9.0800001000        -0.0316561636         0.8919307982       152.0589827003      -479.5604934374 
        9.0850000000        -0.0171513793         0.8689902348       148.2054870001      -513.8001402629 
        9.0900000000        -0.0026389316         0.8893818467       146.5539888429      -483.3648986403 
        9.0950000000         0.0118746506         0.9021266041       148.2054870001      -464.3428726261 
        9.1000000000         0.0263831279         0.9301650705       140.3149958044      -422.4944153950 
        9.1050000000         0.0408802629         0.9658503913       140.4984955997      -369.2327425554 
        9.1100000000         0.0553598233         0.9862420032       140.4984955997      -338.7975009328 
        9.1150000000         0.0698155842         1.1213364319       137.0119994900      -137.1640251828 
        9.1200000000         0.0842413312         1.2258434428       137.5624988757        18.8165881332 
        9.1250001000         0.0986311497         1.2080007824       136.4615001042        -7.8142482866 
        9.1300000000         0.1129779917         1.2130986854       139.0304972377        -0.2054378810 
        9.1350000000         0.1272765513         1.2054518309       136.4615001042       -11.6186534894 
        9.1400000000         0.1415203941         1.2411371518       137.7459986710        41.6430193502 
        9.1450000000         0.1557033966         1.1723154616       137.0119994900       -61.0759211262 
        9.1500000000         0.1698194616         1.2283923943       137.0119994900        22.6209933360 
        9.1550000000         0.1838625203         1.2895672300       137.3789990805       113.9267182039 
        9.1600000000         0.1978265358         1.2538819092       137.9294984662        60.6650453643 
        9.1650000000         0.2117055047         1.2921161815       138.8469974424       117.7311234068 
        9.1700001000         0.2254937353         1.3099588419       140.8654951902       144.3619598266 
        9.1750000000         0.2391844755         1.2921161815       139.5809966234       117.7311234068 
        9.1800000000         0.2527726641         1.3074098904       140.8654951902       140.5575546237 
        9.1850000000         0.2662521846         1.2921161815       140.3149958044       117.7311234068 
        9.1900000000         0.2796172420         1.2870182785       141.9664939617       110.1223130011 
        9.1950000000         0.2928620907         1.3354483567       143.2509925284       182.4060118548 
        9.2000000000         0.3059810367         1.3125077934       143.2509925284       148.1663650294 
        9.2050001000         0.3189686984         1.3532910171       144.1684915047       209.0368482747 
        9.2100000000         0.3318187173         1.3278015023       144.9024906856       170.9927962464 
        9.2150000000         0.3445263442         1.3456441627       146.7374886381       197.6236326662 
        9.2200000000         0.3570858577         1.3609378716       146.5539888429       220.4500638831 
        9.2250000000         0.3694918584         1.3583889201       147.8384874096       216.6456586803 
        9.2300000000         0.3817390128         1.3736826290       149.4899855669       239.4720898973 
        9.2350000000         0.3938220558         1.3558399686       150.0404849526       212.8412534775 
        9.2400000000         0.4057357930         1.3711336775       151.8754829051       235.6676846945 
        9.2450000000         0.4174751025         1.3762315805       152.9764816766       243.2764951001 
        9.2500001000         0.4290351669         1.3864273864       153.8939806528       258.4941159114 
        9.2550000000         0.4404103285         1.3787805320       154.6279798338       247.0809003029 
        9.2600000000         0.4515963851         1.3864273864       157.9309761483       258.4941159114 
        9.2650000000         0.4625882983         1.4093679498       157.9309761483       292.7337627369 
        9.2700000000         0.4733813427         1.4068189983       159.2154747150       288.9293575341 
        9.2750000000         0.4839708783         1.4195637558       161.0504726675       307.9513835482 
        9.2800000000         0.4943523526         1.4093679498       162.7019708248       292.7337627369 
        9.2850000000         0.5045213025         1.4374064162       163.9864693915       334.5822199680 
        9.2900000000         0.5144733565         1.4246616587       165.2709679582       315.5601939539 
        9.2950001000         0.5242044284         1.4348574647       167.6564652965       330.7778147652 
        9.3000000000         0.5337097577         1.4348574647       168.5739642727       330.7778147652 
        9.3050000000         0.5429858352         1.4781896399       171.6934607919       395.4527032133 
        9.3100000000         0.5520284805         1.4756406885       172.7944595634       391.6482980105 
        9.3150000000         0.5608338063         1.4144658528       174.9964571064       300.3425731426 
        9.3200000000         0.5693980271         1.4858364944       178.2994534209       406.8659188218 
        9.3250000000         0.5777174611         1.4909343974       179.2169523971       414.4747292274 
        9.3300001000         0.5857886906         1.4985812518       179.5839519876       425.8879448359 
        9.3350000000         0.5936077691         1.5011302033       181.7859495306       429.6923500387 
        9.3400000000         0.6011718119         1.5393644756       180.1344513734       486.7584280812 
        9.3450000000         0.6084774081         1.5011302033       176.4644554684       429.6923500387 
        9.3500000000         0.6155214171         1.5368155241       -98.7852374044       482.9540228784 
        9.3550000000         0.6223008107         1.5444623786      -101.1707347426       494.3672384868 
        9.3600000000         0.6288126743         1.5317176211      -180.8096458805       475.3452124727 
        9.3650000000         0.6350542084         1.5368155241      -179.7086471090       482.9540228784 
        9.3700000000         0.6410227299         1.5419134271      -179.8921469042       490.5628332840 
        9.3750001000         0.6467157838         1.5572071360      -179.3416475185       513.3892645010 
        9.3800000000         0.6521305896         1.5572071360      -177.5066495660       513.3892645010 
        9.3850000000         0.6572651525         1.5597560875      -173.1026544800       517.1936697038 
        9.3900000000         0.6621171541         1.5725008449      -170.9006569370       536.2156957180 
        9.3950000000         0.6666845086         1.5674029419      -168.6986593941       528.6068853123 
        9.4000000000         0.6709652523         1.6005393113      -165.9461624653       578.0641529491 
        9.4050000000         0.6749575450         1.5903435053      -163.0101657413       562.8465321378 
        9.4100000000         0.6786596704         1.5877945538      -159.7071694269       559.0421269349 
        9.4150000000         0.6820700369         1.6209309231      -157.6886716791       608.4993945717 
        9.4200001000         0.6851872377         1.6056372142      -154.0186757742       585.6729633548 
        9.4250000000         0.6880097547         1.5572071360      -151.4496786407       513.3892645010 
        9.4300000000         0.6905365525         1.6336756806      -148.6971817120       627.5214205859 
        9.4350000000         0.6927664855         1.6209309231      -144.8436860117       608.4993945717 
        9.4400000000         0.6946985951         1.6183819717      -143.0086880593       604.6949893689 
        9.4450000000         0.6963320505         1.6311267291      -139.1551923590       623.7170153830 
        9.4500000000         0.6976661496         1.6438714865      -135.3016966588       642.7390413972 
        9.4550001000         0.6987003366         1.6387735836      -132.7326995253       635.1302309915 
        9.4600000000         0.6994341137         1.6489693895      -130.7142017776       650.3478518028 
        9.4650000000         0.6998672185         1.6107351172      -126.3102066916       593.2817737604 
        9.4700000000         0.6999994473         1.6540672925      -122.8237105819       657.9566622085 
        9.4750000000         0.6998307431         1.6617141469      -120.4382132437       669.3698778170 
        9.4800000000         0.6993611785         1.6719099529      -116.9517171340       684.5874986283 
        9.4850000000         0.6985909553         1.6566162440      -114.5662197957       661.7610674113 
        9.4900000000         0.6975204047         1.6948505162      -109.6117253240       718.8271454538 
        9.4950000000         0.6961499868         1.6770078558      -105.9417294191       692.1963090340 
        9.5000001000         0.6944802545         1.6642630984      -104.4737310571       673.1742830198 
        9.5050000000         0.6925120348         1.6872036618      -100.8037351521       707.4139298453 
        9.5100000000         0.6902460645         1.6770078558       -95.6657408851       692.1963090340 
        9.5150000000         0.6876833544         1.6948505162       -94.0142427279       718.8271454538 
        9.5200000000         0.6848250060         1.6948505162       -89.4267478467       718.8271454538 
        9.5250000000         0.6816722482         1.6897526133       -86.4907511227       711.2183350481 
        9.5300000000         0.6782264364         1.6897526133       -83.1877548082       711.2183350481 
        9.5350000000         0.6744890520         1.6973994677       -79.3342591080       722.6315506566 
        9.5400000000         0.6704617017         1.6897526133       -75.4807634078       711.2183350481 
        9.5450001000         0.6661460276         1.6923015648       -72.1777670933       715.0227402509 
        9.5500000000         0.6615441526         1.7024973707       -68.8747707789       730.2403610623 
        9.5550000000         0.6566577876         1.6897526133       -65.5717744644       711.2183350481 
        9.5600000000         0.6514891224         1.7024973707       -61.3512791737       730.2403610623 
        9.5650000000         0.6460403791         1.7126931766       -58.5987822449       745.4579818736 
        9.5700000000         0.6403139001         1.7024973707       -53.8277875685       730.2403610623 
        9.5750000000         0.6343121472         1.7254379341       -51.0752906398       764.4800078877 
        9.5800001000         0.6280375724         1.7126931766       -46.8547953490       745.4579818736 
        9.5850000000         0.6214932577         1.6821057588       -43.3682992393       699.8051194396 
        9.5900000000         0.6146816320         1.7330847885       -40.0653029248       775.8932234962 
        9.5950000000         0.6076057519         1.6693610014       -36.2118072246       680.7830934255 
        9.6000000000         0.6002686593         1.7177910796       -32.9088109102       753.0667922792 
        9.6050000000         0.5926735085         1.7228889826       -28.1378162337       760.6756026849 
        9.6100000000         0.5848235646         1.6923015648       -25.2018195097       715.0227402509 
        9.6150000000         0.5767222024         1.7254379341       -22.8163221715       764.4800078877 
        9.6200000000         0.5683729047         1.7101442252       -18.5958268808       741.6535766707 
        9.6250001000         0.5597790866         1.7101442252       -15.1093307710       741.6535766707 
        9.6300000000         0.5509449655         1.6999484192       -11.6228346613       726.4359558594 
        9.6350000000         0.5418738163         1.7024973707        -8.1363385516       730.2403610623 
        9.6400000000         0.5325697130         1.6923015648        -3.3653438751       715.0227402509 
        9.6450000000         0.5230366556         1.6999484192        -1.1633463322       726.4359558594 
        9.6500000000         0.5132787424         1.7152421281         2.6901493681       749.2623870764 
        9.6550000000         0.5033001682         1.6897526133         6.3601452730       711.2183350481 
        9.6600000000         0.4931052231         1.7024973707         9.2961419970       730.2403610623 
        9.6650000000         0.4826982897         1.6719099529        13.3331374925       684.5874986283 
        9.6700001000         0.4720836278         1.6999484192        16.2691342164       726.4359558594 
        9.6750000000         0.4612664436         1.6846547103        17.9206323737       703.6095246425 
        9.6800000000         0.4502507445         1.6668120499        23.7926258216       676.9786882226 
        9.6850000000         0.4390414806         1.6846547103        26.1781231599       703.6095246425 
        9.6900000000         0.4276434707         1.6795568073        29.1141198838       696.0007142368 
        9.6950000000         0.4160616149         1.6770078558        33.1511153793       692.1963090340 
        9.7000000000         0.4043008924         1.6591651954        36.4541116938       665.5654726142 
        9.7050001000         0.3923661186         1.6617141469        39.2066086225       669.3698778170 
        9.7100000000         0.3802631456         1.6719099529        43.7941035037       684.5874986283 
        9.7150000000         0.3679964553         1.6617141469        47.0970998182       669.3698778170 
        9.7200000000         0.3555715616         1.6591651954        49.1155975659       665.5654726142 
        9.7250000000         0.3429938062         1.6311267291        52.6020936757       623.7170153830 
        9.7300000000         0.3302685960         1.6591651954        56.8225889664       665.5654726142 
        9.7350000000         0.3174014020         1.6413225350        59.7585856903       638.9346361944 
        9.7400000000         0.3043977556         1.6234798746        62.8780822096       612.3037997745 
        9.7450000000         0.2912632472         1.6617141469        65.4470793430       669.3698778170 
        9.7500001000         0.2780032570         1.6285777776        68.7500756575       619.9126101802 
        9.7550000000         0.2646242847         1.6005393113        71.3190727910       578.0641529491 
        9.7600000000         0.2511312827         1.6413225350        74.0715697197       638.9346361944 
        9.7650000000         0.2375303183         1.6107351172        77.3745660342       593.2817737604 
        9.7700000000         0.2238272385         1.5979903598        80.8610621439       574.2597477463 
        9.7750000000         0.2100279344         1.6234798746        84.8980576394       612.3037997745 
        9.7800000000         0.1961383383         1.6081861657        86.9165553871       589.4773685576 
        9.7850000000         0.1821644213         1.5801476994        89.4855525206       547.6289113265 
        9.7900000000         0.1681121912         1.5826966509        92.2380494493       551.4333165293 
        9.7950001000         0.1539874056         1.5877945538        94.2565471971       559.0421269349 
        9.8000000000         0.1397969864         1.5597560875        98.1100428973       517.1936697038 
        9.8050000000         0.1255461846         1.5597560875       100.3120404403       517.1936697038 
        9.8100000000         0.1112414099         1.5775987479       103.2480371642       543.8245061236 
        9.8150000000         0.0968888121         1.5495602815       104.7160355262       501.9760488925 
        9.8200000000         0.0824945613         1.5674029419       108.3860314312       528.6068853123 
        9.8250000000         0.0680648457         1.5495602815       110.4045291789       501.9760488925 
        9.8300001000         0.0536055794         1.5495602815       113.5240256982       501.9760488925 
        9.8350000000         0.0391238464         1.5393644756       115.1755238554       486.7584280812 
        9.8400000000         0.0246250045         1.5113260093       117.9280207841       444.9099708501 
        9.8450000000         0.0101155762         1.5342665726       120.3135181223       479.1496176755 
        9.8500000000        -0.0043982008         1.5087770578       123.0660150511       441.1055656472 
        9.8550000000        -0.0189100870         1.5164239122       126.5525111608       452.5187812557 
        9.8600000000        -0.0334138437         1.4960323003       126.7360109560       422.0835396331 
        9.8650000000        -0.0479032356         1.4883854459       128.5710089085       410.6703240246 
        9.8700000000        -0.0623720337         1.4450532706       132.0575050183       345.9954355765 
        9.8750001000        -0.0768143063         1.3966231924       133.8925029707       273.7117367228 
        9.8800012000        -0.0912264328         1.2003539280       132.6080044040       -19.2274638951 
        9.8850000000        -0.1055927233         1.2130986854       132.9750039945        -0.2054378810 
        9.8900000000        -0.1199170728         1.2462350547       133.5255033802        49.2518297558 
        9.8950000000        -0.1341898693         1.2232944913       133.1585037897        15.0121829304 
        9.9000000000        -0.1484049769         1.2105497339       132.7915041992        -4.0098430838 
        9.9050000000        -0.1625562846         1.2130986854       132.7915041992        -0.2054378810 
        9.9100000000        -0.1766377087         1.2207455399       133.1585037897        11.2077777275 
        9.9150000000        -0.1906431953         1.1952560250       133.1585037897       -26.8362743008 
        9.9200001000        -0.2045670012         1.1187874804       131.5070056325      -140.9684303856 
        9.9250000000        -0.2184023077         1.1825112676       132.0575050183       -45.8583003149 
        9.9300000000        -0.2321439996         1.1391790923       131.1400060420      -110.5331887630 
        9.9350000000        -0.2457858918         1.1366301408       130.2225070658      -114.3375939658 
        9.9400000000        -0.2593221195         1.1340811893       129.8555074753      -118.1419991687 
        9.9450000000        -0.2727468635         1.1264343349       130.4060068610      -129.5552147771 
        9.9500000000        -0.2860543523         1.1136895775       128.2040093180      -148.5772407913 
        9.9550001000        -0.2992391275         1.0983958685       128.9380084990      -171.4036720083 
        9.9600000000        -0.3122947337         1.1009448200       126.5525111608      -167.5992668054 
        9.9650000000        -0.3252163453         1.0831021596       125.8185119798      -194.2301032252 
        9.9700000000        -0.3379981450         1.0805532081       125.6350121846      -198.0345084281 
        9.9750000000        -0.3506346378         1.0780042567       123.6165144368      -201.8389136309 
        9.9800000000        -0.3631203911         1.0372210329       122.8825152558      -262.7093968762 
        9.9850000000        -0.3754500372         1.0703574022       121.7815164843      -213.2521292394 
        9.9900000000        -0.3876182757         1.0499657903       120.6805177128      -243.6873708620 
        9.9950000000        -0.3996198754         1.0729063537       119.9465185319      -209.4477240366 
