           Time[sec]           V_{cmd}[V]          V_{gyro}[V]          \theta[deg] \omega_{gyro}[deg/sec] 
        0.0000000000         0.0000000000         1.2054518309        76.9942673049       -10.8273372073 
        0.0050000000         0.0527287639         1.2080007824        76.8107675097        -7.0229320044 
        0.0100000000         0.1051579124         1.2207455399        77.9117662812        11.9990940097 
        0.0150000000         0.1569895327         1.2130986854        76.9942673049         0.5858784012 
        0.0200000000         0.2079291071         1.2130986854        77.5447666907         0.5858784012 
        0.0250000000         0.2576871869         1.2029028795        76.9942673049       -14.6317424101 
        0.0300000000         0.3059810367         1.2207455399        77.9117662812        11.9990940097 
        0.0350000000         0.3525362411         1.2232944913        77.7282664859        15.8034992126 
        0.0400000000         0.3970882644         1.3532910171        78.0952660764       209.8281645568 
        0.0450000000         0.4393839529         1.2972140844        78.6457654622       126.1312500946 
        0.0500000000         0.4791829742         1.2997630359        78.8292652574       129.9356552974 
        0.0550000999         0.5162598943         1.3379973082        79.9302640289       187.0017333399 
        0.0600000999         0.5504025540         1.3558399686        81.0312628004       213.6325697597 
        0.0650000999         0.5814177167         1.3507420656        82.1322615719       206.0237593540 
        0.0700000999         0.6091291478         1.3736826290        83.6002599339       240.2634061795 
        0.0750000000         0.6333789367         1.3813294835        84.5177589101       251.6766217880 
        0.0800000000         0.6540302597         1.4017210954        85.4352578863       282.1118634106 
        0.0850000000         0.6709652523         1.4144658528        87.2702558388       301.1338894247 
        0.0900000000         0.6840876865         1.4272106102        88.1877548151       320.1559154389 
        0.0950000000         0.6933229980         1.4272106102        90.0227527676       320.1559154389 
        0.1000000000         0.6986187099         1.4577980281        92.5917499010       365.8087778728 
        0.1050000000         0.6999447309         1.4679938340        93.6927486725       381.0263986842 
        0.1100088999         0.6972852669         1.4730917370        96.2617458060       388.6352090898 
        0.1150000000         0.6906801609         1.4858364944        97.3627445775       407.6572351040 
        0.1200000000         0.6801422130         1.4909343974        99.9317417110       415.2660455096 
        0.1250000000         0.6657395614         1.5113260093       101.9502394587       445.7012871323 
        0.1300000000         0.6475540448         1.5036791548       103.9687372064       434.2880715238 
        0.1350000000         0.6256889969         1.5138749607       106.5377343399       449.5056923351 
        0.1400000000         0.6002686593         1.5317176211       109.1067314734       476.1365287549 
        0.1450000000         0.5714374755         1.5215218152       110.7582296306       460.9189079436 
        0.1500000000         0.5393592699         1.5266197182       113.5107265594       468.5277183492 
        0.1550000000         0.5042163174         1.5240707667       115.3457245119       464.7233131464 
        0.1600000000         0.4662083072         1.5393644756       117.7312218501       487.5497443634 
        0.1650000000         0.4255512084         1.5266197182       120.3002189836       468.5277183492 
        0.1700000000         0.3824760427         1.5419134271       122.3187167313       491.3541495662 
        0.1750000000         0.3372275719         1.5419134271       125.0712136600       491.3541495662 
        0.1800000999         0.2900619470         1.5393644756       127.2732112030       487.5497443634 
        0.1850000999         0.2412490563         1.5470113301       129.1082091555       498.9629599719 
        0.1900000999         0.1910653404         1.5164239122       131.6772062890       453.3100975379 
        0.1950000999         0.1397959531         1.5164239122       133.6957040367       453.3100975379 
        0.2000000000         0.0877332635         1.5266197182       136.0812013749       468.5277183492 
        0.2050000000         0.0351710227         1.5368155241       138.8336983037       483.7453391606 
        0.2100000999        -0.0175921210         1.5087770578       140.4851964609       441.8968819294 
        0.2150000000        -0.0702532004         1.5062281063       142.1366946181       438.0924767266 
        0.2200000000        -0.1225161413         1.4883854459       144.7056917516       411.4616403068 
        0.2250000000        -0.1740829210         1.4654448825       146.7241894993       377.2219934813 
        0.2300009000        -0.2246695247         1.4527001251       149.4766864281       358.1999674672 
        0.2350000000        -0.2739615668         1.3583889201       149.2931866328       217.4369749625 
        0.2400001000        -0.3217068401         1.1570217527       150.0271858138       -83.1110360610 
        0.2450000000        -0.3676222410         1.2054518309       150.2106856091       -10.8273372073 
        0.2500000000        -0.4114496766         1.2181965884       150.0271858138         8.1946888069 
        0.2550000000        -0.4529391731         1.2105497339       149.4766864281        -3.2185268016 
        0.2600000000        -0.4918549789         1.0983958685       148.9261870423      -170.6123557261 
        0.2650000000        -0.5279759665         1.1519238497       149.4766864281       -90.7198464667 
        0.2700000000        -0.5610968894         1.1009448200       148.1921878613      -166.8079505233 
        0.2750000000        -0.5910295479         1.0831021596       146.7241894993      -193.4387869431 
        0.2800000000        -0.6176038585         1.0423189359       145.8066905231      -254.3092701883 
        0.2850000000        -0.6406688208         1.0703574022       145.0726913421      -212.4608129572 
        0.2900001000        -0.6600937265         1.0168294210       143.6046929801      -292.3533222166 
        0.2950000000        -0.6757671472         1.0193783725       142.3201944134      -288.5489170138 
        0.3000000000        -0.6876010755         0.9964378091       140.8521960514      -322.7885638392 
        0.3050000999        -0.6955280364         0.9836930517       139.2006978942      -341.8105898534 
        0.3100000999        -0.6995026706         0.9633014398       137.3656999417      -372.2458314760 
        0.3150000999        -0.6995025911         0.9607524883       135.8977015797      -376.0502366789 
        0.3200000999        -0.6955277984         0.9505566824       133.6957040367      -391.2678574902 
        0.3250000000        -0.6876010755         0.9378119249       132.0442058795      -410.2898835043 
        0.3300000000        -0.6757671472         0.9250671675       129.1082091555      -429.3119095185 
        0.3350000000        -0.6600933751         0.9250671675       128.3742099745      -429.3119095185 
        0.3400000000        -0.6406688208         0.9199692645       125.2547134553      -436.9207199241 
        0.3450000000        -0.6176038585         0.9021266041       123.4197155028      -463.5515563439 
        0.3500001000        -0.5910289822         0.9072245071       121.4012177551      -455.9427459383 
        0.3550001000        -0.5610962582         0.9072245071       119.7497195978      -455.9427459383 
        0.3600000000        -0.5279759665         0.8970287012       117.1807224643      -471.1603667496 
        0.3650000000        -0.4918549789         0.9046755556       114.7952251261      -459.7471511411 
        0.3700000000        -0.4529391731         0.9046755556       112.9602271736      -459.7471511411 
        0.3750000000        -0.4114496766         0.8995776526       110.5747298354      -467.3559615468 
        0.3800000000        -0.3676222410         0.8919307982       108.0057327019      -478.7691771553 
        0.3850000000        -0.3217059024         0.8970287012       104.8862361827      -471.1603667496 
        0.3900000000        -0.2739615668         0.9046755556       103.2347380255      -459.7471511411 
        0.3950000000        -0.2246605269         0.8893818467       100.1152415062      -482.5735823581 
        0.4000000000        -0.1740829210         0.8970287012        97.7297441680      -471.1603667496 
        0.4050000000        -0.1225161413         0.9199692645        96.6287453965      -436.9207199241 
        0.4100000000        -0.0702532004         0.9301650705        93.8762484678      -421.7030991128 
        0.4150001000        -0.0175900114         0.9174203130        91.6742509248      -440.7251251270 
        0.4200001000         0.0351720771         0.9276161190        90.2062525628      -425.5075043156 
        0.4250000000         0.0877332635         0.9582035368        87.8207552246      -379.8546418817 
        0.4300000999         0.1397980196         0.9785951487        85.4352578863      -349.4194002591 
        0.4350000999         0.1910673693         1.0066336150        84.5177589101      -307.5709430279 
        0.4400000999         0.2412510361         1.0423189359        83.0497605481      -254.3092701883 
        0.4450000999         0.2900638664         1.1850602191        82.4992611624       -41.2625788299 
        0.4500000000         0.3372275719         1.2334902973        82.4992611624        31.0211200239 
        0.4550000000         0.3824760427         1.2232944913        82.6827609576        15.8034992126 
        0.4600000000         0.4255512084         1.2334902973        82.4992611624        31.0211200239 
        0.4650000000         0.4662083072         1.2768224726        82.8662607529        95.6960084720 
        0.4700000000         0.5042163174         1.2793714240        83.4167601386        99.5004136748 
        0.4750001000         0.5393599429         1.3099588419        84.3342591149       145.1532761087 
        0.4800001000         0.5714380853         1.3227035993        84.3342591149       164.1753021229 
        0.4850000000         0.6002686593         1.3456441627        85.2517580911       198.4149489484 
        0.4900000000         0.6256889969         1.3634868231        87.0867560436       225.0457853682 
        0.4950000000         0.6475540448         1.3889763379        88.0042550198       263.0898373965 
        0.5000000000         0.6657395614         1.3915252894        88.7382542008       266.8942425993 
        0.5050000000         0.6801422130         1.4246616587        90.2062525628       316.3515102361 
        0.5100000000         0.6906801609         1.4144658528        92.5917499010       301.1338894247 
        0.5150000000         0.6972935264         1.4628959310        94.2432480583       373.4175882785 
        0.5200000000         0.6999447309         1.4399553677        95.1607470345       339.1779414530 
        0.5250000000         0.6986187099         1.4756406885        97.7297441680       392.4396142926 
        0.5300000000         0.6933229980         1.4603469795        99.0142427347       369.6131830757 
        0.5350000000         0.6840876865         1.5036791548       101.2162402777       434.2880715238 
        0.5400000000         0.6709652523         1.4679938340       103.0512382302       381.0263986842 
        0.5450000000         0.6540302597         1.5062281063       105.8037351589       438.0924767266 
        0.5500000000         0.6333789367         1.4909343974       106.7212341352       415.2660455096 
        0.5550000999         0.6091281087         1.5113260093       109.1067314734       445.7012871323 
        0.5600000999         0.5814165422         1.5062281063       111.4922288116       438.0924767266 
        0.5650000999         0.5504012510         1.5138749607       114.4282255356       449.5056923351 
        0.5700000999         0.5162584700         1.5291686697       116.2632234881       472.3321235521 
        0.5750000999         0.4791822055         1.5266197182       118.8322206216       468.5277183492 
        0.5800000999         0.4393831320         1.5189728637       120.6672185741       457.1145027407 
        0.5850000000         0.3970882644         1.5164239122       122.5022165265       453.3100975379 
        0.5900000000         0.3525362411         1.5189728637       125.4382132505       457.1145027407 
        0.5950000000         0.3059810367         1.5215218152       127.2732112030       460.9189079436 
        0.6000000000         0.2576871869         1.5317176211       129.8422083365       476.1365287549 
        0.6050000000         0.2079291071         1.4985812518       131.3102066985       426.6792611181 
        0.6100000000         0.1569895327         1.5087770578       134.4297032177       441.8968819294 
        0.6150046000         0.1051099062         1.5240707667       136.4482009654       464.7233131464 
        0.6200000000         0.0527287639         1.5317176211       138.8336983037       476.1365287549 
        0.6250000000         0.0000000000         1.4960323003       140.6686962561       422.8748559153 
        0.6300000000        -0.0527287639         1.4960323003       142.5036942086       422.8748559153 
        0.6350000000        -0.1051579124         1.4883854459       144.5221919564       411.4616403068 
        0.6400000000        -0.1569895327         1.4527001251       145.9901903184       358.1999674672 
        0.6450000000        -0.2079291071         1.4374064162       148.0086880661       335.3735362502 
        0.6500000000        -0.2576871869         1.3940742409       150.3941854043       270.6986478021 
        0.6550000000        -0.3059810367         1.1417280438       149.1096868376      -105.9374672780 
        0.6600000000        -0.3525362411         1.2029028795       150.2106856091       -14.6317424101 
        0.6650000000        -0.3970882644         1.2283923943       149.6601862233        23.4123096182 
        0.6700000000        -0.4393839529         1.2258434428       150.3941854043        19.6079044154 
        0.6750000000        -0.4791829742         1.1009448200       149.1096868376      -166.8079505233 
        0.6800000999        -0.5162598943         1.1519238497       148.5591874518       -90.7198464667 
        0.6850000999        -0.5504025540         1.1060427230       148.5591874518      -159.1991401176 
        0.6900000999        -0.5814177167         1.1009448200       147.2746888851      -166.8079505233 
        0.6950000999        -0.6091291478         1.0474168388       145.8066905231      -246.7004597827 
        0.7000000999        -0.6333793857         1.0652594992       145.0726913421      -220.0696233629 
        0.7050000999        -0.6540306356         1.0219273240       144.3386921611      -284.7445118110 
        0.7100000000        -0.6709652523         1.0270252269       142.6871940039      -277.1357014053 
        0.7150000000        -0.6840876865         0.9887909546       140.4851964609      -334.2017794477 
        0.7200000000        -0.6933229980         0.9887909546       139.0171980989      -334.2017794477 
        0.7250000000        -0.6986187099         0.9760461972       137.3656999417      -353.2238054619 
        0.7300000000        -0.6999447309         0.9480077309       135.5307019892      -395.0722626930 
        0.7350000000        -0.6972935264         0.9454587794       134.2462034225      -398.8766678958 
        0.7400000000        -0.6906801609         0.9352629734       132.0442058795      -414.0942887072 
        0.7450000000        -0.6801422130         0.9352629734       129.8422083365      -414.0942887072 
        0.7500000000        -0.6657395614         0.9148713616       128.1907101792      -444.5295303298 
        0.7550000000        -0.6475540448         0.9276161190       126.1722124315      -425.5075043156 
        0.7600000000        -0.6256889969         0.9174203130       124.5207142743      -440.7251251270 
        0.7650000000        -0.6002686593         0.9148713616       121.9517171408      -444.5295303298 
        0.7700000000        -0.5714374755         0.8995776526       119.7497195978      -467.3559615468 
        0.7750000000        -0.5393592699         0.8893818467       116.9972226691      -482.5735823581 
        0.7800000000        -0.5042163174         0.9046755556       114.9787249214      -459.7471511411 
        0.7850000000        -0.4662083072         0.8944797497       112.7767273784      -474.9647719524 
        0.7900000000        -0.4255512084         0.8970287012       110.2077302449      -471.1603667496 
        0.7950000000        -0.3824760427         0.8919307982       108.1892324972      -478.7691771553 
        0.8000000000        -0.3372275719         0.9148713616       106.5377343399      -444.5295303298 
        0.8050000999        -0.2900619470         0.8893818467       103.6017376159      -482.5735823581 
        0.8100000999        -0.2412490563         0.9148713616       101.3997400730      -444.5295303298 
        0.8150000999        -0.1910653404         0.8995776526        99.3812423252      -467.3559615468 
        0.8200000999        -0.1397959531         0.9250671675        96.9957449870      -429.3119095185 
        0.8250000999        -0.0877322173         0.9174203130        94.6102476488      -440.7251251270 
        0.8300000999        -0.0351699696         0.9276161190        92.5917499010      -425.5075043156 
        0.8350000999         0.0175921210         0.9276161190        90.9402517438      -425.5075043156 
        0.8400000000         0.0702532004         0.9378119249        88.3712546103      -410.2898835043 
        0.8450000000         0.1225161413         0.9709482942        86.9032562483      -360.8326158675 
        0.8500000000         0.1740829210         0.9989867606        84.3342591149      -318.9841586364 
        0.8550000000         0.2246605269         1.0193783725        83.0497605481      -288.5489170138 
        0.8600000000         0.2739615668         1.0652594992        82.1322615719      -220.0696233629 
        0.8650000000         0.3217059024         1.1111406260        81.3982623909      -151.5903297119 
        0.8700000000         0.3676222410         1.2589798122        81.7652619814        69.0651720522 
        0.8750000000         0.4114496766         1.2309413458        81.3982623909        27.2167148210 
        0.8800000000         0.4529391731         1.2462350547        81.7652619814        50.0431460380 
        0.8850000000         0.4918549789         1.2691756181        81.9487617766        84.2827928635 
        0.8900000000         0.5279759665         1.2921161815        82.1322615719       118.5224396889 
        0.8950000000         0.5610968894         1.3150567448        83.2332603434       152.7620865144 
        0.9000000000         0.5910295479         1.3328994052        84.5177589101       179.3929229342 
        0.9050000000         0.6176038585         1.3532910171        85.6187576816       209.8281645568 
        0.9100000000         0.6406688208         1.3685847260        85.6187576816       232.6545957738 
        0.9150000000         0.6600933751         1.3966231924        87.2702558388       274.5030530049 
        0.9200000000         0.6757671472         1.3940742409        88.5547544056       270.6986478021 
        0.9250000000         0.6876010755         1.4093679498        89.2887535866       293.5250790191 
        0.9300000999         0.6955280364         1.4297595617        91.3072513343       323.9603206417 
        0.9350000999         0.6995026706         1.4527001251        92.7752496963       358.1999674672 
        0.9400000999         0.6995025911         1.4527001251        95.1607470345       358.1999674672 
        0.9450000999         0.6955277984         1.4756406885        96.9957449870       392.4396142926 
        0.9500000999         0.6876008779         1.4628959310        98.4637433490       373.4175882785 
        0.9550000999         0.6757668721         1.5011302033       101.0327404825       430.4836663209 
        0.9600000999         0.6600930242         1.4858364944       103.2347380255       407.6572351040 
        0.9650000000         0.6406688208         1.5036791548       105.0697359779       434.2880715238 
        0.9700000000         0.6176038585         1.4985812518       107.2717335209       426.6792611181 
        0.9750000000         0.5910295479         1.5266197182       109.8407306544       468.5277183492 
        0.9800000000         0.5610968894         1.5062281063       111.1252292211       438.0924767266 
        0.9850000000         0.5279759665         1.5062281063       114.4282255356       438.0924767266 
        0.9900000000         0.4918549789         1.5266197182       116.2632234881       468.5277183492 
        0.9950000000         0.4529391731         1.5138749607       118.0982214406       449.5056923351 
        1.0000000000         0.4114496766         1.5342665726       121.0342181646       479.9409339577 
        1.0050000000         0.3676222410         1.5138749607       122.5022165265       449.5056923351 
        1.0100001000         0.3217049648         1.5215218152       125.2547134553       460.9189079436 
        1.0150000000         0.2739615668         1.5189728637       127.6402107935       457.1145027407 
        1.0200001000         0.2246595270         1.5419134271       130.3927077222       491.3541495662 
        1.0250000000         0.1740829210         1.5011302033       131.3102066985       430.4836663209 
        1.0300000000         0.1225161413         1.5062281063       133.8792038320       438.0924767266 
        1.0350000000         0.0702532004         1.5164239122       135.8977015797       453.3100975379 
        1.0400000000         0.0175910668         1.5189728637       138.2831989179       457.1145027407 
        1.0450000000        -0.0351710227         1.4883854459       140.6686962561       411.4616403068 
        1.0500000000        -0.0877332635         1.4756406885       142.3201944134       392.4396142926 
        1.0550000999        -0.1397980196         1.4527001251       144.1551923659       358.1999674672 
        1.0600000999        -0.1910673693         1.4348574647       145.6231907279       331.5691310474 
        1.0650000999        -0.2412510361         1.4068189983       147.4581886803       289.7206738163 
        1.0700000999        -0.2900638664         1.2283923943       147.4581886803        23.4123096182 
        1.0750000000        -0.3372275719         1.1901581220       148.0086880661       -33.6537684242 
        1.0800000000        -0.3824760427         1.2080007824       148.0086880661        -7.0229320044 
        1.0850000000        -0.4255512084         1.2156476369       147.4581886803         4.3902836041 
        1.0900000000        -0.4662083072         1.1289832864       148.3756876566      -124.9594932921 
        1.0950000000        -0.5042163174         1.1570217527       147.0911890898       -83.1110360610 
        1.1000000000        -0.5393592699         1.1085916745       146.5406897041      -155.3947349148 
        1.1050000000        -0.5714374755         1.1034937715       145.6231907279      -163.0035453204 
        1.1100000000        -0.6002686593         1.0831021596       145.2561911374      -193.4387869431 
        1.1150000000        -0.6256889969         1.0703574022       143.7881927754      -212.4608129572 
        1.1200000000        -0.6475540448         1.0397699844       142.3201944134      -258.1136753912 
        1.1250000000        -0.6657395614         1.0423189359       141.2191956419      -254.3092701883 
        1.1300000000        -0.6801422130         1.0066336150       139.7511972799      -307.5709430279 
        1.1350001000        -0.6906803326         1.0040846636       138.8336983037      -311.3753482308 
        1.1400000000        -0.6972935264         0.9836930517       137.7326995322      -341.8105898534 
        1.1450001000        -0.6999447442         0.9785951487       134.9802026034      -349.4194002591 
        1.1500000000        -0.6986187099         0.9582035368       132.5947052652      -379.8546418817 
        1.1550001000        -0.6933228525         0.9633014398       132.0442058795      -372.2458314760 
        1.1600000000        -0.6840876865         0.9378119249       129.4752087460      -410.2898835043 
        1.1650000000        -0.6709652523         0.9352629734       127.4567109983      -414.0942887072 
        1.1700000000        -0.6540302597         0.9225182160       125.2547134553      -433.1163147213 
        1.1750000000        -0.6333789367         0.9199692645       123.6032152980      -436.9207199241 
        1.1800000999        -0.6091281087         0.9174203130       121.5847175503      -440.7251251270 
        1.1850000999        -0.5814165422         0.8995776526       118.4652210311      -467.3559615468 
        1.1900000999        -0.5504012510         0.9046755556       117.3642222596      -459.7471511411 
        1.1950000999        -0.5162584700         0.9174203130       115.1622247166      -440.7251251270 
        1.2000000000        -0.4791829742         0.8970287012       111.4922288116      -471.1603667496 
        1.2050000000        -0.4393839529         0.9021266041       110.0242304496      -463.5515563439 
        1.2100000000        -0.3970882644         0.9097734586       107.4552333162      -452.1383407354 
        1.2150000000        -0.3525362411         0.8970287012       104.8862361827      -471.1603667496 
        1.2200000000        -0.3059810367         0.9123224101       103.2347380255      -448.3339355326 
        1.2250000000        -0.2576871869         0.8970287012       100.6657408920      -471.1603667496 
        1.2300000000        -0.2079291071         0.9021266041        98.0967437585      -463.5515563439 
        1.2350000000        -0.1569895327         0.9199692645        96.2617458060      -436.9207199241 
        1.2400000000        -0.1051579124         0.9301650705        94.0597482630      -421.7030991128 
        1.2450000000        -0.0527287639         0.9250671675        91.8577507200      -429.3119095185 
        1.2500000000        -0.0000000000         0.9174203130        89.6557531771      -440.7251251270 
        1.2550000000         0.0527287639         0.9556545853        88.0042550198      -383.6590470845 
        1.2600001000         0.1051589562         0.9658503913        85.8022574768      -368.4414262732 
        1.2650000000         0.1569895327         0.9887909546        83.7837597291      -334.2017794477 
        1.2700001000         0.2079301152         1.0321231299        82.6827609576      -269.5268909996 
        1.2750000000         0.2576871869         1.0754553052        81.5817621861      -204.8520025515 
        1.2800001000         0.3059819862         1.1085916745        80.1137638241      -155.3947349148 
        1.2850000000         0.3525362411         1.2538819092        79.9302640289        61.4563616465 
        1.2900000000         0.3970882644         1.2411371518        80.4807634146        42.4343356324 
        1.2950000000         0.4393839529         1.2360392488        80.6642632099        34.8255252267 
        1.3000000000         0.4791829742         1.2921161815        81.5817621861       118.5224396889 
        1.3050000999         0.5162598943         1.2972140844        82.1322615719       126.1312500946 
        1.3100000999         0.5504025540         1.3252525508        82.6827609576       167.9797073257 
        1.3150000999         0.5814177167         1.3150567448        82.8662607529       152.7620865144 
        1.3200000999         0.6091291478         1.3507420656        84.7012587054       206.0237593540 
        1.3250000000         0.6333789367         1.3634868231        85.4352578863       225.0457853682 
        1.3300000000         0.6540302597         1.3915252894        86.1692570673       266.8942425993 
        1.3350000000         0.6709652523         1.3966231924        88.1877548151       274.5030530049 
        1.3400000000         0.6840876865         1.4144658528        89.4722533818       301.1338894247 
        1.3450000000         0.6933229980         1.4297595617        90.0227527676       323.9603206417 
        1.3500000000         0.6986187099         1.4348574647        92.4082501058       331.5691310474 
        1.3550000000         0.6999447309         1.4730917370        94.4267478535       388.6352090898 
        1.3600000000         0.6972935264         1.4577980281        95.7112464203       365.8087778728 
        1.3650000000         0.6906801609         1.4858364944        97.7297441680       407.6572351040 
        1.3700000000         0.6801422130         1.4858364944        99.7482419157       407.6572351040 
        1.3750000000         0.6657395614         1.5036791548       101.9502394587       434.2880715238 
        1.3800000000         0.6475540448         1.4960323003       103.7852374112       422.8748559153 
        1.3850001000         0.6256885235         1.5087770578       106.5377343399       441.8968819294 
        1.3900000000         0.6002686593         1.5138749607       108.1892324972       449.5056923351 
        1.3950001000         0.5714368657         1.5164239122       110.3912300401       453.3100975379 
        1.4000000000         0.5393592699         1.5087770578       112.2262279926       441.8968819294 
        1.4050001000         0.5042155851         1.5062281063       114.9787249214       438.0924767266 
        1.4100000000         0.4662083072         1.5317176211       117.1807224643       476.1365287549 
        1.4150000000         0.4255512084         1.5036791548       119.3827200073       434.2880715238 
        1.4200000000         0.3824760427         1.5266197182       122.1352169360       468.5277183492 
        1.4250197999         0.3370444058         1.5240707667       124.5207142743       464.7233131464 
        1.4300000999         0.2900619470         1.5266197182       126.3557122268       468.5277183492 
        1.4350000999         0.2412490563         1.5393644756       129.2917089507       487.5497443634 
        1.4400000999         0.1910653404         1.5240707667       130.3927077222       464.7233131464 
        1.4450000999         0.1397959531         1.4934833489       132.2277056747       419.0704507125 
        1.4500000000         0.0877332635         1.5164239122       135.1637023987       453.3100975379 
        1.4550000000         0.0351710227         1.5164239122       137.1822001464       453.3100975379 
        1.4600000000        -0.0175910668         1.5087770578       139.2006978942       441.8968819294 
        1.4650000000        -0.0702532004         1.4756406885       140.1181968704       392.4396142926 
        1.4700099000        -0.1226190285         1.4730917370       142.8706937991       388.6352090898 
        1.4750000000        -0.1740829210         1.4450532706       144.5221919564       346.7867518587 
        1.4800000000        -0.2246605269         1.4170148043       145.9901903184       304.9382946276 
        1.4850000000        -0.2739615668         1.3915252894       147.6416884756       266.8942425993 
        1.4900000000        -0.3217059024         1.1621196557       148.1921878613       -75.5022256554 
        1.4950000000        -0.3676222410         1.2105497339       148.0086880661        -3.2185268016 
        1.5000000000        -0.4114496766         1.2232944913       148.0086880661        15.8034992126 
        1.5050000000        -0.4529391731         1.1825112676       148.0086880661       -45.0669840327 
        1.5100001000        -0.4918557301         1.1315322379       147.4581886803      -121.1550880893 
        1.5150000000        -0.5279759665         1.1315322379       147.4581886803      -121.1550880893 
        1.5200001000        -0.5610975206         1.1034937715       146.1736901136      -163.0035453204 
        1.5250000000        -0.5910295479         1.0907490141       145.2561911374      -182.0255713346 
        1.5300001000        -0.6176043554         1.0627105477       144.1551923659      -223.8740285657 
        1.5350000000        -0.6406688208         1.0499657903       143.2376933896      -242.8960545798 
        1.5400001000        -0.6600937265         1.0372210329       141.4026954371      -261.9180805940 
        1.5450000000        -0.6757671472         1.0168294210       140.8521960514      -292.3533222166 
        1.5500000000        -0.6876010755         0.9989867606       138.6501985084      -318.9841586364 
        1.5550000999        -0.6955280364         0.9811441002       137.5491997369      -345.6149950562 
        1.5600000999        -0.6995026706         0.9709482942       135.8977015797      -360.8326158675 
        1.5650000999        -0.6995025911         0.9633014398       134.2462034225      -372.2458314760 
        1.5700000999        -0.6955277984         0.9556545853       132.4112054700      -383.6590470845 
        1.5750000000        -0.6876010755         0.9352629734       130.5762075175      -414.0942887072 
        1.5800000000        -0.6757671472         0.9429098279       128.7412095650      -402.6810730987 
        1.5850000000        -0.6600933751         0.9276161190       126.3557122268      -425.5075043156 
        1.5900000000        -0.6406688208         0.9225182160       124.1537146838      -433.1163147213 
        1.5950000000        -0.6176038585         0.9072245071       121.7682173456      -455.9427459383 
        1.6000000000        -0.5910295479         0.9148713616       120.4837187788      -444.5295303298 
        1.6050000000        -0.5610968894         0.8919307982       117.3642222596      -478.7691771553 
        1.6100000000        -0.5279759665         0.9123224101       115.1622247166      -448.3339355326 
        1.6150000000        -0.4918549789         0.9021266041       113.8777261499      -463.5515563439 
        1.6200000000        -0.4529391731         0.9046755556       110.7582296306      -459.7471511411 
        1.6250000000        -0.4114496766         0.8944797497       108.0057327019      -474.9647719524 
        1.6300000000        -0.3676222410         0.9072245071       106.1707347494      -455.9427459383 
        1.6350001000        -0.3217049648         0.9046755556       104.5192365922      -459.7471511411 
        1.6400000000        -0.2739615668         0.9097734586       101.2162402777      -452.1383407354 
        1.6450001000        -0.2246595270         0.8970287012       100.1152415062      -471.1603667496 
        1.6500000000        -0.1740829210         0.9148713616        97.5462443727      -444.5295303298 
        1.6550001000        -0.1225151018         0.9174203130        95.1607470345      -440.7251251270 
        1.6600000000        -0.0702532004         0.9148713616        92.7752496963      -444.5295303298 
        1.6650001000        -0.0175900114         0.9276161190        90.7567519486      -425.5075043156 
        1.6700000000         0.0351710227         0.9301650705        88.7382542008      -421.7030991128 
        1.6750000000         0.0877332635         0.9683993428        86.9032562483      -364.6370210704 
        1.6800000999         0.1397980196         0.9964378091        85.2517580911      -322.7885638392 
        1.6850000999         0.1910673693         1.0295741784        84.1507593196      -273.3312962025 
        1.6900000999         0.2412510361         1.0652594992        82.3157613671      -220.0696233629 
        1.6950000999         0.2900638664         1.1136895775        81.7652619814      -147.7859245091 
        1.7000000000         0.3372275719         1.2029028795        81.3982623909       -14.6317424101 
        1.7050000000         0.3824760427         1.2513329577        81.7652619814        57.6519564437 
        1.7100000000         0.4255512084         1.2487840062        82.1322615719        53.8475512408 
        1.7150000000         0.4662083072         1.2615287636        81.7652619814        72.8695772550 
        1.7200000000         0.5042163174         1.2895672300        82.1322615719       114.7180344861 
        1.7250000000         0.5393592699         1.3125077934        83.7837597291       148.9576813116 
        1.7300000000         0.5714374755         1.3405462597        84.8847585006       190.8061385427 
        1.7350000000         0.6002686593         1.3328994052        85.0682582958       179.3929229342 
        1.7400000000         0.6256889969         1.3609378716        85.9857572721       221.2413801653 
        1.7450000000         0.6475540448         1.3838784350        87.2702558388       255.4810269908 
        1.7500000000         0.6657395614         1.3966231924        88.7382542008       274.5030530049 
        1.7550000000         0.6801422130         1.3915252894        89.4722533818       266.8942425993 
        1.7600001000         0.6906803326         1.4374064162        90.5732521533       335.3735362502 
        1.7650000000         0.6972935264         1.4272106102        92.2247503105       320.1559154389 
        1.7700001000         0.6999447442         1.4476022221        94.6102476488       350.5911570615 
        1.7750000000         0.6986187099         1.4577980281        96.4452456013       365.8087778728 
        1.7800001000         0.6933228525         1.4807385914        98.8307429395       400.0484246983 
        1.7850000000         0.6840876865         1.4807385914       100.1152415062       400.0484246983 
        1.7900001000         0.6709649514         1.4883854459       102.6842386397       411.4616403068 
        1.7950000000         0.6540302597         1.4985812518       104.3357367969       426.6792611181 
        1.8000000000         0.6333789367         1.4934833489       105.8037351589       419.0704507125 
        1.8050000999         0.6091281087         1.5164239122       108.5562320877       453.3100975379 
        1.8100000999         0.5814165422         1.5062281063       110.7582296306       438.0924767266 
        1.8150000999         0.5504012510         1.5113260093       112.7767273784       445.7012871323 
        1.8200000999         0.5162584700         1.5189728637       115.3457245119       457.1145027407 
        1.8250000000         0.4791829742         1.5291686697       117.9147216453       472.3321235521 
        1.8300000000         0.4393839529         1.5138749607       119.7497195978       449.5056923351 
        1.8350000000         0.3970882644         1.5266197182       121.9517171408       468.5277183492 
        1.8400000000         0.3525362411         1.5164239122       124.5207142743       453.3100975379 
        1.8450000000         0.3059810367         1.5189728637       126.5392120220       457.1145027407 
        1.8500000000         0.2576871869         1.5393644756       129.1082091555       487.5497443634 
        1.8550000000         0.2079291071         1.5087770578       130.2092079270       441.8968819294 
        1.8600000000         0.1569895327         1.4985812518       132.4112054700       426.6792611181 
        1.8650000000         0.1051579124         1.5062281063       134.9802026034       438.0924767266 
        1.8700000000         0.0527287639         1.5189728637       137.3656999417       457.1145027407 
        1.8750000000         0.0000000000         1.4985812518       139.0171980989       426.6792611181 
        1.8800006000        -0.0527350791         1.4883854459       141.5861952324       411.4616403068 
        1.8850001000        -0.1051589562         1.4832875429       143.0541935944       403.8528299011 
        1.8900000000        -0.1569895327         1.4628959310       145.9901903184       373.4175882785 
        1.8950001000        -0.2079301152         1.4323085132       146.7241894993       327.7647258446 
        1.9000000000        -0.2576871869         1.3889763379       148.0086880661       263.0898373965 
        1.9050001000        -0.3059819862         1.1595707042       148.7426872471       -79.3066308582 
        1.9100000000        -0.3525362411         1.2003539280       148.1921878613       -18.4361476129 
        1.9150001000        -0.3970891338         1.2105497339       148.1921878613        -3.2185268016 
        1.9200000000        -0.4393839529         1.2080007824       148.7426872471        -7.0229320044 
        1.9250000000        -0.4791829742         1.1060427230       148.0086880661      -159.1991401176 
        1.9300000999        -0.5162598943         1.1391790923       147.4581886803      -109.7418724808 
        1.9350000999        -0.5504025540         1.1085916745       146.7241894993      -155.3947349148 
        1.9400000999        -0.5814177167         1.0856511111       146.1736901136      -189.6343817402 
        1.9450000999        -0.6091291478         1.0882000626       145.0726913421      -185.8299765374 
        1.9500000000        -0.6333789367         1.0448678873       143.7881927754      -250.5048649855 
        1.9550000000        -0.6540302597         1.0346720814       142.6871940039      -265.7224857968 
        1.9600000000        -0.6709652523         1.0219273240       141.5861952324      -284.7445118110 
        1.9650000000        -0.6840876865         1.0193783725       140.8521960514      -288.5489170138 
        1.9700000000        -0.6933229980         0.9836930517       138.6501985084      -341.8105898534 
        1.9750000000        -0.6986187099         0.9760461972       136.4482009654      -353.2238054619 
        1.9800000000        -0.6999447309         0.9633014398       135.7142017844      -372.2458314760 
        1.9850000000        -0.6972935264         0.9582035368       133.3287044462      -379.8546418817 
        1.9900000000        -0.6906801609         0.9429098279       131.3102066985      -402.6810730987 
        1.9950000000        -0.6801422130         0.9429098279       129.8422083365      -402.6810730987 
        2.0000000000        -0.6657395614         0.9276161190       128.0072103840      -425.5075043156 
        2.0050000000        -0.6475540448         0.9276161190       125.4382132505      -425.5075043156 
        2.0100000000        -0.6256889969         0.9123224101       123.4197155028      -448.3339355326 
        2.0150001000        -0.6002681162         0.9199692645       121.5847175503      -436.9207199241 
        2.0200001000        -0.5714368657         0.9097734586       119.0157204168      -452.1383407354 
        2.0250000000        -0.5393592699         0.9046755556       116.2632234881      -459.7471511411 
        2.0300000000        -0.5042163174         0.9123224101       114.6117253309      -448.3339355326 
        2.0350001000        -0.4662075197         0.9097734586       112.2262279926      -452.1383407354 
        2.0400001000        -0.4255503701         0.9021266041       110.5747298354      -463.5515563439 
        2.0450000000        -0.3824760427         0.9072245071       107.8222329067      -455.9427459383 
        2.0500000000        -0.3372275719         0.9097734586       105.8037351589      -452.1383407354 
        2.0550000999        -0.2900619470         0.9097734586       102.8677384350      -452.1383407354 
        2.0600000999        -0.2412490563         0.9097734586       101.7667396635      -452.1383407354 
        2.0650000999        -0.1910653404         0.9072245071        98.6472431442      -455.9427459383 
        2.0700000999        -0.1397959531         0.9199692645        96.4452456013      -436.9207199241 
        2.0750000000        -0.0877332635         0.9225182160        93.8762484678      -433.1163147213 
        2.0800000000        -0.0351710227         0.9250671675        92.4082501058      -429.3119095185 
        2.0850000000         0.0175910668         0.9199692645        89.8392529723      -436.9207199241 
        2.0900000000         0.0702532004         0.9429098279        87.2702558388      -402.6810730987 
        2.0950000000         0.1225161413         0.9658503913        86.5362566578      -368.4414262732 
        2.1000000000         0.1740829210         0.9989867606        84.3342591149      -318.9841586364 
        2.1050000000         0.2246605269         1.0397699844        82.8662607529      -258.1136753912 
        2.1100000000         0.2739615668         1.0780042567        82.3157613671      -201.0475973487 
        2.1150000000         0.3217059024         1.1111406260        80.4807634146      -151.5903297119 
        2.1200000000         0.3676222410         1.2207455399        81.3982623909        11.9990940097 
        2.1250000000         0.4114496766         1.2691756181        81.3982623909        84.2827928635 
        2.1300000000         0.4529391731         1.2462350547        81.7652619814        50.0431460380 
        2.1350000000         0.4918549789         1.2921161815        81.9487617766       118.5224396889 
        2.1400017000         0.5279877489         1.2895672300        81.5817621861       114.7180344861 
        2.1450000000         0.5610968894         1.3150567448        82.8662607529       152.7620865144 
        2.1500000000         0.5910295479         1.3278015023        83.7837597291       171.7841125285 
        2.1550000000         0.6176038585         1.3481931142        84.3342591149       202.2193541512 
        2.1600001000         0.6406692462         1.3634868231        85.0682582958       225.0457853682 
        2.1650000000         0.6600933751         1.3940742409        87.2702558388       270.6986478021 
        2.1700000000         0.6757671472         1.4068189983        88.7382542008       289.7206738163 
        2.1750000000         0.6876010755         1.3991721439        89.6557531771       278.3074582078 
        2.1800000999         0.6955280364         1.4425043191        90.5732521533       342.9823466559 
        2.1850000999         0.6995026706         1.4348574647        92.7752496963       331.5691310474 
        2.1900000999         0.6995025911         1.4552490766        94.2432480583       362.0043726700 
        2.1950000999         0.6955277984         1.4628959310        96.9957449870       373.4175882785 
        2.2000000000         0.6876010755         1.4807385914        98.2802435537       400.0484246983 
        2.2050000000         0.6757671472         1.4883854459       100.4822410967       411.4616403068 
        2.2100000000         0.6600933751         1.4960323003       102.3172390492       422.8748559153 
        2.2150000000         0.6406688208         1.5062281063       104.8862361827       438.0924767266 
        2.2200000000         0.6176038585         1.4960323003       106.1707347494       422.8748559153 
        2.2250000000         0.5910295479         1.5113260093       108.3727322924       445.7012871323 
        2.2300000000         0.5610968894         1.5113260093       111.6757286069       445.7012871323 
        2.2350000000         0.5279759665         1.5113260093       113.5107265594       445.7012871323 
        2.2400000000         0.4918549789         1.5164239122       115.1622247166       453.3100975379 
        2.2450000000         0.4529391731         1.5215218152       117.3642222596       460.9189079436 
        2.2500000000         0.4114496766         1.5291686697       120.8507183693       472.3321235521 
        2.2550000000         0.3676222410         1.5164239122       122.1352169360       453.3100975379 
        2.2600000000         0.3217059024         1.5189728637       124.3372144790       457.1145027407 
        2.2650001000         0.2739605953         1.5113260093       126.1722124315       445.7012871323 
        2.2700000000         0.2246605269         1.5291686697       128.7412095650       472.3321235521 
        2.2750000000         0.1740829210         1.5087770578       131.1267069032       441.8968819294 
        2.2800000000         0.1225161413         1.5087770578       133.6957040367       441.8968819294 
        2.2850001000         0.0702521500         1.5011302033       135.3472021939       430.4836663209 
        2.2900000000         0.0175910668         1.5087770578       136.9987003512       441.8968819294 
        2.2950000000        -0.0351710227         1.4934833489       138.8336983037       419.0704507125 
        2.3000000000        -0.0877332635         1.4756406885       141.5861952324       392.4396142926 
        2.3050000999        -0.1397980196         1.4577980281       143.7881927754       365.8087778728 
        2.3100000999        -0.1910673693         1.4221127072       144.5221919564       312.5471050332 
        2.3150000999        -0.2412510361         1.4093679498       147.0911890898       293.5250790191 
        2.3200000999        -0.2900638664         1.2130986854       146.7241894993         0.5858784012 
        2.3250000000        -0.3372275719         1.1978049765       146.9076892946       -22.2405528157 
        2.3300000000        -0.3824760427         1.2156476369       147.4581886803         4.3902836041 
        2.3350000000        -0.4255512084         1.2232944913       146.5406897041        15.8034992126 
        2.3400454999        -0.4665664624         1.1111406260       145.9901903184      -151.5903297119 
        2.3450000000        -0.5042163174         1.1519238497       146.7241894993       -90.7198464667 
        2.3500000000        -0.5393592699         1.1187874804       145.9901903184      -140.1771141034 
        2.3550000000        -0.5714374755         1.1162385289       145.2561911374      -143.9815193063 
        2.3600044000        -0.6002925514         1.0678084507       143.2376933896      -216.2652181600 
        2.3650000000        -0.6256889969         1.0678084507       142.8706937991      -216.2652181600 
        2.3700000000        -0.6475540448         1.0499657903       142.1366946181      -242.8960545798 
        2.3750000000        -0.6657395614         1.0346720814       140.8521960514      -265.7224857968 
        2.3800000000        -0.6801422130         1.0168294210       139.3841976894      -292.3533222166 
        2.3850000000        -0.6906801609         0.9887909546       137.3656999417      -334.2017794477 
        2.3900001000        -0.6972936191         0.9862420032       135.7142017844      -338.0061846506 
        2.3950000000        -0.6999447309         0.9709482942       134.2462034225      -360.8326158675 
        2.4000000000        -0.6986187099         0.9556545853       132.2277056747      -383.6590470845 
        2.4050000000        -0.6933229980         0.9429098279       130.3927077222      -402.6810730987 
        2.4100001000        -0.6840874627         0.9429098279       128.5577097697      -402.6810730987 
        2.4150000000        -0.6709652523         0.9199692645       126.7227118173      -436.9207199241 
        2.4200000000        -0.6540302597         0.9276161190       124.5207142743      -425.5075043156 
        2.4250000000        -0.6333789367         0.9123224101       123.0527159123      -448.3339355326 
        2.4300000999        -0.6091281087         0.9225182160       120.8507183693      -433.1163147213 
        2.4350000999        -0.5814165422         0.9021266041       118.0982214406      -463.5515563439 
        2.4400000999        -0.5504012510         0.9199692645       116.4467232833      -436.9207199241 
        2.4450000999        -0.5162584700         0.9072245071       113.8777261499      -455.9427459383 
        2.4500000000        -0.4791829742         0.9174203130       111.8592284021      -440.7251251270 
        2.4550000000        -0.4393839529         0.8842839437       108.5562320877      -490.1823927637 
        2.4600000000        -0.3970882644         0.9072245071       107.0882337257      -455.9427459383 
        2.4650000000        -0.3525362411         0.9046755556       104.5192365922      -459.7471511411 
        2.4700000000        -0.3059810367         0.9148713616       101.9502394587      -444.5295303298 
        2.4750000000        -0.2576871869         0.8868328952        99.1977425300      -486.3779875609 
        2.4800000000        -0.2079291071         0.9097734586        97.5462443727      -452.1383407354 
        2.4850000000        -0.1569895327         0.8970287012        94.7937474440      -471.1603667496 
        2.4900000000        -0.1051579124         0.9199692645        93.1422492868      -436.9207199241 
        2.4950000000        -0.0527287639         0.9301650705        90.7567519486      -421.7030991128 
        2.5000000000        -0.0000000000         0.9250671675        88.3712546103      -429.3119095185 
        2.5050000000         0.0527287639         0.9403608764        86.3527568626      -406.4854783015 
        2.5100000000         0.1051579124         0.9658503913        85.6187576816      -368.4414262732 
        2.5150001000         0.1569905615         1.0040846636        83.4167601386      -311.3753482308 
        2.5200000000         0.2079291071         1.0295741784        82.1322615719      -273.3312962025 
        2.5250020000         0.2577068155         1.0729063537        81.2147625956      -208.6564077544 
        2.5300000000         0.3059810367         1.1085916745        80.2972636194      -155.3947349148 
        2.5350001000         0.3525371532         1.2538819092        80.1137638241        61.4563616465 
        2.5400000000         0.3970882644         1.2487840062        80.1137638241        53.8475512408 
        2.5450000000         0.4393839529         1.2334902973        79.9302640289        31.0211200239 
        2.5500000000         0.4791829742         1.2819203755        80.4807634146       103.3048188776 
        2.5550000999         0.5162598943         1.2895672300        80.6642632099       114.7180344861 
        2.5600000999         0.5504025540         1.3150567448        81.3982623909       152.7620865144 
        2.5650000999         0.5814177167         1.3328994052        82.8662607529       179.3929229342 
        2.5700000999         0.6091291478         1.3303504538        82.8662607529       175.5885177314 
        2.5750000000         0.6333789367         1.3609378716        83.9672595244       221.2413801653 
        2.5800000000         0.6540302597         1.3762315805        85.4352578863       244.0678113823 
        2.5850000000         0.6709652523         1.3966231924        87.2702558388       274.5030530049 
        2.5900000000         0.6840876865         1.4119169013        88.7382542008       297.3294842219 
        2.5950000000         0.6933229980         1.4170148043        89.6557531771       304.9382946276 
        2.6000000000         0.6986187099         1.4527001251        91.6742509248       358.1999674672 
        2.6050000000         0.6999447309         1.4552490766        93.5092488773       362.0043726700 
        2.6100000000         0.6972935264         1.4705427855        94.7937474440       384.8308038870 
        2.6150000000         0.6906801609         1.4730917370        96.8122451918       388.6352090898 
        2.6200000000         0.6801422130         1.4730917370        98.4637433490       388.6352090898 
        2.6250000000         0.6657395614         1.5036791548       100.8492406872       434.2880715238 
        2.6300000000         0.6475540448         1.4960323003       103.0512382302       422.8748559153 
        2.6350000000         0.6256889969         1.4960323003       104.7027363874       422.8748559153 
        2.6400001000         0.6002681162         1.4985812518       106.5377343399       426.6792611181 
        2.6450000000         0.5714374755         1.5164239122       108.9232316782       453.3100975379 
        2.6500000000         0.5393592699         1.5164239122       111.1252292211       453.3100975379 
        2.6550000000         0.5042163174         1.4960323003       113.6942263546       422.8748559153 
        2.6600001000         0.4662075197         1.5291686697       116.8137228738       472.3321235521 
        2.6650000000         0.4255512084         1.5164239122       118.2817212358       453.3100975379 
        2.6700000000         0.3824760427         1.5164239122       120.3002189836       453.3100975379 
        2.6750000000         0.3372275719         1.5164239122       122.6857163218       453.3100975379 
        2.6800000999         0.2900619470         1.5240707667       125.4382132505       464.7233131464 
        2.6850000999         0.2412490563         1.5113260093       126.7227118173       445.7012871323 
        2.6900000999         0.1910653404         1.5291686697       129.4752087460       472.3321235521 
        2.6950000999         0.1397959531         1.5087770578       132.0442058795       441.8968819294 
        2.7000000000         0.0877332635         1.5011302033       133.6957040367       430.4836663209 
        2.7050000000         0.0351710227         1.5036791548       135.5307019892       434.2880715238 
        2.7100000000        -0.0175910668         1.5164239122       137.9161993274       453.3100975379 
        2.7150000000        -0.0702532004         1.4858364944       139.7511972799       407.6572351040 
        2.7200000000        -0.1225161413         1.4603469795       141.4026954371       369.6131830757 
        2.7250000000        -0.1740829210         1.4501511736       143.4211931849       354.3955622644 
        2.7300000000        -0.2246605269         1.4297595617       145.2561911374       323.9603206417 
        2.7350000000        -0.2739615668         1.3966231924       146.9076892946       274.5030530049 
        2.7400000000        -0.3217059024         1.1595707042       147.6416884756       -79.3066308582 
        2.7450000000        -0.3676222410         1.2054518309       147.4581886803       -10.8273372073 
        2.7500000000        -0.4114496766         1.2232944913       146.9076892946        15.8034992126 
        2.7550000000        -0.4529391731         1.1799623161       146.7241894993       -48.8713892355 
        2.7600000000        -0.4918549789         1.1213364319       145.9901903184      -136.3727089006 
        2.7650001000        -0.5279766597         1.1289832864       145.9901903184      -124.9594932921 
        2.7700000000        -0.5610968894         1.1162385289       144.7056917516      -143.9815193063 
        2.7750000000        -0.5910295479         1.0780042567       144.3386921611      -201.0475973487 
        2.7800000000        -0.6176038585         1.0831021596       143.7881927754      -193.4387869431 
        2.7850001000        -0.6406692462         1.0372210329       142.3201944134      -261.9180805940 
        2.7900000000        -0.6600933751         1.0423189359       141.2191956419      -254.3092701883 
        2.7950000000        -0.6757671472         1.0066336150       139.2006978942      -307.5709430279 
        2.8000000000        -0.6876010755         0.9964378091       137.9161993274      -322.7885638392 
        2.8050000999        -0.6955280364         0.9683993428       136.8152005559      -364.6370210704 
        2.8100000999        -0.6995026706         0.9964378091       135.5307019892      -322.7885638392 
        2.8150000999        -0.6995025911         0.9556545853       133.3287044462      -383.6590470845 
        2.8200000999        -0.6955277984         0.9505566824       130.9432071080      -391.2678574902 
        2.8250000000        -0.6876010755         0.9378119249       129.8422083365      -410.2898835043 
        2.8300000000        -0.6757671472         0.9276161190       127.8237105888      -425.5075043156 
        2.8350000000        -0.6600933751         0.9378119249       125.2547134553      -410.2898835043 
        2.8400000000        -0.6406688208         0.9148713616       123.2362157075      -444.5295303298 
        2.8450000000        -0.6176038585         0.9250671675       121.5847175503      -429.3119095185 
        2.8500000000        -0.5910295479         0.8970287012       118.4652210311      -471.1603667496 
        2.8550000000        -0.5610968894         0.9046755556       117.3642222596      -459.7471511411 
        2.8600000000        -0.5279759665         0.9148713616       114.7952251261      -444.5295303298 
        2.8650000000        -0.4918549789         0.8970287012       111.8592284021      -471.1603667496 
        2.8700000000        -0.4529391731         0.9072245071       110.5747298354      -455.9427459383 
        2.8750000000        -0.4114496766         0.9046755556       108.1892324972      -459.7471511411 
        2.8800000000        -0.3676222410         0.8970287012       105.0697359779      -471.1603667496 
        2.8850000000        -0.3217059024         0.9072245071       103.0512382302      -455.9427459383 
        2.8900001000        -0.2739605953         0.8944797497       101.0327404825      -474.9647719524 
        2.8950000000        -0.2246605269         0.9046755556        98.4637433490      -459.7471511411 
        2.9000000000        -0.1740829210         0.9097734586        95.8947462155      -452.1383407354 
        2.9050000000        -0.1225161413         0.9250671675        94.2432480583      -429.3119095185 
        2.9100001000        -0.0702521500         0.9148713616        92.0412505153      -444.5295303298 
        2.9150000000        -0.0175910668         0.9072245071        89.2887535866      -455.9427459383 
        2.9200000000         0.0351710227         0.9454587794        87.8207552246      -398.8766678958 
        2.9250000000         0.0877332635         0.9582035368        85.8022574768      -379.8546418817 
        2.9300000999         0.1397980196         1.0015357121        84.1507593196      -315.1797534336 
        2.9350000999         0.1910673693         1.0321231299        82.6827609576      -269.5268909996 
        2.9400000999         0.2412510361         1.0703574022        81.5817621861      -212.4608129572 
        2.9450000999         0.2900638664         1.1060427230        80.6642632099      -159.1991401176 
        2.9500000000         0.3372275719         1.2130986854        81.0312628004         0.5858784012 
        2.9550000000         0.3824760427         1.2564308607        80.8477630051        65.2607668493 
        2.9600000000         0.4255512084         1.2309413458        80.4807634146        27.2167148210 
        2.9650000000         0.4662083072         1.2768224726        81.0312628004        95.6960084720 
        2.9700000000         0.5042163174         1.2819203755        81.9487617766       103.3048188776 
        2.9750000000         0.5393592699         1.3176056963        81.9487617766       156.5664917172 
        2.9800000000         0.5714374755         1.3150567448        82.4992611624       152.7620865144 
        2.9850000000         0.6002686593         1.3354483567        83.4167601386       183.1973281370 
        2.9900000000         0.6256889969         1.3660357746        84.7012587054       228.8501905710 
        2.9950000000         0.6475540448         1.3813294835        85.6187576816       251.6766217880 
        3.0000000000         0.6657395614         1.3966231924        87.2702558388       274.5030530049 
        3.0050000000         0.6801422130         1.4144658528        89.1052537913       301.1338894247 
        3.0100000000         0.6906801609         1.4246616587        90.5732521533       316.3515102361 
        3.0150001000         0.6972936191         1.4323085132        91.1237515391       327.7647258446 
        3.0200000000         0.6999447309         1.4527001251        92.9587494915       358.1999674672 
        3.0250000000         0.6986187099         1.4730917370        95.7112464203       388.6352090898 
        3.0300000000         0.6933229980         1.4756406885        96.9957449870       392.4396142926 
        3.0350001000         0.6840874627         1.4756406885        99.0142427347       392.4396142926 
        3.0400000000         0.6709652523         1.5011302033       101.2162402777       430.4836663209 
        3.0450000000         0.6540302597         1.4858364944       102.6842386397       407.6572351040 
        3.0500000000         0.6333789367         1.4883854459       105.2532357732       411.4616403068 
        3.0550000999         0.6091281087         1.5036791548       107.4552333162       434.2880715238 
        3.0600000999         0.5814165422         1.5189728637       110.0242304496       457.1145027407 
        3.0650000999         0.5504012510         1.5113260093       111.4922288116       445.7012871323 
        3.0700000999         0.5162584700         1.5087770578       114.9787249214       441.8968819294 
        3.0750000999         0.4791822055         1.5342665726       116.4467232833       479.9409339577 
        3.0800000000         0.4393839529         1.5189728637       118.6487208263       457.1145027407 
        3.0850000000         0.3970882644         1.5240707667       120.4837187788       464.7233131464 
        3.0900000000         0.3525362411         1.5189728637       123.2362157075       457.1145027407 
        3.0950000000         0.3059810367         1.5189728637       125.0712136600       457.1145027407 
        3.1000000000         0.2576871869         1.5164239122       127.0897114078       453.3100975379 
        3.1050000000         0.2079291071         1.5240707667       129.8422083365       464.7233131464 
        3.1100000000         0.1569895327         1.5138749607       132.5947052652       449.5056923351 
        3.1150000000         0.1051579124         1.5138749607       134.7967028082       449.5056923351 
        3.1200000000         0.0527287639         1.5164239122       136.4482009654       453.3100975379 
        3.1250000000         0.0000000000         1.5189728637       138.6501985084       457.1145027407 
        3.1300000000        -0.0527287639         1.4858364944       140.1181968704       407.6572351040 
        3.1350000000        -0.1051579124         1.4679938340       141.9531948229       381.0263986842 
        3.1400001000        -0.1569905615         1.4374064162       144.3386921611       335.3735362502 
        3.1450000000        -0.2079291071         1.4272106102       145.6231907279       320.1559154389 
        3.1500000000        -0.2576871869         1.3966231924       147.2746888851       274.5030530049 
        3.1550000000        -0.3059810367         1.1748644131       148.0086880661       -56.4801996412 
        3.1600001000        -0.3525371532         1.2029028795       148.1921878613       -14.6317424101 
        3.1650027000        -0.3971117349         1.2130986854       148.0086880661         0.5858784012 
        3.1700000000        -0.4393839529         1.2181965884       147.0911890898         8.1946888069 
        3.1750000000        -0.4791829742         1.1111406260       147.4581886803      -151.5903297119 
        3.1800000999        -0.5162598943         1.1519238497       147.0911890898       -90.7198464667 
        3.1850000999        -0.5504025540         1.1060427230       145.9901903184      -159.1991401176 
        3.1900000999        -0.5814177167         1.0907490141       145.4396909326      -182.0255713346 
        3.1950000999        -0.6091291478         1.0652594992       145.0726913421      -220.0696233629 
        3.2000000999        -0.6333793857         1.0703574022       143.6046929801      -212.4608129572 
        3.2050000000        -0.6540302597         1.0295741784       142.1366946181      -273.3312962025 
        3.2100000000        -0.6709652523         1.0193783725       140.4851964609      -288.5489170138 
        3.2150000000        -0.6840876865         1.0066336150       139.0171980989      -307.5709430279 
        3.2200000000        -0.6933229980         0.9938888576       138.4666987132      -326.5929690421 
        3.2250000000        -0.6986187099         0.9709482942       136.2647011702      -360.8326158675 
        3.2300000000        -0.6999447309         0.9760461972       134.6132030129      -353.2238054619 
        3.2350000000        -0.6972935264         0.9480077309       132.2277056747      -395.0722626930 
        3.2400000000        -0.6906801609         0.9531056338       131.1267069032      -387.4634522873 
        3.2450000000        -0.6801422130         0.9378119249       128.5577097697      -410.2898835043 
        3.2500000000        -0.6657395614         0.9250671675       126.7227118173      -429.3119095185 
        3.2550000000        -0.6475540448         0.9352629734       125.4382132505      -414.0942887072 
        3.2600000000        -0.6256889969         0.9097734586       121.7682173456      -452.1383407354 
        3.2650001000        -0.6002681162         0.9097734586       120.1167191883      -452.1383407354 
        3.2700000000        -0.5714374755         0.9021266041       118.4652210311      -463.5515563439 
        3.2750000000        -0.5393592699         0.9174203130       116.2632234881      -440.7251251270 
        3.2800000000        -0.5042163174         0.9021266041       113.5107265594      -463.5515563439 
        3.2850001000        -0.4662075197         0.9072245071       111.4922288116      -455.9427459383 
        3.2900000000        -0.4255512084         0.8970287012       109.2902312687      -471.1603667496 
        3.2950000000        -0.3824760427         0.9097734586       107.4552333162      -452.1383407354 
        3.3000000000        -0.3372275719         0.9046755556       105.6202353637      -459.7471511411 
        3.3050000999        -0.2900619470         0.9148713616       102.5007388445      -444.5295303298 
        3.3100000999        -0.2412490563         0.8970287012       100.1152415062      -471.1603667496 
        3.3150000999        -0.1910653404         0.9021266041        97.5462443727      -463.5515563439 
        3.3200000999        -0.1397959531         0.9174203130        95.8947462155      -440.7251251270 
        3.3250000999        -0.0877322173         0.9250671675        93.6927486725      -429.3119095185 
        3.3300000000        -0.0351710227         0.9199692645        90.7567519486      -436.9207199241 
        3.3350000000         0.0175910668         0.9174203130        89.2887535866      -440.7251251270 
        3.3400000000         0.0702532004         0.9429098279        86.9032562483      -402.6810730987 
        3.3450000000         0.1225161413         0.9633014398        85.0682582958      -372.2458314760 
        3.3500000000         0.1740829210         0.9964378091        83.9672595244      -322.7885638392 
        3.3550000000         0.2246605269         1.0295741784        81.9487617766      -273.3312962025 
        3.3600000000         0.2739615668         1.0678084507        80.4807634146      -216.2652181600 
        3.3650000000         0.3217059024         1.1085916745        80.1137638241      -155.3947349148 
        3.3700000000         0.3676222410         1.2232944913        79.0127650526        15.8034992126 
        3.3750000000         0.4114496766         1.2615287636        80.4807634146        72.8695772550 
        3.3800000000         0.4529391731         1.2411371518        80.6642632099        42.4343356324 
        3.3850000000         0.4918549789         1.2793714240        80.1137638241        99.5004136748 
        3.3900001000         0.5279766597         1.2895672300        81.0312628004       114.7180344861 
        3.3950000000         0.5610968894         1.3176056963        81.3982623909       156.5664917172 
        3.4000000000         0.5910295479         1.3303504538        82.1322615719       175.5885177314 
        3.4050000000         0.6176038585         1.3354483567        83.6002599339       183.1973281370 
        3.4100001000         0.6406692462         1.3787805320        85.0682582958       247.8722165851 
        3.4150000000         0.6600933751         1.3889763379        85.9857572721       263.0898373965 
        3.4200000000         0.6757671472         1.4119169013        87.4537556341       297.3294842219 
        3.4250000000         0.6876010755         1.4068189983        88.0042550198       289.7206738163 
        3.4300000999         0.6955280364         1.4374064162        90.5732521533       335.3735362502 
        3.4350000999         0.6995026706         1.4348574647        92.0412505153       331.5691310474 
        3.4400000999         0.6995025911         1.4577980281        93.3257490820       365.8087778728 
        3.4450000999         0.6955277984         1.4552490766        94.9772472393       362.0043726700 
        3.4500000999         0.6876008779         1.4858364944        97.3627445775       407.6572351040 
        3.4550000000         0.6757671472         1.4730917370        99.0142427347       388.6352090898 
        3.4600000000         0.6600933751         1.5087770578       100.8492406872       441.8968819294 
        3.4650000000         0.6406688208         1.5087770578       103.4182378207       441.8968819294 
        3.4700000000         0.6176038585         1.4858364944       105.9872349542       407.6572351040 
        3.4750000000         0.5910295479         1.5062281063       107.6387331114       438.0924767266 
        3.4800000000         0.5610968894         1.5113260093       109.4737310639       445.7012871323 
        3.4850000000         0.5279759665         1.5164239122       112.2262279926       453.3100975379 
        3.4900000000         0.4918549789         1.4960323003       114.2447257404       422.8748559153 
        3.4950000000         0.4529391731         1.5240707667       116.6302230786       464.7233131464 
        3.5000000000         0.4114496766         1.5138749607       119.0157204168       449.5056923351 
        3.5050048001         0.3675791214         1.5087770578       120.8507183693       441.8968819294 
        3.5100000000         0.3217059024         1.5113260093       123.6032152980       445.7012871323 
        3.5150001000         0.2739605953         1.5266197182       126.1722124315       468.5277183492 
        3.5200000000         0.2246605269         1.5189728637       127.4567109983       457.1145027407 
        3.5250000000         0.1740829210         1.5189728637       129.8422083365       457.1145027407 
        3.5300000000         0.1225161413         1.4960323003       132.0442058795       422.8748559153 
        3.5350001000         0.0702521500         1.5062281063       134.4297032177       438.0924767266 
        3.5400000000         0.0175910668         1.5138749607       136.8152005559       449.5056923351 
        3.5450000000        -0.0351710227         1.5138749607       139.2006978942       449.5056923351 
        3.5500000000        -0.0877332635         1.4832875429       140.6686962561       403.8528299011 
        3.5550000999        -0.1397980196         1.4654448825       143.0541935944       377.2219934813 
        3.5600000999        -0.1910673693         1.4374064162       144.1551923659       335.3735362502 
        3.5650000999        -0.2412510361         1.4042700468       145.6231907279       285.9162686134 
        3.5700000999        -0.2900638664         1.1876091705       146.3571899089       -37.4581736271 
        3.5750000999        -0.3372284959         1.2029028795       146.1736901136       -14.6317424101 
        3.5800000000        -0.3824760427         1.2181965884       146.1736901136         8.1946888069 
        3.5850000000        -0.4255512084         1.2232944913       145.9901903184        15.8034992126 
        3.5900000000        -0.4662083072         1.1213364319       145.2561911374      -136.3727089006 
        3.5950000000        -0.5042163174         1.1595707042       145.6231907279       -79.3066308582 
        3.6000000000        -0.5393592699         1.1187874804       145.2561911374      -140.1771141034 
        3.6050000000        -0.5714374755         1.1034937715       144.1551923659      -163.0035453204 
        3.6100000000        -0.6002686593         1.0678084507       142.5036942086      -216.2652181600 
        3.6150000000        -0.6256889969         1.0754553052       141.9531948229      -204.8520025515 
        3.6200000000        -0.6475540448         1.0372210329       140.4851964609      -261.9180805940 
        3.6250000000        -0.6657395614         1.0193783725       139.3841976894      -288.5489170138 
        3.6300000000        -0.6801422130         1.0117315180       138.2831989179      -299.9621326223 
        3.6350000000        -0.6906801609         0.9862420032       136.8152005559      -338.0061846506 
        3.6400001000        -0.6972936191         0.9913399061       134.6132030129      -330.3973742449 
        3.6450000000        -0.6999447309         0.9480077309       132.4112054700      -395.0722626930 
        3.6500000000        -0.6986187099         0.9556545853       131.1267069032      -383.6590470845 
        3.6550000000        -0.6933229980         0.9429098279       129.6587085412      -402.6810730987 
        3.6600001000        -0.6840874627         0.9378119249       128.1907101792      -410.2898835043 
        3.6650000000        -0.6709652523         0.9276161190       125.4382132505      -425.5075043156 
        3.6700000000        -0.6540302597         0.9250671675       123.7867150933      -429.3119095185 
        3.6750000000        -0.6333789367         0.9174203130       121.0342181646      -440.7251251270 
        3.6800042000        -0.6091067825         0.9046755556       118.8322206216      -459.7471511411 
        3.6850000999        -0.5814165422         0.9046755556       116.8137228738      -459.7471511411 
        3.6900000999        -0.5504012510         0.9199692645       115.3457245119      -436.9207199241 
        3.6950000999        -0.5162584700         0.8893818467       112.5932275831      -482.5735823581 
        3.7000000999        -0.4791822055         0.8868328952       110.2077302449      -486.3779875609 
        3.7050000000        -0.4393839529         0.8893818467       107.8222329067      -482.5735823581 
        3.7100000000        -0.3970882644         0.9046755556       105.2532357732      -459.7471511411 
        3.7150000000        -0.3525362411         0.9021266041       103.7852374112      -463.5515563439 
        3.7200000000        -0.3059810367         0.8995776526       101.2162402777      -467.3559615468 
        3.7250000000        -0.2576871869         0.8995776526        98.0967437585      -467.3559615468 
        3.7300000000        -0.2079291071         0.9148713616        96.6287453965      -444.5295303298 
        3.7350000000        -0.1569895327         0.9199692645        93.6927486725      -436.9207199241 
        3.7400000000        -0.1051579124         0.9225182160        92.4082501058      -433.1163147213 
        3.7450000000        -0.0527287639         0.9021266041        89.2887535866      -463.5515563439 
        3.7500000000        -0.0000000000         0.9301650705        87.0867560436      -421.7030991128 
        3.7550000000         0.0527287639         0.9480077309        85.6187576816      -395.0722626930 
        3.7600000000         0.1051579124         0.9607524883        84.1507593196      -376.0502366789 
        3.7650001000         0.1569905615         1.0040846636        82.6827609576      -311.3753482308 
        3.7700000000         0.2079291071         1.0295741784        80.8477630051      -273.3312962025 
        3.7750000000         0.2576871869         1.0576126448        79.1962648479      -231.4828389714 
        3.7800000000         0.3059810367         1.1111406260        77.7282664859      -151.5903297119 
        3.7850001000         0.3525371532         1.2691756181        78.6457654622        84.2827928635 
        3.7900000000         0.3970882644         1.2181965884        77.9117662812         8.1946888069 
        3.7950000000         0.4393839529         1.2538819092        78.4622656669        61.4563616465 
        3.8000000000         0.4791829742         1.2666266666        78.4622656669        80.4783876607 
        3.8050000999         0.5162598943         1.2972140844        79.5632644384       126.1312500946 
        3.8100000999         0.5504025540         1.3023119874        79.5632644384       133.7400605003 
        3.8150000999         0.5814177167         1.3278015023        80.1137638241       171.7841125285 
        3.8200000999         0.6091291478         1.3507420656        82.1322615719       206.0237593540 
        3.8250000999         0.6333793857         1.3711336775        83.4167601386       236.4590009766 
        3.8300000000         0.6540302597         1.3762315805        84.1507593196       244.0678113823 
        3.8350000000         0.6709652523         1.3940742409        85.0682582958       270.6986478021 
        3.8400000000         0.6840876865         1.4119169013        86.7197564531       297.3294842219 
        3.8450000000         0.6933229980         1.4348574647        88.0042550198       331.5691310474 
        3.8500000000         0.6986187099         1.4297595617        90.2062525628       323.9603206417 
        3.8550000000         0.6999447309         1.4577980281        91.4907511295       365.8087778728 
        3.8600000000         0.6972935264         1.4679938340        93.6927486725       381.0263986842 
        3.8650000000         0.6906801609         1.4756406885        94.9772472393       392.4396142926 
        3.8700000000         0.6801422130         1.4858364944        97.3627445775       407.6572351040 
        3.8750000000         0.6657395614         1.4883854459        99.5647421205       411.4616403068 
        3.8800000000         0.6475540448         1.5087770578       101.2162402777       441.8968819294 
        3.8850000000         0.6256889969         1.5036791548       103.4182378207       434.2880715238 
        3.8900001000         0.6002681162         1.4985812518       105.6202353637       426.6792611181 
        3.8950000000         0.5714374755         1.5011302033       107.0882337257       430.4836663209 
        3.9000000000         0.5393592699         1.5215218152       110.0242304496       460.9189079436 
        3.9050000000         0.5042163174         1.5240707667       112.7767273784       464.7233131464 
        3.9100001000         0.4662075197         1.4960323003       114.0612259451       422.8748559153 
        3.9150000000         0.4255512084         1.5393644756       117.1807224643       487.5497443634 
        3.9200000000         0.3824760427         1.5138749607       118.8322206216       449.5056923351 
        3.9250000000         0.3372275719         1.5317176211       121.5847175503       476.1365287549 
        3.9300000999         0.2900619470         1.5164239122       123.2362157075       453.3100975379 
        3.9350000999         0.2412490563         1.5215218152       125.2547134553       460.9189079436 
        3.9400000999         0.1910653404         1.5266197182       128.1907101792       468.5277183492 
        3.9450000999         0.1397959531         1.5164239122       129.4752087460       453.3100975379 
        3.9500000999         0.0877322173         1.4960323003       131.8607060842       422.8748559153 
        3.9550000000         0.0351710227         1.4960323003       133.8792038320       422.8748559153 
        3.9600000000        -0.0175910668         1.5062281063       136.2647011702       438.0924767266 
        3.9650000000        -0.0702532004         1.5062281063       138.2831989179       438.0924767266 
        3.9700001000        -0.1225171807         1.4781896399       140.1181968704       396.2440194955 
        3.9750000000        -0.1740829210         1.4628959310       141.5861952324       373.4175882785 
        3.9800000000        -0.2246605269         1.4297595617       143.2376933896       323.9603206417 
        3.9850000000        -0.2739615668         1.3634868231       145.8066905231       225.0457853682 
        3.9900000000        -0.3217059024         1.1544728012       145.2561911374       -86.9154412638 
        3.9950000000        -0.3676222410         1.2105497339       145.8066905231        -3.2185268016 
        4.0000000000        -0.4114496766         1.2334902973       145.0726913421        31.0211200239 
        4.0050000000        -0.4529391731         1.2003539280       145.0726913421       -18.4361476129 
        4.0100000000        -0.4918549789         1.1111406260       144.5221919564      -151.5903297119 
        4.0150000000        -0.5279759665         1.1417280438       144.1551923659      -105.9374672780 
        4.0200000000        -0.5610968894         1.0882000626       143.6046929801      -185.8299765374 
        4.0250001000        -0.5910301136         1.0780042567       142.5036942086      -201.0475973487 
        4.0300001000        -0.6176043554         1.0703574022       141.4026954371      -212.4608129572 
        4.0350001000        -0.6406692462         1.0601615963       140.4851964609      -227.6784337685 
        4.0400000000        -0.6600933751         1.0193783725       139.2006978942      -288.5489170138 
        4.0450000000        -0.6757671472         1.0193783725       137.9161993274      -288.5489170138 
        4.0500000000        -0.6876010755         0.9938888576       136.0812013749      -326.5929690421 
        4.0550000999        -0.6955280364         0.9887909546       134.7967028082      -334.2017794477 
        4.0600009999        -0.6995030286         0.9683993428       133.5122042415      -364.6370210704 
        4.0650000999        -0.6995025911         0.9480077309       130.7597073127      -395.0722626930 
        4.0700000999        -0.6955277984         0.9658503913       129.8422083365      -368.4414262732 
        4.0750000999        -0.6876008779         0.9250671675       126.7227118173      -429.3119095185 
        4.0800000000        -0.6757671472         0.9378119249       125.0712136600      -410.2898835043 
        4.0850000000        -0.6600933751         0.9199692645       122.8692161170      -436.9207199241 
        4.0900000000        -0.6406688208         0.9250671675       121.0342181646      -429.3119095185 
        4.0950000000        -0.6176038585         0.9021266041       119.3827200073      -463.5515563439 
        4.1000000000        -0.5910295479         0.8995776526       116.2632234881      -467.3559615468 
        4.1050000000        -0.5610968894         0.9097734586       115.1622247166      -452.1383407354 
        4.1100000000        -0.5279759665         0.9021266041       112.2262279926      -463.5515563439 
        4.1150000000        -0.4918549789         0.9021266041       110.3912300401      -463.5515563439 
        4.1200000000        -0.4529391731         0.9046755556       108.0057327019      -459.7471511411 
        4.1250000000        -0.4114496766         0.9046755556       105.9872349542      -459.7471511411 
        4.1300000000        -0.3676222410         0.8970287012       102.3172390492      -471.1603667496 
        4.1350000000        -0.3217059024         0.8919307982       100.2987413015      -478.7691771553 
        4.1400000000        -0.2739615668         0.8919307982        98.2802435537      -478.7691771553 
        4.1450000000        -0.2246605269         0.9021266041        95.7112464203      -463.5515563439 
        4.1500001000        -0.1740818984         0.9148713616        93.6927486725      -444.5295303298 
        4.1550000000        -0.1225161413         0.9123224101        91.3072513343      -448.3339355326 
        4.1600000000        -0.0702532004         0.9072245071        89.6557531771      -455.9427459383 
        4.1650000000        -0.0175910668         0.9378119249        87.0867560436      -410.2898835043 
        4.1700000000         0.0351710227         0.9250671675        84.5177589101      -429.3119095185 
        4.1750000000         0.0877332635         0.9505566824        83.6002599339      -391.2678574902 
        4.1800000999         0.1397980196         0.9658503913        80.6642632099      -368.4414262732 
        4.1850000999         0.1910673693         1.0244762754        79.5632644384      -280.9401066081 
        4.1900000999         0.2412510361         1.0372210329        77.9117662812      -261.9180805940 
        4.1950000999         0.2900638664         1.0983958685        78.0952660764      -170.6123557261 
        4.2000000000         0.3372275719         1.2615287636        77.3612668954        72.8695772550 
        4.2050000000         0.3824760427         1.2232944913        76.8107675097        15.8034992126 
        4.2100000000         0.4255512084         1.2309413458        77.5447666907        27.2167148210 
        4.2150000000         0.4662083072         1.2819203755        77.7282664859       103.3048188776 
        4.2200000000         0.5042163174         1.3048609389        78.4622656669       137.5444657031 
        4.2250000000         0.5393592699         1.3176056963        79.0127650526       156.5664917172 
        4.2300000000         0.5714374755         1.3303504538        79.9302640289       175.5885177314 
        4.2350000000         0.6002686593         1.3227035993        80.4807634146       164.1753021229 
        4.2400000000         0.6256889969         1.3813294835        82.1322615719       251.6766217880 
        4.2450000000         0.6475540448         1.3813294835        83.4167601386       251.6766217880 
        4.2500000000         0.6657395614         1.3889763379        83.6002599339       263.0898373965 
        4.2550000000         0.6801422130         1.3966231924        85.4352578863       274.5030530049 
        4.2600000000         0.6906801609         1.4374064162        87.2702558388       335.3735362502 
        4.2650000000         0.6972935264         1.4374064162        88.7382542008       335.3735362502 
        4.2700000000         0.6999447309         1.4450532706        90.5732521533       346.7867518587 
        4.2750001000         0.6986186436         1.4577980281        91.8577507200       365.8087778728 
        4.2800000000         0.6933229980         1.4756406885        93.8762484678       392.4396142926 
        4.2850000000         0.6840876865         1.4858364944        96.8122451918       407.6572351040 
        4.2900000000         0.6709652523         1.4883854459        98.4637433490       411.4616403068 
        4.2950000000         0.6540302597         1.4960323003       100.1152415062       422.8748559153 
        4.3000000000         0.6333789367         1.5164239122       102.6842386397       453.3100975379 
        4.3050000999         0.6091281087         1.5164239122       104.8862361827       453.3100975379 
        4.3100000999         0.5814165422         1.4985812518       105.9872349542       426.6792611181 
        4.3150000999         0.5504012510         1.5215218152       108.1892324972       460.9189079436 
        4.3200000999         0.5162584700         1.5266197182       111.4922288116       468.5277183492 
        4.3250000000         0.4791829742         1.5164239122       113.6942263546       453.3100975379 
        4.3300000000         0.4393839529         1.5113260093       115.5292243071       445.7012871323 
        4.3350000000         0.3970882644         1.5266197182       118.2817212358       468.5277183492 
        4.3400000000         0.3525362411         1.5291686697       120.6672185741       472.3321235521 
        4.3450000000         0.3059810367         1.5164239122       121.5847175503       453.3100975379 
        4.3500000000         0.2576871869         1.5215218152       124.8877138648       460.9189079436 
        4.3550001000         0.2079280990         1.5164239122       126.1722124315       453.3100975379 
        4.3600000000         0.1569895327         1.5266197182       128.3742099745       468.5277183492 
        4.3650000000         0.1051579124         1.5164239122       131.4937064937       453.3100975379 
        4.3700000000         0.0527287639         1.4960323003       133.1452046510       422.8748559153 
        4.3750000000         0.0000000000         1.4985812518       134.7967028082       426.6792611181 
        4.3800000000        -0.0527287639         1.5087770578       137.1822001464       441.8968819294 
        4.3850000000        -0.1051579124         1.4909343974       139.5676974847       415.2660455096 
        4.3900000000        -0.1569895327         1.4705427855       141.7696950276       384.8308038870 
        4.3950000000        -0.2079291071         1.4399553677       143.7881927754       339.1779414530 
        4.4000001000        -0.2576881685         1.3583889201       143.7881927754       217.4369749625 
        4.4050000000        -0.3059810367         1.1621196557       144.1551923659       -75.5022256554 
        4.4100000000        -0.3525362411         1.2029028795       144.8891915469       -14.6317424101 
        4.4150000000        -0.3970882644         1.2283923943       144.5221919564        23.4123096182 
        4.4200000000        -0.4393839529         1.2207455399       144.3386921611        11.9990940097 
        4.4250000000        -0.4791829742         1.1187874804       143.6046929801      -140.1771141034 
        4.4300000999        -0.5162598943         1.1417280438       143.6046929801      -105.9374672780 
        4.4350000999        -0.5504025540         1.1111406260       143.2376933896      -151.5903297119 
        4.4400000999        -0.5814177167         1.0805532081       141.4026954371      -197.2431921459 
        4.4450000999        -0.6091291478         1.0525147418       141.0356958466      -239.0916493770 
        4.4500000000        -0.6333789367         1.0703574022       140.1181968704      -212.4608129572 
        4.4550000000        -0.6540302597         1.0193783725       138.6501985084      -288.5489170138 
        4.4600000000        -0.6709652523         1.0142804695       136.9987003512      -296.1577274195 
        4.4650000000        -0.6840876865         1.0066336150       136.2647011702      -307.5709430279 
        4.4700000000        -0.6933229980         1.0066336150       134.9802026034      -307.5709430279 
        4.4750000000        -0.6986187099         0.9785951487       132.5947052652      -349.4194002591 
        4.4800001000        -0.6999447177         0.9556545853       130.5762075175      -383.6590470845 
        4.4850000000        -0.6972935264         0.9556545853       129.1082091555      -383.6590470845 
        4.4900000000        -0.6906801609         0.9352629734       127.0897114078      -414.0942887072 
        4.4950000000        -0.6801422130         0.9403608764       125.0712136600      -406.4854783015 
        4.5000000000        -0.6657395614         0.9250671675       122.8692161170      -429.3119095185 
        4.5050000000        -0.6475540448         0.9301650705       121.4012177551      -421.7030991128 
        4.5100000000        -0.6256889969         0.9097734586       119.0157204168      -452.1383407354 
        4.5150000000        -0.6002686593         0.9072245071       116.4467232833      -455.9427459383 
        4.5200000000        -0.5714374755         0.9148713616       114.6117253309      -444.5295303298 
        4.5250001000        -0.5393585970         0.9046755556       112.5932275831      -459.7471511411 
        4.5300000000        -0.5042163174         0.8919307982       109.8407306544      -478.7691771553 
        4.5350000000        -0.4662083072         0.9046755556       107.8222329067      -459.7471511411 
        4.5400000000        -0.4255512084         0.8995776526       105.2532357732      -467.3559615468 
        4.5450000000        -0.3824760427         0.9021266041       103.4182378207      -463.5515563439 
        4.5500000000        -0.3372275719         0.8919307982       100.8492406872      -478.7691771553 
        4.5550000999        -0.2900619470         0.8970287012        98.2802435537      -471.1603667496 
        4.5600000999        -0.2412490563         0.9072245071        96.0782460108      -455.9427459383 
        4.5650000999        -0.1910653404         0.9046755556        93.1422492868      -459.7471511411 
        4.5700000999        -0.1397959531         0.9021266041        90.9402517438      -463.5515563439 
        4.5750000000        -0.0877332635         0.9046755556        89.4722533818      -459.7471511411 
        4.5800000000        -0.0351710227         0.9378119249        87.4537556341      -410.2898835043 
        4.5850000000         0.0175910668         0.9378119249        85.8022574768      -410.2898835043 
        4.5900000000         0.0702532004         0.9123224101        82.6827609576      -448.3339355326 
        4.5950000000         0.1225161413         0.9454587794        79.9302640289      -398.8766678958 
        4.6000000000         0.1740829210         0.9913399061        79.3797646431      -330.3973742449 
        4.6050001000         0.2246615268         1.0066336150        77.7282664859      -307.5709430279 
        4.6100000000         0.2739615668         1.0423189359        76.2602681239      -254.3092701883 
        4.6150000000         0.3217059024         1.1952560250        75.5262689429       -26.0449580186 
        4.6200000000         0.3676222410         1.2309413458        74.9757695572        27.2167148210 
        4.6250000000         0.4114496766         1.2181965884        75.5262689429         8.1946888069 
        4.6300000000         0.4529391731         1.2538819092        75.8932685334        61.4563616465 
        4.6350000000         0.4918549789         1.2640777151        75.7097687382        76.6739824578 
        4.6400000000         0.5279759665         1.2997630359        76.8107675097       129.9356552974 
        4.6450000000         0.5610968894         1.3227035993        77.5447666907       164.1753021229 
        4.6500001000         0.5910301136         1.3328994052        77.7282664859       179.3929229342 
        4.6550000000         0.6176038585         1.3609378716        79.5632644384       221.2413801653 
        4.6600000000         0.6406688208         1.3736826290        81.2147625956       240.2634061795 
        4.6650000000         0.6600933751         1.3991721439        81.0312628004       278.3074582078 
        4.6700000000         0.6757671472         1.3762315805        82.4992611624       244.0678113823 
        4.6750000000         0.6876010755         1.4195637558        84.1507593196       308.7426998304 
        4.6800000999         0.6955280364         1.4272106102        85.9857572721       320.1559154389 
        4.6850000999         0.6995026706         1.4527001251        87.8207552246       358.1999674672 
        4.6900000999         0.6995025911         1.4425043191        89.2887535866       342.9823466559 
        4.6950000999         0.6955277984         1.4705427855        90.5732521533       384.8308038870 
        4.7000000000         0.6876010755         1.4705427855        93.8762484678       384.8308038870 
        4.7050000000         0.6757671472         1.5011302033        95.8947462155       430.4836663209 
        4.7100000000         0.6600933751         1.4832875429        96.9957449870       403.8528299011 
        4.7150000000         0.6406688208         1.5011302033        99.1977425300       430.4836663209 
        4.7200000000         0.6176038585         1.5189728637       102.3172390492       457.1145027407 
        4.7250000000         0.5910295479         1.5087770578       103.4182378207       441.8968819294 
        4.7300001000         0.5610962582         1.5087770578       105.6202353637       441.8968819294 
        4.7350000000         0.5279759665         1.5164239122       108.1892324972       453.3100975379 
        4.7400000000         0.4918549789         1.5266197182       110.9417294259       468.5277183492 
        4.7450000000         0.4529391731         1.5164239122       113.1437269689       453.3100975379 
        4.7500000000         0.4114496766         1.4985812518       114.6117253309       426.6792611181 
        4.7550000000         0.3676222410         1.5291686697       117.1807224643       472.3321235521 
        4.7600000000         0.3217059024         1.5138749607       118.8322206216       449.5056923351 
        4.7650000000         0.2739615668         1.5291686697       121.7682173456       472.3321235521 
        4.7700000000         0.2246605269         1.5011302033       123.0527159123       430.4836663209 
        4.7750001000         0.1740818984         1.5113260093       125.2547134553       445.7012871323 
        4.7800000000         0.1225161413         1.5164239122       128.0072103840       453.3100975379 
        4.7850000000         0.0702532004         1.5215218152       130.5762075175       460.9189079436 
        4.7900000000         0.0175910668         1.4858364944       131.8607060842       407.6572351040 
        4.7950000000        -0.0351710227         1.4858364944       133.8792038320       407.6572351040 
        4.8000000000        -0.0877332635         1.4781896399       135.7142017844       396.2440194955 
        4.8050000999        -0.1397980196         1.4527001251       137.7326995322       358.1999674672 
        4.8100000999        -0.1910673693         1.4374064162       139.7511972799       335.3735362502 
        4.8150000999        -0.2412510361         1.4042700468       141.4026954371       285.9162686134 
        4.8200000999        -0.2900638664         1.1748644131       141.9531948229       -56.4801996412 
        4.8250000000        -0.3372275719         1.2130986854       142.1366946181         0.5858784012 
        4.8300000000        -0.3824760427         1.2105497339       141.5861952324        -3.2185268016 
        4.8350068001        -0.4256081985         1.2156476369       141.2191956419         4.3902836041 
        4.8400000000        -0.4662083072         1.1085916745       140.8521960514      -155.3947349148 
        4.8450000000        -0.5042163174         1.1493748983       140.8521960514       -94.5242516695 
        4.8500000000        -0.5393592699         1.0983958685       140.3016966657      -170.6123557261 
        4.8550001000        -0.5714380853         1.1085916745       139.7511972799      -155.3947349148 
        4.8600000000        -0.6002686593         1.0550636933       138.2831989179      -235.2872441742 
        4.8650053000        -0.6257140801         1.0729063537       138.0996991227      -208.6564077544 
        4.8700000000        -0.6475540448         1.0295741784       136.2647011702      -273.3312962025 
        4.8750000000        -0.6657395614         1.0423189359       135.5307019892      -254.3092701883 
        4.8800000000        -0.6801422130         1.0142804695       134.2462034225      -296.1577274195 
        4.8850000000        -0.6906801609         0.9964378091       132.4112054700      -322.7885638392 
        4.8900000000        -0.6972935264         0.9811441002       130.3927077222      -345.6149950562 
        4.8950000000        -0.6999447309         0.9683993428       128.5577097697      -364.6370210704 
        4.9000001000        -0.6986186436         0.9556545853       126.9062116125      -383.6590470845 
        4.9050000000        -0.6933229980         0.9480077309       124.5207142743      -395.0722626930 
        4.9100000000        -0.6840876865         0.9352629734       123.2362157075      -414.0942887072 
        4.9150000000        -0.6709652523         0.9301650705       121.5847175503      -421.7030991128 
        4.9200000000        -0.6540302597         0.9250671675       118.8322206216      -429.3119095185 
        4.9250000000        -0.6333789367         0.9097734586       116.9972226691      -452.1383407354 
        4.9300000999        -0.6091281087         0.9174203130       115.3457245119      -440.7251251270 
        4.9350000999        -0.5814165422         0.9097734586       112.4097277879      -452.1383407354 
        4.9400000999        -0.5504012510         0.9072245071       110.3912300401      -455.9427459383 
        4.9450000999        -0.5162584700         0.9021266041       107.8222329067      -463.5515563439 
        4.9500000000        -0.4791829742         0.8995776526       105.6202353637      -467.3559615468 
        4.9550000000        -0.4393839529         0.9046755556       103.4182378207      -459.7471511411 
        4.9600000000        -0.3970882644         0.8995776526       101.0327404825      -467.3559615468 
        4.9650000000        -0.3525362411         0.8944797497        98.8307429395      -474.9647719524 
        4.9700000000        -0.3059810367         0.9072245071        95.8947462155      -455.9427459383 
        4.9750000000        -0.2576871869         0.9097734586        93.8762484678      -452.1383407354 
        4.9800001000        -0.2079280990         0.9123224101        92.2247503105      -448.3339355326 
        4.9850000000        -0.1569895327         0.8995776526        89.2887535866      -467.3559615468 
        4.9900000000        -0.1051579124         0.9174203130        87.0867560436      -440.7251251270 
        4.9950000000        -0.0527287639         0.9225182160        84.8847585006      -433.1163147213 
        5.0000000000        -0.0000000000         0.9148713616        82.6827609576      -444.5295303298 
        5.0050000000         0.0527287639         0.9301650705        80.4807634146      -421.7030991128 
        5.0100000000         0.1051579124         0.9633014398        79.0127650526      -372.2458314760 
        5.0150000000         0.1569895327         0.9862420032        77.1777671002      -338.0061846506 
        5.0200000000         0.2079291071         1.0270252269        76.6272677144      -277.1357014053 
        5.0250001000         0.2576881685         1.0601615963        74.2417703762      -227.6784337685 
        5.0300000000         0.3059810367         1.1442769953        73.3242713999      -102.1330620752 
        5.0350000000         0.3525362411         1.2487840062        73.6912709904        53.8475512408 
        5.0400000000         0.3970882644         1.2105497339        73.3242713999        -3.2185268016 
        5.0450000000         0.4393839529         1.2283923943        73.6912709904        23.4123096182 
        5.0500000000         0.4791829742         1.2819203755        74.6087699667       103.3048188776 
        5.0550000999         0.5162598943         1.2844693270        74.6087699667       107.1092240804 
        5.0600000999         0.5504025540         1.3227035993        75.8932685334       164.1753021229 
        5.0650000999         0.5814177167         1.3252525508        76.2602681239       167.9797073257 
        5.0700000999         0.6091291478         1.3379973082        76.9942673049       187.0017333399 
        5.0750000000         0.6333789367         1.3762315805        78.6457654622       244.0678113823 
        5.0800000000         0.6540302597         1.3762315805        79.3797646431       244.0678113823 
        5.0850000000         0.6709652523         1.3787805320        80.2972636194       247.8722165851 
        5.0900000000         0.6840876865         1.4374064162        82.6827609576       335.3735362502 
        5.0950000000         0.6933229980         1.4195637558        84.3342591149       308.7426998304 
        5.1000000000         0.6986187099         1.4450532706        85.0682582958       346.7867518587 
        5.1050001000         0.6999447177         1.4450532706        86.5362566578       346.7867518587 
        5.1100000000         0.6972935264         1.4756406885        88.9217539961       392.4396142926 
        5.1150000000         0.6906801609         1.4654448825        91.1237515391       377.2219934813 
        5.1200000000         0.6801422130         1.4858364944        92.5917499010       407.6572351040 
        5.1250000000         0.6657395614         1.4909343974        95.1607470345       415.2660455096 
        5.1300000000         0.6475540448         1.5087770578        97.1792447823       441.8968819294 
        5.1350000000         0.6256889969         1.4960323003        98.8307429395       422.8748559153 
        5.1400000000         0.6002686593         1.5189728637       101.2162402777       457.1145027407 
        5.1450000000         0.5714374755         1.5164239122       103.9687372064       453.3100975379 
        5.1500001000         0.5393585970         1.5036791548       104.8862361827       434.2880715238 
        5.1550000000         0.5042163174         1.5164239122       107.8222329067       453.3100975379 
        5.1600000000         0.4662083072         1.5266197182       109.8407306544       468.5277183492 
        5.1650000000         0.4255512084         1.5138749607       111.8592284021       449.5056923351 
        5.1700000000         0.3824760427         1.4960323003       114.0612259451       422.8748559153 
        5.1750000000         0.3372275719         1.5291686697       116.6302230786       472.3321235521 
        5.1800000999         0.2900619470         1.5138749607       118.8322206216       449.5056923351 
        5.1850035000         0.2412153644         1.5189728637       121.2177179598       457.1145027407 
        5.1900000999         0.1910653404         1.5036791548       122.8692161170       434.2880715238 
        5.1950000999         0.1397959531         1.5087770578       125.9887126363       441.8968819294 
        5.2000000000         0.0877332635         1.5164239122       128.1907101792       453.3100975379 
        5.2050000000         0.0351710227         1.5062281063       129.8422083365       438.0924767266 
        5.2100000000        -0.0175910668         1.4832875429       131.8607060842       403.8528299011 
        5.2150000000        -0.0702532004         1.4883854459       134.2462034225       411.4616403068 
        5.2200000000        -0.1225161413         1.4883854459       136.4482009654       411.4616403068 
        5.2250000000        -0.1740829210         1.4603469795       137.5491997369       369.6131830757 
        5.2300001000        -0.2246615268         1.4323085132       138.8336983037       327.7647258446 
        5.2350000000        -0.2739615668         1.3991721439       140.8521960514       278.3074582078 
        5.2400000000        -0.3217059024         1.1697665101       141.2191956419       -64.0890100469 
        5.2450000000        -0.3676222410         1.2080007824       141.5861952324        -7.0229320044 
        5.2500000000        -0.4114496766         1.2080007824       140.6686962561        -7.0229320044 
        5.2550000000        -0.4529391731         1.2003539280       140.4851964609       -18.4361476129 
        5.2600000000        -0.4918549789         1.1085916745       140.8521960514      -155.3947349148 
        5.2650000000        -0.5279759665         1.1391790923       140.1181968704      -109.7418724808 
        5.2700000000        -0.5610968894         1.0983958685       139.0171980989      -170.6123557261 
        5.2750001000        -0.5910301136         1.0805532081       138.6501985084      -197.2431921459 
        5.2800000000        -0.6176038585         1.0780042567       137.3656999417      -201.0475973487 
        5.2850000000        -0.6406688208         1.0423189359       136.2647011702      -254.3092701883 
        5.2900000000        -0.6600933751         1.0372210329       134.7967028082      -261.9180805940 
        5.2950000000        -0.6757671472         1.0193783725       134.0627036272      -288.5489170138 
        5.3000000000        -0.6876010755         1.0066336150       133.1452046510      -307.5709430279 
        5.3050000999        -0.6955280364         0.9862420032       130.9432071080      -338.0061846506 
        5.3100000999        -0.6995026706         0.9836930517       128.9247093602      -341.8105898534 
        5.3150000999        -0.6995025911         0.9429098279       127.0897114078      -402.6810730987 
        5.3200000999        -0.6955277984         0.9633014398       125.4382132505      -372.2458314760 
        5.3250000000        -0.6876010755         0.9327140220       123.0527159123      -417.8986939100 
        5.3300000000        -0.6757671472         0.9301650705       121.5847175503      -421.7030991128 
        5.3350000000        -0.6600933751         0.9225182160       119.5662198026      -433.1163147213 
        5.3400000000        -0.6406688208         0.9199692645       117.5477220548      -436.9207199241 
        5.3450000000        -0.6176038585         0.9148713616       114.7952251261      -444.5295303298 
        5.3500000000        -0.5910295479         0.9046755556       112.5932275831      -459.7471511411 
        5.3550001000        -0.5610962582         0.9097734586       110.7582296306      -452.1383407354 
        5.3600000000        -0.5279759665         0.8970287012       108.5562320877      -471.1603667496 
        5.3650000000        -0.4918549789         0.9072245071       106.1707347494      -455.9427459383 
        5.3700000000        -0.4529391731         0.8893818467       103.4182378207      -482.5735823581 
        5.3750000000        -0.4114496766         0.9072245071       101.5832398682      -455.9427459383 
        5.3800000000        -0.3676222410         0.8970287012        99.9317417110      -471.1603667496 
        5.3850000000        -0.3217059024         0.9021266041        96.6287453965      -463.5515563439 
        5.3900000000        -0.2739615668         0.9072245071        94.7937474440      -455.9427459383 
        5.3950000000        -0.2246605269         0.9072245071        92.4082501058      -455.9427459383 
        5.4000001000        -0.1740818984         0.8970287012        89.4722533818      -471.1603667496 
        5.4050000000        -0.1225161413         0.9072245071        88.0042550198      -455.9427459383 
        5.4100000000        -0.0702532004         0.9352629734        86.3527568626      -414.0942887072 
        5.4150000000        -0.0175910668         0.9276161190        84.5177589101      -425.5075043156 
        5.4200000000         0.0351710227         0.9327140220        82.1322615719      -417.8986939100 
        5.4250000000         0.0877332635         0.9658503913        80.1137638241      -368.4414262732 
        5.4300000999         0.1397980196         0.9836930517        77.9117662812      -341.8105898534 
        5.4350000999         0.1910673693         1.0142804695        76.0767683287      -296.1577274195 
        5.4400024999         0.2412748180         1.0499657903        75.3427691477      -242.8960545798 
        5.4450000999         0.2900638664         1.1391790923        74.7922697619      -109.7418724808 
        5.4500000000         0.3372275719         1.2360392488        74.2417703762        34.8255252267 
        5.4550000000         0.3824760427         1.2207455399        74.7922697619        11.9990940097 
        5.4600000000         0.4255512084         1.2436861032        74.4252701714        46.2387408352 
        5.4650000000         0.4662083072         1.2589798122        74.4252701714        69.0651720522 
        5.4700000000         0.5042163174         1.2895672300        75.3427691477       114.7180344861 
        5.4750000000         0.5393592699         1.3201546478        76.2602681239       160.3708969201 
        5.4800001000         0.5714380853         1.3252525508        76.8107675097       167.9797073257 
        5.4850000000         0.6002686593         1.3354483567        77.5447666907       183.1973281370 
        5.4900000000         0.6256889969         1.3660357746        78.0952660764       228.8501905710 
        5.4950000000         0.6475540448         1.3864273864        79.7467642336       259.2854321936 
        5.5000000000         0.6657395614         1.3838784350        81.0312628004       255.4810269908 
        5.5050000000         0.6801422130         1.4119169013        82.1322615719       297.3294842219 
        5.5100000000         0.6906801609         1.4144658528        84.1507593196       301.1338894247 
        5.5150000000         0.6972935264         1.4425043191        85.6187576816       342.9823466559 
        5.5200000000         0.6999447309         1.4425043191        86.9032562483       342.9823466559 
        5.5250001000         0.6986186436         1.4679938340        89.2887535866       381.0263986842 
        5.5300000000         0.6933229980         1.4679938340        91.3072513343       381.0263986842 
        5.5350000000         0.6840876865         1.4832875429        92.5917499010       403.8528299011 
        5.5400000000         0.6709652523         1.4909343974        94.7937474440       415.2660455096 
        5.5450000000         0.6540302597         1.4985812518        96.8122451918       426.6792611181 
        5.5500000000         0.6333789367         1.4960323003        99.0142427347       422.8748559153 
        5.5550000999         0.6091281087         1.5189728637       101.2162402777       457.1145027407 
        5.5600000999         0.5814165422         1.4985812518       103.6017376159       426.6792611181 
        5.5650000999         0.5504012510         1.5011302033       105.0697359779       430.4836663209 
        5.5700000999         0.5162584700         1.5138749607       107.6387331114       449.5056923351 
        5.5750000000         0.4791829742         1.5164239122       109.4737310639       453.3100975379 
        5.5800000000         0.4393839529         1.5189728637       112.4097277879       457.1145027407 
        5.5850000000         0.3970882644         1.5011302033       114.7952251261       430.4836663209 
        5.5900000000         0.3525362411         1.5266197182       116.4467232833       468.5277183492 
        5.5950000000         0.3059810367         1.5087770578       119.0157204168       441.8968819294 
        5.6000000000         0.2576871869         1.5215218152       121.2177179598       460.9189079436 
        5.6050001000         0.2079280990         1.5087770578       123.0527159123       441.8968819294 
        5.6100000000         0.1569895327         1.5164239122       125.6217130458       453.3100975379 
        5.6150000000         0.1051579124         1.5062281063       127.0897114078       438.0924767266 
        5.6200000000         0.0527287639         1.5215218152       130.3927077222       460.9189079436 
        5.6250000000         0.0000000000         1.4985812518       132.5947052652       426.6792611181 
        5.6300000000        -0.0527287639         1.4883854459       134.2462034225       411.4616403068 
        5.6350055000        -0.1052153094         1.4756406885       136.0812013749       392.4396142926 
        5.6400000000        -0.1569895327         1.4577980281       138.4666987132       365.8087778728 
        5.6450000000        -0.2079291071         1.4374064162       139.2006978942       335.3735362502 
        5.6500001000        -0.2576881685         1.4119169013       141.5861952324       297.3294842219 
        5.6550000000        -0.3059810367         1.1901581220       141.0356958466       -33.6537684242 
        5.6600000000        -0.3525362411         1.1952560250       141.4026954371       -26.0449580186 
        5.6650000000        -0.3970882644         1.2130986854       140.8521960514         0.5858784012 
        5.6700000000        -0.4393839529         1.2054518309       140.6686962561       -10.8273372073 
        5.6750000000        -0.4791829742         1.1060427230       140.1181968704      -159.1991401176 
        5.6800000999        -0.5162598943         1.1442769953       140.4851964609      -102.1330620752 
        5.6850000999        -0.5504025540         1.0932979656       139.2006978942      -178.2211661317 
        5.6900000999        -0.5814177167         1.0882000626       139.3841976894      -185.8299765374 
        5.6950000999        -0.6091291478         1.0652594992       137.3656999417      -220.0696233629 
        5.7000000000        -0.6333789367         1.0499657903       136.9987003512      -242.8960545798 
        5.7050000000        -0.6540302597         1.0448678873       136.0812013749      -250.5048649855 
        5.7100000000        -0.6709652523         1.0244762754       134.0627036272      -280.9401066081 
        5.7150000000        -0.6840876865         1.0040846636       132.9617048557      -311.3753482308 
        5.7200000000        -0.6933229980         0.9913399061       131.4937064937      -330.3973742449 
        5.7250000000        -0.6986187099         0.9913399061       129.6587085412      -330.3973742449 
        5.7300001000        -0.6999447177         0.9480077309       127.6402107935      -395.0722626930 
        5.7350000000        -0.6972935264         0.9607524883       125.2547134553      -376.0502366789 
        5.7400000000        -0.6906801609         0.9378119249       123.9702148885      -410.2898835043 
        5.7450000000        -0.6801422130         0.9454587794       122.5022165265      -398.8766678958 
        5.7500000000        -0.6657395614         0.9378119249       120.4837187788      -410.2898835043 
        5.7550000000        -0.6475540448         0.9148713616       117.1807224643      -444.5295303298 
        5.7600000000        -0.6256889969         0.9276161190       116.2632234881      -425.5075043156 
        5.7650000000        -0.6002686593         0.9072245071       113.5107265594      -455.9427459383 
        5.7700000000        -0.5714374755         0.9148713616       111.1252292211      -444.5295303298 
        5.7750001000        -0.5393585970         0.9021266041       109.2902312687      -463.5515563439 
        5.7800000000        -0.5042163174         0.8995776526       106.1707347494      -467.3559615468 
        5.7850000000        -0.4662083072         0.8868328952       103.9687372064      -486.3779875609 
        5.7900000000        -0.4255512084         0.9021266041       101.9502394587      -463.5515563439 
        5.7950000000        -0.3824760427         0.8893818467        99.7482419157      -482.5735823581 
        5.8000000000        -0.3372275719         0.9046755556        97.5462443727      -459.7471511411 
        5.8050000999        -0.2900619470         0.9046755556        95.1607470345      -459.7471511411 
        5.8100000999        -0.2412490563         0.9123224101        92.7752496963      -448.3339355326 
        5.8150000999        -0.1910653404         0.9148713616        91.1237515391      -444.5295303298 
        5.8200000999        -0.1397959531         0.9225182160        88.7382542008      -433.1163147213 
        5.8250000000        -0.0877332635         0.9352629734        86.5362566578      -414.0942887072 
        5.8300000000        -0.0351710227         0.9250671675        83.9672595244      -429.3119095185 
        5.8350000000         0.0175910668         0.9148713616        81.7652619814      -444.5295303298 
        5.8400000000         0.0702532004         0.9429098279        80.1137638241      -402.6810730987 
        5.8450000000         0.1225161413         0.9505566824        78.0952660764      -391.2678574902 
        5.8500000000         0.1740829210         0.9964378091        76.4437679192      -322.7885638392 
        5.8550001000         0.2246615268         1.0295741784        75.1592693524      -273.3312962025 
        5.8600000000         0.2739615668         1.0627105477        74.4252701714      -223.8740285657 
        5.8650000000         0.3217059024         1.1111406260        73.3242713999      -151.5903297119 
        5.8700000000         0.3676222410         1.2691756181        72.4067724237        84.2827928635 
        5.8750000000         0.4114496766         1.2258434428        72.7737720142        19.6079044154 
        5.8800000000         0.4529391731         1.2334902973        72.5902722190        31.0211200239 
        5.8850000000         0.4918549789         1.2819203755        72.9572718094       103.3048188776 
        5.8900000000         0.5279759665         1.2793714240        73.5077711952        99.5004136748 
        5.8950000000         0.5610968894         1.3150567448        74.6087699667       152.7620865144 
        5.9000001000         0.5910301136         1.3354483567        75.7097687382       183.1973281370 
        5.9050000000         0.6176038585         1.3558399686        77.1777671002       213.6325697597 
        5.9100000000         0.6406688208         1.3660357746        77.7282664859       228.8501905710 
        5.9150000000         0.6600933751         1.3940742409        78.6457654622       270.6986478021 
        5.9200000000         0.6757671472         1.3966231924        80.4807634146       274.5030530049 
        5.9250000000         0.6876010755         1.4297595617        81.9487617766       323.9603206417 
        5.9300000999         0.6955280364         1.4272106102        83.7837597291       320.1559154389 
        5.9350000999         0.6995026706         1.4654448825        85.6187576816       377.2219934813 
        5.9400000999         0.6995025911         1.4476022221        86.5362566578       350.5911570615 
        5.9450000999         0.6955277984         1.4858364944        88.3712546103       407.6572351040 
        5.9500000000         0.6876010755         1.4577980281        90.2062525628       365.8087778728 
        5.9550000000         0.6757671472         1.4960323003        92.9587494915       422.8748559153 
        5.9600000000         0.6600933751         1.4960323003        95.1607470345       422.8748559153 
        5.9650000000         0.6406688208         1.5087770578        96.8122451918       441.8968819294 
        5.9700000000         0.6176038585         1.5011302033        98.8307429395       430.4836663209 
        5.9750000000         0.5910295479         1.5164239122       100.4822410967       453.3100975379 
        5.9800024000         0.5610817416         1.5087770578       103.0512382302       441.8968819294 
        5.9850000000         0.5279759665         1.5164239122       105.4367355684       453.3100975379 
        5.9900000000         0.4918549789         1.5087770578       107.4552333162       441.8968819294 
        5.9950000000         0.4529391731         1.5215218152       109.8407306544       460.9189079436 
        6.0000000000         0.4114496766         1.5266197182       112.9602271736       468.5277183492 
        6.0050000000         0.3676222410         1.5087770578       114.9787249214       441.8968819294 
        6.0100000000         0.3217059024         1.5189728637       116.4467232833       457.1145027407 
        6.0150000000         0.2739615668         1.5138749607       118.6487208263       449.5056923351 
        6.0200001000         0.2246595270         1.5138749607       120.6672185741       449.5056923351 
        6.0250001000         0.1740818984         1.5087770578       123.2362157075       441.8968819294 
        6.0300000000         0.1225161413         1.5138749607       125.6217130458       449.5056923351 
        6.0350000000         0.0702532004         1.4985812518       126.9062116125       426.6792611181 
        6.0400000000         0.0175910668         1.5164239122       129.6587085412       453.3100975379 
        6.0450000000        -0.0351710227         1.4807385914       131.1267069032       400.0484246983 
        6.0500000000        -0.0877332635         1.4756406885       133.5122042415       392.4396142926 
        6.0550000999        -0.1397980196         1.4476022221       135.3472021939       350.5911570615 
        6.0600000999        -0.1910673693         1.4348574647       137.3656999417       331.5691310474 
        6.0650000999        -0.2412510361         1.3966231924       138.6501985084       274.5030530049 
        6.0700000999        -0.2900638664         1.2207455399       138.6501985084        11.9990940097 
        6.0750000000        -0.3372275719         1.1850602191       138.6501985084       -41.2625788299 
        6.0800000000        -0.3824760427         1.2130986854       139.5676974847         0.5858784012 
        6.0850000000        -0.4255512084         1.2385882003       139.0171980989        38.6299304295 
        6.0900000000        -0.4662083072         1.0983958685       138.2831989179      -170.6123557261 
        6.0950000000        -0.5042163174         1.1570217527       137.9161993274       -83.1110360610 
        6.1000000000        -0.5393592699         1.0907490141       137.3656999417      -182.0255713346 
        6.1050001000        -0.5714380853         1.1111406260       136.9987003512      -151.5903297119 
        6.1100000000        -0.6002686593         1.0627105477       136.4482009654      -223.8740285657 
        6.1150000000        -0.6256889969         1.0882000626       134.9802026034      -185.8299765374 
        6.1200000000        -0.6475540448         1.0270252269       133.3287044462      -277.1357014053 
        6.1250000000        -0.6657395614         1.0346720814       132.9617048557      -265.7224857968 
        6.1300000000        -0.6801422130         1.0040846636       131.1267069032      -311.3753482308 
        6.1350000000        -0.6906801609         1.0040846636       129.4752087460      -311.3753482308 
        6.1400000000        -0.6972935264         0.9734972457       128.0072103840      -357.0282106647 
        6.1450001000        -0.6999447442         0.9683993428       125.6217130458      -364.6370210704 
        6.1500001000        -0.6986186436         0.9582035368       124.5207142743      -379.8546418817 
        6.1550000000        -0.6933229980         0.9556545853       122.5022165265      -383.6590470845 
        6.1600000000        -0.6840876865         0.9378119249       120.3002189836      -410.2898835043 
        6.1650000000        -0.6709652523         0.9250671675       118.2817212358      -429.3119095185 
        6.1700000000        -0.6540302597         0.9250671675       116.0797236928      -429.3119095185 
        6.1750000000        -0.6333789367         0.9225182160       114.2447257404      -433.1163147213 
        6.1800000999        -0.6091281087         0.9225182160       112.0427281974      -433.1163147213 
        6.1850000999        -0.5814165422         0.8970287012       109.4737310639      -471.1603667496 
        6.1900000999        -0.5504012510         0.9123224101       107.6387331114      -448.3339355326 
        6.1950000999        -0.5162584700         0.9072245071       105.9872349542      -455.9427459383 
        6.2000000000        -0.4791829742         0.9097734586       102.5007388445      -452.1383407354 
        6.2050000000        -0.4393839529         0.8995776526       101.2162402777      -467.3559615468 
        6.2100000000        -0.3970882644         0.8944797497        98.0967437585      -474.9647719524 
        6.2150000000        -0.3525362411         0.9072245071        95.8947462155      -455.9427459383 
        6.2200000000        -0.3059810367         0.9046755556        93.5092488773      -459.7471511411 
        6.2250000000        -0.2576871869         0.9072245071        92.2247503105      -455.9427459383 
        6.2300001000        -0.2079280990         0.8970287012        88.3712546103      -471.1603667496 
        6.2350000000        -0.1569895327         0.9174203130        86.7197564531      -440.7251251270 
        6.2400000000        -0.1051579124         0.9301650705        85.6187576816      -421.7030991128 
        6.2450000000        -0.0527287639         0.9199692645        83.2332603434      -436.9207199241 
        6.2500000000        -0.0000000000         0.9225182160        80.2972636194      -433.1163147213 
        6.2550000000         0.0527287639         0.9403608764        78.6457654622      -406.4854783015 
        6.2600000000         0.1051579124         0.9582035368        76.8107675097      -379.8546418817 
        6.2650000000         0.1569895327         0.9964378091        75.5262689429      -322.7885638392 
        6.2700001000         0.2079301152         1.0219273240        74.0582705809      -284.7445118110 
        6.2750001000         0.2576881685         1.0627105477        72.4067724237      -223.8740285657 
        6.2800000000         0.3059810367         1.1417280438        70.9387740617      -105.9374672780 
        6.2850000000         0.3525362411         1.2513329577        71.1222738570        57.6519564437 
        6.2900000000         0.3970882644         1.2105497339        71.1222738570        -3.2185268016 
        6.2950000000         0.4393839529         1.2283923943        71.6727732427        23.4123096182 
        6.3000000000         0.4791829742         1.2895672300        72.2232726285       114.7180344861 
        6.3050000999         0.5162598943         1.2768224726        72.2232726285        95.6960084720 
        6.3100000999         0.5504025540         1.3252525508        73.5077711952       167.9797073257 
        6.3150000999         0.5814177167         1.3252525508        74.6087699667       167.9797073257 
        6.3200000999         0.6091291478         1.3405462597        74.4252701714       190.8061385427 
        6.3250000000         0.6333789367         1.3609378716        76.9942673049       221.2413801653 
        6.3300000000         0.6540302597         1.4042700468        78.0952660764       285.9162686134 
        6.3350000000         0.6709652523         1.3889763379        79.0127650526       263.0898373965 
        6.3400000000         0.6840876865         1.4170148043        80.1137638241       304.9382946276 
        6.3450000000         0.6933229980         1.4272106102        82.1322615719       320.1559154389 
        6.3500000000         0.6986187099         1.4399553677        83.0497605481       339.1779414530 
        6.3550001000         0.6999447177         1.4374064162        84.5177589101       335.3735362502 
        6.3600000000         0.6972935264         1.4577980281        85.9857572721       365.8087778728 
        6.3650000000         0.6906801609         1.4781896399        88.5547544056       396.2440194955 
        6.3700000000         0.6801422130         1.4807385914        90.9402517438       400.0484246983 
        6.3750000000         0.6657395614         1.4756406885        91.8577507200       392.4396142926 
        6.3800000000         0.6475540448         1.4985812518        94.6102476488       426.6792611181 
        6.3850000000         0.6256889969         1.5062281063        96.6287453965       438.0924767266 
        6.3900000000         0.6002686593         1.5113260093        99.3812423252       445.7012871323 
        6.3950001000         0.5714368657         1.5266197182       101.2162402777       468.5277183492 
        6.4000001000         0.5393585970         1.5138749607       103.0512382302       449.5056923351 
        6.4050000000         0.5042163174         1.5087770578       104.8862361827       441.8968819294 
        6.4100000000         0.4662083072         1.5138749607       107.8222329067       449.5056923351 
        6.4150000000         0.4255512084         1.5291686697       110.0242304496       472.3321235521 
        6.4200000000         0.3824760427         1.5189728637       112.2262279926       457.1145027407 
        6.4250000000         0.3372275719         1.4985812518       114.7952251261       426.6792611181 
        6.4300000999         0.2900619470         1.5164239122       116.2632234881       453.3100975379 
        6.4350000999         0.2412490563         1.5164239122       119.5662198026       453.3100975379 
        6.4400000999         0.1910653404         1.5317176211       121.7682173456       476.1365287549 
        6.4450000999         0.1397959531         1.4960323003       122.6857163218       422.8748559153 
        6.4500000000         0.0877332635         1.4985812518       124.8877138648       426.6792611181 
        6.4550000000         0.0351710227         1.5062281063       127.4567109983       438.0924767266 
        6.4600000000        -0.0175910668         1.5164239122       130.0257081317       453.3100975379 
        6.4650000000        -0.0702532004         1.4909343974       131.4937064937       415.2660455096 
        6.4700000000        -0.1225161413         1.4679938340       133.5122042415       381.0263986842 
        6.4750000000        -0.1740829210         1.4450532706       135.3472021939       346.7867518587 
        6.4800001000        -0.2246615268         1.4093679498       137.1822001464       293.5250790191 
        6.4850000000        -0.2739615668         1.3787805320       137.7326995322       247.8722165851 
        6.4900047001        -0.3217499645         1.1595707042       138.4666987132       -79.3066308582 
        6.4950000000        -0.3676222410         1.2130986854       139.2006978942         0.5858784012 
        6.5000000000        -0.4114496766         1.2130986854       138.4666987132         0.5858784012 
        6.5050000000        -0.4529391731         1.1927070735       137.9161993274       -29.8493632214 
        6.5100000000        -0.4918549789         1.1111406260       137.9161993274      -151.5903297119 
        6.5150000000        -0.5279759665         1.1391790923       137.1822001464      -109.7418724808 
        6.5200001000        -0.5610975206         1.1009448200       136.6317007607      -166.8079505233 
        6.5250001000        -0.5910301136         1.0805532081       134.9802026034      -197.2431921459 
        6.5300000000        -0.6176038585         1.0729063537       134.7967028082      -208.6564077544 
        6.5350000000        -0.6406688208         1.0448678873       133.1452046510      -250.5048649855 
        6.5400000000        -0.6600933751         1.0372210329       131.4937064937      -261.9180805940 
        6.5450000000        -0.6757671472         1.0219273240       131.6772062890      -284.7445118110 
        6.5500109000        -0.6876226259         1.0091825665       130.3927077222      -303.7665378251 
        6.5550000999        -0.6955280364         0.9760461972       127.6402107935      -353.2238054619 
        6.5600000999        -0.6995026706         0.9964378091       126.9062116125      -322.7885638392 
        6.5650000999        -0.6995025911         0.9556545853       124.7042140695      -383.6590470845 
        6.5700000999        -0.6955277984         0.9658503913       122.6857163218      -368.4414262732 
        6.5750000000        -0.6876010755         0.9301650705       120.3002189836      -421.7030991128 
        6.5800000000        -0.6757671472         0.9327140220       118.8322206216      -417.8986939100 
        6.5850000000        -0.6600933751         0.9276161190       116.8137228738      -425.5075043156 
        6.5900000000        -0.6406688208         0.9327140220       114.9787249214      -417.8986939100 
        6.5950000000        -0.6176038585         0.9072245071       112.5932275831      -455.9427459383 
        6.6000000000        -0.5910295479         0.9148713616       110.5747298354      -444.5295303298 
        6.6050001000        -0.5610962582         0.9072245071       108.1892324972      -455.9427459383 
        6.6100000000        -0.5279759665         0.9072245071       105.9872349542      -455.9427459383 
        6.6150000000        -0.4918549789         0.9046755556       103.7852374112      -459.7471511411 
        6.6200000000        -0.4529391731         0.9072245071       102.1337392540      -455.9427459383 
        6.6250000000        -0.4114496766         0.8919307982        98.6472431442      -478.7691771553 
        6.6300000000        -0.3676222410         0.9072245071        96.4452456013      -455.9427459383 
        6.6350000000        -0.3217059024         0.9046755556        94.6102476488      -459.7471511411 
        6.6400000000        -0.2739615668         0.9072245071        91.8577507200      -455.9427459383 
        6.6450001000        -0.2246595270         0.9046755556        90.2062525628      -459.7471511411 
        6.6500001000        -0.1740818984         0.9276161190        87.4537556341      -425.5075043156 
        6.6550000000        -0.1225161413         0.9148713616        85.4352578863      -444.5295303298 
        6.6600000000        -0.0702532004         0.9072245071        83.4167601386      -455.9427459383 
        6.6650000000        -0.0175910668         0.9225182160        81.3982623909      -433.1163147213 
        6.6700000000         0.0351710227         0.9352629734        79.1962648479      -414.0942887072 
        6.6750000000         0.0877332635         0.9582035368        77.7282664859      -379.8546418817 
        6.6800000999         0.1397980196         0.9938888576        75.1592693524      -326.5929690421 
        6.6850000999         0.1910673693         1.0066336150        73.1407716047      -307.5709430279 
        6.6900000999         0.2412510361         1.0372210329        72.0397728332      -261.9180805940 
        6.6950000999         0.2900638664         1.1340811893        71.6727732427      -117.3506828865 
        6.7000000000         0.3372275719         1.2615287636        71.6727732427        72.8695772550 
        6.7050000000         0.3824760427         1.2232944913        71.8562730380        15.8034992126 
        6.7100000000         0.4255512084         1.2181965884        71.6727732427         8.1946888069 
        6.7150000000         0.4662083072         1.2946651330        72.4067724237       122.3268448918 
        6.7200000000         0.5042163174         1.2717245696        72.2232726285        88.0871980663 
        6.7250000000         0.5393592699         1.3303504538        73.3242713999       175.5885177314 
        6.7300001000         0.5714380853         1.3176056963        73.5077711952       156.5664917172 
        6.7350000000         0.6002686593         1.3456441627        75.1592693524       198.4149489484 
        6.7400000000         0.6256889969         1.3558399686        76.4437679192       213.6325697597 
        6.7450000000         0.6475540448         1.3864273864        76.8107675097       259.2854321936 
        6.7500000000         0.6657395614         1.3762315805        78.2787658717       244.0678113823 
        6.7550303000         0.6802177838         1.4170148043        79.5632644384       304.9382946276 
        6.7600000000         0.6906801609         1.4170148043        81.3982623909       304.9382946276 
        6.7650000000         0.6972935264         1.4450532706        82.8662607529       346.7867518587 
        6.7700001000         0.6999447442         1.4323085132        84.3342591149       327.7647258446 
        6.7750001000         0.6986186436         1.4679938340        86.1692570673       381.0263986842 
        6.7800000000         0.6933229980         1.4756406885        88.3712546103       392.4396142926 
        6.7850000000         0.6840876865         1.4730917370        90.0227527676       388.6352090898 
        6.7900000000         0.6709652523         1.4832875429        92.0412505153       403.8528299011 
        6.7950000000         0.6540302597         1.5036791548        94.9772472393       434.2880715238 
        6.8000000000         0.6333789367         1.5011302033        96.2617458060       430.4836663209 
        6.8050000999         0.6091281087         1.5087770578        98.6472431442       441.8968819294 
        6.8100000999         0.5814165422         1.5215218152       101.2162402777       460.9189079436 
        6.8150000999         0.5504012510         1.5164239122       103.0512382302       453.3100975379 
        6.8200000999         0.5162584700         1.5164239122       105.4367355684       453.3100975379 
        6.8250000000         0.4791829742         1.5138749607       107.6387331114       449.5056923351 
        6.8300000000         0.4393839529         1.5240707667       109.8407306544       464.7233131464 
        6.8350000000         0.3970882644         1.5215218152       112.0427281974       460.9189079436 
        6.8400000000         0.3525362411         1.5087770578       114.7952251261       441.8968819294 
        6.8450000000         0.3059810367         1.5266197182       116.0797236928       468.5277183492 
        6.8500000000         0.2576871869         1.5087770578       118.2817212358       441.8968819294 
        6.8550001000         0.2079280990         1.5215218152       121.0342181646       460.9189079436 
        6.8600000000         0.1569895327         1.5062281063       123.2362157075       438.0924767266 
        6.8650000000         0.1051579124         1.5062281063       125.0712136600       438.0924767266 
        6.8700000000         0.0527287639         1.5087770578       127.4567109983       441.8968819294 
        6.8750000000         0.0000000000         1.5215218152       129.8422083365       460.9189079436 
        6.8800000000        -0.0527287639         1.4858364944       131.3102066985       407.6572351040 
        6.8850000000        -0.1051579124         1.4730917370       133.8792038320       388.6352090898 
        6.8900000000        -0.1569895327         1.4425043191       135.1637023987       342.9823466559 
        6.8950001000        -0.2079301152         1.4272106102       137.1822001464       320.1559154389 
        6.9000001000        -0.2576881685         1.3889763379       138.4666987132       263.0898373965 
        6.9050000000        -0.3059810367         1.2054518309       138.6501985084       -10.8273372073 
        6.9100000000        -0.3525362411         1.2003539280       139.2006978942       -18.4361476129 
        6.9150000000        -0.3970882644         1.2105497339       138.6501985084        -3.2185268016 
        6.9200000000        -0.4393839529         1.2207455399       138.6501985084        11.9990940097 
        6.9250000000        -0.4791829742         1.1085916745       138.2831989179      -155.3947349148 
        6.9300000999        -0.5162598943         1.1493748983       137.3656999417       -94.5242516695 
        6.9350000999        -0.5504025540         1.1009448200       137.1822001464      -166.8079505233 
        6.9400000999        -0.5814177167         1.0856511111       136.2647011702      -189.6343817402 
        6.9450000999        -0.6091291478         1.0805532081       135.7142017844      -197.2431921459 
        6.9500000000        -0.6333789367         1.0652594992       134.2462034225      -220.0696233629 
        6.9550000000        -0.6540302597         1.0372210329       133.3287044462      -261.9180805940 
        6.9600000000        -0.6709652523         1.0219273240       131.8607060842      -284.7445118110 
        6.9650000000        -0.6840876865         1.0066336150       130.0257081317      -307.5709430279 
        6.9700000000        -0.6933229980         0.9836930517       128.1907101792      -341.8105898534 
        6.9750000000        -0.6986187099         0.9887909546       127.6402107935      -334.2017794477 
        6.9800001000        -0.6999447177         0.9607524883       125.2547134553      -376.0502366789 
        6.9850000000        -0.6972935264         0.9582035368       123.4197155028      -379.8546418817 
        6.9900000000        -0.6906801609         0.9480077309       122.1352169360      -395.0722626930 
        6.9950000000        -0.6801422130         0.9352629734       119.5662198026      -414.0942887072 
        7.0000000000        -0.6657395614         0.9250671675       118.0982214406      -429.3119095185 
        7.0050000000        -0.6475540448         0.9352629734       115.1622247166      -414.0942887072 
        7.0100000000        -0.6256889969         0.9097734586       113.3272267641      -452.1383407354 
        7.0150000000        -0.6002686593         0.9174203130       110.7582296306      -440.7251251270 
        7.0200001000        -0.5714368657         0.8995776526       108.9232316782      -467.3559615468 
        7.0250001000        -0.5393585970         0.9072245071       106.9047339304      -455.9427459383 
        7.0300000000        -0.5042163174         0.8893818467       103.9687372064      -482.5735823581 
        7.0350000000        -0.4662083072         0.9072245071       101.3997400730      -455.9427459383 
        7.0400000000        -0.4255512084         0.8919307982        99.7482419157      -478.7691771553 
        7.0450031999        -0.3824477525         0.9046755556        97.5462443727      -459.7471511411 
        7.0500000000        -0.3372275719         0.9021266041        95.7112464203      -463.5515563439 
        7.0550000999        -0.2900619470         0.9046755556        93.3257490820      -459.7471511411 
        7.0600000999        -0.2412490563         0.9072245071        90.7567519486      -455.9427459383 
        7.0650000999        -0.1910653404         0.9148713616        87.6372554293      -444.5295303298 
        7.0700000999        -0.1397959531         0.9174203130        85.6187576816      -440.7251251270 
        7.0750000000        -0.0877332635         0.9123224101        84.5177589101      -448.3339355326 
        7.0800000000        -0.0351710227         0.9148713616        81.5817621861      -444.5295303298 
        7.0850000000         0.0175910668         0.9403608764        80.2972636194      -406.4854783015 
        7.0900000000         0.0702532004         0.9276161190        77.5447666907      -425.5075043156 
        7.0950000000         0.1225161413         0.9556545853        75.5262689429      -383.6590470845 
        7.1000000000         0.1740829210         0.9964378091        73.8747707857      -322.7885638392 
        7.1050001000         0.2246615268         1.0117315180        71.8562730380      -299.9621326223 
        7.1100000000         0.2739615668         1.0576126448        70.9387740617      -231.4828389714 
        7.1150000000         0.3217059024         1.1621196557        70.0212750855       -75.5022256554 
        7.1200000000         0.3676222410         1.2360392488        70.0212750855        34.8255252267 
        7.1250000000         0.4114496766         1.2181965884        69.8377752902         8.1946888069 
        7.1300000000         0.4529391731         1.2615287636        70.9387740617        72.8695772550 
        7.1350000000         0.4918549789         1.2768224726        70.9387740617        95.6960084720 
        7.1400000000         0.5279759665         1.3023119874        71.6727732427       133.7400605003 
        7.1450001000         0.5610975206         1.3048609389        71.8562730380       137.5444657031 
        7.1500001000         0.5910301136         1.3252525508        72.4067724237       167.9797073257 
        7.1550000000         0.6176038585         1.3405462597        74.2417703762       190.8061385427 
        7.1600000000         0.6406688208         1.3660357746        74.7922697619       228.8501905710 
        7.1650000000         0.6600933751         1.3787805320        75.5262689429       247.8722165851 
        7.1700000000         0.6757671472         1.3940742409        77.5447666907       270.6986478021 
        7.1750000000         0.6876010755         1.4170148043        79.0127650526       304.9382946276 
        7.1800000999         0.6955280364         1.4425043191        80.6642632099       342.9823466559 
        7.1850000999         0.6995026706         1.4476022221        82.3157613671       350.5911570615 
        7.1900000999         0.6995025911         1.4501511736        83.6002599339       354.3955622644 
        7.1950000999         0.6955277984         1.4807385914        85.9857572721       400.0484246983 
        7.2000000000         0.6876010755         1.4679938340        87.4537556341       381.0263986842 
        7.2050000000         0.6757671472         1.4883854459        89.4722533818       411.4616403068 
        7.2100000000         0.6600933751         1.4781896399        90.7567519486       396.2440194955 
        7.2150000000         0.6406688208         1.4960323003        93.1422492868       422.8748559153 
        7.2200000000         0.6176038585         1.4934833489        95.5277466250       419.0704507125 
        7.2250000000         0.5910295479         1.5087770578        97.3627445775       441.8968819294 
        7.2300001000         0.5610962582         1.5113260093       100.1152415062       445.7012871323 
        7.2350000000         0.5279759665         1.5164239122       101.7667396635       453.3100975379 
        7.2400000000         0.4918549789         1.5189728637       104.5192365922       457.1145027407 
        7.2450000000         0.4529391731         1.5062281063       106.7212341352       438.0924767266 
        7.2500000000         0.4114496766         1.5266197182       109.4737310639       468.5277183492 
        7.2550000000         0.3676222410         1.5189728637       111.3087290164       457.1145027407 
        7.2600000000         0.3217059024         1.5011302033       113.5107265594       430.4836663209 
        7.2650000000         0.2739615668         1.5240707667       116.0797236928       464.7233131464 
        7.2700001000         0.2246595270         1.5113260093       117.9147216453       445.7012871323 
        7.2750001000         0.1740818984         1.5164239122       120.3002189836       453.3100975379 
        7.2800000000         0.1225161413         1.5062281063       121.7682173456       438.0924767266 
        7.2850000000         0.0702532004         1.4934833489       123.9702148885       419.0704507125 
        7.2900000000         0.0175910668         1.5011302033       126.3557122268       430.4836663209 
        7.2950000000        -0.0351710227         1.5164239122       128.5577097697       453.3100975379 
        7.3000000000        -0.0877332635         1.4781896399       130.3927077222       396.2440194955 
        7.3050000999        -0.1397980196         1.4577980281       132.5947052652       365.8087778728 
        7.3100000999        -0.1910673693         1.4476022221       134.4297032177       350.5911570615 
        7.3150000999        -0.2412510361         1.3736826290       136.2647011702       240.2634061795 
        7.3200000999        -0.2900638664         1.1723154616       136.2647011702       -60.2846048440 
        7.3250066000        -0.3372886209         1.2054518309       135.8977015797       -10.8273372073 
        7.3300000000        -0.3824760427         1.2258434428       135.3472021939        19.6079044154 
        7.3350038000        -0.4255830564         1.2130986854       135.3472021939         0.5858784012 
        7.3400000000        -0.4662083072         1.1238853834       135.5307019892      -132.5683036978 
        7.3450000000        -0.5042163174         1.1519238497       134.2462034225       -90.7198464667 
        7.3500000000        -0.5393592699         1.1009448200       133.5122042415      -166.8079505233 
        7.3550001000        -0.5714380853         1.1034937715       133.5122042415      -163.0035453204 
        7.3600000000        -0.6002686593         1.0550636933       132.4112054700      -235.2872441742 
        7.3650000000        -0.6256889969         1.0729063537       131.3102066985      -208.6564077544 
        7.3700000000        -0.6475540448         1.0193783725       129.6587085412      -288.5489170138 
        7.3750000000        -0.6657395614         1.0066336150       128.3742099745      -307.5709430279 
        7.3800000000        -0.6801422130         1.0091825665       127.0897114078      -303.7665378251 
        7.3850000000        -0.6906801609         0.9964378091       125.6217130458      -322.7885638392 
        7.3900000000        -0.6972935264         0.9709482942       123.6032152980      -360.8326158675 
        7.3950001000        -0.6999447442         0.9683993428       122.8692161170      -364.6370210704 
        7.4000001000        -0.6986186436         0.9683993428       121.2177179598      -364.6370210704 
        7.4050000000        -0.6933229980         0.9301650705       118.2817212358      -421.7030991128 
        7.4100000000        -0.6840876865         0.9480077309       117.3642222596      -395.0722626930 
        7.4150000000        -0.6709652523         0.9276161190       114.2447257404      -425.5075043156 
        7.4200000000        -0.6540302597         0.9276161190       112.7767273784      -425.5075043156 
        7.4250000000        -0.6333789367         0.9046755556       110.0242304496      -459.7471511411 
        7.4300000999        -0.6091281087         0.9123224101       108.0057327019      -448.3339355326 
        7.4350000999        -0.5814165422         0.9072245071       106.5377343399      -455.9427459383 
        7.4400000999        -0.5504012510         0.9072245071       103.6017376159      -455.9427459383 
        7.4450000999        -0.5162584700         0.9046755556       101.5832398682      -459.7471511411 
        7.4500000000        -0.4791829742         0.8970287012        99.0142427347      -471.1603667496 
        7.4550075999        -0.4393214993         0.9097734586        97.3627445775      -452.1383407354 
        7.4600000000        -0.3970882644         0.8868328952        94.6102476488      -486.3779875609 
        7.4650000000        -0.3525362411         0.9072245071        92.4082501058      -455.9427459383 
        7.4700000000        -0.3059810367         0.8868328952        89.1052537913      -486.3779875609 
        7.4750000000        -0.2576871869         0.9097734586        87.4537556341      -452.1383407354 
        7.4800001000        -0.2079280990         0.9046755556        84.7012587054      -459.7471511411 
        7.4850000000        -0.1569895327         0.8944797497        82.8662607529      -474.9647719524 
        7.4900000000        -0.1051579124         0.9123224101        80.4807634146      -448.3339355326 
        7.4950000000        -0.0527287639         0.9352629734        79.1962648479      -414.0942887072 
        7.5000000000        -0.0000000000         0.9276161190        76.9942673049      -425.5075043156 
        7.5050000000         0.0527287639         0.9378119249        74.7922697619      -410.2898835043 
        7.5100000000         0.1051579124         0.9454587794        72.2232726285      -398.8766678958 
        7.5150000000         0.1569895327         0.9862420032        70.3882746760      -338.0061846506 
        7.5200001000         0.2079301152         1.0066336150        68.7367765187      -307.5709430279 
        7.5250001000         0.2576881685         1.0448678873        67.8192775425      -250.5048649855 
        7.5300000000         0.3059810367         1.1391790923        67.4522779520      -109.7418724808 
        7.5350000000         0.3525362411         1.2538819092        66.7182787710        61.4563616465 
        7.5400000000         0.3970882644         1.2054518309        67.2687781567       -10.8273372073 
        7.5450000000         0.4393839529         1.2334902973        67.4522779520        31.0211200239 
        7.5500000000         0.4791829742         1.2768224726        66.9017785662        95.6960084720 
        7.5550000999         0.5162598943         1.2870182785        67.6357777472       110.9136292833 
        7.5600000999         0.5504025540         1.3176056963        68.7367765187       156.5664917172 
        7.5650000999         0.5814177167         1.3354483567        69.8377752902       183.1973281370 
        7.5700000999         0.6091291478         1.3583889201        70.2047748807       217.4369749625 
        7.5750000000         0.6333789367         1.3634868231        71.8562730380       225.0457853682 
        7.5800000000         0.6540302597         1.3736826290        72.4067724237       240.2634061795 
        7.5850000000         0.6709652523         1.3966231924        74.0582705809       274.5030530049 
        7.5900000000         0.6840876865         1.3966231924        74.9757695572       274.5030530049 
        7.5950000000         0.6933229980         1.4323085132        76.6272677144       327.7647258446 
        7.6000000000         0.6986187099         1.4297595617        77.5447666907       323.9603206417 
        7.6050001000         0.6999447177         1.4374064162        79.3797646431       335.3735362502 
        7.6100000000         0.6972935264         1.4552490766        81.7652619814       362.0043726700 
        7.6150000000         0.6906801609         1.4730917370        83.4167601386       388.6352090898 
        7.6200000000         0.6801422130         1.4756406885        85.4352578863       392.4396142926 
        7.6250000000         0.6657395614         1.4883854459        87.4537556341       411.4616403068 
        7.6300000000         0.6475540448         1.4985812518        89.4722533818       426.6792611181 
        7.6350000000         0.6256889969         1.4985812518        92.4082501058       426.6792611181 
        7.6400000000         0.6002686593         1.5138749607        93.6927486725       449.5056923351 
        7.6450001000         0.5714368657         1.5036791548        95.5277466250       434.2880715238 
        7.6500001000         0.5393585970         1.5215218152        98.8307429395       460.9189079436 
        7.6550000000         0.5042163174         1.5240707667       100.6657408920       464.7233131464 
        7.6600000000         0.4662083072         1.5164239122       102.6842386397       453.3100975379 
        7.6650000000         0.4255512084         1.5291686697       105.4367355684       472.3321235521 
        7.6700000000         0.3824760427         1.5164239122       107.0882337257       453.3100975379 
        7.6750000000         0.3372275719         1.5215218152       109.4737310639       460.9189079436 
        7.6800000999         0.2900619470         1.5138749607       111.3087290164       449.5056923351 
        7.6850000999         0.2412490563         1.4985812518       114.0612259451       426.6792611181 
        7.6900000999         0.1910653404         1.5113260093       115.7127241024       445.7012871323 
        7.6950000999         0.1397959531         1.5062281063       118.4652210311       438.0924767266 
        7.7000000000         0.0877332635         1.5164239122       120.8507183693       453.3100975379 
        7.7050000000         0.0351710227         1.5011302033       122.5022165265       430.4836663209 
        7.7100000000        -0.0175910668         1.4934833489       124.5207142743       419.0704507125 
        7.7150000000        -0.0702532004         1.4832875429       126.1722124315       403.8528299011 
        7.7200000000        -0.1225161413         1.4883854459       129.1082091555       411.4616403068 
        7.7250000000        -0.1740829210         1.4527001251       130.5762075175       358.1999674672 
        7.7300001000        -0.2246615268         1.4399553677       132.5947052652       339.1779414530 
        7.7350000000        -0.2739615668         1.3787805320       133.3287044462       247.8722165851 
        7.7400000000        -0.3217059024         1.1315322379       132.9617048557      -121.1550880893 
        7.7450000000        -0.3676222410         1.2029028795       133.3287044462       -14.6317424101 
        7.7500000000        -0.4114496766         1.2309413458       134.0627036272        27.2167148210 
        7.7550000000        -0.4529391731         1.2003539280       133.6957040367       -18.4361476129 
        7.7600000000        -0.4918549789         1.1136895775       132.9617048557      -147.7859245091 
        7.7650000000        -0.5279759665         1.1519238497       132.4112054700       -90.7198464667 
        7.7700001000        -0.5610975206         1.1060427230       131.6772062890      -159.1991401176 
        7.7750001000        -0.5910301136         1.0805532081       130.7597073127      -197.2431921459 
        7.7800000000        -0.6176038585         1.0627105477       130.3927077222      -223.8740285657 
        7.7850000000        -0.6406688208         1.0474168388       129.1082091555      -246.7004597827 
        7.7900000000        -0.6600933751         1.0499657903       128.1907101792      -242.8960545798 
        7.7950000000        -0.6757671472         0.9964378091       125.6217130458      -322.7885638392 
        7.8000000000        -0.6876010755         1.0117315180       124.5207142743      -299.9621326223 
        7.8050000999        -0.6955280364         0.9760461972       122.5022165265      -353.2238054619 
        7.8100000999        -0.6995026706         0.9734972457       121.0342181646      -357.0282106647 
        7.8150000999        -0.6995025911         0.9556545853       119.5662198026      -383.6590470845 
        7.8200000999        -0.6955277984         0.9531056338       117.3642222596      -387.4634522873 
        7.8250000000        -0.6876010755         0.9454587794       115.8962238976      -398.8766678958 
        7.8300000000        -0.6757671472         0.9429098279       113.6942263546      -402.6810730987 
        7.8350000000        -0.6600933751         0.9352629734       112.2262279926      -414.0942887072 
        7.8400000000        -0.6406688208         0.9174203130       109.1067314734      -440.7251251270 
        7.8450000000        -0.6176038585         0.9148713616       107.0882337257      -444.5295303298 
        7.8500000000        -0.5910295479         0.9174203130       105.8037351589      -440.7251251270 
        7.8550069001        -0.5610533377         0.9174203130       102.6842386397      -440.7251251270 
        7.8600000000        -0.5279759665         0.9046755556       101.3997400730      -459.7471511411 
        7.8650000000        -0.4918549789         0.8842839437        98.4637433490      -490.1823927637 
        7.8700000000        -0.4529391731         0.9046755556        96.0782460108      -459.7471511411 
        7.8750000000        -0.4114496766         0.8995776526        93.1422492868      -467.3559615468 
        7.8800000000        -0.3676222410         0.9097734586        91.8577507200      -452.1383407354 
        7.8850000000        -0.3217059024         0.8919307982        89.4722533818      -478.7691771553 
        7.8900000000        -0.2739615668         0.9148713616        87.2702558388      -444.5295303298 
        7.8950001000        -0.2246595270         0.9148713616        84.7012587054      -444.5295303298 
        7.9000001000        -0.1740818984         0.9021266041        82.8662607529      -463.5515563439 
        7.9050000000        -0.1225161413         0.9250671675        80.6642632099      -429.3119095185 
        7.9100000000        -0.0702532004         0.9225182160        78.2787658717      -433.1163147213 
        7.9150000000        -0.0175910668         0.9199692645        76.2602681239      -436.9207199241 
        7.9200000000         0.0351710227         0.9250671675        73.5077711952      -429.3119095185 
        7.9250000000         0.0877332635         0.9480077309        71.8562730380      -395.0722626930 
        7.9300000999         0.1397980196         0.9913399061        70.2047748807      -330.3973742449 
        7.9350000999         0.1910673693         1.0270252269        68.9202763140      -277.1357014053 
        7.9400000999         0.2412510361         1.0474168388        67.4522779520      -246.7004597827 
        7.9450000999         0.2900638664         1.1621196557        67.2687781567       -75.5022256554 
        7.9500000000         0.3372275719         1.2538819092        67.4522779520        61.4563616465 
        7.9550000000         0.3824760427         1.2156476369        66.9017785662         4.3902836041 
        7.9600000000         0.4255512084         1.2436861032        66.9017785662        46.2387408352 
        7.9650000000         0.4662083072         1.2870182785        67.4522779520       110.9136292833 
        7.9700000000         0.5042163174         1.2819203755        67.0852783615       103.3048188776 
        7.9750000000         0.5393592699         1.3150567448        68.3697769282       152.7620865144 
        7.9800001000         0.5714380853         1.3201546478        69.2872759045       160.3708969201 
        7.9850000000         0.6002686593         1.3456441627        70.0212750855       198.4149489484 
        7.9900000000         0.6256889969         1.3481931142        71.3057736522       202.2193541512 
        7.9950000000         0.6475540448         1.3660357746        72.2232726285       228.8501905710 
        8.0000000000         0.6657395614         1.3991721439        74.0582705809       278.3074582078 
        8.0050000000         0.6801422130         1.3966231924        74.9757695572       274.5030530049 
        8.0100001000         0.6906803326         1.4297595617        76.2602681239       323.9603206417 
        8.0150000000         0.6972935264         1.4297595617        78.0952660764       323.9603206417 
        8.0200001000         0.6999447442         1.4577980281        80.1137638241       365.8087778728 
        8.0250000000         0.6986187099         1.4476022221        80.8477630051       350.5911570615 
        8.0300000000         0.6933229980         1.4756406885        83.4167601386       392.4396142926 
        8.0350000000         0.6840876865         1.4603469795        85.4352578863       369.6131830757 
        8.0400000000         0.6709652523         1.4985812518        87.6372554293       426.6792611181 
        8.0450001000         0.6540298834         1.4858364944        88.7382542008       407.6572351040 
        8.0500000000         0.6333789367         1.5011302033        91.1237515391       430.4836663209 
        8.0550000999         0.6091281087         1.5087770578        92.9587494915       441.8968819294 
        8.0600000999         0.5814165422         1.5087770578        95.7112464203       441.8968819294 
        8.0650000999         0.5504012510         1.5164239122        97.9132439632       453.3100975379 
        8.0700000999         0.5162584700         1.5215218152       100.4822410967       460.9189079436 
        8.0750000000         0.4791829742         1.5189728637       102.3172390492       457.1145027407 
        8.0800000000         0.4393839529         1.5215218152       104.7027363874       460.9189079436 
        8.0850000000         0.3970882644         1.5164239122       106.9047339304       453.3100975379 
        8.0900000999         0.3525353301         1.5291686697       109.4737310639       472.3321235521 
        8.0950000000         0.3059810367         1.5164239122       111.4922288116       453.3100975379 
        8.1000001000         0.2576862053         1.5138749607       114.0612259451       449.5056923351 
        8.1050000000         0.2079291071         1.5164239122       115.8962238976       453.3100975379 
        8.1100000000         0.1569895327         1.5138749607       117.9147216453       449.5056923351 
        8.1150000000         0.1051579124         1.5087770578       120.3002189836       441.8968819294 
        8.1200000000         0.0527287639         1.5087770578       122.5022165265       441.8968819294 
        8.1250001000        -0.0000010558         1.5036791548       124.7042140695       434.2880715238 
        8.1300000000        -0.0527287639         1.4858364944       125.8052128410       407.6572351040 
        8.1350001000        -0.1051589562         1.4858364944       128.1907101792       407.6572351040 
        8.1400000000        -0.1569895327         1.4527001251       130.0257081317       358.1999674672 
        8.1450001000        -0.2079301152         1.4348574647       132.0442058795       331.5691310474 
        8.1500000000        -0.2576871869         1.3991721439       133.8792038320       278.3074582078 
        8.1550000000        -0.3059810367         1.1519238497       133.3287044462       -90.7198464667 
        8.1600000000        -0.3525362411         1.2105497339       134.0627036272        -3.2185268016 
        8.1650000000        -0.3970882644         1.1952560250       132.7782050605       -26.0449580186 
        8.1700001000        -0.4393847748         1.2156476369       133.3287044462         4.3902836041 
        8.1750000000        -0.4791829742         1.1085916745       132.4112054700      -155.3947349148 
        8.1800000999        -0.5162598943         1.1544728012       132.9617048557       -86.9154412638 
        8.1850000999        -0.5504025540         1.0958469171       131.1267069032      -174.4167609289 
        8.1900000999        -0.5814177167         1.0856511111       130.9432071080      -189.6343817402 
        8.1950000999        -0.6091291478         1.0703574022       129.8422083365      -212.4608129572 
        8.2000000000        -0.6333789367         1.0525147418       128.9247093602      -239.0916493770 
        8.2050000000        -0.6540302597         1.0423189359       127.8237105888      -254.3092701883 
        8.2100000000        -0.6709652523         1.0142804695       126.1722124315      -296.1577274195 
        8.2150000000        -0.6840876865         1.0193783725       125.4382132505      -288.5489170138 
        8.2200000000        -0.6933229980         0.9862420032       123.2362157075      -338.0061846506 
        8.2250000000        -0.6986187099         0.9862420032       122.1352169360      -338.0061846506 
        8.2300000000        -0.6999447309         0.9607524883       119.7497195978      -376.0502366789 
        8.2350000000        -0.6972935264         0.9658503913       117.9147216453      -368.4414262732 
        8.2400000000        -0.6906801609         0.9505566824       116.6302230786      -391.2678574902 
        8.2450000000        -0.6801422130         0.9352629734       113.8777261499      -414.0942887072 
        8.2500001000        -0.6657392352         0.9250671675       111.4922288116      -429.3119095185 
        8.2550000000        -0.6475540448         0.9199692645       109.4737310639      -436.9207199241 
        8.2600000000        -0.6256889969         0.9148713616       107.6387331114      -444.5295303298 
        8.2650000000        -0.6002686593         0.9046755556       104.8862361827      -459.7471511411 
        8.2700000000        -0.5714374755         0.9072245071       103.0512382302      -455.9427459383 
        8.2750000000        -0.5393592699         0.9072245071       101.5832398682      -455.9427459383 
        8.2800000000        -0.5042163174         0.9072245071        99.1977425300      -455.9427459383 
        8.2850000000        -0.4662083072         0.9123224101        96.8122451918      -448.3339355326 
        8.2900000000        -0.4255512084         0.9123224101        94.7937474440      -448.3339355326 
        8.2950001000        -0.3824751585         0.8970287012        91.6742509248      -471.1603667496 
        8.3000000000        -0.3372275719         0.8893818467        89.4722533818      -482.5735823581 
        8.3050000999        -0.2900619470         0.9148713616        87.2702558388      -444.5295303298 
        8.3100000999        -0.2412490563         0.9148713616        85.2517580911      -444.5295303298 
        8.3150000999        -0.1910653404         0.9021266041        82.8662607529      -463.5515563439 
        8.3200000999        -0.1397959531         0.9225182160        81.2147625956      -433.1163147213 
        8.3250000000        -0.0877332635         0.9225182160        78.4622656669      -433.1163147213 
        8.3300000000        -0.0351710227         0.9276161190        76.9942673049      -425.5075043156 
        8.3350000000         0.0175910668         0.9378119249        74.9757695572      -410.2898835043 
        8.3400000000         0.0702532004         0.9378119249        72.5902722190      -410.2898835043 
        8.3450000000         0.1225161413         0.9607524883        69.6542754950      -376.0502366789 
        8.3500000000         0.1740829210         0.9964378091        68.9202763140      -322.7885638392 
        8.3550000000         0.2246605269         1.0423189359        67.6357777472      -254.3092701883 
        8.3600000000         0.2739615668         1.0729063537        65.9842795900      -208.6564077544 
        8.3650000000         0.3217059024         1.1009448200        64.3327814328      -166.8079505233 
        8.3700000000         0.3676222410         1.2360392488        65.4337802043        34.8255252267 
        8.3750001000         0.4114505307         1.2360392488        64.6997810233        34.8255252267 
        8.3800000000         0.4529391731         1.2564308607        65.8007797948        65.2607668493 
        8.3850000000         0.4918549789         1.2691756181        65.6172799995        84.2827928635 
        8.3900000000         0.5279759665         1.2946651330        66.5347789758       122.3268448918 
        8.3950000000         0.5610968894         1.3150567448        66.5347789758       152.7620865144 
        8.4000000000         0.5910295479         1.3379973082        67.8192775425       187.0017333399 
        8.4050000000         0.6176038585         1.3405462597        68.3697769282       190.8061385427 
        8.4100000000         0.6406688208         1.3558399686        68.7367765187       213.6325697597 
        8.4150000000         0.6600933751         1.3864273864        70.7552742665       259.2854321936 
        8.4200001000         0.6757674226         1.3634868231        71.3057736522       225.0457853682 
        8.4250000000         0.6876010755         1.4170148043        73.1407716047       304.9382946276 
        8.4300000999         0.6955280364         1.4170148043        75.3427691477       304.9382946276 
        8.4350000999         0.6995026706         1.4527001251        76.0767683287       358.1999674672 
        8.4400000999         0.6995025911         1.4374064162        78.8292652574       335.3735362502 
        8.4450000999         0.6955277984         1.4883854459        80.8477630051       411.4616403068 
        8.4500000000         0.6876010755         1.4730917370        82.6827609576       388.6352090898 
        8.4550000000         0.6757671472         1.4985812518        84.7012587054       426.6792611181 
        8.4600000000         0.6600933751         1.4934833489        86.1692570673       419.0704507125 
        8.4650000000         0.6406688208         1.4960323003        87.8207552246       422.8748559153 
        8.4700000000         0.6176038585         1.4960323003        90.0227527676       422.8748559153 
        8.4750000000         0.5910295479         1.5036791548        91.8577507200       434.2880715238 
        8.4800000000         0.5610968894         1.5215218152        94.7937474440       460.9189079436 
        8.4850000000         0.5279759665         1.5164239122        97.5462443727       453.3100975379 
        8.4900000000         0.4918549789         1.5087770578        99.1977425300       441.8968819294 
        8.4950000000         0.4529391731         1.5342665726       102.1337392540       479.9409339577 
        8.5000001000         0.4114488225         1.5215218152       104.1522370017       460.9189079436 
        8.5050000000         0.3676222410         1.5189728637       105.8037351589       457.1145027407 
        8.5100000000         0.3217059024         1.5087770578       108.1892324972       441.8968819294 
        8.5150000000         0.2739615668         1.5164239122       110.7582296306       453.3100975379 
        8.5200000000         0.2246605269         1.5189728637       113.1437269689       457.1145027407 
        8.5250000000         0.1740829210         1.5011302033       114.9787249214       430.4836663209 
        8.5300000000         0.1225161413         1.5164239122       116.9972226691       453.3100975379 
        8.5350000000         0.0702532004         1.4883854459       118.4652210311       411.4616403068 
        8.5400000000         0.0175910668         1.5138749607       121.5847175503       449.5056923351 
        8.5450001000        -0.0351720771         1.4934833489       123.2362157075       419.0704507125 
        8.5500000000        -0.0877332635         1.4730917370       125.2547134553       388.6352090898 
        8.5550000999        -0.1397980196         1.4552490766       127.4567109983       362.0043726700 
        8.5600000999        -0.1910673693         1.4297595617       128.9247093602       323.9603206417 
        8.5650000999        -0.2412510361         1.4042700468       130.5762075175       285.9162686134 
        8.5700000999        -0.2900638664         1.2080007824       130.0257081317        -7.0229320044 
        8.5750000000        -0.3372275719         1.1876091705       130.0257081317       -37.4581736271 
        8.5800000999        -0.3824769259         1.2156476369       130.7597073127         4.3902836041 
        8.5850000000        -0.4255512084         1.2156476369       129.8422083365         4.3902836041 
        8.5900000000        -0.4662083072         1.1136895775       129.6587085412      -147.7859245091 
        8.5950000000        -0.5042163174         1.1493748983       129.2917089507       -94.5242516695 
        8.6000000000        -0.5393592699         1.0882000626       128.7412095650      -185.8299765374 
        8.6050000000        -0.5714374755         1.1162385289       128.7412095650      -143.9815193063 
        8.6100000000        -0.6002686593         1.0703574022       127.0897114078      -212.4608129572 
        8.6150000000        -0.6256889969         1.0703574022       126.1722124315      -212.4608129572 
        8.6200000000        -0.6475540448         1.0397699844       125.2547134553      -258.1136753912 
        8.6250001000        -0.6657398877         1.0219273240       123.7867150933      -284.7445118110 
        8.6300000000        -0.6801422130         1.0117315180       122.5022165265      -299.9621326223 
        8.6350000000        -0.6906801609         1.0015357121       121.2177179598      -315.1797534336 
        8.6400000000        -0.6972935264         0.9709482942       118.6487208263      -360.8326158675 
        8.6450000000        -0.6999447309         0.9633014398       116.6302230786      -372.2458314760 
        8.6500135000        -0.6986097476         0.9582035368       115.7127241024      -379.8546418817 
        8.6550000000        -0.6933229980         0.9454587794       113.5107265594      -398.8766678958 
        8.6600000000        -0.6840876865         0.9429098279       112.2262279926      -402.6810730987 
        8.6650000000        -0.6709652523         0.9327140220       109.8407306544      -417.8986939100 
        8.6700001000        -0.6540298834         0.9276161190       107.6387331114      -425.5075043156 
        8.6750000000        -0.6333789367         0.9072245071       104.7027363874      -455.9427459383 
        8.6800000999        -0.6091281087         0.9123224101       102.6842386397      -448.3339355326 
        8.6850000999        -0.5814165422         0.8970287012       100.8492406872      -471.1603667496 
        8.6900000999        -0.5504012510         0.9097734586        98.6472431442      -452.1383407354 
        8.6950000999        -0.5162584700         0.9072245071        96.8122451918      -455.9427459383 
        8.7000000000        -0.4791829742         0.9072245071        93.8762484678      -455.9427459383 
        8.7050000999        -0.4393831320         0.9021266041        92.0412505153      -463.5515563439 
        8.7100000000        -0.3970882644         0.8868328952        89.2887535866      -486.3779875609 
        8.7150000000        -0.3525362411         0.9174203130        87.2702558388      -440.7251251270 
        8.7200000000        -0.3059810367         0.9021266041        84.5177589101      -463.5515563439 
        8.7250000000        -0.2576871869         0.8995776526        83.0497605481      -467.3559615468 
        8.7300000000        -0.2079291071         0.9174203130        80.8477630051      -440.7251251270 
        8.7350000000        -0.1569895327         0.9046755556        77.5447666907      -459.7471511411 
        8.7400000000        -0.1051579124         0.9148713616        75.5262689429      -444.5295303298 
        8.7450000000        -0.0527287639         0.9225182160        73.6912709904      -433.1163147213 
        8.7500001000         0.0000010558         0.9378119249        72.0397728332      -410.2898835043 
        8.7550000000         0.0527287639         0.9403608764        69.2872759045      -406.4854783015 
        8.7600000000         0.1051579124         0.9607524883        68.1862771330      -376.0502366789 
        8.7650000000         0.1569895327         0.9964378091        65.8007797948      -322.7885638392 
        8.7700000000         0.2079291071         1.0321231299        64.6997810233      -269.5268909996 
        8.7750000000         0.2576871869         1.0576126448        62.8647830708      -231.4828389714 
        8.7800000000         0.3059810367         1.1162385289        62.6812832755      -143.9815193063 
        8.7850000000         0.3525362411         1.2538819092        61.7637842993        61.4563616465 
        8.7900000000         0.3970882644         1.2207455399        62.3142836850        11.9990940097 
        8.7950001000         0.4393847748         1.2615287636        62.4977834803        72.8695772550 
        8.8000000000         0.4791829742         1.2615287636        62.1307838898        72.8695772550 
        8.8050000999         0.5162598943         1.2895672300        62.8647830708       114.7180344861 
        8.8100000999         0.5504025540         1.3227035993        64.3327814328       164.1753021229 
        8.8150000999         0.5814177167         1.3176056963        64.3327814328       156.5664917172 
        8.8200000999         0.6091291478         1.3328994052        65.0667806138       179.3929229342 
        8.8250000000         0.6333789367         1.3583889201        66.9017785662       217.4369749625 
        8.8300000999         0.6540306356         1.3940742409        68.1862771330       270.6986478021 
        8.8350000000         0.6709652523         1.3838784350        68.9202763140       255.4810269908 
        8.8400000000         0.6840876865         1.3991721439        69.8377752902       278.3074582078 
        8.8450000000         0.6933229980         1.4272106102        71.6727732427       320.1559154389 
        8.8500000000         0.6986187099         1.4272106102        73.3242713999       320.1559154389 
        8.8550000000         0.6999447309         1.4399553677        74.9757695572       339.1779414530 
        8.8600000000         0.6972935264         1.4679938340        76.9942673049       381.0263986842 
        8.8650000000         0.6906801609         1.4756406885        79.3797646431       392.4396142926 
        8.8700000000         0.6801422130         1.4985812518        81.0312628004       426.6792611181 
        8.8750001000         0.6657392352         1.4807385914        82.4992611624       400.0484246983 
        8.8800000000         0.6475540448         1.5011302033        85.0682582958       430.4836663209 
        8.8850000000         0.6256889969         1.5036791548        86.7197564531       434.2880715238 
        8.8900000000         0.6002686593         1.5087770578        88.9217539961       441.8968819294 
        8.8950000000         0.5714374755         1.5113260093        91.4907511295       445.7012871323 
        8.9000000000         0.5393592699         1.5164239122        92.9587494915       453.3100975379 
        8.9050000000         0.5042163174         1.5189728637        95.3442468298       457.1145027407 
        8.9100000000         0.4662083072         1.5164239122        97.1792447823       453.3100975379 
        8.9150000000         0.4255512084         1.5138749607        99.9317417110       449.5056923351 
        8.9200001000         0.3824751585         1.5215218152       102.1337392540       460.9189079436 
        8.9250000000         0.3372275719         1.5317176211       104.8862361827       476.1365287549 
        8.9300000999         0.2900619470         1.5036791548       105.9872349542       434.2880715238 
        8.9350000999         0.2412490563         1.5062281063       107.6387331114       438.0924767266 
        8.9400000999         0.1910653404         1.5011302033       110.7582296306       430.4836663209 
        8.9450000999         0.1397959531         1.5011302033       113.1437269689       430.4836663209 
        8.9500000000         0.0877332635         1.4985812518       115.7127241024       426.6792611181 
        8.9550000999         0.0351699696         1.5062281063       117.5477220548       438.0924767266 
        8.9600000000        -0.0175910668         1.4756406885       118.8322206216       392.4396142926 
        8.9650000000        -0.0702532004         1.5011302033       121.4012177551       430.4836663209 
        8.9700000000        -0.1225161413         1.4730917370       123.2362157075       388.6352090898 
        8.9750000000        -0.1740829210         1.4425043191       125.6217130458       342.9823466559 
        8.9800000000        -0.2246605269         1.4093679498       125.9887126363       293.5250790191 
        8.9850000000        -0.2739615668         1.3966231924       128.9247093602       274.5030530049 
        8.9900000000        -0.3217059024         1.1468259468       128.3742099745       -98.3286568723 
        8.9950000000        -0.3676222410         1.1978049765       128.1907101792       -22.2405528157 
        9.0000001000        -0.4114505307         1.2283923943       128.3742099745        23.4123096182 
        9.0050000000        -0.4529391731         1.1799623161       128.1907101792       -48.8713892355 
        9.0100000000        -0.4918549789         1.1289832864       128.1907101792      -124.9594932921 
        9.0150000000        -0.5279759665         1.1213364319       126.9062116125      -136.3727089006 
        9.0200000000        -0.5610968894         1.1060427230       126.1722124315      -159.1991401176 
        9.0250000000        -0.5910295479         1.0729063537       125.2547134553      -208.6564077544 
        9.0300000000        -0.6176038585         1.0703574022       123.7867150933      -212.4608129572 
        9.0350000000        -0.6406688208         1.0448678873       123.4197155028      -250.5048649855 
        9.0400000000        -0.6600933751         1.0295741784       121.2177179598      -273.3312962025 
        9.0450001000        -0.6757674226         1.0270252269       121.2177179598      -277.1357014053 
        9.0500000000        -0.6876010755         0.9989867606       119.3827200073      -318.9841586364 
        9.0550000999        -0.6955280364         0.9811441002       117.3642222596      -345.6149950562 
        9.0600000999        -0.6995026706         0.9785951487       115.7127241024      -349.4194002591 
        9.0650000999        -0.6995025911         0.9582035368       113.5107265594      -379.8546418817 
        9.0700000999        -0.6955277984         0.9658503913       112.7767273784      -368.4414262732 
        9.0750000000        -0.6876010755         0.9454587794       110.7582296306      -398.8766678958 
        9.0800000999        -0.6757668721         0.9250671675       108.0057327019      -429.3119095185 
        9.0850000000        -0.6600933751         0.9174203130       105.8037351589      -440.7251251270 
        9.0900000000        -0.6406688208         0.9225182160       104.1522370017      -433.1163147213 
        9.0950000000        -0.6176038585         0.9072245071       101.2162402777      -455.9427459383 
        9.1000000000        -0.5910295479         0.8995776526        99.1977425300      -467.3559615468 
        9.1050000000        -0.5610968894         0.9072245071        97.5462443727      -455.9427459383 
        9.1100000000        -0.5279759665         0.9021266041        93.8762484678      -463.5515563439 
        9.1150000000        -0.4918549789         0.9072245071        92.2247503105      -455.9427459383 
        9.1200000000        -0.4529391731         0.9021266041        90.9402517438      -463.5515563439 
        9.1250001000        -0.4114488225         0.9046755556        87.6372554293      -459.7471511411 
        9.1300000000        -0.3676222410         0.9021266041        85.2517580911      -463.5515563439 
        9.1350000000        -0.3217059024         0.8944797497        83.6002599339      -474.9647719524 
        9.1400000000        -0.2739615668         0.8817349922        80.6642632099      -493.9867979666 
        9.1450000000        -0.2246605269         0.9072245071        78.4622656669      -455.9427459383 
        9.1500000000        -0.1740829210         0.9097734586        76.4437679192      -452.1383407354 
        9.1550000000        -0.1225161413         0.9148713616        74.7922697619      -444.5295303298 
        9.1600000000        -0.0702532004         0.9123224101        72.2232726285      -448.3339355326 
        9.1650000000        -0.0175910668         0.9276161190        70.2047748807      -425.5075043156 
        9.1700001000         0.0351720771         0.9174203130        67.4522779520      -440.7251251270 
        9.1750000000         0.0877332635         0.9505566824        66.5347789758      -391.2678574902 
        9.1800000999         0.1397980196         0.9887909546        65.0667806138      -334.2017794477 
        9.1850000999         0.1910673693         1.0066336150        62.3142836850      -307.5709430279 
        9.1900000999         0.2412510361         1.0576126448        62.1307838898      -231.4828389714 
        9.1950000999         0.2900638664         1.0983958685        60.4792857325      -170.6123557261 
        9.2000000000         0.3372275719         1.2615287636        60.6627855278        72.8695772550 
        9.2050000999         0.3824769259         1.2283923943        60.4792857325        23.4123096182 
        9.2100000000         0.4255512084         1.2411371518        60.4792857325        42.4343356324 
        9.2150000000         0.4662083072         1.2666266666        60.4792857325        80.4783876607 
        9.2200000000         0.5042163174         1.2870182785        61.2132849135       110.9136292833 
        9.2250000000         0.5393592699         1.3125077934        62.1307838898       148.9576813116 
        9.2300000000         0.5714374755         1.3328994052        63.4152824565       179.3929229342 
        9.2350000000         0.6002686593         1.3405462597        63.9657818423       190.8061385427 
        9.2400000000         0.6256889969         1.3507420656        65.0667806138       206.0237593540 
        9.2450000000         0.6475540448         1.3711336775        65.4337802043       236.4590009766 
        9.2500001000         0.6657398877         1.3940742409        67.2687781567       270.6986478021 
        9.2550000000         0.6801422130         1.3991721439        68.0027773377       278.3074582078 
        9.2600000000         0.6906801609         1.4144658528        70.7552742665       301.1338894247 
        9.2650000000         0.6972935264         1.4246616587        71.1222738570       316.3515102361 
        9.2700000000         0.6999447309         1.4399553677        73.3242713999       339.1779414530 
        9.2750000000         0.6986187099         1.4476022221        74.6087699667       350.5911570615 
        9.2800000000         0.6933229980         1.4832875429        76.9942673049       403.8528299011 
        9.2850000000         0.6840876865         1.4858364944        79.1962648479       407.6572351040 
        9.2900035999         0.6709544207         1.4909343974        80.4807634146       415.2660455096 
        9.2950001000         0.6540298834         1.4960323003        83.4167601386       422.8748559153 
        9.3000000000         0.6333789367         1.4985812518        84.7012587054       426.6792611181 
        9.3050000999         0.6091281087         1.5036791548        87.4537556341       434.2880715238 
        9.3100000999         0.5814165422         1.5113260093        89.2887535866       445.7012871323 
        9.3150000999         0.5504012510         1.5138749607        91.6742509248       449.5056923351 
        9.3200000999         0.5162584700         1.5138749607        93.5092488773       449.5056923351 
        9.3250000000         0.4791829742         1.5240707667        95.7112464203       464.7233131464 
        9.3300000999         0.4393831320         1.5189728637        98.0967437585       457.1145027407 
        9.3350000000         0.3970882644         1.5240707667       101.0327404825       464.7233131464 
        9.3400000000         0.3525362411         1.5113260093       102.3172390492       445.7012871323 
        9.3450000000         0.3059810367         1.5189728637       104.7027363874       457.1145027407 
        9.3500000000         0.2576871869         1.5036791548       107.0882337257       434.2880715238 
        9.3550000000         0.2079291071         1.5164239122       109.1067314734       453.3100975379 
        9.3600000000         0.1569895327         1.5138749607       112.0427281974       449.5056923351 
        9.3650000000         0.1051579124         1.4960323003       113.5107265594       422.8748559153 
        9.3700000000         0.0527287639         1.4960323003       115.1622247166       422.8748559153 
        9.3750001000        -0.0000010558         1.5036791548       117.9147216453       434.2880715238 
        9.3800000000        -0.0527287639         1.4781896399       119.3827200073       396.2440194955 
        9.3850000000        -0.1051579124         1.4756406885       122.5022165265       392.4396142926 
        9.3900000000        -0.1569895327         1.4527001251       123.2362157075       358.1999674672 
        9.3950000000        -0.2079291071         1.4246616587       125.2547134553       316.3515102361 
        9.4000000000        -0.2576871869         1.3940742409       126.7227118173       270.6986478021 
        9.4050000000        -0.3059810367         1.1697665101       127.0897114078       -64.0890100469 
        9.4100000000        -0.3525362411         1.1952560250       126.9062116125       -26.0449580186 
        9.4150000000        -0.3970882644         1.2156476369       126.7227118173         4.3902836041 
        9.4200001000        -0.4393847748         1.2080007824       127.0897114078        -7.0229320044 
        9.4250000000        -0.4791829742         1.1289832864       126.5392120220      -124.9594932921 
        9.4300000999        -0.5162598943         1.1366301408       125.6217130458      -113.5462776836 
        9.4350000999        -0.5504025540         1.1009448200       125.2547134553      -166.8079505233 
        9.4400000999        -0.5814177167         1.0907490141       123.9702148885      -182.0255713346 
        9.4450000999        -0.6091291478         1.0703574022       123.2362157075      -212.4608129572 
        9.4500000000        -0.6333789367         1.0397699844       122.5022165265      -258.1136753912 
        9.4550000999        -0.6540306356         1.0448678873       120.8507183693      -250.5048649855 
        9.4600000000        -0.6709652523         1.0117315180       119.9332193931      -299.9621326223 
        9.4650000000        -0.6840876865         1.0142804695       118.6487208263      -296.1577274195 
        9.4700000000        -0.6933229980         0.9887909546       116.8137228738      -334.2017794477 
        9.4750000000        -0.6986187099         0.9938888576       114.9787249214      -326.5929690421 
        9.4800000000        -0.6999447309         0.9633014398       113.1437269689      -372.2458314760 
        9.4850000000        -0.6972935264         0.9760461972       111.4922288116      -353.2238054619 
        9.4900000000        -0.6906801609         0.9352629734       108.7397318829      -414.0942887072 
        9.4950000000        -0.6801422130         0.9327140220       106.9047339304      -417.8986939100 
        9.5000001000        -0.6657392352         0.9301650705       105.6202353637      -421.7030991128 
        9.5050927000        -0.6471817915         0.9301650705       103.0512382302      -421.7030991128 
        9.5100000000        -0.6256889969         0.9021266041       101.0327404825      -463.5515563439 
        9.5150000000        -0.6002686593         0.9148713616        98.8307429395      -444.5295303298 
        9.5200000000        -0.5714374755         0.9148713616        97.1792447823      -444.5295303298 
        9.5250000000        -0.5393592699         0.9072245071        94.6102476488      -455.9427459383 
        9.5300000000        -0.5042163174         0.8944797497        91.4907511295      -474.9647719524 
        9.5350000000        -0.4662083072         0.8944797497        89.8392529723      -474.9647719524 
        9.5400000000        -0.4255512084         0.9225182160        88.0042550198      -433.1163147213 
        9.5450001000        -0.3824751585         0.9021266041        85.0682582958      -463.5515563439 
        9.5500000000        -0.3372275719         0.8893818467        82.6827609576      -482.5735823581 
        9.5550000999        -0.2900619470         0.8995776526        80.1137638241      -467.3559615468 
        9.5600000999        -0.2412490563         0.8970287012        77.1777671002      -471.1603667496 
        9.5650000999        -0.1910653404         0.8970287012        75.5262689429      -471.1603667496 
        9.5700000999        -0.1397959531         0.9097734586        73.8747707857      -452.1383407354 
        9.5750000000        -0.0877332635         0.9148713616        71.4892734475      -444.5295303298 
        9.5800000999        -0.0351699696         0.9225182160        69.4707756997      -433.1163147213 
        9.5850000000         0.0175910668         0.9123224101        66.3512791805      -448.3339355326 
        9.5900000000         0.0702532004         0.9148713616        64.1492816375      -444.5295303298 
        9.5950000000         0.1225161413         0.9301650705        62.3142836850      -421.7030991128 
        9.6000000000         0.1740829210         0.9658503913        60.8462853230      -368.4414262732 
        9.6050000000         0.2246605269         1.0117315180        59.5617867563      -299.9621326223 
        9.6100000000         0.2739615668         1.0295741784        57.5432890086      -273.3312962025 
        9.6150000000         0.3217059024         1.1927070735        57.5432890086       -29.8493632214 
        9.6200000000         0.3676222410         1.2207455399        57.5432890086        11.9990940097 
        9.6250001000         0.4114505307         1.2207455399        57.7267888038        11.9990940097 
        9.6300000000         0.4529391731         1.2487840062        58.2772881896        53.8475512408 
        9.6350000000         0.4918549789         1.2742735211        58.0937883943        91.8916032691 
        9.6400000000         0.5279759665         1.2870182785        58.2772881896       110.9136292833 
        9.6450000000         0.5610968894         1.3227035993        59.1947871658       164.1753021229 
        9.6500000000         0.5910295479         1.3303504538        59.7452865516       175.5885177314 
        9.6550000000         0.6176038585         1.3481931142        61.0297851183       202.2193541512 
        9.6600000000         0.6406688208         1.3711336775        62.3142836850       236.4590009766 
        9.6650000000         0.6600933751         1.3838784350        63.2317826613       255.4810269908 
        9.6700001000         0.6757674226         1.4068189983        65.8007797948       289.7206738163 
        9.6750000000         0.6876010755         1.4042700468        66.1677793853       285.9162686134 
        9.6800000999         0.6955280364         1.4399553677        67.4522779520       339.1779414530 
        9.6850000999         0.6995026706         1.4272106102        68.5532767235       320.1559154389 
        9.6900000999         0.6995025911         1.4577980281        71.4892734475       365.8087778728 
        9.6950000999         0.6955277984         1.4527001251        72.7737720142       358.1999674672 
        9.7000000000         0.6876010755         1.4858364944        74.4252701714       407.6572351040 
        9.7050000999         0.6757668721         1.4807385914        76.6272677144       400.0484246983 
        9.7100000000         0.6600933751         1.5011302033        79.1962648479       430.4836663209 
        9.7150000000         0.6406688208         1.5087770578        81.0312628004       441.8968819294 
        9.7200000000         0.6176038585         1.5062281063        83.0497605481       438.0924767266 
        9.7250000000         0.5910295479         1.5087770578        85.4352578863       441.8968819294 
        9.7300000000         0.5610968894         1.5215218152        87.8207552246       460.9189079436 
        9.7350000000         0.5279759665         1.5087770578        89.4722533818       441.8968819294 
        9.7400000000         0.4918549789         1.5113260093        90.9402517438       445.7012871323 
        9.7450000000         0.4529391731         1.5266197182        94.4267478535       468.5277183492 
        9.7500001000         0.4114488225         1.5164239122        96.0782460108       453.3100975379 
        9.7550000000         0.3676222410         1.5266197182        99.0142427347       468.5277183492 
        9.7600000000         0.3217059024         1.5189728637       100.4822410967       457.1145027407 
        9.7650000000         0.2739615668         1.5164239122       102.6842386397       453.3100975379 
        9.7700000000         0.2246605269         1.5036791548       104.8862361827       434.2880715238 
        9.7750000000         0.1740829210         1.5087770578       107.6387331114       441.8968819294 
        9.7800000000         0.1225161413         1.5087770578       109.6572308591       441.8968819294 
        9.7850000000         0.0702532004         1.5011302033       111.6757286069       430.4836663209 
        9.7900000000         0.0175910668         1.4960323003       113.6942263546       422.8748559153 
        9.7950001000        -0.0351720771         1.5011302033       116.0797236928       430.4836663209 
        9.8000000000        -0.0877332635         1.4807385914       117.9147216453       400.0484246983 
        9.8050000999        -0.1397980196         1.4450532706       119.0157204168       346.7867518587 
        9.8100000999        -0.1910673693         1.4246616587       121.7682173456       316.3515102361 
        9.8150000999        -0.2412510361         1.4068189983       122.6857163218       289.7206738163 
        9.8200000999        -0.2900638664         1.1901581220       122.6857163218       -33.6537684242 
        9.8250000000        -0.3372275719         1.2029028795       123.2362157075       -14.6317424101 
        9.8300000999        -0.3824769259         1.2130986854       122.5022165265         0.5858784012 
        9.8350000000        -0.4255512084         1.2232944913       122.6857163218        15.8034992126 
        9.8400000000        -0.4662083072         1.1034937715       122.5022165265      -163.0035453204 
        9.8450000000        -0.5042163174         1.1468259468       121.9517171408       -98.3286568723 
        9.8500000000        -0.5393592699         1.1136895775       121.9517171408      -147.7859245091 
        9.8550000000        -0.5714374755         1.0932979656       120.8507183693      -178.2211661317 
        9.8600000000        -0.6002686593         1.0652594992       119.1992202121      -220.0696233629 
        9.8650000000        -0.6256889969         1.0754553052       118.6487208263      -204.8520025515 
        9.8700000000        -0.6475540448         1.0423189359       116.9972226691      -254.3092701883 
        9.8750001000        -0.6657398877         1.0372210329       115.8962238976      -261.9180805940 
        9.8800000000        -0.6801422130         1.0117315180       114.7952251261      -299.9621326223 
        9.8850000000        -0.6906801609         1.0117315180       114.0612259451      -299.9621326223 
        9.8900000000        -0.6972935264         0.9913399061       111.8592284021      -330.3973742449 
        9.8950000000        -0.6999447309         0.9658503913       109.8407306544      -368.4414262732 
        9.9000000000        -0.6986187099         0.9683993428       108.5562320877      -364.6370210704 
        9.9050000000        -0.6933229980         0.9480077309       106.7212341352      -395.0722626930 
        9.9100000000        -0.6840876865         0.9531056338       104.5192365922      -387.4634522873 
        9.9150000000        -0.6709652523         0.9250671675       102.1337392540      -429.3119095185 
        9.9200001000        -0.6540298834         0.9250671675       100.4822410967      -429.3119095185 
        9.9250000000        -0.6333789367         0.9148713616        98.4637433490      -444.5295303298 
        9.9300000999        -0.6091281087         0.9123224101        95.1607470345      -448.3339355326 
        9.9350000999        -0.5814165422         0.9148713616        93.8762484678      -444.5295303298 
        9.9400000999        -0.5504012510         0.9072245071        91.3072513343      -455.9427459383 
        9.9450000999        -0.5162584700         0.8944797497        88.7382542008      -474.9647719524 
        9.9500000000        -0.4791829742         0.9148713616        86.9032562483      -444.5295303298 
        9.9550000999        -0.4393831320         0.9123224101        84.3342591149      -448.3339355326 
        9.9600000000        -0.3970882644         0.8919307982        82.8662607529      -478.7691771553 
        9.9650000000        -0.3525362411         0.9174203130        80.2972636194      -440.7251251270 
        9.9700000000        -0.3059810367         0.8944797497        77.5447666907      -474.9647719524 
        9.9750000000        -0.2576871869         0.9123224101        75.7097687382      -448.3339355326 
        9.9800000000        -0.2079291071         0.8970287012        72.5902722190      -471.1603667496 
        9.9850000000        -0.1569895327         0.9276161190        71.3057736522      -425.5075043156 
        9.9900000000        -0.1051579124         0.9174203130        69.1037761092      -440.7251251270 
        9.9950000000        -0.0527287639         0.9250671675        66.5347789758      -429.3119095185 
