           Time[sec]           V_{cmd}[V]          V_{gyro}[V]          \theta[deg] \omega_{gyro}[deg/sec] 
        0.0000000000         0.0000000000         1.2105497339       -68.5077711884        -4.0098430838 
        0.0050000000         0.0109951221         1.2080007824       -68.5077711884        -7.8142482866 
        0.0100000000         0.0219875314         1.2309413458       -68.1407715979        26.4253985388 
        0.0150000000         0.0329745155         1.1672175587       -69.0582705741       -68.6847315319 
        0.0200000000         0.0439533637         1.2130986854       -68.1407715979        -0.2054378810 
        0.0250000000         0.0549213670         1.2080007824       -67.7737720074        -7.8142482866 
        0.0300000000         0.0658758193         1.2462350547       -69.0582705741        49.2518297558 
        0.0350029000         0.0768203567         1.2156476369       -70.7097687313         3.5989673219 
        0.0400000000         0.0877332635         1.2054518309       -67.9572718026       -11.6186534894 
        0.0450000000         0.0986308624         1.2232944913       -68.6912709836        15.0121829304 
        0.0500000000         0.1095041255         1.2946651330       -67.0397728264       121.5355286096 
        0.0550000000         0.1203503702         1.2640777151       -67.4067724169        75.8826661756 
        0.0600000000         0.1311669202         1.2513329577       -70.5262689361        56.8606401615 
        0.0650000000         0.1419511067         1.2895672300       -65.7552742596       113.9267182039 
        0.0700000000         0.1527002690         1.2666266666       -67.7737720074        79.6870713785 
        0.0750000000         0.1634117547         1.2793714240       -69.2417703694        98.7090973926 
        0.0800000000         0.1740829210         1.2895672300       -65.5717744644       113.9267182039 
        0.0850000000         0.1847111350         1.2819203755       -65.5717744644       102.5135025954 
        0.0900000000         0.1952937742         1.2844693270       -64.2872758976       106.3179077983 
        0.0950000000         0.2058282277         1.2946651330       -62.6357777404       121.5355286096 
        0.1000000000         0.2163118961         1.2972140844       -64.2872758976       125.3399338124 
        0.1050000000         0.2267421927         1.2997630359       -62.8192775357       129.1443390152 
        0.1100000000         0.2371165442         1.3048609389       -62.2687781499       136.7531494209 
        0.1150000000         0.2474323906         1.3099588419       -61.3512791737       144.3619598266 
        0.1200000000         0.2576871869         1.3303504538       -61.3512791737       174.7972014492 
        0.1250000000         0.2678784027         1.3252525508       -59.3327814259       167.1883910435 
        0.1300000000         0.2780035234         1.3201546478       -59.6997810164       159.5795806379 
        0.1350000000         0.2880600510         1.3048609389       -59.1492816307       136.7531494209 
        0.1400000000         0.2980455041         1.3303504538       -58.2317826544       174.7972014492 
        0.1450000000         0.3079574189         1.3328994052       -56.7637842925       178.6016066520 
        0.1500000000         0.3177933498         1.3430952112       -56.2132849067       193.8192274633 
        0.1550000000         0.3275508700         1.3813294835       -54.3782869542       250.8853055058 
        0.1600000000         0.3372275719         1.3430952112       -54.3782869542       193.8192274633 
        0.1650000000         0.3468210679         1.3430952112       -52.1762894112       193.8192274633 
        0.1700000000         0.3563289910         1.3634868231       -51.9927896160       224.2544690860 
        0.1750000000         0.3657489953         1.3864273864       -49.6072922778       258.4941159114 
        0.1800001000         0.3750789422         1.3634868231       -49.4237924825       224.2544690860 
        0.1850000000         0.3843159726         1.3838784350       -47.5887945300       254.6897107086 
        0.1900000000         0.3934583645         1.3966231924       -46.3042959633       273.7117367228 
        0.1950000000         0.4025036764         1.3940742409       -44.4692980108       269.9073315199 
        0.2000000000         0.4114496766         1.4170148043       -46.6712955538       304.1469783454 
        0.2050000000         0.4202941577         1.3991721439       -43.9187986251       277.5161419256 
        0.2100001000         0.4290351113         1.4195637558       -40.6158023106       307.9513835482 
        0.2150000000         0.4376698594         1.4042700468       -41.3498014916       285.1249523312 
        0.2200000000         0.4461967928         1.4450532706       -40.7993021058       345.9954355765 
        0.2250000000         0.4546136338         1.4221127072       -36.9458064056       311.7557887510 
        0.2300000000         0.4629183057         1.4297595617       -36.2118072246       323.1690043595 
        0.2350000000         0.4711087595         1.4476022221       -32.9088109102       349.7998407793 
        0.2400001000         0.4791831345         1.4374064162       -30.8903131624       334.5822199680 
        0.2450000000         0.4871389576         1.4501511736       -30.1563139814       353.6042459822 
        0.2500000000         0.4949747468         1.4552490766       -28.5048158242       361.2130563878 
        0.2550000000         0.5026884084         1.4628959310       -25.9358186907       372.6262719963 
        0.2600000000         0.5102780392         1.4756406885       -24.2843205335       391.6482980105 
        0.2650000000         0.5177417665         1.4476022221       -23.1833217620       349.7998407793 
        0.2700000000         0.5250777487         1.4756406885       -21.1648240142       391.6482980105 
        0.2750000000         0.5322841759         1.4756406885       -19.3298260618       391.6482980105 
        0.2800000000         0.5393592699         1.4807385914       -17.4948281093       399.2571084161 
        0.2850000000         0.5463012851         1.4858364944       -15.6598301568       406.8659188218 
        0.2900000000         0.5531085087         1.4858364944       -13.8248322043       406.8659188218 
        0.2950000000         0.5597792609         1.4909343974       -11.2558350708       414.4747292274 
        0.3000000000         0.5663118961         1.5062281063        -9.4208371183       437.3011604444 
        0.3050000000         0.5727048022         1.4858364944        -6.8518399849       406.8659188218 
        0.3100000000         0.5789564020         1.5266197182        -4.8333422371       467.7364020670 
        0.3150012000         0.5850666018         1.5087770578        -3.1818440799       441.1055656472 
        0.3200000000         0.5910295479         1.4883854459        -0.6128469464       410.6703240246 
        0.3250000000         0.5968481150         1.5419134271         1.2221510061       490.5628332840 
        0.3300000000         0.6025194189         1.5189728637         3.2406487538       456.3231864586 
        0.3350000000         0.6080420601         1.5648539905         6.7271448635       524.8024801095 
        0.3400000000         0.6134146760         1.5266197182         9.1126422018       467.7364020670 
        0.3450000000         0.6186359411         1.5546581845        10.9476401542       509.5848592982 
        0.3500001000         0.6237046668         1.5444623786        13.5166372877       494.3672384868 
        0.3550001000         0.6286193998         1.5674029419        14.0671366735       528.6068853123 
        0.3600000000         0.6333789367         1.5368155241        15.9021346259       482.9540228784 
        0.3650000000         0.6379822936         1.5572071360        20.8566290977       513.3892645010 
        0.3700000000         0.6424282380         1.5852456023        23.9761256169       555.2377217321 
        0.3750000000         0.6467156728         1.5674029419        23.4256262311       528.6068853123 
        0.3800000000         0.6508435401         1.5775987479        29.1141198838       543.8245061236 
        0.3850000000         0.6548108216         1.5801476994        31.3161174268       547.6289113265 
        0.3900000000         0.6586165383         1.5954414083        34.2521141508       570.4553425434 
        0.3950000000         0.6622597512         1.5775987479        37.0046110795       543.8245061236 
        0.4000000000         0.6657395614         1.5877945538        39.2066086225       559.0421269349 
        0.4050000000         0.6690551104         1.6030882627        42.3261051417       581.8685581519 
        0.4100000000         0.6722055800         1.6005393113        46.5466004324       578.0641529491 
        0.4150000000         0.6751901929         1.6107351172        49.2990973612       593.2817737604 
        0.4200001000         0.6780082675         1.6081861657        51.3175951089       589.4773685576 
        0.4250000000         0.6806589443         1.6234798746        54.0700920376       612.3037997745 
        0.4300000000         0.6831417334         1.6081861657        57.7400879426       589.4773685576 
        0.4350000000         0.6854559674         1.6209309231        59.2080863046       608.4993945717 
        0.4400000000         0.6876010755         1.6311267291        63.9790809811       623.7170153830 
        0.4450000000         0.6895765283         1.6311267291        66.5480781145       623.7170153830 
        0.4500000000         0.6913818384         1.6387735836        69.6675746338       635.1302309915 
        0.4550000000         0.6930165604         1.6362246321        72.0530719720       631.3258257887 
        0.4600000000         0.6944802909         1.6668120499        75.3560682865       676.9786882226 
        0.4650000000         0.6957726688         1.6234798746        79.3930637819       612.3037997745 
        0.4700000000         0.6968933752         1.6566162440        81.9620609154       661.7610674113 
        0.4750001000         0.6978421509         1.6489693895        84.8980576394       650.3478518028 
        0.4800001000         0.6986187237         1.6515183410        87.8340543634       654.1522570057 
        0.4850000000         0.6992229125         1.6540672925        90.9535508826       657.9566622085 
        0.4900000000         0.6996545923         1.6693610014        95.3575459686       680.7830934255 
        0.4950000000         0.6999136427         1.6515183410        99.0275418735       654.1522570057 
        0.5000000000         0.7000000000         1.6413225350        99.0275418735       638.9346361944 
        0.5050000000         0.6999136427         1.6744589044       103.9820363452       688.3919038311 
        0.5100000000         0.6996545923         1.6489693895       107.6520322502       650.3478518028 
        0.5150000000         0.6992229125         1.6540672925       110.4045291789       657.9566622085 
        0.5200000000         0.6986187099         1.6591651954       111.8725275409       665.5654726142 
        0.5250000000         0.6978421336         1.6540672925       117.3775213984       657.9566622085 
        0.5300000000         0.6968933752         1.6362246321       120.6805177128       631.3258257887 
        0.5350000000         0.6957726688         1.6923015648       124.1670138226       715.0227402509 
        0.5400000000         0.6944802909         1.6464204380       127.2865103418       646.5434466000 
        0.5450000000         0.6930165604         1.6668120499       131.1400060420       676.9786882226 
        0.5500000000         0.6913818384         1.6693610014       134.2595025612       680.7830934255 
        0.5550000000         0.6895765283         1.6719099529       137.7459986710       684.5874986283 
        0.5600000000         0.6876010755         1.6515183410       140.1314960092       654.1522570057 
        0.5650000000         0.6854559674         1.6872036618       144.5354910952       707.4139298453 
        0.5700001000         0.6831416854         1.6515183410       146.7374886381       654.1522570057 
        0.5750001000         0.6806588929         1.6897526133       151.6919831098       711.2183350481 
        0.5800000000         0.6780082128         1.6821057588       155.1784792196       699.8051194396 
        0.5850000000         0.6751901929         1.6515183410       158.4814755340       654.1522570057 
        0.5900000000         0.6722055800         1.6821057588       161.4174722580       699.8051194396 
        0.5950000000         0.6690551104         1.6821057588       165.4544677535       699.8051194396 
        0.6000000000         0.6657395614         1.6770078558       169.8584628394       692.1963090340 
        0.6050000000         0.6622597512         1.6744589044       171.5099609967       688.3919038311 
        0.6100000000         0.6586165383         1.6795568073       175.9139560826       696.0007142368 
        0.6150000000         0.6548108216         1.6668120499       179.9509515781       676.9786882226 
        0.6200000000         0.6508435401         1.6999484192       179.4004521924       726.4359558594 
        0.6250000000         0.6467156728         1.6973994677       180.3179511686       722.6315506566 
        0.6300000000         0.6424282380         1.6617141469      -100.6202353569       669.3698778170 
        0.6350000000         0.6379822936         1.6821057588      -179.3416475185       699.8051194396 
        0.6400000000         0.6333789367         1.6897526133      -180.4426462900       711.2183350481 
        0.6450000000         0.6286193030         1.6821057588      -179.5251473137       699.8051194396 
        0.6500000000         0.6237045669         1.6719099529      -177.8736491565       684.5874986283 
        0.6550000000         0.6186359411         1.6897526133      -172.7356548895       711.2183350481 
        0.6600000000         0.6134146760         1.6872036618      -170.9006569370       707.4139298453 
        0.6650000000         0.6080420601         1.6999484192      -166.1296622606       726.4359558594 
        0.6700000000         0.6025194189         1.6821057588      -164.1111645128       699.8051194396 
        0.6750000000         0.5968481150         1.6999484192      -158.7896704506       726.4359558594 
        0.6800000000         0.5910295479         1.6923015648      -155.6701739314       715.0227402509 
        0.6850000000         0.5850651530         1.7024973707      -153.1011767979       730.2403610623 
        0.6900000000         0.5789564020         1.6846547103      -148.5136819167       703.6095246425 
        0.6950001000         0.5727046757         1.7075952737      -143.7426872403       737.8491714679 
        0.7000001000         0.5663117668         1.6795568073      -141.3571899020       696.0007142368 
        0.7050000000         0.5597792609         1.6846547103      -138.9716925638       703.6095246425 
        0.7100000000         0.5531085087         1.7024973707      -134.7511972731       730.2403610623 
        0.7150000000         0.5463012851         1.6846547103      -130.7142017776       703.6095246425 
        0.7200000000         0.5393592699         1.6821057588      -127.5947052584       699.8051194396 
        0.7250000000         0.5322841759         1.6948505162      -123.7412095582       718.8271454538 
        0.7300000000         0.5250777487         1.6719099529      -119.8877138579       684.5874986283 
        0.7350000000         0.5177417665         1.6795568073      -117.1352169292       696.0007142368 
        0.7400000000         0.5102780392         1.6846547103      -113.8322206147       703.6095246425 
        0.7450000000         0.5026884084         1.6668120499      -110.5292243003       676.9786882226 
        0.7500000000         0.4949747468         1.6821057588      -106.3087290096       699.8051194396 
        0.7550000000         0.4871389576         1.6642630984      -103.7397318761       673.1742830198 
        0.7600000000         0.4791829741         1.6617141469      -100.4367355616       669.3698778170 
        0.7650000000         0.4711087595         1.6795568073       -96.9502394519       696.0007142368 
        0.7700000000         0.4629183057         1.6438714865       -93.8307429327       642.7390413972 
        0.7750000000         0.4546136338         1.6795568073       -89.9772472324       696.0007142368 
        0.7800000000         0.4461967928         1.6591651954       -87.7752496895       665.5654726142 
        0.7850000000         0.4376698594         1.6617141469       -83.3712546035       669.3698778170 
        0.7900000000         0.4290349375         1.6566162440       -80.6187576748       661.7610674113 
        0.7950000000         0.4202941577         1.6744589044       -76.9487617698       688.3919038311 
        0.8000000000         0.4114496766         1.6591651954       -74.3797646363       665.5654726142 
        0.8050000000         0.4025036764         1.6540672925       -71.2602681171       657.9566622085 
        0.8100000000         0.3934583645         1.6719099529       -67.5902722121       684.5874986283 
        0.8150000000         0.3843159726         1.6209309231       -64.2872758976       608.4993945717 
        0.8200001000         0.3750785708         1.6107351172       -61.5347789689       593.2817737604 
        0.8250001000         0.3657488078         1.6668120499       -57.4977834735       676.9786882226 
        0.8300000000         0.3563289910         1.6336756806       -55.4792857257       627.5214205859 
        0.8350001000         0.3468208769         1.6591651954       -51.6257900255       665.5654726142 
        0.8400000000         0.3372275719         1.6438714865       -49.4237924825       642.7390413972 
        0.8450000000         0.3275508700         1.6311267291       -45.0197973966       623.7170153830 
        0.8500000000         0.3177933498         1.6362246321       -41.9003008773       631.3258257887 
        0.8550000000         0.3079574189         1.6489693895       -39.5148035391       650.3478518028 
        0.8600000000         0.2980455041         1.6183819717       -36.2118072246       604.6949893689 
        0.8650000000         0.2880600510         1.6234798746       -33.2758105007       612.3037997745 
        0.8700000000         0.2780035234         1.6209309231       -30.5233135719       608.4993945717 
        0.8750000000         0.2678784027         1.6336756806       -27.0368174622       627.5214205859 
        0.8800000000         0.2576871869         1.6005393113       -26.4863180765       578.0641529491 
        0.8850000000         0.2474323906         1.6234798746       -21.5318236047       612.3037997745 
        0.8900000000         0.2371165442         1.5979903598       -18.9628264713       574.2597477463 
        0.8950000000         0.2267421927         1.6183819717       -15.2928305663       604.6949893689 
        0.9000000000         0.2163118960         1.6030882627       -13.8248322043       581.8685581519 
        0.9050000000         0.2058282277         1.5954414083       -10.1548362993       570.4553425434 
        0.9100000000         0.1952937742         1.5852456023        -8.5033381421       555.2377217321 
        0.9150000000         0.1847111350         1.5877945538        -4.8333422371       559.0421269349 
        0.9200000000         0.1740829210         1.5674029419        -2.9983442846       528.6068853123 
        0.9250000000         0.1634117547         1.5750497964        -0.2458473559       540.0201009208 
        0.9300000000         0.1527002690         1.5750497964         3.6076483443       540.0201009208 
        0.9350000000         0.1419511067         1.5623050390         4.5251473205       520.9980749067 
        0.9400000000         0.1311669202         1.5623050390         7.8281436350       520.9980749067 
        0.9450001000         0.1203501536         1.5648539905        10.0301411780       524.8024801095 
        0.9500001000         0.1095039083         1.5368155241        12.4156385162       482.9540228784 
        0.9550000000         0.0986308623         1.5266197182        14.4341362640       467.7364020670 
        0.9600001000         0.0877330453         1.5572071360        17.1866331927       513.3892645010 
        0.9650000000         0.0768140178         1.5164239122        19.0216311452       452.5187812557 
        0.9700000000         0.0658758193         1.5164239122        21.7741280739       452.5187812557 
        0.9750000000         0.0549213670         1.5291686697        23.7926258216       471.5408072699 
        0.9800000000         0.0439533637         1.5164239122        26.1781231599       452.5187812557 
        0.9850000000         0.0329745155         1.5240707667        28.7471202933       463.9319968642 
        0.9900000000         0.0219875314         1.4985812518        30.0316188601       425.8879448359 
        0.9950000000         0.0109951221         1.5113260093        32.4171161983       444.9099708501 
        1.0000000000         0.0000000000         1.4679938340        34.6191137413       380.2350824020 
        1.0050000000        -0.0109951221         1.4985812518        36.4541116938       425.8879448359 
        1.0100000000        -0.0219875314         1.4603469795        39.0231088273       368.8218667935 
        1.0150000000        -0.0329745155         1.4272106102        36.6376114890       319.3645991567 
        1.0200001000        -0.0439535832         1.4017210954        42.3261051417       281.3205471284 
        1.0250000000        -0.0549213670         1.4144658528        43.2436041180       300.3425731426 
        1.0300000000        -0.0658758193         1.3456441627        40.1241075988       197.6236326662 
        1.0350000000        -0.0768140178         1.2462350547        44.8951022752        49.2518297558 
        1.0400000000        -0.0877332635         1.1901581220        44.8951022752       -34.4450847064 
        1.0450000000        -0.0986308624         1.2411371518        45.4456016610        41.6430193502 
        1.0500000000        -0.1095041255         1.2181965884        42.3261051417         7.4033725247 
        1.0550000000        -0.1203503702         1.1978049765        42.8766045275       -23.0318690979 
        1.0600000000        -0.1311669202         1.1825112676        44.5281026847       -45.8583003149 
        1.0650000000        -0.1419511067         1.1723154616        44.1611030942       -61.0759211262 
        1.0700000000        -0.1527002690         1.1748644131        45.2621018657       -57.2715159234 
        1.0750000000        -0.1634117547         1.1697665101        43.7941035037       -64.8803263290 
        1.0800000000        -0.1740829210         1.1621196557        43.7941035037       -76.2935419375 
        1.0850000000        -0.1847111350         1.1417280438        42.8766045275      -106.7287835602 
        1.0900000000        -0.1952937742         1.1391790923        41.9591055512      -110.5331887630 
        1.0950000000        -0.2058282277         1.1468259468        42.3261051417       -99.1199731545 
        1.1000000000        -0.2163118961         1.1366301408        40.8581067797      -114.3375939658 
        1.1050000000        -0.2267421927         1.1315322379        40.8581067797      -121.9464043715 
        1.1100000000        -0.2371165442         1.1289832864        40.1241075988      -125.7508095743 
        1.1150000000        -0.2474323906         1.1187874804        39.3901084178      -140.9684303856 
        1.1200000000        -0.2576871869         1.1442769953        39.3901084178      -102.9243783573 
        1.1250000000        -0.2678784027         1.0652594992        38.2891096463      -220.8609396451 
        1.1300000000        -0.2780035234         1.1238853834        37.3716106700      -133.3596199800 
        1.1350000000        -0.2880600510         1.1085916745        37.0046110795      -156.1860511970 
        1.1400000000        -0.2980455041         1.0576126448        35.5366127175      -232.2741552535 
        1.1450001000        -0.3079576164         1.1085916745        34.9861133318      -156.1860511970 
        1.1500000000        -0.3177933498         1.1009448200        34.4356139460      -167.5992668054 
        1.1550001000        -0.3275510643         1.1034937715        33.1511153793      -163.7948616026 
        1.1600000000        -0.3372275719         1.0499657903        32.4171161983      -243.6873708620 
        1.1650000000        -0.3468210679         1.0780042567        32.7841157888      -201.8389136309 
        1.1700000000        -0.3563289910         1.0678084507        29.6646192696      -217.0565344422 
        1.1750000000        -0.3657489953         1.0678084507        29.4811194743      -217.0565344422 
        1.1800000000        -0.3750787565         1.0499657903        28.0131211124      -243.6873708620 
        1.1850000000        -0.3843159726         1.0372210329        26.1781231599      -262.7093968762 
        1.1900000000        -0.3934583645         1.0525147418        26.1781231599      -239.8829656592 
        1.1950000000        -0.4025036764         1.0219273240        20.8566290977      -285.5358280931 
        1.2000000000        -0.4114496766         1.0321231299        22.5081272549      -270.3182072818 
        1.2050000000        -0.4202941577         1.0219273240        21.5906282787      -285.5358280931 
        1.2100000000        -0.4290349376         1.0117315180        20.6731293024      -300.7534489045 
        1.2150000000        -0.4376698594         0.9989867606        18.6546315547      -319.7754749186 
        1.2200000000        -0.4461967928         1.0168294210        16.6361338069      -293.1446384988 
        1.2250000000        -0.4546136338         0.9989867606        16.8196336022      -319.7754749186 
        1.2300000000        -0.4629183057         1.0168294210        13.7001370830      -293.1446384988 
        1.2350000000        -0.4711087595         0.9913399061        12.9661379020      -331.1886905271 
        1.2400000000        -0.4791829742         1.0040846636        10.7641403590      -312.1666645130 
        1.2450000000        -0.4871389576         0.9862420032         9.2961419970      -338.7975009328 
        1.2500000000        -0.4949747468         0.9887909546         7.6446438398      -334.9930957299 
        1.2550000000        -0.5026884084         0.9989867606         6.1766454778      -319.7754749186 
        1.2600000000        -0.5102780392         0.9862420032         4.8921469110      -338.7975009328 
        1.2650000000        -0.5177417665         0.9633014398         3.6076483443      -373.0371477582 
        1.2700001000        -0.5250778942         0.9785951487         1.4056508013      -350.2107165412 
        1.2750000000        -0.5322841759         0.9480077309        -1.3468461274      -395.8635789752 
        1.2800001000        -0.5393594101         0.9760461972        -2.0808453084      -354.0151217441 
        1.2850000000        -0.5463012851         0.9352629734        -5.0168420324      -414.8856049893 
        1.2900000000        -0.5531085087         0.9658503913        -6.4848403944      -369.2327425554 
        1.2950000000        -0.5597792609         0.9429098279        -8.1363385516      -403.4723893809 
        1.3000000000        -0.5663118961         0.9352629734        -9.7878367088      -414.8856049893 
        1.3050000000        -0.5727048022         0.9301650705       -13.0908330233      -422.4944153950 
        1.3100000000        -0.5789564020         0.9148713616       -14.9258309758      -445.3208466120 
        1.3150000000        -0.5850651530         0.9250671675       -16.5773291330      -430.1032258007 
        1.3200000000        -0.5910295479         0.8868328952       -19.1463262665      -487.1693038431 
        1.3250000000        -0.5968481150         0.9199692645       -21.3483238095      -437.7120362063 
        1.3300000000        -0.6025194189         0.8766370893       -23.1833217620      -502.3869246544 
        1.3350000000        -0.6080420601         0.9352629734       -27.4038170527      -414.8856049893 
        1.3400000000        -0.6134146760         0.8868328952       -27.7708166432      -487.1693038431 
        1.3450000000        -0.6186359411         0.8944797497       -30.5233135719      -475.7560882346 
        1.3500000000        -0.6237045669         0.8740881378       -32.1748117292      -506.1913298572 
        1.3550000000        -0.6286193030         0.8893818467       -35.4778080436      -483.3648986403 
        1.3600000000        -0.6333789367         0.8664412833       -37.1293062009      -517.6045454657 
        1.3650000000        -0.6379822936         0.8689902348       -40.4323025153      -513.8001402629 
        1.3700000000        -0.6424282380         0.8435007200       -42.6343000583      -551.8441922912 
        1.3750000000        -0.6467156728         0.8817349922       -44.8362976013      -494.7781142488 
        1.3800000000        -0.6508435401         0.8435007200       -47.9557941205      -551.8441922912 
        1.3850000000        -0.6548108216         0.8587944289       -49.7907920730      -529.0177610742 
        1.3900000000        -0.6586165383         0.8333049140       -53.0937883875      -567.0618131025 
        1.3950001000        -0.6622598224         0.8129133021       -56.0297851115      -597.4970547251 
        1.4000000000        -0.6657395614         0.8384028170       -58.2317826544      -559.4530026969 
        1.4050001000        -0.6690551750         0.8256580595       -60.6172799927      -578.4750287110 
        1.4100000000        -0.6722055800         0.8282070110       -64.1037761024      -574.6706235082 
        1.4150000000        -0.6751901929         0.8256580595       -65.5717744644      -578.4750287110 
        1.4200000000        -0.6780082128         0.8205601566       -69.9757695504      -586.0838391167 
        1.4250000000        -0.6806589443         0.7925216902       -71.8107675028      -627.9322963478 
        1.4300000000        -0.6831417334         0.8052664477       -75.4807634078      -608.9102703336 
        1.4350000000        -0.6854559674         0.8154622536       -78.2332603365      -593.6926495223 
        1.4400000000        -0.6876010755         0.7950706417       -81.1692570605      -624.1278911450 
        1.4450000000        -0.6895765283         0.7848748358       -84.6557531702      -639.3455119563 
        1.4500000000        -0.6913818384         0.7899727387       -86.8577507132      -631.7367015506 
        1.4550000000        -0.6930165604         0.8180112051       -91.0782460039      -589.8882443195 
        1.4600000000        -0.6944802909         0.7976195932       -93.2802435469      -620.3234859421 
        1.4650000000        -0.6957726688         0.7746790298       -97.1337392471      -654.5631327676 
        1.4700000000        -0.6968933752         0.7925216902       -98.9687371996      -627.9322963478 
        1.4750000000        -0.6978421336         0.7746790298      -102.4552333093      -654.5631327676 
        1.4800000000        -0.6986187099         0.7721300783      -106.3087290096      -658.3675379704 
        1.4850000000        -0.6992229125         0.7797769328      -109.4282255288      -646.9543223619 
        1.4900000000        -0.6996545923         0.7670321754      -111.8137228670      -665.9763483761 
        1.4950000000        -0.6999136427         0.7542874179      -114.5662197957      -684.9983743902 
        1.5000000000        -0.7000000000         0.7772279813      -118.4197154960      -650.7587275648 
        1.5050000000        -0.6999136427         0.7440916120      -123.0072103772      -700.2159952015 
        1.5100000000        -0.6996545923         0.7721300783      -125.7597073059      -658.3675379704 
        1.5150000000        -0.6992229125         0.7440916120      -128.1452046441      -700.2159952015 
        1.5200001000        -0.6986186961         0.7466405635      -132.7326995253      -696.4115899987 
        1.5250000000        -0.6978421336         0.7568363694      -137.6871939971      -681.1939691874 
        1.5300001000        -0.6968933545         0.7440916120      -139.7056917448      -700.2159952015 
        1.5350000000        -0.6957726688         0.7313468546      -143.3756876498      -719.2380212157 
        1.5400000000        -0.6944802909         0.7517384665      -146.4951841690      -688.8027795931 
        1.5450000000        -0.6930165604         0.7262489516      -149.7981804835      -726.8468316213 
        1.5500000000        -0.6913818384         0.7517384665      -153.2846765932      -688.8027795931 
        1.5550000000        -0.6895765283         0.7186020971      -157.5051718839      -738.2600472298 
        1.5600000000        -0.6876010755         0.7389937090      -161.3586675841      -707.8248056072 
        1.5650000000        -0.6854559674         0.7440916120      -164.6616638986      -700.2159952015 
        1.5700000000        -0.6831417334         0.7338958061      -167.9646602131      -715.4336160129 
        1.5750000000        -0.6806589443         0.7389937090      -172.1851555038      -707.8248056072 
        1.5800000000        -0.6780082128         0.7135041942      -175.8551514087      -745.8688576355 
        1.5850000000        -0.6751901929         0.7568363694      -178.7911481327      -681.1939691874 
        1.5900000000        -0.6722055800         0.7058573397      -180.2591464947      -757.2820732440 
        1.5950000000        -0.6690551104         0.7313468546      -180.0756466995      -719.2380212157 
        1.6000000000        -0.6657395614         0.7466405635       -99.5192365854      -696.4115899987 
        1.6050000000        -0.6622597512         0.6727209704       179.2169523971      -806.7393408808 
        1.6100000000        -0.6586165383         0.7593853209       180.3179511686      -677.3895639846 
        1.6150000000        -0.6548108216         0.6880146793       179.9509515781      -783.9129096638 
        1.6200000000        -0.6508435401         0.7287979031       176.4644554684      -723.0424264185 
        1.6250000000        -0.6467156728         0.7415426605       172.9779593587      -704.0204004044 
        1.6300000000        -0.6424282380         0.7211510486       169.1244636585      -734.4556420270 
        1.6350000000        -0.6379822936         0.7364447575       166.3719667297      -711.6292108100 
        1.6400000000        -0.6333789367         0.6727209704       161.0504726675      -806.7393408808 
        1.6450001000        -0.6286192063         0.7517384665       158.1144759435      -688.8027795931 
        1.6500000000        -0.6237045669         0.7237000001       154.8114796291      -730.6512368242 
        1.6550001000        -0.6186358382         0.7109552427       149.8569851574      -749.6732628383 
        1.6600000000        -0.6134146760         0.7211510486       145.4529900714      -734.4556420270 
        1.6650000000        -0.6080420601         0.7491895150       143.0674927332      -692.6071847959 
        1.6700000000        -0.6025194189         0.7211510486       139.0304972377      -734.4556420270 
        1.6750000000        -0.5968481150         0.7364447575       136.6449998995      -711.6292108100 
        1.6800000000        -0.5910295479         0.7262489516       131.6905054278      -726.8468316213 
        1.6850000000        -0.5850651530         0.7237000001       126.7360109560      -730.6512368242 
        1.6900000000        -0.5789564020         0.7440916120       125.6350121846      -700.2159952015 
        1.6950000000        -0.5727048022         0.7338958061       121.2310170986      -715.4336160129 
        1.7000000000        -0.5663118961         0.7338958061       118.4785201699      -715.4336160129 
        1.7050000000        -0.5597792609         0.7440916120       113.8910252887      -700.2159952015 
        1.7100000000        -0.5531085087         0.7440916120       111.3220281552      -700.2159952015 
        1.7150000000        -0.5463012851         0.7593853209       107.2850326597      -677.3895639846 
        1.7200000000        -0.5393592699         0.7109552427       103.0645373690      -749.6732628383 
        1.7250000000        -0.5322841759         0.7619342724       101.5965390070      -673.5851587817 
        1.7300000000        -0.5250777487         0.7440916120        96.8255443305      -700.2159952015 
        1.7350000000        -0.5177417665         0.7721300783        93.5225480161      -658.3675379704 
        1.7400000000        -0.5102780392         0.7415426605        90.2195517016      -704.0204004044 
        1.7450000000        -0.5026884084         0.7542874179        87.2835549776      -684.9983743902 
        1.7500000000        -0.4949747468         0.7466405635        83.9805586631      -696.4115899987 
        1.7550000000        -0.4871389576         0.7644832239        80.4940625534      -669.7807535789 
        1.7600000000        -0.4791829741         0.7568363694        76.8240666485      -681.1939691874 
        1.7650000000        -0.4711087595         0.7593853209        74.2550695150      -677.3895639846 
        1.7700001000        -0.4629181408         0.7593853209        70.2180740195      -677.3895639846 
        1.7750000000        -0.4546136338         0.7874237873        67.4655770908      -635.5411067534 
        1.7800001000        -0.4461966234         0.7670321754        64.1625807763      -665.9763483761 
        1.7850000000        -0.4376698594         0.7721300783        61.2265840523      -658.3675379704 
        1.7900000000        -0.4290349375         0.7746790298        57.7400879426      -654.5631327676 
        1.7950000000        -0.4202941577         0.8027174962        55.3545906044      -612.7146755365 
        1.8000000000        -0.4114496766         0.7389937090        52.2350940852      -707.8248056072 
        1.8050000000        -0.4025036764         0.8052664477        48.1980985897      -608.9102703336 
        1.8100000000        -0.3934583645         0.7976195932        45.4456016610      -620.3234859421 
        1.8150000000        -0.3843159726         0.7874237873        42.6931047322      -635.5411067534 
        1.8200000000        -0.3750787565         0.7976195932        38.8396090320      -620.3234859421 
        1.8250000000        -0.3657489953         0.8231091081        36.0871121033      -582.2794339138 
        1.8300000000        -0.3563289910         0.7950706417        32.6006159936      -624.1278911450 
        1.8350000000        -0.3468210679         0.8205601566        30.7656180411      -586.0838391167 
        1.8400000000        -0.3372275719         0.8052664477        25.9946233646      -608.9102703336 
        1.8450000000        -0.3275508700         0.8154622536        24.3431252074      -593.6926495223 
        1.8500000000        -0.3177933498         0.8256580595        21.9576278691      -578.4750287110 
        1.8550000000        -0.3079574189         0.8409517685        18.8381313499      -555.6485974940 
        1.8600000000        -0.2980455041         0.8435007200        15.7186348307      -551.8441922912 
        1.8650000000        -0.2880600510         0.8256580595        14.2506364687      -578.4750287110 
        1.8700000000        -0.2780035234         0.8562454774        12.0486389257      -532.8221662770 
        1.8750000000        -0.2678784027         0.8282070110         7.4611440445      -574.6706235082 
        1.8800000000        -0.2576871869         0.8460496714         5.2591465015      -548.0397870884 
        1.8850000000        -0.2474323906         0.8536965259         2.6901493681      -536.6265714799 
        1.8900000000        -0.2371165442         0.8536965259        -0.0623475607      -536.6265714799 
        1.8950001000        -0.2267419847         0.8817349922        -1.8973455132      -494.7781142488 
        1.9000000000        -0.2163118960         0.8485986229        -5.0168420324      -544.2353818855 
        1.9050001000        -0.2058280175         0.8817349922        -7.4023393706      -494.7781142488 
        1.9100000000        -0.1952937742         0.8638923318        -9.7878367088      -521.4089506686 
        1.9150000000        -0.1847111350         0.8740881378       -12.7238334328      -506.1913298572 
        1.9200000000        -0.1740829210         0.8740881378       -13.8248322043      -506.1913298572 
        1.9250000000        -0.1634117547         0.8868328952       -17.1278285188      -487.1693038431 
        1.9300000000        -0.1527002690         0.8740881378       -19.8803254475      -506.1913298572 
        1.9350000000        -0.1419511067         0.9097734586       -21.3483238095      -452.9296570176 
        1.9400000000        -0.1311669202         0.8868328952       -24.4678203287      -487.1693038431 
        1.9450000000        -0.1203503702         0.9123224101       -25.5688191002      -449.1252518148 
        1.9500000000        -0.1095041255         0.9021266041       -29.0553152099      -464.3428726261 
        1.9550000000        -0.0986308623         0.9174203130       -30.1563139814      -441.5164414092 
        1.9600000000        -0.0877332635         0.9097734586       -33.2758105007      -452.9296570176 
        1.9650000000        -0.0768140178         0.9327140220       -34.7438088626      -418.6900101922 
        1.9700000000        -0.0658758193         0.9097734586       -37.6798055866      -452.9296570176 
        1.9750000000        -0.0549213670         0.9429098279       -38.4138047676      -403.4723893809 
        1.9800000000        -0.0439533637         0.9454587794       -41.7168010821      -399.6679841780 
        1.9850000000        -0.0329745155         0.9556545853       -43.0012996488      -384.4503633667 
        1.9900000000        -0.0219875314         0.9352629734       -44.6527978061      -414.8856049893 
        1.9950000000        -0.0109951221         0.9709482942       -45.9372963728      -361.6239321497 
        2.0000000000        -0.0000000000         0.9531056338       -49.0567928920      -388.2547685695 
        2.0050000000         0.0109951221         0.9964378091       -49.6072922778      -323.5798801214 
        2.0100000000         0.0219875314         1.0346720814       -50.8917908445      -266.5138020790 
        2.0150001000         0.0329747352         1.0627105477       -51.9927896160      -224.6653448479 
        2.0200001000         0.0439535832         1.0652594992       -53.8277875685      -220.8609396451 
        2.0250000000         0.0549213670         1.0856511111       -54.3782869542      -190.4256980224 
        2.0300000000         0.0658758193         1.1595707042       -54.9287863400       -80.0979471404 
        2.0350001000         0.0768142364         1.2003539280       -55.2957859305       -19.2274638951 
        2.0400000000         0.0877332635         1.2334902973       -54.5617867495        30.2298037417 
        2.0450000000         0.0986308624         1.2283923943       -54.3782869542        22.6209933360 
        2.0500000000         0.1095041255         1.2105497339       -57.1307838830        -4.0098430838 
        2.0550000000         0.1203503702         1.2130986854       -55.2957859305        -0.2054378810 
        2.0600000000         0.1311669202         1.2105497339       -54.9287863400        -4.0098430838 
        2.0650000000         0.1419511067         1.2691756181       -54.9287863400        83.4914765813 
        2.0700000000         0.1527002690         1.2768224726       -54.3782869542        94.9046921898 
        2.0750000000         0.1634117547         1.2462350547       -54.3782869542        49.2518297558 
        2.0800000000         0.1740829210         1.2819203755       -53.2772881827       102.5135025954 
        2.0850000000         0.1847111350         1.2895672300       -51.9927896160       113.9267182039 
        2.0900000000         0.1952937742         1.2819203755       -52.7267887970       102.5135025954 
        2.0950000000         0.2058282277         1.3125077934       -52.1762894112       148.1663650294 
        2.1000000000         0.2163118961         1.2870182785       -51.9927896160       110.1223130011 
        2.1050000000         0.2267421927         1.3023119874       -50.8917908445       132.9487442181 
        2.1100000000         0.2371165442         1.2946651330       -50.8917908445       121.5355286096 
        2.1150000000         0.2474323906         1.3150567448       -49.2402926873       151.9707702322 
        2.1200000000         0.2576871869         1.3328994052       -49.2402926873       178.6016066520 
        2.1250000000         0.2678784027         1.3252525508       -47.4052947348       167.1883910435 
        2.1300000000         0.2780035234         1.3150567448       -47.9557941205       151.9707702322 
        2.1350000000         0.2880600510         1.3558399686       -45.9372963728       212.8412534775 
        2.1400001000         0.2980457031         1.3507420656       -44.6527978061       205.2324430718 
        2.1450000000         0.3079574189         1.3074098904       -44.1022984203       140.5575546237 
        2.1500000000         0.3177933498         1.3532910171       -44.1022984203       209.0368482747 
        2.1550000000         0.3275508700         1.3634868231       -42.4508002631       224.2544690860 
        2.1600001000         0.3372277646         1.3227035993       -42.0838006726       163.3839858407 
        2.1650000000         0.3468210679         1.3583889201       -43.7352988298       216.6456586803 
        2.1700000000         0.3563289910         1.3660357746       -38.9643041534       228.0588742888 
        2.1750000000         0.3657489953         1.3762315805       -37.8633053819       243.2764951001 
        2.1800001000         0.3750789422         1.3838784350       -40.2488027201       254.6897107086 
        2.1850000000         0.3843159726         1.3787805320       -36.3953070199       247.0809003029 
        2.1900000000         0.3934583645         1.4119169013       -34.7438088626       296.5381679397 
        2.1950000000         0.4025036764         1.3838784350       -33.6428100911       254.6897107086 
        2.2000000000         0.4114496766         1.4017210954       -31.9913119339       281.3205471284 
        2.2050000000         0.4202941577         1.4144658528       -30.3398137767       300.3425731426 
        2.2100000000         0.4290349376         1.4093679498       -28.8718154147       292.7337627369 
        2.2150000000         0.4376698594         1.4170148043       -27.2203172575       304.1469783454 
        2.2200000000         0.4461967928         1.4348574647       -26.1193184860       330.7778147652 
        2.2250000000         0.4546136338         1.4170148043       -24.8348199192       304.1469783454 
        2.2300000000         0.4629183057         1.4323085132       -22.0823229905       326.9734095624 
        2.2350000000         0.4711087595         1.4272106102       -22.2658227857       319.3645991567 
        2.2400000000         0.4791829742         1.4705427855       -20.2473250380       384.0394876048 
        2.2450000000         0.4871389576         1.4374064162       -17.8618276998       334.5822199680 
        2.2500000000         0.4949747468         1.4628959310       -16.0268297473       372.6262719963 
        2.2550000000         0.5026884084         1.4527001251       -14.9258309758       357.4086511850 
        2.2600000000         0.5102780392         1.4654448825       -12.9073332281       376.4306771991 
        2.2650001000         0.5177419145         1.4603469795       -10.8888354803       368.8218667935 
        2.2700000000         0.5250777487         1.4807385914        -9.0538375278       399.2571084161 
        2.2750000000         0.5322841759         1.5011302033        -7.7693389611       429.6923500387 
        2.2800000000         0.5393592699         1.4730917370        -4.4663426466       387.8438928076 
        2.2850001000         0.5463014226         1.4883854459        -2.8148444894       410.6703240246 
        2.2900000000         0.5531085087         1.5087770578        -3.9158432609       441.1055656472 
        2.2950000000         0.5597792609         1.5062281063         1.0386512108       437.3011604444 
        2.3000000000         0.5663118961         1.5062281063         2.6901493681       437.3011604444 
        2.3050001000         0.5727049286         1.5266197182         4.8921469110       467.7364020670 
        2.3100000000         0.5789564020         1.5138749607         6.1766454778       448.7143760529 
        2.3150000000         0.5850651530         1.5368155241         9.8466413827       482.9540228784 
        2.3200000000         0.5910295479         1.5164239122        11.4981395400       452.5187812557 
        2.3250000000         0.5968481150         1.5291686697        12.2321387210       471.5408072699 
        2.3300000000         0.6025194189         1.5470113301        13.1496376972       498.1716436897 
        2.3350000000         0.6080420601         1.5266197182        19.5721305309       467.7364020670 
        2.3400000000         0.6134146760         1.5419134271        21.4071284834       490.5628332840 
        2.3450000000         0.6186359411         1.5419134271        20.8566290977       490.5628332840 
        2.3500000000         0.6237045669         1.5572071360        25.9946233646       513.3892645010 
        2.3550000000         0.6286193030         1.5572071360        28.9306200886       513.3892645010 
        2.3600000000         0.6333789367         1.5699518934        31.3161174268       532.4112905151 
        2.3650000000         0.6379822936         1.5623050390        33.1511153793       520.9980749067 
        2.3700000000         0.6424282380         1.5674029419        36.2706118985       528.6068853123 
        2.3750000000         0.6467156728         1.5801476994        39.0231088273       547.6289113265 
        2.3800000000         0.6508435401         1.5725008449        41.0416065750       536.2156957180 
        2.3850000000         0.6548108216         1.5699518934        43.7941035037       532.4112905151 
        2.3900001000         0.6586166128         1.5954414083        47.2805996134       570.4553425434 
        2.3950000000         0.6622597512         1.5903435053        49.4825971564       562.8465321378 
        2.4000000000         0.6657395614         1.6132840687        52.2350940852       597.0861789632 
        2.4050000000         0.6690551104         1.5928924568        55.1710908091       566.6509373406 
        2.4100001000         0.6722056413         1.6132840687        58.6575869189       597.0861789632 
        2.4150000000         0.6751901929         1.6005393113        60.6760846666       578.0641529491 
        2.4200000000         0.6780082128         1.6209309231        63.9790809811       608.4993945717 
        2.4250000000         0.6806589443         1.6234798746        66.5480781145       612.3037997745 
        2.4300001000         0.6831417813         1.6158330202        70.0345742243       600.8905841661 
        2.4350000000         0.6854559674         1.6234798746        71.8695721767       612.3037997745 
        2.4400000000         0.6876010755         1.6362246321        73.3375705387       631.3258257887 
        2.4450000000         0.6895765283         1.6081861657        79.5765635772       589.4773685576 
        2.4500000000         0.6913818384         1.6489693895        82.1455607107       650.3478518028 
        2.4550000000         0.6930165604         1.6387735836        84.1640584584       635.1302309915 
        2.4600000000         0.6944802909         1.6489693895        88.7515533396       650.3478518028 
        2.4650000000         0.6957726688         1.6362246321        91.5040502683       631.3258257887 
        2.4700000000         0.6968933752         1.6515183410        94.4400469923       654.1522570057 
        2.4750000000         0.6978421336         1.6362246321        97.0090441258       631.3258257887 
        2.4800000000         0.6986187099         1.6540672925       100.8625398260       657.9566622085 
        2.4850000000         0.6992229125         1.6489693895       103.0645373690       650.3478518028 
        2.4900000000         0.6996545923         1.6438714865       106.9180330692       642.7390413972 
        2.4950000000         0.6999136427         1.6566162440       110.2210293837       661.7610674113 
        2.5000000000         0.7000000000         1.6540672925       113.5240256982       657.9566622085 
        2.5050000000         0.6999136427         1.6515183410       117.3775213984       654.1522570057 
        2.5100000000         0.6996545923         1.6056372142       119.7630187366       585.6729633548 
        2.5150001000         0.6992229021         1.6795568073       123.9835140273       696.0007142368 
        2.5200000000         0.6986187099         1.6362246321       126.1855115703       631.3258257887 
        2.5250000000         0.6978421336         1.6744589044       129.6720076800       688.3919038311 
        2.5300000000         0.6968933752         1.6489693895       132.6080044040       650.3478518028 
        2.5350001000         0.6957726447         1.6617141469       136.4615001042       669.3698778170 
        2.5400000000         0.6944802909         1.6489693895       139.7644964187       650.3478518028 
        2.5450000000         0.6930165604         1.6872036618       143.4344923237       707.4139298453 
        2.5500000000         0.6913818384         1.6744589044       146.7374886381       688.3919038311 
        2.5550001000         0.6895764905         1.6566162440       150.0404849526       661.7610674113 
        2.5600000000         0.6876010755         1.6872036618       154.0774804481       707.4139298453 
        2.5650000000         0.6854559674         1.6693610014       157.0134771721       680.7830934255 
        2.5700000000         0.6831417334         1.6617141469       159.5824743055       669.3698778170 
        2.5750000000         0.6806589443         1.6948505162       164.7204685725       718.8271454538 
        2.5800000000         0.6780082128         1.6744589044       166.7389663202       688.3919038311 
        2.5850000000         0.6751901929         1.6540672925       170.9594616109       657.9566622085 
        2.5900000000         0.6722055800         1.6897526133       174.9964571064       711.2183350481 
        2.5950000000         0.6690551104         1.6770078558       177.9324538304       692.1963090340 
        2.6000000000         0.6657395614         1.6973994677       180.3179511686       722.6315506566 
        2.6050000000         0.6622597512         1.6770078558       179.5839519876       692.1963090340 
        2.6100000000         0.6586165383         1.7075952737       -99.5192365854       737.8491714679 
        2.6150000000         0.6548108216         1.6795568073       -98.9687371996       696.0007142368 
        2.6200000000         0.6508435401         1.7126931766      -179.7086471090       745.4579818736 
        2.6250000000         0.6467156728         1.6719099529      -182.0941444472       684.5874986283 
        2.6300000000         0.6424282380         1.7126931766      -178.2406487470       745.4579818736 
        2.6350000000         0.6379822936         1.6795568073      -175.1211522277       696.0007142368 
        2.6400001000         0.6333788431         1.6846547103      -172.3686552990       703.6095246425 
        2.6450000000         0.6286193030         1.6999484192      -167.7811604178       726.4359558594 
        2.6500000000         0.6237045669         1.6923015648      -163.5606651271       715.0227402509 
        2.6550000000         0.6186359411         1.7024973707      -160.6246684031       730.2403610623 
        2.6600001000         0.6134145701         1.7024973707      -156.9546724981       730.2403610623 
        2.6650000000         0.6080420601         1.6999484192      -155.8536737267       726.4359558594 
        2.6700000000         0.6025194189         1.6872036618      -150.3486798692       707.4139298453 
        2.6750000000         0.5968481150         1.6948505162      -145.5776851927       718.8271454538 
        2.6800001000         0.5910294300         1.6999484192      -142.6416884688       726.4359558594 
        2.6850000000         0.5850651530         1.6693610014      -139.7056917448       680.7830934255 
        2.6900000000         0.5789564020         1.7075952737      -134.7511972731       737.8491714679 
        2.6950000000         0.5727048022         1.7024973707      -132.3656999348       730.2403610623 
        2.7000000000         0.5663118961         1.6923015648      -127.7782050536       715.0227402509 
        2.7050000000         0.5597792609         1.6821057588      -125.2092079202       699.8051194396 
        2.7100000000         0.5531085087         1.6846547103      -120.9887126294       703.6095246425 
        2.7150000000         0.5463012851         1.6872036618      -118.0527159055       707.4139298453 
        2.7200000000         0.5393592699         1.7024973707      -114.5662197957       730.2403610623 
        2.7250000000         0.5322841759         1.6719099529      -111.4467232765       684.5874986283 
        2.7300000000         0.5250777487         1.6821057588      -108.6942263478       699.8051194396 
        2.7350000000         0.5177417665         1.6770078558      -104.2902312618       692.1963090340 
        2.7400000000         0.5102780392         1.6846547103      -100.8037351521       703.6095246425 
        2.7450000000         0.5026884084         1.6897526133       -97.6842386329       711.2183350481 
        2.7500000000         0.4949747468         1.6770078558       -94.1977425232       692.1963090340 
        2.7550000000         0.4871389576         1.6566162440       -90.7112464134       661.7610674113 
        2.7600000000         0.4791829741         1.6795568073       -87.4082500990       696.0007142368 
        2.7650001000         0.4711085968         1.6770078558       -83.0042550130       692.1963090340 
        2.7700000000         0.4629183057         1.6719099529       -79.5177589033       684.5874986283 
        2.7750000000         0.4546136338         1.6821057588       -77.6827609508       699.8051194396 
        2.7800000000         0.4461967928         1.6744589044       -73.2787658648       688.3919038311 
        2.7850001000         0.4376696878         1.6719099529       -69.7922697551       684.5874986283 
        2.7900000000         0.4290349375         1.6821057588       -66.4892734406       699.8051194396 
        2.7950000000         0.4202941577         1.6693610014       -65.0212750786       680.7830934255 
        2.8000000000         0.4114496766         1.6642630984       -60.4337801974       673.1742830198 
        2.8050001000         0.4025034965         1.6642630984       -57.4977834735       673.1742830198 
        2.8100000000         0.3934583645         1.6515183410       -53.4607879780       654.1522570057 
        2.8150000000         0.3843159726         1.6489693895       -51.0752906398       650.3478518028 
        2.8200000000         0.3750787565         1.6668120499       -49.0567928920       676.9786882226 
        2.8250000000         0.3657489953         1.6234798746       -45.2032971918       612.3037997745 
        2.8300000000         0.3563289910         1.6719099529       -41.1663016963       684.5874986283 
        2.8350000000         0.3468210679         1.6387735836       -38.0468051771       635.1302309915 
        2.8400000000         0.3372275719         1.6438714865       -34.9273086579       642.7390413972 
        2.8450000000         0.3275508700         1.6362246321       -31.9913119339       631.3258257887 
        2.8500000000         0.3177933498         1.6260288261       -29.4223148004       616.1082049774 
        2.8550000000         0.3079574189         1.6209309231       -26.1193184860       608.4993945717 
        2.8600000000         0.2980455041         1.6081861657       -25.5688191002       589.4773685576 
        2.8650000000         0.2880600510         1.6209309231       -19.5133258570       608.4993945717 
        2.8700000000         0.2780035234         1.6209309231       -16.9443287235       608.4993945717 
        2.8750000000         0.2678784027         1.6209309231       -15.1093307710       608.4993945717 
        2.8800000000         0.2576871869         1.5903435053       -11.6228346613       562.8465321378 
        2.8850000000         0.2474323906         1.6081861657        -9.4208371183       589.4773685576 
        2.8900001000         0.2371163373         1.5903435053        -4.8333422371       562.8465321378 
        2.8950000000         0.2267421927         1.5903435053        -3.1818440799       562.8465321378 
        2.9000000000         0.2163118960         1.5877945538        -1.5303459227       559.0421269349 
        2.9050000000         0.2058282277         1.5852456023         2.1396499823       555.2377217321 
        2.9100001000         0.1952935630         1.5674029419         3.9746479348       528.6068853123 
        2.9150000000         0.1847111350         1.5623050390         6.9106446588       520.9980749067 
        2.9200000000         0.1740829210         1.5750497964         9.4796417923       540.0201009208 
        2.9250000000         0.1634117547         1.5393644756        12.0486389257       486.7584280812 
        2.9300001000         0.1527000544         1.5597560875        14.2506364687       517.1936697038 
        2.9350000000         0.1419511067         1.5495602815        17.3701329879       501.9760488925 
        2.9400000000         0.1311669202         1.5393644756        18.6546315547       486.7584280812 
        2.9450000000         0.1203503702         1.5368155241        21.9576278691       482.9540228784 
        2.9500000000         0.1095041255         1.5444623786        23.0586266406       494.3672384868 
        2.9550000000         0.0986308623         1.5189728637        25.9946233646       456.3231864586 
        2.9600000000         0.0877332635         1.5266197182        28.7471202933       467.7364020670 
        2.9650000000         0.0768140178         1.5087770578        30.0316188601       441.1055656472 
        2.9700000000         0.0658758193         1.5011302033        33.3346151746       429.6923500387 
        2.9750000000         0.0549213670         1.5036791548        32.7841157888       433.4967552416 
        2.9800000000         0.0439533637         1.5011302033        37.5551104653       429.6923500387 
        2.9850000000         0.0329745155         1.4832875429        39.2066086225       403.0615136189 
        2.9900000000         0.0219875314         1.4960323003        40.8581067797       422.0835396331 
        2.9950000000         0.0109951221         1.4858364944        42.8766045275       406.8659188218 
        3.0000000000         0.0000000000         1.4883854459        45.4456016610       410.6703240246 
        3.0050000000        -0.0109951221         1.4628959310        47.4640994087       372.6262719963 
        3.0100000000        -0.0219875314         1.4577980281        48.1980985897       365.0174615907 
        3.0150001000        -0.0329747352         1.4119169013        49.1155975659       296.5381679397 
        3.0200000000        -0.0439533637         1.3889763379        51.6845946994       262.2985211143 
        3.0250000000        -0.0549213670         1.3634868231        52.9690932661       224.2544690860 
        3.0300000000        -0.0658758193         1.3354483567        54.2535918329       182.4060118548 
        3.0350001000        -0.0768142364         1.2564308607        54.0700920376        64.4694505671 
        3.0400000000        -0.0877332635         1.1901581220        56.0885897854       -34.4450847064 
        3.0450000000        -0.0986308624         1.2130986854        54.0700920376        -0.2054378810 
        3.0500000000        -0.1095041255         1.2105497339        54.2535918329        -4.0098430838 
        3.0550001000        -0.1203505868         1.1774133646        53.5195926519       -53.4671107206 
        3.0600000000        -0.1311669202         1.1901581220        54.4370916281       -34.4450847064 
        3.0650000000        -0.1419511067         1.1774133646        54.8040912186       -53.4671107206 
        3.0700000000        -0.1527002690         1.1799623161        53.5195926519       -49.6627055177 
        3.0750001000        -0.1634119685         1.1927070735        53.7030924471       -30.6406795036 
        3.0800000000        -0.1740829210         1.1544728012        52.6020936757       -87.7067575460 
        3.0850000000        -0.1847111350         1.1366301408        52.6020936757      -114.3375939658 
        3.0900000000        -0.1952937742         1.1697665101        52.2350940852       -64.8803263290 
        3.0950000000        -0.2058282277         1.1417280438        51.1340953137      -106.7287835602 
        3.1000000000        -0.2163118961         1.1493748983        52.2350940852       -95.3155679517 
        3.1050000000        -0.2267421927         1.1340811893        50.4000961327      -118.1419991687 
        3.1100000000        -0.2371165442         1.1493748983        50.2165963374       -95.3155679517 
        3.1150000000        -0.2474323906         1.1111406260        49.6660969517      -152.3816459941 
        3.1200000000        -0.2576871869         1.1289832864        49.2990973612      -125.7508095743 
        3.1250000000        -0.2678784027         1.1187874804        48.1980985897      -140.9684303856 
        3.1300000000        -0.2780035234         1.1238853834        47.4640994087      -133.3596199800 
        3.1350000000        -0.2880600510         1.0932979656        46.7301002277      -179.0124824139 
        3.1400001000        -0.2980457031         1.0932979656        46.3631006372      -179.0124824139 
        3.1450000000        -0.3079574189         1.1162385289        45.0786020705      -144.7728355885 
        3.1500000000        -0.3177933498         1.0678084507        43.6106037085      -217.0565344422 
        3.1550000000        -0.3275508700         1.0932979656        43.0601043227      -179.0124824139 
        3.1600001000        -0.3372277646         1.0601615963        41.4086061655      -228.4697500507 
        3.1650000000        -0.3468210679         1.0780042567        40.6746069845      -201.8389136309 
        3.1700000000        -0.3563289910         1.0499657903        40.3076073940      -243.6873708620 
        3.1750000000        -0.3657489953         1.0678084507        38.6561092368      -217.0565344422 
        3.1800001000        -0.3750789422         1.0499657903        37.7386102605      -243.6873708620 
        3.1850000000        -0.3843159726         1.0499657903        37.5551104653      -243.6873708620 
        3.1900000000        -0.3934583645         1.0448678873        35.7201125128      -251.2961812677 
        3.1950000000        -0.4025036764         1.0601615963        33.5181149698      -228.4697500507 
        3.2000001000        -0.4114498545         1.0346720814        34.6191137413      -266.5138020790 
        3.2050000000        -0.4202941577         1.0474168388        31.3161174268      -247.4917760649 
        3.2100000000        -0.4290349376         1.0117315180        30.5821182458      -300.7534489045 
        3.2150000000        -0.4376698594         1.0372210329        28.5636204981      -262.7093968762 
        3.2200000000        -0.4461967928         1.0168294210        27.4626217266      -293.1446384988 
        3.2250000000        -0.4546136338         0.9836930517        25.9946233646      -342.6019061356 
        3.2300000000        -0.4629183057         1.0015357121        24.8936245931      -315.9710697158 
        3.2350000000        -0.4711087595         1.0040846636        23.0586266406      -312.1666645130 
        3.2400000000        -0.4791829742         0.9785951487        21.5906282787      -350.2107165412 
        3.2450000000        -0.4871389576         0.9964378091        20.1226299167      -323.5798801214 
        3.2500000000        -0.4949747468         0.9887909546        16.2691342164      -334.9930957299 
        3.2550000000        -0.5026884084         0.9938888576        18.1041321689      -327.3842853243 
        3.2600000000        -0.5102780392         0.9709482942        14.6176360592      -361.6239321497 
        3.2650001000        -0.5177419145         0.9785951487        12.5991383115      -350.2107165412 
        3.2700000000        -0.5250777487         0.9633014398        11.1311399495      -373.0371477582 
        3.2750000000        -0.5322841759         0.9683993428         9.6631415875      -365.4283373526 
        3.2800000000        -0.5393592699         0.9683993428         4.8921469110      -365.4283373526 
        3.2850001000        -0.5463014226         0.9734972457         6.3601452730      -357.8195269469 
        3.2900000000        -0.5531085087         0.9378119249         3.9746479348      -411.0811997865 
        3.2950000000        -0.5597792609         0.9582035368        -0.4293471512      -380.6459581639 
        3.3000000000        -0.5663118961         0.9327140220        -0.2458473559      -418.6900101922 
        3.3050001000        -0.5727049286         0.9378119249        -0.7963467417      -411.0811997865 
        3.3100000000        -0.5789564020         0.9301650705        -4.6498424419      -422.4944153950 
        3.3150000000        -0.5850651530         0.9199692645        -9.2373373231      -437.7120362063 
        3.3200000000        -0.5910295479         0.9352629734        -6.8518399849      -414.8856049893 
        3.3250001000        -0.5968482300         0.9021266041       -10.8888354803      -464.3428726261 
        3.3300000000        -0.6025194189         0.9250671675       -11.9898342518      -430.1032258007 
        3.3350000000        -0.6080420601         0.8842839437       -14.9258309758      -490.9737090459 
        3.3400000000        -0.6134146760         0.9225182160       -16.2103295425      -433.9076310035 
        3.3450000000        -0.6186359411         0.8664412833       -19.5133258570      -517.6045454657 
        3.3500000000        -0.6237045669         0.8842839437       -20.7978244238      -490.9737090459 
        3.3550000000        -0.6286193030         0.8511475744       -24.1008207382      -540.4309766827 
        3.3600000000        -0.6333789367         0.9046755556       -26.4863180765      -460.5384674233 
        3.3650000000        -0.6379822936         0.8435007200       -28.6883156194      -551.8441922912 
        3.3700000000        -0.6424282380         0.8715391863       -30.7068133672      -509.9957350601 
        3.3750000000        -0.6467156728         0.8460496714       -35.2943082484      -548.0397870884 
        3.3800000000        -0.6508435401         0.8740881378       -35.1108084531      -506.1913298572 
        3.3850000000        -0.6548108216         0.8333049140       -39.1478039486      -567.0618131025 
        3.3900001000        -0.6586166128         0.8129133021       -41.3498014916      -597.4970547251 
        3.3950000000        -0.6622597512         0.8333049140       -42.8177998536      -567.0618131025 
        3.4000000000        -0.6657395614         0.8613433804       -46.4877957585      -525.2133558714 
        3.4050000000        -0.6690551104         0.8384028170       -51.9927896160      -559.4530026969 
        3.4100001000        -0.6722056413         0.8333049140       -50.8917908445      -567.0618131025 
        3.4150000000        -0.6751901929         0.8231091081       -54.9287863400      -582.2794339138 
        3.4200000000        -0.6780082128         0.8333049140       -59.3327814259      -567.0618131025 
        3.4250000000        -0.6806589443         0.8129133021       -59.6997810164      -597.4970547251 
        3.4300001000        -0.6831417813         0.8180112051       -63.9202763072      -589.8882443195 
        3.4350000000        -0.6854559674         0.8027174962       -67.9572718026      -612.7146755365 
        3.4400000000        -0.6876010755         0.8103643506       -68.5077711884      -601.3014599280 
        3.4450000000        -0.6895765283         0.8078153991       -72.3612668886      -605.1058651308 
        3.4500001000        -0.6913818728         0.8027174962       -75.2972636126      -612.7146755365 
        3.4550000000        -0.6930165604         0.8129133021       -78.2332603365      -597.4970547251 
        3.4600000000        -0.6944802909         0.7695811269       -81.9032562415      -662.1719431732 
        3.4650000000        -0.6957726688         0.8180112051       -84.1052537845      -589.8882443195 
        3.4700000000        -0.6968933752         0.7644832239       -87.2247503037      -669.7807535789 
        3.4750000000        -0.6978421336         0.7950706417       -90.7112464134      -624.1278911450 
        3.4800000000        -0.6986187099         0.7746790298       -93.8307429327      -654.5631327676 
        3.4850000000        -0.6992229125         0.7695811269       -97.6842386329      -662.1719431732 
        3.4900000000        -0.6996545923         0.7746790298      -100.2532357664      -654.5631327676 
        3.4950000000        -0.6999136427         0.7670321754      -102.6387331046      -665.9763483761 
        3.5000000000        -0.7000000000         0.7211510486      -106.1252292143      -734.4556420270 
        3.5050000000        -0.6999136427         0.7619342724      -110.5292243003      -673.5851587817 
        3.5100000000        -0.6996545923         0.7542874179      -113.2817212290      -684.9983743902 
        3.5150001000        -0.6992229021         0.7542874179      -116.7682173387      -684.9983743902 
        3.5200000000        -0.6986187099         0.7619342724      -120.6217130389      -673.5851587817 
        3.5250000000        -0.6978421336         0.7440916120      -122.8237105819      -700.2159952015 
        3.5300000000        -0.6968933752         0.7542874179      -126.6772062821      -684.9983743902 
        3.5350001000        -0.6957726447         0.7440916120      -129.9802025966      -700.2159952015 
        3.5400000000        -0.6944802909         0.7211510486      -134.2006978873      -734.4556420270 
        3.5450000000        -0.6930165604         0.7313468546      -137.3201944066      -719.2380212157 
        3.5500000000        -0.6913818384         0.7415426605      -141.1736901068      -704.0204004044 
        3.5550001000        -0.6895764905         0.7109552427      -145.0271858070      -749.6732628383 
        3.5600000000        -0.6876010755         0.7440916120      -148.3301821215      -700.2159952015 
        3.5650000000        -0.6854559674         0.7237000001      -153.6516761837      -730.6512368242 
        3.5700000000        -0.6831417334         0.7389937090      -154.7526749552      -707.8248056072 
        3.5750001000        -0.6806588929         0.7211510486      -158.7896704506      -734.4556420270 
        3.5800000000        -0.6780082128         0.7389937090      -163.5606651271      -707.8248056072 
        3.5850000000        -0.6751901929         0.7364447575      -166.1296622606      -711.6292108100 
        3.5900000000        -0.6722055800         0.7186020971      -169.7996581655      -738.2600472298 
        3.5950000000        -0.6690551104         0.7262489516      -173.4696540705      -726.8468316213 
        3.6000000000        -0.6657395614         0.7186020971      -177.8736491565      -738.2600472298 
        3.6050000000        -0.6622597512         0.7364447575      -179.3416475185      -711.6292108100 
        3.6100000000        -0.6586165383         0.7033083882      -179.3416475185      -761.0864784468 
        3.6150000000        -0.6548108216         0.7517384665      -179.3416475185      -688.8027795931 
        3.6200000000        -0.6508435401         0.7160531457      -101.1707347426      -742.0644524327 
        3.6250000000        -0.6467156728         0.7313468546       179.9509515781      -719.2380212157 
        3.6300000000        -0.6424282380         0.7364447575       179.9509515781      -711.6292108100 
        3.6350000000        -0.6379822936         0.7007594367       178.2994534209      -764.8908836496 
        3.6400001000        -0.6333788431         0.7517384665       174.6294575159      -688.8027795931 
        3.6450000000        -0.6286193030         0.7186020971       170.5924620204      -738.2600472298 
        3.6500000000        -0.6237045669         0.7364447575       167.1059659107      -711.6292108100 
        3.6550000000        -0.6186359411         0.7109552427       163.4359700057      -749.6732628383 
        3.6600001000        -0.6134145701         0.7389937090       160.1329736913      -707.8248056072 
        3.6650000000        -0.6080420601         0.7338958061       155.9124784006      -715.4336160129 
        3.6700000000        -0.6025194189         0.7338958061       152.7929818813      -715.4336160129 
        3.6750000000        -0.5968481150         0.7237000001       148.5724865906      -730.6512368242 
        3.6800001000        -0.5910294300         0.7237000001       145.2694902761      -730.6512368242 
        3.6850000000        -0.5850651530         0.7415426605       142.5169933474      -704.0204004044 
        3.6900000000        -0.5789564020         0.7135041942       137.7459986710      -745.8688576355 
        3.6950000000        -0.5727048022         0.7517384665       133.5255033802      -688.8027795931 
        3.7000001000        -0.5663117668         0.7135041942       130.2225070658      -745.8688576355 
        3.7050000000        -0.5597792609         0.7313468546       126.5525111608      -719.2380212157 
        3.7100000000        -0.5531085087         0.7237000001       123.0660150511      -730.6512368242 
        3.7150000000        -0.5463012851         0.7313468546       119.3960191461      -719.2380212157 
        3.7200000000        -0.5393592699         0.7338958061       114.2580248791      -715.4336160129 
        3.7250000000        -0.5322841759         0.7440916120       111.8725275409      -700.2159952015 
        3.7300000000        -0.5250777487         0.7338958061       108.2025316359      -715.4336160129 
        3.7350000000        -0.5177417665         0.7440916120       102.5140379832      -700.2159952015 
        3.7400000000        -0.5102780392         0.7415426605       102.8810375737      -704.0204004044 
        3.7450000000        -0.5026884084         0.7517384665        98.6605422830      -688.8027795931 
        3.7500000000        -0.4949747468         0.7440916120        92.9720486303      -700.2159952015 
        3.7550000000        -0.4871389576         0.7670321754        92.0545496541      -665.9763483761 
        3.7600000000        -0.4791829741         0.7466405635        88.3845537491      -696.4115899987 
        3.7650001000        -0.4711085968         0.7593853209        85.9990564109      -677.3895639846 
        3.7700000000        -0.4629183057         0.7746790298        82.6960600964      -654.5631327676 
        3.7750000000        -0.4546136338         0.7619342724        78.4755648057      -673.5851587817 
        3.7800000000        -0.4461967928         0.7797769328        75.5395680817      -646.9543223619 
        3.7850001000        -0.4376696878         0.7772279813        72.0530719720      -650.7587275648 
        3.7900000000        -0.4290349375         0.7593853209        67.8325766813      -677.3895639846 
        3.7950000000        -0.4202941577         0.7950706417        65.8140789335      -624.1278911450 
        3.8000000000        -0.4114496766         0.7797769328        62.8780822096      -646.9543223619 
        3.8050001000        -0.4025034965         0.7823258843        59.7585856903      -643.1499171591 
        3.8100000000        -0.3934583645         0.7976195932        56.6390891711      -620.3234859421 
        3.8150000000        -0.3843159726         0.7925216902        51.3175951089      -627.9322963478 
        3.8200000000        -0.3750787565         0.7848748358        50.4000961327      -639.3455119563 
        3.8250001000        -0.3657488078         0.8052664477        47.0970998182      -608.9102703336 
        3.8300000000        -0.3563289910         0.8001685447        44.7116024800      -616.5190807393 
        3.8350000000        -0.3468210679         0.8001685447        40.8581067797      -616.5190807393 
        3.8400000000        -0.3372275719         0.7925216902        37.7386102605      -627.9322963478 
        3.8450000000        -0.3275508700         0.8231091081        35.3531129223      -582.2794339138 
        3.8500000000        -0.3177933498         0.8052664477        32.4171161983      -608.9102703336 
        3.8550000000        -0.3079574189         0.8180112051        29.4811194743      -589.8882443195 
        3.8600000000        -0.2980455041         0.8154622536        27.2791219314      -593.6926495223 
        3.8650000000        -0.2880600510         0.8358538655        23.7926258216      -563.2574078997 
        3.8700000000        -0.2780035234         0.8231091081        21.0401288929      -582.2794339138 
        3.8750000000        -0.2678784027         0.8460496714        18.6546315547      -548.0397870884 
        3.8800000000        -0.2576871869         0.8536965259        15.7186348307      -536.6265714799 
        3.8850000000        -0.2474323906         0.8282070110        12.7826381067      -574.6706235082 
        3.8900001000        -0.2371163373         0.8613433804         8.0116434303      -525.2133558714 
        3.8950000000        -0.2267421927         0.8536965259         8.5621428160      -536.6265714799 
        3.9000000000        -0.2163118960         0.8689902348         5.0756467063      -513.8001402629 
        3.9050000000        -0.2058282277         0.8536965259         0.3046520298      -536.6265714799 
        3.9100001000        -0.1952935630         0.8893818467         1.2221510061      -483.3648986403 
        3.9150000000        -0.1847111350         0.8842839437        -2.4478448989      -490.9737090459 
        3.9200000000        -0.1740829210         0.8689902348        -6.3013405991      -513.8001402629 
        3.9250000000        -0.1634117547         0.9148713616        -6.3013405991      -445.3208466120 
        3.9300001000        -0.1527000544         0.8919307982        -8.8703377326      -479.5604934374 
        3.9350000000        -0.1419511067         0.8842839437       -11.9898342518      -490.9737090459 
        3.9400000000        -0.1311669202         0.8970287012       -14.1918317948      -471.9516830318 
        3.9450000000        -0.1203503702         0.9072245071       -16.2103295425      -456.7340622205 
        3.9500001000        -0.1095039083         0.8970287012       -17.8618276998      -471.9516830318 
        3.9550000000        -0.0986308623         0.9276161190       -20.2473250380      -426.2988205978 
        3.9600000000        -0.0877332635         0.9072245071       -23.1833217620      -456.7340622205 
        3.9650000000        -0.0768140178         0.9301650705       -24.4678203287      -422.4944153950 
        3.9700000000        -0.0658758193         0.9276161190       -26.6698178717      -426.2988205978 
        3.9750000000        -0.0549213670         0.9327140220       -29.4223148004      -418.6900101922 
        3.9800000000        -0.0439533637         0.9225182160       -31.2573127529      -433.9076310035 
        3.9850000000        -0.0329745155         0.9582035368       -32.7253111149      -380.6459581639 
        3.9900000000        -0.0219875314         0.9378119249       -34.9273086579      -411.0811997865 
        3.9950000000        -0.0109951221         0.9505566824       -36.9458064056      -392.0591737724 
        4.0000000000        -0.0000000000         0.9683993428       -38.5973045629      -365.4283373526 
        4.0050000000         0.0109951221         0.9862420032       -39.8818031296      -338.7975009328 
        4.0100000000         0.0219875314         1.0193783725       -41.9003008773      -289.3402332960 
        4.0150000000         0.0329745155         1.0499657903       -43.5517990346      -243.6873708620 
        4.0200000000         0.0439533637         1.0780042567       -43.7352988298      -201.8389136309 
        4.0250000000         0.0549213670         1.1162385289       -45.5702967823      -144.7728355885 
        4.0300001000         0.0658760383         1.1519238497       -45.0197973966       -91.5111627489 
        4.0350001000         0.0768142364         1.1774133646       -46.3042959633       -53.4671107206 
        4.0400000000         0.0877332635         1.2207455399       -45.2032971918        11.2077777275 
        4.0450000000         0.0986308624         1.2283923943       -46.3042959633        22.6209933360 
        4.0500000000         0.1095041255         1.2207455399       -45.7537965775        11.2077777275 
        4.0550000000         0.1203503702         1.2334902973       -45.0197973966        30.2298037417 
        4.0600000000         0.1311669202         1.2742735211       -45.3867969871        91.1002869869 
        4.0650001000         0.1419513221         1.2487840062       -46.1207961680        53.0562349587 
        4.0700001000         0.1527004836         1.2640777151       -43.1847994441        75.8826661756 
        4.0750001000         0.1634119685         1.2666266666       -44.4692980108        79.6870713785 
        4.0800000000         0.1740829210         1.2793714240       -43.7352988298        98.7090973926 
        4.0850000000         0.1847111350         1.3023119874       -42.0838006726       132.9487442181 
        4.0900000000         0.1952937742         1.2768224726       -43.7352988298        94.9046921898 
        4.0950000000         0.2058282277         1.2844693270       -42.4508002631       106.3179077983 
        4.1000000000         0.2163118961         1.2819203755       -41.3498014916       102.5135025954 
        4.1050000000         0.2267421927         1.2972140844       -41.3498014916       125.3399338124 
        4.1100000000         0.2371165442         1.2972140844       -40.7993021058       125.3399338124 
        4.1150000000         0.2474323906         1.3048609389       -40.2488027201       136.7531494209 
        4.1200000000         0.2576871869         1.3048609389       -39.8818031296       136.7531494209 
        4.1250000000         0.2678784027         1.3379973082       -38.7808043581       186.2104170577 
        4.1300000000         0.2780035234         1.3252525508       -38.4138047676       167.1883910435 
        4.1350000000         0.2880600510         1.2946651330       -37.1293062009       121.5355286096 
        4.1400000000         0.2980455041         1.3405462597       -36.9458064056       190.0148222605 
        4.1450000000         0.3079574189         1.3456441627       -35.2943082484       197.6236326662 
        4.1500000000         0.3177933498         1.3532910171       -34.0098096816       209.0368482747 
        4.1550000000         0.3275508700         1.3558399686       -32.7253111149       212.8412534775 
        4.1600000000         0.3372275719         1.3558399686       -31.9913119339       212.8412534775 
        4.1650000000         0.3468210679         1.3838784350       -32.5418113197       254.6897107086 
        4.1700000000         0.3563289910         1.3558399686       -30.5233135719       212.8412534775 
        4.1750000000         0.3657489953         1.3736826290       -29.0553152099       239.4720898973 
        4.1800000000         0.3750787565         1.3711336775       -27.4038170527       235.6676846945 
        4.1850000000         0.3843159726         1.3864273864       -26.6698178717       258.4941159114 
        4.1900001000         0.3934585464         1.3787805320       -25.2018195097       247.0809003029 
        4.1950000000         0.4025036764         1.3609378716       -24.4678203287       220.4500638831 
        4.2000000000         0.4114496766         1.3940742409       -22.4493225810       269.9073315199 
        4.2050000000         0.4202941577         1.3864273864       -22.0823229905       258.4941159114 
        4.2100000000         0.4290349376         1.4297595617       -19.6968256523       323.1690043595 
        4.2150000000         0.4376698594         1.3940742409       -18.0453274950       269.9073315199 
        4.2200000000         0.4461967928         1.3711336775       -17.1278285188       235.6676846945 
        4.2250000000         0.4546136338         1.4093679498       -14.7423311806       292.7337627369 
        4.2300000000         0.4629183057         1.4348574647       -14.3753315901       330.7778147652 
        4.2350000000         0.4711087595         1.4374064162       -15.2928305663       334.5822199680 
        4.2400000000         0.4791829742         1.4246616587       -11.6228346613       315.5601939539 
        4.2450000000         0.4871389576         1.4399553677        -9.2373373231       338.3866251709 
        4.2500000000         0.4949747468         1.4628959310       -10.1548362993       372.6262719963 
        4.2550000000         0.5026884084         1.4577980281        -6.3013405991       365.0174615907 
        4.2600000000         0.5102780392         1.4501511736        -3.9158432609       353.6042459822 
        4.2650000000         0.5177417665         1.4781896399        -2.9983442846       395.4527032133 
        4.2700000000         0.5250777487         1.4527001251        -0.9798465369       357.4086511850 
        4.2750000000         0.5322841759         1.4960323003         1.4056508013       422.0835396331 
        4.2800000000         0.5393592699         1.4527001251         1.9561501871       357.4086511850 
        4.2850000000         0.5463012851         1.4883854459         5.4426462968       410.6703240246 
        4.2900000000         0.5531085087         1.4527001251         6.5436450683       357.4086511850 
        4.2950000000         0.5597792609         1.4985812518         8.5621428160       425.8879448359 
        4.3000000000         0.5663118961         1.4883854459        10.5806405637       410.6703240246 
        4.3050000000         0.5727048022         1.4858364944        12.0486389257       406.8659188218 
        4.3100000000         0.5789564020         1.5189728637        15.1681354450       456.3231864586 
        4.3150001000         0.5850652737         1.4985812518        17.0031333974       425.8879448359 
        4.3200000000         0.5910295479         1.5138749607        19.2051309404       448.7143760529 
        4.3250000000         0.5968481150         1.5062281063        20.6731293024       437.3011604444 
        4.3300000000         0.6025194189         1.5342665726        23.0586266406       479.1496176755 
        4.3350000000         0.6080420601         1.5062281063        25.2606241836       437.3011604444 
        4.3400000000         0.6134146760         1.5495602815        28.0131211124       501.9760488925 
        4.3450000000         0.6186359411         1.5240707667        27.6461215219       463.9319968642 
        4.3500000000         0.6237045669         1.5597560875        33.8851145603       517.1936697038 
        4.3550001000         0.6286193998         1.5342665726        35.7201125128       479.1496176755 
        4.3600000000         0.6333789367         1.5444623786        37.1881108748       494.3672384868 
        4.3650000000         0.6379822936         1.5546581845        40.3076073940       509.5848592982 
        4.3700000000         0.6424282380         1.5572071360        42.1426053465       513.3892645010 
        4.3750000000         0.6467156728         1.5648539905        45.9961010467       524.8024801095 
        4.3800000000         0.6508435401         1.5826966509        48.3815983849       551.4333165293 
        4.3850000000         0.6548108216         1.5801476994        50.7670957232       547.6289113265 
        4.3900000000         0.6586165383         1.5903435053        53.1525930614       562.8465321378 
        4.3950000000         0.6622597512         1.5775987479        57.5565881474       543.8245061236 
        4.4000000000         0.6657395614         1.6005393113        58.2905873284       578.0641529491 
        4.4050000000         0.6690551104         1.5877945538        59.5750858951       559.0421269349 
        4.4100000000         0.6722055800         1.6030882627        64.5295803668       581.8685581519 
        4.4150000000         0.6751901929         1.6056372142        67.2820772955       585.6729633548 
        4.4200000000         0.6780082128         1.6158330202        70.0345742243       600.8905841661 
        4.4250000000         0.6806589443         1.6158330202        72.9705709482       600.8905841661 
        4.4300000000         0.6831417334         1.6183819717        75.7230678770       604.6949893689 
        4.4350000000         0.6854559674         1.5979903598        79.0260641914       574.2597477463 
        4.4400001000         0.6876011167         1.6311267291        81.2280617344       623.7170153830 
        4.4450000000         0.6895765283         1.6132840687        84.5310580489       597.0861789632 
        4.4500000000         0.6913818384         1.6362246321        87.6505545681       631.3258257887 
        4.4550000000         0.6930165604         1.6234798746        91.3205504731       612.3037997745 
        4.4600000000         0.6944802909         1.6387735836        94.4400469923       635.1302309915 
        4.4650000000         0.6957726688         1.6311267291        97.0090441258       623.7170153830 
        4.4700000000         0.6968933752         1.6209309231        98.6605422830       608.4993945717 
        4.4750000000         0.6978421336         1.6540672925       102.5140379832       657.9566622085 
        4.4800001000         0.6986187237         1.6311267291       106.0005340930       623.7170153830 
        4.4850000000         0.6992229125         1.6489693895       109.1200306122       650.3478518028 
        4.4900000000         0.6996545923         1.6387735836       113.5240256982       635.1302309915 
        4.4950000000         0.6999136427         1.6515183410       115.5425234459       654.1522570057 
        4.5000000000         0.7000000000         1.5597560875       118.4785201699       517.1936697038 
        4.5050000000         0.6999136427         1.6642630984       123.2495148463       673.1742830198 
        4.5100000000         0.6996545923         1.6387735836       125.0845127988       635.1302309915 
        4.5150000000         0.6992229125         1.6591651954       127.2865103418       665.5654726142 
        4.5200000000         0.6986187099         1.6489693895       131.8740052230       650.3478518028 
        4.5250000000         0.6978421336         1.6617141469       134.8100019470       669.3698778170 
        4.5300000000         0.6968933752         1.6489693895       139.0304972377       650.3478518028 
        4.5350000000         0.6957726688         1.6744589044       141.7829941664       688.3919038311 
        4.5400000000         0.6944802909         1.6693610014       144.7189908904       680.7830934255 
        4.5450016000         0.6930160646         1.6540672925       148.0219872049       657.9566622085 
        4.5500000000         0.6913818384         1.6795568073       152.2424824956       696.0007142368 
        4.5550000000         0.6895765283         1.6591651954       154.6279798338       665.5654726142 
        4.5600000000         0.6876010755         1.6515183410       159.7659741008       654.1522570057 
        4.5650001000         0.6854559228         1.6897526133       162.5184710295       711.2183350481 
        4.5700000000         0.6831417334         1.6719099529       165.2709679582       684.5874986283 
        4.5750000000         0.6806589443         1.6719099529       168.5739642727       684.5874986283 
        4.5800000000         0.6780082128         1.6795568073       172.4274599729       696.0007142368 
        4.5850000000         0.6751901929         1.6693610014       175.7304562874       680.7830934255 
        4.5900000000         0.6722055800         1.6744589044       180.1344513734       688.3919038311 
        4.5950000000         0.6690551104         1.6948505162       181.4189499401       718.8271454538 
        4.6000000000         0.6657395614         1.6719099529       179.5839519876       684.5874986283 
        4.6050001000         0.6622596799         1.6923015648      -100.4367355616       715.0227402509 
        4.6100000000         0.6586165383         1.6923015648      -179.1581477232       715.0227402509 
        4.6150000000         0.6548108216         1.6897526133      -180.6261460852       711.2183350481 
        4.6200000000         0.6508435401         1.6770078558      -180.4426462900       692.1963090340 
        4.6250000000         0.6467156728         1.7254379341      -177.1396499755       764.4800078877 
        4.6300000000         0.6424282380         1.6744589044      -174.2036532515       688.3919038311 
        4.6350000000         0.6379822936         1.6923015648      -170.5336573465       715.0227402509 
        4.6400000000         0.6333789367         1.6973994677      -166.3131620558       722.6315506566 
        4.6450000000         0.6286193030         1.6948505162      -162.4596663556       718.8271454538 
        4.6500000000         0.6237045669         1.6897526133      -158.6061706554       711.2183350481 
        4.6550000000         0.6186359411         1.6897526133      -155.6701739314       711.2183350481 
        4.6600000000         0.6134146760         1.6872036618      -152.9176770027       707.4139298453 
        4.6650000000         0.6080420601         1.6923015648      -148.5136819167       715.0227402509 
        4.6700000000         0.6025194189         1.7050463222      -145.0271858070       734.0447662651 
        4.6750000000         0.5968481150         1.6948505162      -142.0911890830       718.8271454538 
        4.6800000000         0.5910295479         1.6795568073      -138.6046929733       696.0007142368 
        4.6850000000         0.5850651530         1.7101442252      -134.7511972731       741.6535766707 
        4.6900001000         0.5789562784         1.6923015648      -130.7142017776       715.0227402509 
        4.6950000000         0.5727048022         1.6846547103      -127.2277056679       703.6095246425 
        4.7000000000         0.5663118961         1.7024973707      -123.9247093534       730.2403610623 
        4.7050000000         0.5597792609         1.6770078558      -120.4382132437       692.1963090340 
        4.7100000000         0.5531085087         1.6821057588      -117.6857163150       699.8051194396 
        4.7150000000         0.5463012851         1.7024973707      -112.1807224575       730.2403610623 
        4.7200002000         0.5393589896         1.6770078558      -109.6117253240       692.1963090340 
        4.7250000000         0.5322841759         1.7024973707      -107.5932275763       730.2403610623 
        4.7300001000         0.5250776033         1.6719099529      -102.8222328998       684.5874986283 
        4.7350000000         0.5177417665         1.6872036618       -99.5192365854       707.4139298453 
        4.7400000000         0.5102780392         1.7024973707       -96.2162402709       730.2403610623 
        4.7450000000         0.5026884084         1.6770078558       -93.2802435469       692.1963090340 
        4.7500000000         0.4949747468         1.6973994677       -89.9772472324       722.6315506566 
        4.7550000000         0.4871389576         1.6744589044       -86.6742509180       688.3919038311 
        4.7600000000         0.4791829741         1.6642630984       -83.5547543987       673.1742830198 
        4.7650000000         0.4711087595         1.6693610014       -79.3342591080       680.7830934255 
        4.7700000000         0.4629183057         1.6821057588       -76.7652619745       699.8051194396 
        4.7750000000         0.4546136338         1.6489693895       -72.3612668886       650.3478518028 
        4.7800000000         0.4461967928         1.6770078558       -69.4252701646       692.1963090340 
        4.7850000000         0.4376698594         1.6719099529       -66.1222738501       684.5874986283 
        4.7900000000         0.4290349375         1.6515183410       -61.9017785594       654.1522570057 
        4.7950000000         0.4202941577         1.6719099529       -59.8832808117       684.5874986283 
        4.8000000000         0.4114496766         1.6642630984       -56.7637842925       673.1742830198 
        4.8050000000         0.4025036764         1.6668120499       -52.7267887970       676.9786882226 
        4.8100000000         0.3934583645         1.6795568073       -51.6257900255       696.0007142368 
        4.8150001000         0.3843157888         1.6693610014       -46.6712955538       680.7830934255 
        4.8200000000         0.3750787565         1.6336756806       -43.7352988298       627.5214205859 
        4.8250000000         0.3657489953         1.6438714865       -40.7993021058       642.7390413972 
        4.8300000000         0.3563289910         1.6515183410       -37.1293062009       654.1522570057 
        4.8350000000         0.3468210679         1.6540672925       -33.6428100911       657.9566622085 
        4.8400000000         0.3372275719         1.6464204380       -31.0738129577       646.5434466000 
        4.8450000000         0.3275508700         1.6438714865       -27.9543164384       642.7390413972 
        4.8500000000         0.3177933498         1.6234798746       -24.6513201240       612.3037997745 
        4.8550001000         0.3079572214         1.6311267291       -22.4493225810       623.7170153830 
        4.8600000000         0.2980455041         1.6311267291       -18.5958268808       623.7170153830 
        4.8650000000         0.2880600510         1.6387735836       -16.2103295425       635.1302309915 
        4.8700000000         0.2780035234         1.6158330202       -12.7238334328       600.8905841661 
        4.8750000000         0.2678784027         1.6081861657        -9.7878367088       589.4773685576 
        4.8800000000         0.2576871869         1.5877945538        -7.0353397801       559.0421269349 
        4.8850000000         0.2474323906         1.5954414083        -4.2828428514       570.4553425434 
        4.8900000000         0.2371165442         1.6030882627        -1.3468461274       581.8685581519 
        4.8950000000         0.2267421927         1.5801476994         1.0386512108       547.6289113265 
        4.9000000000         0.2163118960         1.5877945538         3.2406487538       559.0421269349 
        4.9050000000         0.2058282277         1.5903435053         5.6261460920       562.8465321378 
        4.9100009000         0.1952918736         1.5801476994         9.8466413827       547.6289113265 
        4.9150000000         0.1847111350         1.5801476994        12.4156385162       547.6289113265 
        4.9200000000         0.1740829210         1.5572071360        14.0671366735       513.3892645010 
        4.9250000000         0.1634117547         1.5623050390        17.3701329879       520.9980749067 
        4.9300000000         0.1527002690         1.5521092330        18.6546315547       505.7804540953 
        4.9350000000         0.1419511067         1.5495602815        22.1411276644       501.9760488925 
        4.9400001000         0.1311667042         1.5572071360        24.5266250026       513.3892645010 
        4.9450000000         0.1203503702         1.5393644756        26.9121223409       486.7584280812 
        4.9500000000         0.1095041255         1.5495602815        29.8481190648       501.9760488925 
        4.9550000000         0.0986308623         1.5393644756        31.6831170173       486.7584280812 
        4.9600000000         0.0877332635         1.5087770578        34.0686143556       441.1055656472 
        4.9650000000         0.0768140178         1.5393644756        37.5551104653       486.7584280812 
        4.9700000000         0.0658758193         1.4985812518        38.4726094415       425.8879448359 
        4.9750000000         0.0549213670         1.5266197182        41.0416065750       467.7364020670 
        4.9800001000         0.0439531442         1.5036791548        42.1426053465       433.4967552416 
        4.9850000000         0.0329745155         1.4960323003        44.5281026847       422.0835396331 
        4.9900000000         0.0219875314         1.4883854459        47.2805996134       410.6703240246 
        4.9950095000         0.0109742331         1.4934833489        48.0145987944       418.2791344303 
        5.0000000000         0.0000000000         1.4730917370        51.5010949042       387.8438928076 
        5.0050000000        -0.0109951221         1.4858364944        53.7030924471       406.8659188218 
        5.0100000000        -0.0219875314         1.4527001251        54.8040912186       357.4086511850 
        5.0150000000        -0.0329745155         1.4017210954        56.4555893759       281.3205471284 
        5.0200000000        -0.0439533637         1.4246616587        57.0060887616       315.5601939539 
        5.0250000000        -0.0549213670         1.3558399686        54.9875910139       212.8412534775 
        5.0300000000        -0.0658758193         1.3074098904        59.0245865093       140.5575546237 
        5.0350000000        -0.0768140178         1.2946651330        59.3915860998       121.5355286096 
        5.0400000000        -0.0877332635         1.2487840062        58.2905873284        53.0562349587 
        5.0450000000        -0.0986308624         1.1952560250        60.1255852808       -26.8362743008 
        5.0500000000        -0.1095041255         1.2003539280        60.6760846666       -19.2274638951 
        5.0550000000        -0.1203503702         1.2003539280        59.7585856903       -19.2274638951 
        5.0600000000        -0.1311669202         1.1850602191        61.7770834381       -42.0538951121 
        5.0650001000        -0.1419513221         1.1697665101        60.1255852808       -64.8803263290 
        5.0700000000        -0.1527002690         1.1697665101        59.7585856903       -64.8803263290 
        5.0750000000        -0.1634117547         1.1672175587        59.5750858951       -68.6847315319 
        5.0800000000        -0.1740829210         1.1595707042        59.5750858951       -80.0979471404 
        5.0850000000        -0.1847111350         1.1621196557        59.3915860998       -76.2935419375 
        5.0900000000        -0.1952937742         1.1570217527        58.2905873284       -83.9023523432 
        5.0950000000        -0.2058282277         1.1442769953        57.5565881474      -102.9243783573 
        5.1000000000        -0.2163118961         1.1442769953        57.7400879426      -102.9243783573 
        5.1050001000        -0.2267424008         1.1468259468        57.0060887616       -99.1199731545 
        5.1100000000        -0.2371165442         1.1391790923        55.9050899901      -110.5331887630 
        5.1150000000        -0.2474323906         1.1340811893        56.0885897854      -118.1419991687 
        5.1200000000        -0.2576871869         1.1417280438        51.6845946994      -106.7287835602 
        5.1250000000        -0.2678784027         1.1289832864        55.5380903996      -125.7508095743 
        5.1300000000        -0.2780035234         1.1366301408        54.4370916281      -114.3375939658 
        5.1350000000        -0.2880600510         1.0780042567        54.0700920376      -201.8389136309 
        5.1400000000        -0.2980455041         1.1213364319        53.3360928566      -137.1640251828 
        5.1450000000        -0.3079574189         1.1111406260        51.8680944947      -152.3816459941 
        5.1500000000        -0.3177933498         1.0576126448        51.8680944947      -232.2741552535 
        5.1550000000        -0.3275508700         1.0882000626        51.1340953137      -186.6212928196 
        5.1600000000        -0.3372275719         1.0856511111        49.4825971564      -190.4256980224 
        5.1650000000        -0.3468210679         1.0678084507        48.9320977707      -217.0565344422 
        5.1700000000        -0.3563289910         1.0652594992        48.3815983849      -220.8609396451 
        5.1750000000        -0.3657489953         1.0678084507        46.5466004324      -217.0565344422 
        5.1800000000        -0.3750787565         1.0525147418        42.1426053465      -239.8829656592 
        5.1850000000        -0.3843159726         1.0499657903        44.7116024800      -243.6873708620 
        5.1900001000        -0.3934585464         1.0550636933        43.0601043227      -236.0785604564 
        5.1950000000        -0.4025036764         1.0448678873        39.9406078035      -251.2961812677 
        5.2000000000        -0.4114496766         1.0321231299        39.9406078035      -270.3182072818 
        5.2050000000        -0.4202941577         0.9887909546        39.0231088273      -334.9930957299 
        5.2100000000        -0.4290349376         1.0372210329        36.4541116938      -262.7093968762 
        5.2150000000        -0.4376698594         1.0193783725        36.6376114890      -289.3402332960 
        5.2200000000        -0.4461967928         1.0168294210        34.2521141508      -293.1446384988 
        5.2250000000        -0.4546136338         1.0295741784        33.5181149698      -274.1226124847 
        5.2300001000        -0.4629184707         1.0066336150        31.4996172221      -308.3622593101 
        5.2350000000        -0.4711087595         1.0066336150        31.4996172221      -308.3622593101 
        5.2400000000        -0.4791829742         0.9938888576        28.3801207028      -327.3842853243 
        5.2450000000        -0.4871389576         0.9862420032        26.7286225456      -338.7975009328 
        5.2500000000        -0.4949747468         0.9887909546        26.9121223409      -334.9930957299 
        5.2550000000        -0.5026884084         0.9556545853        23.4256262311      -384.4503633667 
        5.2600000000        -0.5102780392         0.9887909546        19.0216311452      -334.9930957299 
        5.2650000000        -0.5177417665         0.9607524883        20.6731293024      -376.8415529611 
        5.2700000000        -0.5250777487         0.9683993428        18.8381313499      -365.4283373526 
        5.2750000000        -0.5322841759         0.9658503913        13.1496376972      -369.2327425554 
        5.2800000000        -0.5393592699         0.9607524883        14.4341362640      -376.8415529611 
        5.2850000000        -0.5463012851         0.9607524883        12.9661379020      -376.8415529611 
        5.2900000000        -0.5531085087         0.9429098279        11.3146397447      -403.4723893809 
        5.2950000000        -0.5597792609         0.9607524883         8.7456426113      -376.8415529611 
        5.3000000000        -0.5663118961         0.9403608764         7.0941444540      -407.2767945837 
        5.3050000000        -0.5727048022         0.9480077309         5.6261460920      -395.8635789752 
        5.3100000000        -0.5789564020         0.9174203130         2.8736491633      -441.5164414092 
        5.3150001000        -0.5850652737         0.9046755556         1.2221510061      -460.5384674233 
        5.3200000000        -0.5910295479         0.9225182160        -0.4293471512      -433.9076310035 
        5.3250000000        -0.5968481150         0.9174203130        -1.8973455132      -441.5164414092 
        5.3300000000        -0.6025194189         0.9046755556        -5.9343410086      -460.5384674233 
        5.3350000000        -0.6080420601         0.9199692645        -5.5673414181      -437.7120362063 
        5.3400000000        -0.6134146760         0.8893818467        -9.7878367088      -483.3648986403 
        5.3450000000        -0.6186359411         0.9021266041       -12.7238334328      -464.3428726261 
        5.3500000000        -0.6237045669         0.8689902348       -14.7423311806      -513.8001402629 
        5.3550001000        -0.6286193998         0.8613433804       -16.0268297473      -525.2133558714 
        5.3600000000        -0.6333789367         0.8817349922       -19.1463262665      -494.7781142488 
        5.3650000000        -0.6379822936         0.8817349922       -21.7153234000      -494.7781142488 
        5.3700000000        -0.6424282380         0.8435007200       -24.2843205335      -551.8441922912 
        5.3750000000        -0.6467156728         0.8995776526       -26.6698178717      -468.1472778289 
        5.3800000000        -0.6508435401         0.8282070110       -28.1378162337      -574.6706235082 
        5.3850000000        -0.6548108216         0.8587944289       -31.2573127529      -529.0177610742 
        5.3900000000        -0.6586165383         0.8435007200       -34.5603090674      -551.8441922912 
        5.3950000000        -0.6622597512         0.8638923318       -36.9458064056      -521.4089506686 
        5.4000000000        -0.6657395614         0.8435007200       -38.4138047676      -551.8441922912 
        5.4050000000        -0.6690551104         0.8358538655       -41.7168010821      -563.2574078997 
        5.4100000000        -0.6722055800         0.8282070110       -47.4052947348      -574.6706235082 
        5.4150000000        -0.6751901929         0.8256580595       -50.3412914588      -578.4750287110 
        5.4200001000        -0.6780082675         0.8358538655       -50.3412914588      -563.2574078997 
        5.4250000000        -0.6806589443         0.8129133021       -55.4792857257      -597.4970547251 
        5.4300000000        -0.6831417334         0.8001685447       -55.8462853162      -616.5190807393 
        5.4350000000        -0.6854559674         0.8078153991       -58.2317826544      -605.1058651308 
        5.4400001000        -0.6876011167         0.7746790298       -62.0852783547      -654.5631327676 
        5.4450000000        -0.6895765283         0.8052664477       -65.5717744644      -608.9102703336 
        5.4500000000        -0.6913818384         0.8001685447       -67.5902722121      -616.5190807393 
        5.4550000000        -0.6930165604         0.7874237873       -71.4437679123      -635.5411067534 
        5.4600000000        -0.6944802909         0.7772279813       -74.7467642268      -650.7587275648 
        5.4650041000        -0.6957736582         0.7925216902       -77.3157613603      -627.9322963478 
        5.4700000000        -0.6968933752         0.7644832239       -80.6187576748      -669.7807535789 
        5.4750000000        -0.6978421336         0.8001685447       -83.1877548082      -616.5190807393 
        5.4800001000        -0.6986187237         0.7670321754       -86.8577507132      -665.9763483761 
        5.4850000000        -0.6992229125         0.7619342724       -89.4267478467      -673.5851587817 
        5.4900000000        -0.6996545923         0.7848748358       -92.9132439564      -639.3455119563 
        5.4950000000        -0.6999136427         0.7517384665       -96.5832398614      -688.8027795931 
        5.5000000000        -0.7000000000         0.7619342724       -99.3357367901      -673.5851587817 
        5.5050000000        -0.6999136427         0.7517384665      -103.1892324903      -688.8027795931 
        5.5100000000        -0.6996545923         0.7517384665      -107.0427281906      -688.8027795931 
        5.5150000000        -0.6992229125         0.7670321754      -109.0612259383      -665.9763483761 
        5.5200000000        -0.6986187099         0.7542874179      -112.9147216385      -684.9983743902 
        5.5250000000        -0.6978421336         0.7466405635      -116.2177179530      -696.4115899987 
        5.5300000000        -0.6968933752         0.7364447575      -120.4382132437      -711.6292108100 
        5.5350000000        -0.6957726688         0.7593853209      -123.1907101724      -677.3895639846 
        5.5400000000        -0.6944802909         0.7364447575      -126.8607060774      -711.6292108100 
        5.5450000000        -0.6930165604         0.7007594367      -130.1637023919      -764.8908836496 
        5.5500000000        -0.6913818384         0.7466405635      -133.8336982968      -696.4115899987 
        5.5550000000        -0.6895765283         0.7237000001      -140.6231907210      -730.6512368242 
        5.5600000000        -0.6876010755         0.7338958061      -140.4396909258      -715.4336160129 
        5.5650001000        -0.6854559228         0.7237000001      -144.8436860117      -730.6512368242 
        5.5700000000        -0.6831417334         0.7313468546      -149.9816802787      -719.2380212157 
        5.5750000000        -0.6806589443         0.7109552427      -152.1836778217      -749.6732628383 
        5.5800000000        -0.6780082128         0.7364447575      -155.8536737267      -711.6292108100 
        5.5850000000        -0.6751901929         0.7109552427      -159.5236696316      -749.6732628383 
        5.5900000000        -0.6722055800         0.7466405635      -163.3771653318      -696.4115899987 
        5.5950000000        -0.6690551104         0.7389937090      -166.3131620558      -707.8248056072 
        5.6000000000        -0.6657395614         0.7237000001      -170.1666577560      -730.6512368242 
        5.6050001000        -0.6622596799         0.7389937090      -174.7541526373      -707.8248056072 
        5.6100000000        -0.6586165383         0.7135041942      -178.0571489517      -745.8688576355 
        5.6150000000        -0.6548108216         0.7415426605      -179.1581477232      -704.0204004044 
        5.6200000000        -0.6508435401         0.7135041942      -179.8921469042      -745.8688576355 
        5.6250000000        -0.6467156728         0.7389937090       -99.8862361759      -707.8248056072 
        5.6300000000        -0.6424282380         0.7313468546      -100.0697359711      -719.2380212157 
        5.6350000000        -0.6379822936         0.7338958061       179.5839519876      -715.4336160129 
        5.6400000000        -0.6333789367         0.7262489516       179.9509515781      -726.8468316213 
        5.6450000000        -0.6286193030         0.7186020971       177.5654542399      -738.2600472298 
        5.6500000000        -0.6237045669         0.7389937090       174.0789581302      -707.8248056072 
        5.6550000000        -0.6186359411         0.7058573397       169.4914632490      -757.2820732440 
        5.6600000000        -0.6134146760         0.7415426605       165.2709679582      -704.0204004044 
        5.6650000000        -0.6080420601         0.7058573397       163.4359700057      -757.2820732440 
        5.6700000000        -0.6025194189         0.7338958061       159.3989745103      -715.4336160129 
        5.6750000000        -0.5968481150         0.7415426605       156.0959781958      -704.0204004044 
        5.6800000000        -0.5910295479         0.7287979031       152.4259822908      -723.0424264185 
        5.6850000000        -0.5850651530         0.7186020971       147.8384874096      -738.2600472298 
        5.6900001000        -0.5789562784         0.7160531457       144.3519912999      -742.0644524327 
        5.6950000000        -0.5727048022         0.7389937090       140.6819953949      -707.8248056072 
        5.7000000000        -0.5663118961         0.7364447575       137.7459986710      -711.6292108100 
        5.7050000000        -0.5597792609         0.7491895150       133.3420035850      -692.6071847959 
        5.7100000000        -0.5531085087         0.7160531457       130.4060068610      -742.0644524327 
        5.7150000000        -0.5463012851         0.7517384665       126.1855115703      -688.8027795931 
        5.7200000000        -0.5393592699         0.7211510486       122.1485160748      -734.4556420270 
        5.7250000000        -0.5322841759         0.7186020971       119.3960191461      -738.2600472298 
        5.7300086000        -0.5250652416         0.7542874179       115.7260232411      -684.9983743902 
        5.7350000000        -0.5177417665         0.7491895150       111.8725275409      -692.6071847959 
        5.7400000000        -0.5102780392         0.7517384665       109.8540297932      -688.8027795931 
        5.7450000000        -0.5026884084         0.7466405635       105.6335345025      -696.4115899987 
        5.7500000000        -0.4949747468         0.7237000001       101.0460396213      -730.6512368242 
        5.7550000000        -0.4871389576         0.7619342724        99.2110416688      -673.5851587817 
        5.7600000000        -0.4791829741         0.7568363694        94.6235467876      -681.1939691874 
        5.7650000000        -0.4711087595         0.7721300783        92.0545496541      -658.3675379704 
        5.7700000000        -0.4629183057         0.7568363694        88.3845537491      -681.1939691874 
        5.7750000000        -0.4546136338         0.7644832239        83.4300592774      -669.7807535789 
        5.7800000000        -0.4461967928         0.7746790298        83.6135590726      -654.5631327676 
        5.7850000000        -0.4376698594         0.7517384665        78.4755648057      -688.8027795931 
        5.7900000000        -0.4290349375         0.7466405635        75.1725684912      -696.4115899987 
        5.7950000000        -0.4202941577         0.8001685447        73.5210703340      -616.5190807393 
        5.8000000000        -0.4114496766         0.7644832239        69.4840748385      -669.7807535789 
        5.8050000000        -0.4025036764         0.8052664477        65.6305791383      -608.9102703336 
        5.8100000000        -0.3934583645         0.7721300783        63.2450818001      -658.3675379704 
        5.8150001000        -0.3843157888         0.7823258843        59.2080863046      -643.1499171591 
        5.8200000000        -0.3750787565         0.8129133021        57.3730883521      -597.4970547251 
        5.8250000000        -0.3657489953         0.7874237873        52.9690932661      -635.5411067534 
        5.8300000000        -0.3563289910         0.8001685447        51.3175951089      -616.5190807393 
        5.8350000000        -0.3468210679         0.8129133021        48.0145987944      -597.4970547251 
        5.8400000000        -0.3372275719         0.8103643506        46.1796008420      -601.3014599280 
        5.8450000000        -0.3275508700         0.8052664477        41.7756057560      -608.9102703336 
        5.8500000000        -0.3177933498         0.8078153991        38.6561092368      -605.1058651308 
        5.8550001000        -0.3079572214         0.8435007200        35.9036123080      -551.8441922912 
        5.8600000000        -0.2980455041         0.8205601566        33.3346151746      -586.0838391167 
        5.8650000000        -0.2880600510         0.8485986229        30.7656180411      -544.2353818855 
        5.8700000000        -0.2780035234         0.8282070110        28.3801207028      -574.6706235082 
        5.8750000000        -0.2678784027         0.8282070110        24.3431252074      -574.6706235082 
        5.8800000000        -0.2576871869         0.8485986229        22.5081272549      -544.2353818855 
        5.8850000000        -0.2474323906         0.8384028170        18.6546315547      -559.4530026969 
        5.8900000000        -0.2371165442         0.8613433804        16.8196336022      -525.2133558714 
        5.8950000000        -0.2267421927         0.8562454774        14.6176360592      -532.8221662770 
        5.9000012000        -0.2163093863         0.8256580595        11.4981395400      -578.4750287110 
        5.9050000000        -0.2058282277         0.8766370893         8.9291424065      -502.3869246544 
        5.9100000000        -0.1952937742         0.8511475744         6.1766454778      -540.4309766827 
        5.9150000000        -0.1847111350         0.8817349922         3.2406487538      -494.7781142488 
        5.9200000000        -0.1740829210         0.8689902348         1.9561501871      -513.8001402629 
        5.9250000000        -0.1634117547         0.8766370893        -1.3468461274      -502.3869246544 
        5.9300000000        -0.1527002690         0.8740881378        -3.7323434656      -506.1913298572 
        5.9350000000        -0.1419511067         0.8893818467        -5.7508412134      -483.3648986403 
        5.9400006000        -0.1311656241         0.9072245071        -9.0538375278      -456.7340622205 
        5.9450000000        -0.1203503702         0.8944797497        -9.9713365041      -475.7560882346 
        5.9500000000        -0.1095041255         0.9046755556       -12.1733340471      -460.5384674233 
        5.9550000000        -0.0986308623         0.9072245071       -15.1093307710      -456.7340622205 
        5.9600000000        -0.0877332635         0.9199692645       -15.6598301568      -437.7120362063 
        5.9650000000        -0.0768140178         0.9072245071       -19.1463262665      -456.7340622205 
        5.9700000000        -0.0658758193         0.9327140220       -21.1648240142      -418.6900101922 
        5.9750000000        -0.0549213670         0.9301650705       -22.6328223762      -422.4944153950 
        5.9800001000        -0.0439531442         0.9378119249       -25.2018195097      -411.0811997865 
        5.9850000000        -0.0329745155         0.9403608764       -27.0368174622      -407.2767945837 
        5.9900000000        -0.0219875314         0.9556545853       -29.6058145957      -384.4503633667 
        5.9950000000        -0.0109951221         0.9403608764       -31.2573127529      -407.2767945837 
        6.0000000000        -0.0000000000         0.9556545853       -33.0923107054      -384.4503633667 
        6.0050000000         0.0109951221         0.9683993428       -35.4778080436      -365.4283373526 
        6.0100000000         0.0219875314         1.0040846636       -36.5788068151      -312.1666645130 
        6.0150000000         0.0329745155         1.0882000626       -38.4138047676      -186.6212928196 
        6.0200001000         0.0439535832         1.0729063537       -38.0468051771      -209.4477240366 
        6.0250000000         0.0549213670         1.1085916745       -39.5148035391      -156.1860511970 
        6.0300000000         0.0658758193         1.1340811893       -40.4323025153      -118.1419991687 
        6.0350000000         0.0768140178         1.1697665101       -39.8818031296       -64.8803263290 
        6.0400000000         0.0877332635         1.2130986854       -40.4323025153        -0.2054378810 
        6.0450000000         0.0986308624         1.2283923943       -40.6158023106        22.6209933360 
        6.0500000000         0.1095041255         1.2360392488       -40.6158023106        34.0342089445 
        6.0550000000         0.1203503702         1.2462350547       -39.8818031296        49.2518297558 
        6.0600000000         0.1311669202         1.2462350547       -39.8818031296        49.2518297558 
        6.0650001000         0.1419513221         1.2564308607       -40.4323025153        64.4694505671 
        6.0700000000         0.1527002690         1.2564308607       -39.8818031296        64.4694505671 
        6.0750003000         0.1634123962         1.2666266666       -38.2303049724        79.6870713785 
        6.0800000000         0.1740829210         1.2819203755       -38.4138047676       102.5135025954 
        6.0850000000         0.1847111350         1.2462350547       -38.0468051771        49.2518297558 
        6.0900000000         0.1952937742         1.3150567448       -36.0283074294       151.9707702322 
        6.0950000000         0.2058282277         1.2895672300       -37.1293062009       113.9267182039 
        6.1000000000         0.2163118961         1.3048609389       -38.4138047676       136.7531494209 
        6.1050001000         0.2267424008         1.3303504538       -35.2943082484       174.7972014492 
        6.1100000000         0.2371165442         1.3099588419       -34.7438088626       144.3619598266 
        6.1150000000         0.2474323906         1.3176056963       -36.2118072246       155.7751754350 
        6.1200000000         0.2576871869         1.3150567448       -33.2758105007       151.9707702322 
        6.1250000000         0.2678784027         1.3252525508       -32.9088109102       167.1883910435 
        6.1300000000         0.2780035234         1.3303504538       -33.4593102959       174.7972014492 
        6.1350000000         0.2880600510         1.3303504538       -30.8903131624       174.7972014492 
        6.1400000000         0.2980455041         1.3456441627       -29.6058145957       197.6236326662 
        6.1450001000         0.3079576164         1.3354483567       -28.1378162337       182.4060118548 
        6.1500000000         0.3177933498         1.3456441627       -27.4038170527       197.6236326662 
        6.1550000000         0.3275508700         1.3634868231       -27.0368174622       224.2544690860 
        6.1600000000         0.3372275719         1.3813294835       -24.2843205335       250.8853055058 
        6.1650000000         0.3468210679         1.3711336775       -24.2843205335       235.6676846945 
        6.1700000000         0.3563289910         1.3507420656       -24.1008207382       205.2324430718 
        6.1750000000         0.3657489953         1.3864273864       -21.5318236047       258.4941159114 
        6.1800000000         0.3750787565         1.3634868231       -21.5318236047       224.2544690860 
        6.1850000000         0.3843159726         1.3991721439       -20.7978244238       277.5161419256 
        6.1900001000         0.3934585464         1.3864273864       -18.5958268808       258.4941159114 
        6.1950000000         0.4025036764         1.3532910171       -17.4948281093       209.0368482747 
        6.2000000000         0.4114496766         1.3991721439       -14.7423311806       277.5161419256 
        6.2050000000         0.4202941577         1.4144658528       -14.7423311806       300.3425731426 
        6.2100000000         0.4290349376         1.4119169013       -13.4578326138       296.5381679397 
        6.2150000000         0.4376698594         1.4170148043       -11.0723352756       304.1469783454 
        6.2200000000         0.4461967928         1.4221127072       -10.7053356851       311.7557887510 
        6.2250000000         0.4546136338         1.3940742409        -8.8703377326       269.9073315199 
        6.2300001000         0.4629184707         1.4221127072        -6.8518399849       311.7557887510 
        6.2350000000         0.4711087595         1.4399553677        -6.3013405991       338.3866251709 
        6.2400000000         0.4791829742         1.4374064162        -5.9343410086       334.5822199680 
        6.2450000000         0.4871389576         1.4603469795        -2.4478448989       368.8218667935 
        6.2500000000         0.4949747468         1.4374064162        -0.7963467417       334.5822199680 
        6.2550000000         0.5026884084         1.4323085132         1.5891505966       326.9734095624 
        6.2600000000         0.5102780392         1.4501511736         2.8736491633       353.6042459822 
        6.2650000000         0.5177417665         1.4756406885         4.8921469110       391.6482980105 
        6.2700001000         0.5250778942         1.4883854459         6.9106446588       410.6703240246 
        6.2750000000         0.5322841759         1.4883854459         8.1951432255       410.6703240246 
        6.2800000000         0.5393592699         1.4960323003         9.6631415875       422.0835396331 
        6.2850000000         0.5463012851         1.4399553677        11.8651391305       338.3866251709 
        6.2900000000         0.5531085087         1.4985812518        14.0671366735       425.8879448359 
        6.2950000000         0.5597792609         1.4883854459        16.0856344212       410.6703240246 
        6.3000007000         0.5663128009         1.4934833489        18.4711317594       418.2791344303 
        6.3050000000         0.5727048022         1.5189728637        20.1226299167       456.3231864586 
        6.3100000000         0.5789564020         1.5011302033        22.3246274596       429.6923500387 
        6.3150001000         0.5850652737         1.5138749607        24.7101247979       448.7143760529 
        6.3200000000         0.5910295479         1.5215218152        26.9121223409       460.1275916614 
        6.3250021000         0.5968505280         1.5291686697        29.8481190648       471.5408072699 
        6.3300000000         0.6025194189         1.5291686697        31.3161174268       471.5408072699 
        6.3350000000         0.6080420601         1.5368155241        33.8851145603       482.9540228784 
        6.3400000000         0.6134146760         1.5266197182        36.2706118985       467.7364020670 
        6.3450000000         0.6186359411         1.5444623786        39.5736082130       494.3672384868 
        6.3500000000         0.6237045669         1.5750497964        41.4086061655       540.0201009208 
        6.3550001000         0.6286193998         1.5546581845        42.8766045275       509.5848592982 
        6.3600000000         0.6333789367         1.5266197182        46.3631006372       467.7364020670 
        6.3650000000         0.6379822936         1.5903435053        49.4825971564       562.8465321378 
        6.3700000000         0.6424282380         1.5597560875        51.1340953137       517.1936697038 
        6.3750000000         0.6467156728         1.5801476994        51.1340953137       547.6289113265 
        6.3800000000         0.6508435401         1.5775987479        57.7400879426       543.8245061236 
        6.3850000000         0.6548108216         1.5979903598        59.2080863046       574.2597477463 
        6.3900000000         0.6586165383         1.5903435053        61.9605832333       562.8465321378 
        6.3950001000         0.6622598224         1.5954414083        64.7130801621       570.4553425434 
        6.4000000000         0.6657395614         1.6005393113        68.3830760670       578.0641529491 
        6.4050000000         0.6690551104         1.5928924568        70.5850736100       566.6509373406 
        6.4100000000         0.6722055800         1.6311267291        73.5210703340       623.7170153830 
        6.4150000000         0.6751901929         1.5903435053        73.7045701292       562.8465321378 
        6.4200000000         0.6780082128         1.5979903598        79.3930637819       574.2597477463 
        6.4250000000         0.6806589443         1.6285777776        81.9620609154       619.9126101802 
        6.4300000000         0.6831417334         1.6056372142        85.0815574346       585.6729633548 
        6.4350000000         0.6854559674         1.6209309231        87.8340543634       608.4993945717 
        6.4400001000         0.6876011167         1.6183819717        91.1370506778       604.6949893689 
        6.4450000000         0.6895765283         1.5954414083        94.4400469923       570.4553425434 
        6.4500000000         0.6913818384         1.6107351172        97.5595435115       593.2817737604 
        6.4550000000         0.6930165604         1.6311267291       100.1285406450       623.7170153830 
        6.4600000000         0.6944802909         1.6413225350       103.0645373690       638.9346361944 
        6.4650000000         0.6957726688         1.6158330202       106.9180330692       600.8905841661 
        6.4700000000         0.6968933752         1.6387735836       108.3860314312       635.1302309915 
        6.4750000000         0.6978421336         1.6362246321       112.6065267219       631.3258257887 
        6.4800001000         0.6986187237         1.6719099529       116.4600224221       684.5874986283 
        6.4850000000         0.6992229125         1.6005393113       118.2950203746       578.0641529491 
        6.4900002000         0.6996546061         1.6668120499       121.7815164843       676.9786882226 
        6.4950000000         0.6999136427         1.6311267291       125.0845127988       623.7170153830 
        6.5000000000         0.7000000000         1.6566162440       128.9380084990       661.7610674113 
        6.5050000000         0.6999136427         1.6362246321       131.3235058373       631.3258257887 
        6.5100000000         0.6996545923         1.6591651954       134.4430023565       665.5654726142 
        6.5150000000         0.6992229125         1.6515183410       137.9294984662       654.1522570057 
        6.5200001000         0.6986186961         1.6489693895       141.0489949854       650.3478518028 
        6.5250000000         0.6978421336         1.6234798746       145.0859904809       612.3037997745 
        6.5300000000         0.6968933752         1.6617141469       147.6549876144       669.3698778170 
        6.5350000000         0.6957726688         1.6719099529       150.9579839289       684.5874986283 
        6.5400000000         0.6944802909         1.6413225350       155.3619790148       638.9346361944 
        6.5450000000         0.6930165604         1.6540672925       158.1144759435       657.9566622085 
        6.5500000000         0.6913818384         1.6821057588       162.3349712343       699.8051194396 
        6.5550000000         0.6895765283         1.6617141469       165.6379675487       669.3698778170 
        6.5600000000         0.6876010755         1.6693610014       167.8399650917       680.7830934255 
        6.5650001000         0.6854559228         1.6795568073       172.4274599729       696.0007142368 
        6.5700000000         0.6831417334         1.6668120499       175.7304562874       676.9786882226 
        6.5750000000         0.6806589443         1.6770078558       179.0334526019       692.1963090340 
        6.5800000000         0.6780082128         1.6795568073       178.1159536256       696.0007142368 
        6.5850000000         0.6751901929         1.6744589044       180.3179511686       688.3919038311 
        6.5900000000         0.6722055800         1.6897526133      -101.3542345378       711.2183350481 
        6.5950000000         0.6690551104         1.6744589044      -178.9746479280       688.3919038311 
        6.6000000000         0.6657395614         1.6846547103      -179.7086471090       703.6095246425 
        6.6050001000         0.6622596799         1.6693610014      -180.2591464947       680.7830934255 
        6.6100000000         0.6586165383         1.7126931766      -178.6076483375       745.4579818736 
        6.6150000000         0.6548108216         1.6897526133      -173.6531538658       711.2183350481 
        6.6200000000         0.6508435401         1.6846547103      -173.6531538658       703.6095246425 
        6.6250000000         0.6467156728         1.6948505162      -166.6801616463       718.8271454538 
        6.6300000000         0.6424282380         1.6897526133      -163.3771653318       711.2183350481 
        6.6350000000         0.6379822936         1.6973994677      -160.0741690174       722.6315506566 
        6.6400000000         0.6333789367         1.6897526133      -156.0371735219       711.2183350481 
        6.6450001000         0.6286192063         1.6973994677      -152.9176770027       722.6315506566 
        6.6500000000         0.6237045669         1.6872036618      -149.2476810977       707.4139298453 
        6.6550000000         0.6186359411         1.6973994677      -146.4951841690       722.6315506566 
        6.6600000000         0.6134146760         1.7050463222      -141.5406896973       734.0447662651 
        6.6650000000         0.6080420601         1.6795568073      -138.9716925638       696.0007142368 
        6.6700000000         0.6025194189         1.7101442252      -134.5676974778       741.6535766707 
        6.6750000000         0.5968481150         1.7050463222      -131.6317007539       734.0447662651 
        6.6800000000         0.5910295479         1.6897526133      -127.9617048489       711.2183350481 
        6.6850000000         0.5850651530         1.6999484192      -123.7412095582       726.4359558594 
        6.6900001000         0.5789562784         1.6770078558      -122.0897114009       692.1963090340 
        6.6950000000         0.5727048022         1.6999484192      -117.1352169292       726.4359558594 
        6.7000000000         0.5663118961         1.7101442252      -113.0982214338       741.6535766707 
        6.7050000000         0.5597792609         1.6821057588      -110.8962238908       699.8051194396 
        6.7100000000         0.5531085087         1.6770078558      -106.3087290096       692.1963090340 
        6.7150000000         0.5463012851         1.6770078558      -102.6387331046       692.1963090340 
        6.7200000000         0.5393592699         1.6923015648      -100.2532357664       715.0227402509 
        6.7250000000         0.5322841759         1.7024973707       -95.6657408851       730.2403610623 
        6.7300001000         0.5250776033         1.6923015648       -92.7297441612       715.0227402509 
        6.7350000000         0.5177417665         1.6872036618       -89.6102476419       707.4139298453 
        6.7400000000         0.5102780392         1.6999484192       -85.5732521465       726.4359558594 
        6.7450000000         0.5026884084         1.6821057588       -82.2702558320       699.8051194396 
        6.7500000000         0.4949747468         1.6821057588       -79.5177589033       699.8051194396 
        6.7550000000         0.4871389576         1.6923015648       -75.4807634078       715.0227402509 
        6.7600000000         0.4791829741         1.6693610014       -72.9117662743       680.7830934255 
        6.7650000000         0.4711087595         1.6948505162       -68.8747707789       718.8271454538 
        6.7700001000         0.4629181408         1.6719099529       -65.2047748739       684.5874986283 
        6.7750000000         0.4546136338         1.6744589044       -60.6172799927       688.3919038311 
        6.7800000000         0.4461967928         1.6821057588       -58.5987822449       699.8051194396 
        6.7850000000         0.4376698594         1.6719099529       -55.2957859305       684.5874986283 
        6.7900000000         0.4290349375         1.6846547103       -50.7082910493       703.6095246425 
        6.7950000000         0.4202941577         1.6846547103       -48.6897933015       703.6095246425 
        6.8000000000         0.4114496766         1.6566162440       -45.7537965775       661.7610674113 
        6.8050000000         0.4025036764         1.6770078558       -41.5333012868       692.1963090340 
        6.8100000000         0.3934583645         1.6693610014       -39.3313037439       680.7830934255 
        6.8150001000         0.3843157888         1.6668120499       -37.6798055866       676.9786882226 
        6.8200000000         0.3750787565         1.6438714865       -32.9088109102       642.7390413972 
        6.8250000000         0.3657489953         1.6413225350       -28.5048158242       638.9346361944 
        6.8300000000         0.3563289910         1.6591651954       -27.0368174622       665.5654726142 
        6.8350021000         0.3468170564         1.6489693895       -22.4493225810       650.3478518028 
        6.8400000000         0.3372275719         1.6285777776       -19.6968256523       619.9126101802 
        6.8450000000         0.3275508700         1.6515183410       -16.0268297473       654.1522570057 
        6.8500000000         0.3177933498         1.6413225350       -13.4578326138       638.9346361944 
        6.8550001000         0.3079572214         1.6285777776       -10.5218358898       619.9126101802 
        6.8600000000         0.2980455041         1.6362246321        -7.4023393706       631.3258257887 
        6.8650000000         0.2880600510         1.6158330202        -4.6498424419       600.8905841661 
        6.8700000000         0.2780035234         1.6311267291        -1.5303459227       623.7170153830 
        6.8750000000         0.2678784027         1.6081861657         1.2221510061       589.4773685576 
        6.8800000000         0.2576871869         1.6285777776         4.7086471158       619.9126101802 
        6.8850000000         0.2474323906         1.6005393113         7.0941444540       578.0641529491 
        6.8900000000         0.2371165442         1.6132840687        10.2136409732       597.0861789632 
        6.8950001000         0.2267419847         1.5826966509        11.8651391305       551.4333165293 
        6.9000000000         0.2163118960         1.5852456023        15.9021346259       555.2377217321 
        6.9050000000         0.2058282277         1.6081861657        18.2876319642       589.4773685576 
        6.9100000000         0.1952937742         1.5699518934        21.5906282787       532.4112905151 
        6.9150000000         0.1847111350         1.5801476994        24.3431252074       547.6289113265 
        6.9200000000         0.1740829210         1.5674029419        24.8936245931       528.6068853123 
        6.9250000000         0.1634117547         1.5903435053        29.6646192696       562.8465321378 
        6.9300000000         0.1527002690         1.5699518934        31.4996172221       532.4112905151 
        6.9350000000         0.1419511067         1.5470113301        33.7016147651       498.1716436897 
        6.9400001000         0.1311667042         1.5597560875        36.4541116938       517.1936697038 
        6.9450000000         0.1203503702         1.5495602815        39.0231088273       501.9760488925 
        6.9500000000         0.1095041255         1.5291686697        41.7756057560       471.5408072699 
        6.9550000000         0.0986308623         1.5572071360        44.3446028895       513.3892645010 
        6.9600000000         0.0877332635         1.5419134271        45.8126012515       490.5628332840 
        6.9650000000         0.0768140178         1.5317176211        49.1155975659       475.3452124727 
        6.9700000000         0.0658758193         1.5291686697        51.3175951089       471.5408072699 
        6.9750000000         0.0549213670         1.5113260093        52.9690932661       444.9099708501 
        6.9800001000         0.0439531442         1.5266197182        55.1710908091       467.7364020670 
        6.9850000000         0.0329745155         1.5164239122        57.3730883521       452.5187812557 
        6.9900000000         0.0219875314         1.5062281063        59.5750858951       437.3011604444 
        6.9950000000         0.0109951221         1.4781896399        61.4100838476       395.4527032133 
        7.0000000000         0.0000000000         1.5036791548        63.6120813906       433.4967552416 
        7.0050000000        -0.0109951221         1.4603469795        65.0800797525       368.8218667935 
        7.0100000000        -0.0219875314         1.4858364944        68.1995762718       406.8659188218 
        7.0150000000        -0.0329745155         1.4450532706        69.3005750433       345.9954355765 
        7.0200001000        -0.0439535832         1.3864273864        71.3190727910       258.4941159114 
        7.0250000000        -0.0549213670         1.3456441627        71.5025725862       197.6236326662 
        7.0300000000        -0.0658758193         1.3150567448        73.1540707435       151.9707702322 
        7.0350000000        -0.0768140178         1.2742735211        69.4840748385        91.1002869869 
        7.0400000000        -0.0877332635         1.2538819092        73.8880699245        60.6650453643 
        7.0450000000        -0.0986308624         1.1927070735        72.7870711530       -30.6406795036 
        7.0500000000        -0.1095041255         1.2003539280        73.1540707435       -19.2274638951 
        7.0550000000        -0.1203503702         1.2003539280        73.1540707435       -19.2274638951 
        7.0600000000        -0.1311669202         1.1876091705        73.7045701292       -38.2494899093 
        7.0650001000        -0.1419513221         1.1799623161        73.1540707435       -49.6627055177 
        7.0700000000        -0.1527002690         1.1774133646        72.9705709482       -53.4671107206 
        7.0750000000        -0.1634117547         1.1672175587        71.8695721767       -68.6847315319 
        7.0800000000        -0.1740829210         1.1366301408        71.5025725862      -114.3375939658 
        7.0850000000        -0.1847111350         1.1493748983        71.8695721767       -95.3155679517 
        7.0900000000        -0.1952937742         1.1417280438        70.5850736100      -106.7287835602 
        7.0950000000        -0.2058282277         1.1417280438        70.7685734053      -106.7287835602 
        7.1000000000        -0.2163118961         1.1315322379        69.6675746338      -121.9464043715 
        7.1050001000        -0.2267424008         1.1391790923        68.5665758623      -110.5331887630 
        7.1100000000        -0.2371165442         1.1264343349        70.4015738148      -129.5552147771 
        7.1150000000        -0.2474323906         1.1315322379        68.5665758623      -121.9464043715 
        7.1200000000        -0.2576871869         1.1111406260        67.2820772955      -152.3816459941 
        7.1250000000        -0.2678784027         1.1162385289        67.2820772955      -144.7728355885 
        7.1300000000        -0.2780035234         1.1034937715        65.9975787288      -163.7948616026 
        7.1350000000        -0.2880600510         1.1162385289        65.4470793430      -144.7728355885 
        7.1400000000        -0.2980455041         1.0983958685        65.0800797525      -171.4036720083 
        7.1450001000        -0.3079576164         1.0907490141        63.7955811858      -182.8168876168 
        7.1500000000        -0.3177933498         1.0780042567        59.7585856903      -201.8389136309 
        7.1550000000        -0.3275508700         1.0729063537        62.1440830286      -209.4477240366 
        7.1600000000        -0.3372275719         1.0652594992        60.1255852808      -220.8609396451 
        7.1650076000        -0.3468355855         1.0729063537        56.8225889664      -209.4477240366 
        7.1700000000        -0.3563289910         1.0525147418        57.7400879426      -239.8829656592 
        7.1750000000        -0.3657489953         1.0346720814        57.7400879426      -266.5138020790 
        7.1800000000        -0.3750787565         1.0423189359        56.8225889664      -255.1005864705 
        7.1850000000        -0.3843159726         1.0474168388        55.5380903996      -247.4917760649 
        7.1900001000        -0.3934585464         1.0321231299        54.0700920376      -270.3182072818 
        7.1950000000        -0.4025036764         1.0321231299        52.2350940852      -270.3182072818 
        7.2000000000        -0.4114496766         1.0448678873        52.2350940852      -251.2961812677 
        7.2050000000        -0.4202941577         1.0244762754        50.2165963374      -281.7314228903 
        7.2100000000        -0.4290349376         1.0270252269        48.9320977707      -277.9270176875 
        7.2150000000        -0.4376698594         1.0091825665        47.2805996134      -304.5578541073 
        7.2200000000        -0.4461967928         1.0066336150        45.6291014562      -308.3622593101 
        7.2250000000        -0.4546136338         0.9785951487        43.7941035037      -350.2107165412 
        7.2300001000        -0.4629184707         1.0040846636        42.6931047322      -312.1666645130 
        7.2350000000        -0.4711087595         0.9811441002        41.2251063702      -346.4063113384 
        7.2400000000        -0.4791829742         0.9811441002        39.3901084178      -346.4063113384 
        7.2450000000        -0.4871389576         0.9836930517        37.7386102605      -342.6019061356 
        7.2500000000        -0.4949747468         0.9760461972        35.7201125128      -354.0151217441 
        7.2550000000        -0.5026884084         0.9760461972        34.4356139460      -354.0151217441 
        7.2600000000        -0.5102780392         0.9683993428        33.3346151746      -365.4283373526 
        7.2650000000        -0.5177417665         0.9683993428        31.3161174268      -365.4283373526 
        7.2700001000        -0.5250778942         0.9633014398        29.4811194743      -373.0371477582 
        7.2750000000        -0.5322841759         0.9683993428        27.6461215219      -365.4283373526 
        7.2800000000        -0.5393592699         0.9480077309        24.3431252074      -395.8635789752 
        7.2850000000        -0.5463012851         0.9301650705        23.0586266406      -422.4944153950 
        7.2900000000        -0.5531085087         0.9429098279        20.8566290977      -403.4723893809 
        7.2950000000        -0.5597792609         0.9276161190        19.5721305309      -426.2988205978 
        7.3000000000        -0.5663118961         0.9403608764        16.8196336022      -407.2767945837 
        7.3050000000        -0.5727048022         0.9301650705        15.3516352402      -422.4944153950 
        7.3100000000        -0.5789564020         0.9174203130        13.7001370830      -441.5164414092 
        7.3150001000        -0.5850652737         0.9097734586        10.0301411780      -452.9296570176 
        7.3200000000        -0.5910295479         0.9276161190         8.1951432255      -426.2988205978 
        7.3250000000        -0.5968481150         0.8919307982         4.3416475253      -479.5604934374 
        7.3300000000        -0.6025194189         0.9301650705         3.9746479348      -422.4944153950 
        7.3350000000        -0.6080420601         0.8995776526         1.7726503918      -468.1472778289 
        7.3400000000        -0.6134146760         0.9046755556        -0.2458473559      -460.5384674233 
        7.3450000000        -0.6186359411         0.8817349922        -2.6313446942      -494.7781142488 
        7.3500000000        -0.6237045669         0.8868328952        -5.9343410086      -487.1693038431 
        7.3550001000        -0.6286193998         0.8791860408        -6.8518399849      -498.5825194516 
        7.3600000000        -0.6333789367         0.8791860408        -9.4208371183      -498.5825194516 
        7.3650000000        -0.6379822936         0.8180112051       -12.1733340471      -589.8882443195 
        7.3700000000        -0.6424282380         0.8664412833       -13.6413324091      -517.6045454657 
        7.3750000000        -0.6467156728         0.8766370893       -17.1278285188      -502.3869246544 
        7.3800000000        -0.6508435401         0.8384028170       -21.5318236047      -559.4530026969 
        7.3850000000        -0.6548108216         0.8409517685       -22.2658227857      -555.6485974940 
        7.3900000000        -0.6586165383         0.8409517685       -25.2018195097      -555.6485974940 
        7.3950001000        -0.6622598224         0.8715391863       -28.3213160289      -509.9957350601 
        7.4000000000        -0.6657395614         0.8052664477       -29.7893143909      -608.9102703336 
        7.4050000000        -0.6690551104         0.8536965259       -33.2758105007      -536.6265714799 
        7.4100000000        -0.6722055800         0.8256580595       -35.4778080436      -578.4750287110 
        7.4150000000        -0.6751901929         0.8307559625       -38.4138047676      -570.8662183053 
        7.4200000000        -0.6780082128         0.8078153991       -42.0838006726      -605.1058651308 
        7.4250000000        -0.6806589443         0.8231091081       -44.1022984203      -582.2794339138 
        7.4300000000        -0.6831417334         0.8129133021       -47.2217949395      -597.4970547251 
        7.4350000000        -0.6854559674         0.8256580595       -50.1577916635      -578.4750287110 
        7.4400001000        -0.6876011167         0.8052664477       -52.9102885922      -608.9102703336 
        7.4450000000        -0.6895765283         0.7925216902       -56.3967847020      -627.9322963478 
        7.4500000000        -0.6913818384         0.8103643506       -58.9657818354      -601.3014599280 
        7.4550000000        -0.6930165604         0.7797769328       -62.0852783547      -646.9543223619 
        7.4600000000        -0.6944802909         0.8027174962       -64.6542754881      -612.7146755365 
        7.4650000000        -0.6957726688         0.7874237873       -69.0582705741      -635.5411067534 
        7.4700000000        -0.6968933752         0.7874237873       -70.8932685266      -635.5411067534 
        7.4750000000        -0.6978421336         0.7517384665       -75.2972636126      -688.8027795931 
        7.4800001000        -0.6986187237         0.7823258843       -78.0497605413      -643.1499171591 
        7.4850000000        -0.6992229125         0.7491895150       -84.2887535797      -692.6071847959 
        7.4900000000        -0.6996545923         0.7925216902       -83.3712546035      -627.9322963478 
        7.4950000000        -0.6999136427         0.7491895150       -87.5917498942      -692.6071847959 
        7.5000000000        -0.7000000000         0.7644832239       -91.8122451849      -669.7807535789 
        7.5050000000        -0.6999136427         0.7644832239       -94.1977425232      -669.7807535789 
        7.5100000000        -0.6996545923         0.7517384665       -97.1337392471      -688.8027795931 
        7.5150000000        -0.6992229125         0.7542874179      -100.9872349474      -684.9983743902 
        7.5200001000        -0.6986186961         0.7670321754      -103.9232316713      -665.9763483761 
        7.5250000000        -0.6978421336         0.7619342724      -107.4097277810      -673.5851587817 
        7.5300000000        -0.6968933752         0.7440916120      -111.0797236860      -700.2159952015 
        7.5350000000        -0.6957726688         0.7364447575      -114.9332193862      -711.6292108100 
        7.5400000000        -0.6944802909         0.7466405635      -117.5022165197      -696.4115899987 
        7.5450000000        -0.6930165604         0.7338958061      -123.5577097629      -715.4336160129 
        7.5500000000        -0.6913818384         0.7364447575      -127.2277056679      -711.6292108100 
        7.5550000000        -0.6895765283         0.7440916120      -128.3287044394      -700.2159952015 
        7.5600000000        -0.6876010755         0.7313468546      -132.3656999348      -719.2380212157 
        7.5650001000        -0.6854559228         0.7389937090      -138.0541935875      -707.8248056072 
        7.5700000000        -0.6831417334         0.7338958061      -137.5036942018      -715.4336160129 
        7.5750000000        -0.6806589443         0.7237000001      -142.8251882640      -730.6512368242 
        7.5800000000        -0.6780082128         0.7415426605      -148.5136819167      -704.0204004044 
        7.5850000000        -0.6751901929         0.7237000001      -150.1651800740      -730.6512368242 
        7.5900000000        -0.6722055800         0.7313468546      -154.0186757742      -719.2380212157 
        7.5950000000        -0.6690551104         0.7109552427      -159.5236696316      -749.6732628383 
        7.6000000000        -0.6657395614         0.7287979031      -161.5421673794      -723.0424264185 
        7.6050001000        -0.6622596799         0.7262489516      -164.6616638986      -726.8468316213 
        7.6100000000        -0.6586165383         0.7109552427      -168.8821591893      -749.6732628383 
        7.6150000000        -0.6548108216         0.7415426605      -171.2676565275      -704.0204004044 
        7.6200000000        -0.6508435401         0.7109552427      -176.5891505897      -749.6732628383 
        7.6250000000        -0.6467156728         0.7338958061      -179.7086471090      -715.4336160129 
        7.6300000000        -0.6424282380         0.6701720189      -179.8921469042      -810.5437460836 
        7.6350000000        -0.6379822936         0.7415426605      -179.3416475185      -704.0204004044 
        7.6400000000        -0.6333789367         0.7237000001      -100.4367355616      -730.6512368242 
        7.6450001000        -0.6286192063         0.7186020971       178.8499528066      -738.2600472298 
        7.6500000000        -0.6237045669         0.7440916120       178.6664530114      -700.2159952015 
        7.6550000000        -0.6186359411         0.7237000001       179.9509515781      -730.6512368242 
        7.6600000000        -0.6134146760         0.7338958061       176.0974558779      -715.4336160129 
        7.6650000000        -0.6080420601         0.7364447575       172.6109597682      -711.6292108100 
        7.6700000000        -0.6025194189         0.7160531457       169.6749630442      -742.0644524327 
        7.6750000000        -0.5968481150         0.7313468546       166.0049671392      -719.2380212157 
        7.6800000000        -0.5910295479         0.7237000001       161.4174722580      -730.6512368242 
        7.6850000000        -0.5850651530         0.7466405635       156.6464775816      -696.4115899987 
        7.6900001000        -0.5789562784         0.7287979031       153.8939806528      -723.0424264185 
        7.6950000000        -0.5727048022         0.7313468546       150.4074845431      -719.2380212157 
        7.7000000000        -0.5663118961         0.7338958061       146.5539888429      -715.4336160129 
        7.7050000000        -0.5597792609         0.7211510486       142.7004931427      -734.4556420270 
        7.7100000000        -0.5531085087         0.7389937090       139.0304972377      -707.8248056072 
        7.7150000000        -0.5463012851         0.7466405635       137.3789990805      -696.4115899987 
        7.7200000000        -0.5393592699         0.7440916120       132.9750039945      -700.2159952015 
        7.7250000000        -0.5322841759         0.7338958061       126.7360109560      -715.4336160129 
        7.7300001000        -0.5250776033         0.7338958061       124.9010130036      -715.4336160129 
        7.7350000000        -0.5177417665         0.7389937090       122.6990154606      -707.8248056072 
        7.7400000000        -0.5102780392         0.7415426605       118.6620199651      -704.0204004044 
        7.7450000000        -0.5026884084         0.7491895150       114.4415246744      -692.6071847959 
        7.7500000000        -0.4949747468         0.7364447575       111.5055279504      -711.6292108100 
        7.7550000000        -0.4871389576         0.7721300783       108.0190318407      -658.3675379704 
        7.7600000000        -0.4791829741         0.7364447575       104.3490359357      -711.6292108100 
        7.7650000000        -0.4711087595         0.7721300783       100.8625398260      -658.3675379704 
        7.7700001000        -0.4629181408         0.7440916120        97.1925439210      -700.2159952015 
        7.7750000000        -0.4546136338         0.7721300783        94.4400469923      -658.3675379704 
        7.7800000000        -0.4461967928         0.7797769328        91.3205504731      -646.9543223619 
        7.7850000000        -0.4376698594         0.7619342724        87.6505545681      -673.5851587817 
        7.7900000000        -0.4290349375         0.7568363694        84.8980576394      -681.1939691874 
        7.7950000000        -0.4202941577         0.7797769328        81.7785611202      -646.9543223619 
        7.8000000000        -0.4114496766         0.7389937090        78.6590646009      -707.8248056072 
        7.8050000000        -0.4025036764         0.7874237873        76.0900674675      -635.5411067534 
        7.8100001000        -0.3934581826         0.7899727387        72.4200715625      -631.7367015506 
        7.8150001000        -0.3843157888         0.7721300783        68.1995762718      -658.3675379704 
        7.8200000000        -0.3750787565         0.7976195932        65.6305791383      -620.3234859421 
        7.8250000000        -0.3657489953         0.7925216902        63.2450818001      -627.9322963478 
        7.8300000000        -0.3563289910         0.7925216902        60.1255852808      -627.9322963478 
        7.8350000000        -0.3468210679         0.8052664477        56.2720895806      -608.9102703336 
        7.8400000000        -0.3372275719         0.7976195932        51.8680944947      -620.3234859421 
        7.8450000000        -0.3275508700         0.7950706417        51.3175951089      -624.1278911450 
        7.8500000000        -0.3177933498         0.8333049140        48.7485979754      -567.0618131025 
        7.8550001000        -0.3079572214         0.8103643506        43.6106037085      -601.3014599280 
        7.8600000000        -0.2980455041         0.8154622536        41.9591055512      -593.6926495223 
        7.8650000000        -0.2880600510         0.8231091081        39.3901084178      -582.2794339138 
        7.8700000000        -0.2780035234         0.8256580595        36.4541116938      -578.4750287110 
        7.8750000000        -0.2678784027         0.8256580595        33.3346151746      -578.4750287110 
        7.8800000000        -0.2576871869         0.8358538655        29.8481190648      -563.2574078997 
        7.8850000000        -0.2474323906         0.8435007200        28.3801207028      -551.8441922912 
        7.8900000000        -0.2371165442         0.8435007200        25.8111235694      -551.8441922912 
        7.8950001000        -0.2267419847         0.8511475744        22.5081272549      -540.4309766827 
        7.9000000000        -0.2163118960         0.8485986229        20.3061297119      -544.2353818855 
        7.9050000000        -0.2058282277         0.8740881378        17.3701329879      -506.1913298572 
        7.9100000000        -0.1952937742         0.8587944289        14.8011358545      -529.0177610742 
        7.9150000000        -0.1847111350         0.8562454774        12.4156385162      -532.8221662770 
        7.9200000000        -0.1740829210         0.8842839437        10.0301411780      -490.9737090459 
        7.9250000000        -0.1634117547         0.8562454774         7.2776442493      -532.8221662770 
        7.9300000000        -0.1527002690         0.8868328952         4.8921469110      -487.1693038431 
        7.9350001000        -0.1419508914         0.8791860408         2.1396499823      -498.5825194516 
        7.9400001000        -0.1311667042         0.8970287012         0.3046520298      -471.9516830318 
        7.9450000000        -0.1203503702         0.9072245071        -1.5303459227      -456.7340622205 
        7.9500000000        -0.1095041255         0.8970287012        -3.3653438751      -471.9516830318 
        7.9550000000        -0.0986308623         0.9097734586        -6.1178408039      -452.9296570176 
        7.9600000000        -0.0877332635         0.9250671675        -8.5033381421      -430.1032258007 
        7.9650000000        -0.0768140178         0.9250671675       -10.8888354803      -430.1032258007 
        7.9700000000        -0.0658758193         0.8893818467       -13.4578326138      -483.3648986403 
        7.9750000000        -0.0549213670         0.9301650705       -15.4763303615      -422.4944153950 
        7.9800001000        -0.0439531442         0.9199692645       -17.3113283140      -437.7120362063 
        7.9850000000        -0.0329745155         0.9429098279       -18.5958268808      -403.4723893809 
        7.9900000000        -0.0219875314         0.9378119249       -20.9813242190      -411.0811997865 
        7.9950000000        -0.0109951221         0.9174203130       -23.1833217620      -441.5164414092 
        8.0000000000        -0.0000000000         0.9556545853       -25.0183197145      -384.4503633667 
        8.0050000000         0.0109951221         0.9429098279       -26.6698178717      -403.4723893809 
        8.0100000000         0.0219875314         0.9887909546       -27.7708166432      -334.9930957299 
        8.0150000000         0.0329745155         1.0397699844       -30.3398137767      -258.9049916733 
        8.0200001000         0.0439535832         1.0601615963       -31.0738129577      -228.4697500507 
        8.0250000000         0.0549213670         1.0423189359       -31.8078121387      -255.1005864705 
        8.0300000000         0.0658758193         1.1621196557       -31.9913119339       -76.2935419375 
        8.0350000000         0.0768140178         1.2411371518       -33.2758105007        41.6430193502 
        8.0400000000         0.0877332635         1.2181965884       -33.4593102959         7.4033725247 
        8.0450001000         0.0986310801         1.2232944913       -32.9088109102        15.0121829304 
        8.0500000000         0.1095041255         1.2283923943       -32.7253111149        22.6209933360 
        8.0550001000         0.1203505868         1.2487840062       -30.5233135719        53.0562349587 
        8.0600000000         0.1311669202         1.2513329577       -32.3583115244        56.8606401615 
        8.0650001000         0.1419513221         1.2105497339       -31.8078121387        -4.0098430838 
        8.0700000000         0.1527002690         1.2615287636       -30.3398137767        72.0782609728 
        8.0750000000         0.1634117547         1.2717245696       -31.0738129577        87.2958817841 
        8.0800000000         0.1740829210         1.2768224726       -33.0923107054        94.9046921898 
        8.0850000000         0.1847111350         1.2742735211       -29.4223148004        91.1002869869 
        8.0900001000         0.1952939854         1.2921161815       -29.9728141862       117.7311234068 
        8.0950000000         0.2058282277         1.2870182785       -31.9913119339       110.1223130011 
        8.1000001000         0.2163121052         1.3201546478       -27.5873168479       159.5795806379 
        8.1050000000         0.2267421927         1.2946651330       -28.1378162337       121.5355286096 
        8.1100000000         0.2371165442         1.3150567448       -29.7893143909       151.9707702322 
        8.1150000000         0.2474323906         1.3048609389       -26.6698178717       136.7531494209 
        8.1200000000         0.2576871869         1.3176056963       -25.5688191002       155.7751754350 
        8.1250001000         0.2678786058         1.3303504538       -25.2018195097       174.7972014492 
        8.1300000000         0.2780035234         1.3048609389       -25.0183197145       136.7531494209 
        8.1350000000         0.2880600510         1.3227035993       -23.9173209430       163.3839858407 
        8.1400000000         0.2980455041         1.3252525508       -22.4493225810       167.1883910435 
        8.1450001000         0.3079576164         1.3507420656       -21.3483238095       205.2324430718 
        8.1500000000         0.3177933498         1.3481931142       -20.7978244238       201.4280378690 
        8.1550000000         0.3275508700         1.3481931142       -20.0638252428       201.4280378690 
        8.1600000000         0.3372275719         1.3558399686       -18.9628264713       212.8412534775 
        8.1650021000         0.3468250794         1.3532910171       -17.6783279045       209.0368482747 
        8.1700001000         0.3563291803         1.3558399686       -17.1278285188       212.8412534775 
        8.1750000000         0.3657489953         1.3736826290       -15.8433299520       239.4720898973 
        8.1800001000         0.3750789422         1.3762315805       -14.7423311806       243.2764951001 
        8.1850000000         0.3843159726         1.3762315805       -13.4578326138       243.2764951001 
        8.1900001000         0.3934585464         1.4042700468       -11.0723352756       285.1249523312 
        8.1950000000         0.4025036764         1.3940742409        -9.6043369136       269.9073315199 
        8.2000000000         0.4114496766         1.4068189983        -9.4208371183       288.9293575341 
        8.2050000000         0.4202941577         1.4144658528        -9.7878367088       300.3425731426 
        8.2100000000         0.4290349376         1.4119169013        -7.2188395754       296.5381679397 
        8.2150000000         0.4376698594         1.4042700468        -5.3838416229       285.1249523312 
        8.2200000000         0.4461967928         1.4297595617        -3.1818440799       323.1690043595 
        8.2250000000         0.4546136338         1.4195637558        -2.2643451037       307.9513835482 
        8.2300000000         0.4629183057         1.4221127072        -1.3468461274       311.7557887510 
        8.2350000000         0.4711087595         1.4552490766         1.2221510061       361.2130563878 
        8.2400000000         0.4791829742         1.4348574647         1.9561501871       330.7778147652 
        8.2450000000         0.4871389576         1.4527001251         3.9746479348       357.4086511850 
        8.2500001000         0.4949749023         1.4679938340         6.1766454778       380.2350824020 
        8.2550000000         0.5026884084         1.4399553677         7.2776442493       338.3866251709 
        8.2600000000         0.5102780392         1.4730917370        10.0301411780       387.8438928076 
        8.2650000000         0.5177417665         1.4705427855        11.3146397447       384.0394876048 
        8.2700000000         0.5250777487         1.4144658528        12.9661379020       300.3425731426 
        8.2750000000         0.5322841759         1.4960323003        14.2506364687       422.0835396331 
        8.2800000000         0.5393592699         1.4756406885        16.8196336022       391.6482980105 
        8.2850000000         0.5463012851         1.4756406885        15.5351350355       391.6482980105 
        8.2900000000         0.5531085087         1.4960323003        21.9576278691       422.0835396331 
        8.2950001000         0.5597793930         1.5087770578        22.3246274596       441.1055656472 
        8.3000000000         0.5663118961         1.4985812518        25.4441239789       425.8879448359 
        8.3050000000         0.5727048022         1.5164239122        26.7286225456       452.5187812557 
        8.3100000000         0.5789564020         1.5087770578        29.1141198838       441.1055656472 
        8.3150000000         0.5850651530         1.5164239122        31.4996172221       452.5187812557 
        8.3200000000         0.5910295479         1.5215218152        33.5181149698       460.1275916614 
        8.3250000000         0.5968481150         1.5215218152        36.0871121033       460.1275916614 
        8.3300000000         0.6025194189         1.5393644756        37.9221100558       486.7584280812 
        8.3350000000         0.6080420601         1.5393644756        40.4911071892       486.7584280812 
        8.3400000000         0.6134146760         1.5368155241        42.1426053465       482.9540228784 
        8.3450000000         0.6186359411         1.5546581845        45.2621018657       509.5848592982 
        8.3500000000         0.6237045669         1.5572071360        48.3815983849       513.3892645010 
        8.3550000000         0.6286193030         1.5470113301        49.6660969517       498.1716436897 
        8.3600000000         0.6333789367         1.5648539905        53.1525930614       524.8024801095 
        8.3650000000         0.6379822936         1.5699518934        56.0885897854       532.4112905151 
        8.3700000000         0.6424282380         1.5852456023        57.9235877379       555.2377217321 
        8.3750001000         0.6467157569         1.5572071360        60.1255852808       513.3892645010 
        8.3800000000         0.6508435401         1.5801476994        63.4285815953       547.6289113265 
        8.3850000000         0.6548108216         1.5954414083        66.5480781145       570.4553425434 
        8.3900000000         0.6586165383         1.5903435053        68.7500756575       562.8465321378 
        8.3950000000         0.6622597512         1.5852456023        71.3190727910       555.2377217321 
        8.4000000000         0.6657395614         1.6107351172        72.4200715625       593.2817737604 
        8.4050000000         0.6690551104         1.5775987479        77.1910662390       543.8245061236 
        8.4100000000         0.6722055800         1.6005393113        79.3930637819       578.0641529491 
        8.4150000000         0.6751901929         1.6056372142        82.6960600964       585.6729633548 
        8.4200001000         0.6780082675         1.6107351172        84.8980576394       593.2817737604 
        8.4250000000         0.6806589443         1.6234798746        90.0360519063       612.3037997745 
        8.4300000000         0.6831417334         1.6234798746        92.2380494493       612.3037997745 
        8.4350000000         0.6854559674         1.6209309231        94.4400469923       608.4993945717 
        8.4400000000         0.6876010755         1.6056372142        97.5595435115       585.6729633548 
        8.4450000000         0.6895765283         1.6336756806       101.7800388023       627.5214205859 
        8.4500000000         0.6913818384         1.6311267291       102.6975377785       623.7170153830 
        8.4550000000         0.6930165604         1.6209309231       106.9180330692       608.4993945717 
        8.4600000000         0.6944802909         1.6387735836       109.1200306122       635.1302309915 
        8.4650000000         0.6957726688         1.6285777776       113.3405259029       619.9126101802 
        8.4700000000         0.6968933752         1.6515183410       116.0930228316       654.1522570057 
        8.4750000000         0.6978421336         1.6005393113       116.8270220126       578.0641529491 
        8.4800000000         0.6986187099         1.6540672925       122.6990154606       657.9566622085 
        8.4850000000         0.6992229125         1.6234798746       124.5340134131       612.3037997745 
        8.4900000000         0.6996545923         1.6489693895       128.5710089085       650.3478518028 
        8.4950000000         0.6999136427         1.6234798746       131.3235058373       612.3037997745 
        8.5000001000         0.7000000000         1.6617141469       134.9935017422       669.3698778170 
        8.5050000000         0.6999136427         1.6260288261       137.9294984662       616.1082049774 
        8.5100000000         0.6996545923         1.6617141469       141.4159945759       669.3698778170 
        8.5150000000         0.6992229125         1.6489693895       145.0859904809       650.3478518028 
        8.5200000000         0.6986187099         1.6489693895       148.7559863859       650.3478518028 
        8.5250000000         0.6978421336         1.6693610014       151.5084833146       680.7830934255 
        8.5300000000         0.6968933752         1.6642630984       154.8114796291       673.1742830198 
        8.5350000000         0.6957726688         1.6311267291       159.0319749198       623.7170153830 
        8.5400000000         0.6944802909         1.6821057588       161.4174722580       699.8051194396 
        8.5450001000         0.6930165294         1.6668120499       164.1699691867       676.9786882226 
        8.5500000000         0.6913818384         1.6642630984       168.5739642727       673.1742830198 
        8.5550000000         0.6895765283         1.6897526133       171.6934607919       711.2183350481 
        8.5600000000         0.6876010755         1.6719099529       175.9139560826       684.5874986283 
        8.5650000000         0.6854559674         1.6591651954       178.1159536256       665.5654726142 
        8.5700000000         0.6831417334         1.6821057588       180.5014509639       699.8051194396 
        8.5750000000         0.6806589443         1.6591651954       180.6849507591       665.5654726142 
        8.5800000000         0.6780082128         1.6923015648       -99.5192365854       715.0227402509 
        8.5850000000         0.6751901929         1.6770078558      -100.4367355616       692.1963090340 
        8.5900000000         0.6722055800         1.6846547103      -179.8921469042       703.6095246425 
        8.5950000000         0.6690551104         1.6719099529      -179.1581477232       684.5874986283 
        8.6000000000         0.6657395614         1.6973994677      -178.7911481327       722.6315506566 
        8.6050000000         0.6622597512         1.6821057588      -174.7541526373       699.8051194396 
        8.6100000000         0.6586165383         1.6999484192      -170.9006569370       726.4359558594 
        8.6150000000         0.6548108216         1.6923015648      -167.7811604178       715.0227402509 
        8.6200000000         0.6508435401         1.6642630984      -163.9276647176       673.1742830198 
        8.6250001000         0.6467155886         1.7024973707      -159.7071694269       730.2403610623 
        8.6300000000         0.6424282380         1.6973994677      -156.9546724981       722.6315506566 
        8.6350000000         0.6379822936         1.6999484192      -152.5506774122       726.4359558594 
        8.6400000000         0.6333789367         1.7050463222      -149.6146806882       734.0447662651 
        8.6450000000         0.6286193030         1.6872036618      -148.8806815072       707.4139298453 
        8.6500000000         0.6237045669         1.7024973707      -141.5406896973       730.2403610623 
        8.6550000000         0.6186359411         1.6795568073      -139.1551923590       696.0007142368 
        8.6600000000         0.6134146760         1.7101442252      -134.9346970683       741.6535766707 
        8.6650000000         0.6080420601         1.6973994677      -131.6317007539       722.6315506566 
        8.6700001000         0.6025193070         1.6973994677      -127.9617048489       722.6315506566 
        8.6750000000         0.5968481150         1.7050463222      -124.1082091487       734.0447662651 
        8.6800000000         0.5910295479         1.6948505162      -120.6217130389       718.8271454538 
        8.6850000000         0.5850651530         1.6923015648      -117.6857163150       715.0227402509 
        8.6900000000         0.5789564020         1.7101442252      -113.4652210242       741.6535766707 
        8.6950000000         0.5727048022         1.6770078558      -110.7127240955       692.1963090340 
        8.7000000000         0.5663118961         1.6693610014      -107.5932275763       680.7830934255 
        8.7050000000         0.5597792609         1.6795568073      -103.5562320808       696.0007142368 
        8.7100000000         0.5531085087         1.6948505162      -100.4367355616       718.8271454538 
        8.7150000000         0.5463012851         1.6999484192       -97.1337392471       726.4359558594 
        8.7200000000         0.5393592699         1.6821057588       -93.4637433422       699.8051194396 
        8.7250000000         0.5322841759         1.6897526133       -89.9772472324       711.2183350481 
        8.7300000000         0.5250777487         1.6795568073       -86.3072513275       696.0007142368 
        8.7350000000         0.5177417665         1.6846547103       -83.1877548082       703.6095246425 
        8.7400000000         0.5102780392         1.6770078558       -79.5177589033       692.1963090340 
        8.7450000000         0.5026884084         1.6999484192       -75.4807634078       726.4359558594 
        8.7500001000         0.4949745913         1.6387735836       -73.0952660696       635.1302309915 
        8.7550000000         0.4871389576         1.7024973707       -69.2417703694       730.2403610623 
        8.7600000000         0.4791829741         1.6795568073       -66.3057736454       696.0007142368 
        8.7650000000         0.4711087595         1.6642630984       -61.9017785594       673.1742830198 
        8.7700000000         0.4629183057         1.6897526133       -58.9657818354       711.2183350481 
        8.7750000000         0.4546136338         1.6719099529       -55.8462853162       684.5874986283 
        8.7800000000         0.4461967928         1.6668120499       -52.3597892065       676.9786882226 
        8.7850000000         0.4376698594         1.6872036618       -49.4237924825       707.4139298453 
        8.7900000000         0.4290349375         1.6591651954       -45.9372963728       665.5654726142 
        8.7950001000         0.4202939819         1.6617141469       -42.8177998536       669.3698778170 
        8.8000000000         0.4114496766         1.6872036618       -39.1478039486       707.4139298453 
        8.8050000000         0.4025036764         1.6617141469       -35.8448076341       669.3698778170 
        8.8100000000         0.3934583645         1.6540672925       -33.0923107054       657.9566622085 
        8.8150000000         0.3843159726         1.6489693895       -30.1563139814       650.3478518028 
        8.8200000000         0.3750787565         1.6489693895       -26.1193184860       650.3478518028 
        8.8250000000         0.3657489953         1.6489693895       -25.5688191002       650.3478518028 
        8.8300000000         0.3563289910         1.6566162440       -19.6968256523       661.7610674113 
        8.8350000000         0.3468210679         1.6489693895       -16.5773291330       650.3478518028 
        8.8400000000         0.3372275719         1.6438714865       -12.9073332281       642.7390413972 
        8.8450000000         0.3275508700         1.6285777776       -10.5218358898       619.9126101802 
        8.8500000000         0.3177933498         1.6413225350        -7.4023393706       638.9346361944 
        8.8550000000         0.3079574189         1.6260288261        -4.6498424419       616.1082049774 
        8.8600000000         0.2980455041         1.6285777776        -0.9798465369       619.9126101802 
        8.8650000000         0.2880600510         1.6209309231         0.8551514156       608.4993945717 
        8.8700000000         0.2780035234         1.6234798746         4.3416475253       612.3037997745 
        8.8750001000         0.2678781995         1.6056372142         7.0941444540       585.6729633548 
        8.8800000000         0.2576871869         1.6030882627         8.7456426113       581.8685581519 
        8.8850000000         0.2474323906         1.5877945538        12.4156385162       559.0421269349 
        8.8900000000         0.2371165442         1.5877945538        15.3516352402       559.0421269349 
        8.8950000000         0.2267421927         1.6081861657        19.5721305309       589.4773685576 
        8.9000000000         0.2163118960         1.5674029419        20.1226299167       528.6068853123 
        8.9050000000         0.2058282277         1.5903435053        23.7926258216       562.8465321378 
        8.9100000000         0.1952937742         1.5750497964        26.1781231599       540.0201009208 
        8.9150000000         0.1847111350         1.5674029419        28.3801207028       528.6068853123 
        8.9200001000         0.1740827080         1.5674029419        31.4996172221       528.6068853123 
        8.9250000000         0.1634117547         1.5470113301        33.5181149698       498.1716436897 
        8.9300000000         0.1527002690         1.5725008449        35.7201125128       536.2156957180 
        8.9350000000         0.1419511067         1.5495602815        39.3901084178       501.9760488925 
        8.9400000000         0.1311669202         1.5087770578        40.8581067797       441.1055656472 
        8.9450000000         0.1203503702         1.5572071360        44.3446028895       513.3892645010 
        8.9500000000         0.1095041255         1.5266197182        45.8126012515       467.7364020670 
        8.9550000000         0.0986308623         1.5164239122        48.9320977707       452.5187812557 
        8.9600000000         0.0877332635         1.5342665726        51.3175951089       479.1496176755 
        8.9650000000         0.0768140178         1.5138749607        52.6020936757       448.7143760529 
        8.9700000000         0.0658758193         1.5240707667        55.7215901949       463.9319968642 
        8.9750000000         0.0549213670         1.5240707667        57.1895885569       463.9319968642 
        8.9800000000         0.0439533637         1.5011302033        60.3090850761       429.6923500387 
        8.9850000000         0.0329745155         1.4985812518        62.5110826191       425.8879448359 
        8.9900000000         0.0219875314         1.5011302033        64.3460805716       429.6923500387 
        8.9950000000         0.0109951221         1.4730917370        66.1810785240       387.8438928076 
        9.0000001000        -0.0000002199         1.4960323003        68.3830760670       422.0835396331 
        9.0050000000        -0.0109951221         1.4679938340        70.2180740195       380.2350824020 
        9.0100000000        -0.0219875314         1.4374064162        71.8695721767       334.5822199680 
        9.0150000000        -0.0329745155         1.4119169013        73.3375705387       296.5381679397 
        9.0200000000        -0.0439533637         1.3838784350        74.6220691055       254.6897107086 
        9.0250000000        -0.0549213670         1.3507420656        78.1085652152       205.2324430718 
        9.0300000000        -0.0658758193         1.3405462597        76.2735672627       190.0148222605 
        9.0350000000        -0.0768140178         1.2844693270        77.7415656247       106.3179077983 
        9.0400000000        -0.0877332635         1.2411371518        77.3745660342        41.6430193502 
        9.0450001000        -0.0986310801         1.1927070735        77.5580658294       -30.6406795036 
        9.0500000000        -0.1095041255         1.2054518309        77.5580658294       -11.6186534894 
        9.0550000000        -0.1203503702         1.1901581220        77.5580658294       -34.4450847064 
        9.0600000000        -0.1311669202         1.1799623161        77.1910662390       -49.6627055177 
        9.0650000000        -0.1419511067         1.1825112676        76.8240666485       -45.8583003149 
        9.0700000000        -0.1527002690         1.1595707042        76.6405668532       -80.0979471404 
        9.0750000000        -0.1634117547         1.1544728012        76.0900674675       -87.7067575460 
        9.0800000000        -0.1740829210         1.1723154616        75.9065676722       -61.0759211262 
        9.0850000000        -0.1847111350         1.1519238497        75.5395680817       -91.5111627489 
        9.0900000000        -0.1952937742         1.1315322379        74.6220691055      -121.9464043715 
        9.0950000000        -0.2058282277         1.1570217527        75.1725684912       -83.9023523432 
        9.1000000000        -0.2163118961         1.1417280438        73.5210703340      -106.7287835602 
        9.1050000000        -0.2267421927         1.1493748983        74.2550695150       -95.3155679517 
        9.1100000000        -0.2371165442         1.1468259468        72.4200715625       -99.1199731545 
        9.1150000000        -0.2474323906         1.1468259468        72.9705709482       -99.1199731545 
        9.1200000000        -0.2576871869         1.1391790923        72.0530719720      -110.5331887630 
        9.1250001000        -0.2678786058         1.1238853834        71.3190727910      -133.3596199800 
        9.1300000000        -0.2780035234         1.0780042567        71.1355729957      -201.8389136309 
        9.1350000000        -0.2880600510         1.1085916745        69.4840748385      -156.1860511970 
        9.1400000000        -0.2980455041         1.0983958685        69.3005750433      -171.4036720083 
        9.1450000000        -0.3079574189         0.9301650705        67.2820772955      -422.4944153950 
        9.1500000000        -0.3177933498         1.1187874804        67.4655770908      -140.9684303856 
        9.1550000000        -0.3275508700         1.0856511111        66.7315779098      -190.4256980224 
        9.1600000000        -0.3372275719         1.0678084507        66.3645783193      -217.0565344422 
        9.1650000000        -0.3468210679         1.0754553052        64.3460805716      -205.6433188337 
        9.1700001000        -0.3563291803         1.0601615963        63.0615820048      -228.4697500507 
        9.1750000000        -0.3657489953         1.0627105477        63.4285815953      -224.6653448479 
        9.1800000000        -0.3750787565         1.0448678873        60.6760846666      -251.2961812677 
        9.1850000000        -0.3843159726         1.0576126448        59.9420854856      -232.2741552535 
        9.1900000000        -0.3934583645         1.0372210329        57.5565881474      -262.7093968762 
        9.1950000000        -0.4025036764         1.0346720814        57.7400879426      -266.5138020790 
        9.2000000000        -0.4114496766         1.0423189359        52.7855934709      -255.1005864705 
        9.2050000000        -0.4202941577         1.0346720814        54.2535918329      -266.5138020790 
        9.2100000000        -0.4290349376         1.0142804695        52.7855934709      -296.9490437016 
        9.2150000000        -0.4376698594         1.0372210329        51.8680944947      -262.7093968762 
        9.2200000000        -0.4461967928         0.9938888576        49.8495967469      -327.3842853243 
        9.2250000000        -0.4546136338         1.0117315180        48.7485979754      -300.7534489045 
        9.2300000000        -0.4629183057         0.9862420032        45.4456016610      -338.7975009328 
        9.2350000000        -0.4711087595         1.0066336150        45.4456016610      -308.3622593101 
        9.2400000000        -0.4791829742         0.9734972457        45.4456016610      -357.8195269469 
        9.2450000000        -0.4871389576         0.9913399061        41.5921059607      -331.1886905271 
        9.2500001000        -0.4949749023         0.9785951487        40.8581067797      -350.2107165412 
        9.2550000000        -0.5026884084         0.9582035368        37.9221100558      -380.6459581639 
        9.2600000000        -0.5102780392         0.9683993428        37.0046110795      -365.4283373526 
        9.2650000000        -0.5177417665         0.9250671675        34.4356139460      -430.1032258007 
        9.2700000000        -0.5250777487         0.9683993428        34.8026135365      -365.4283373526 
        9.2750000000        -0.5322841759         0.9429098279        31.3161174268      -403.4723893809 
        9.2800000000        -0.5393592699         0.9480077309        27.4626217266      -395.8635789752 
        9.2850000000        -0.5463012851         0.9378119249        28.0131211124      -411.0811997865 
        9.2900000000        -0.5531085087         0.9505566824        25.9946233646      -392.0591737724 
        9.2950001000        -0.5597793930         0.9174203130        24.5266250026      -441.5164414092 
        9.3000000000        -0.5663118961         0.9148713616        20.8566290977      -445.3208466120 
        9.3050000000        -0.5727048022         0.9046755556        18.4711317594      -460.5384674233 
        9.3100000000        -0.5789564020         0.9148713616        16.6361338069      -445.3208466120 
        9.3150000000        -0.5850651530         0.9148713616        14.2506364687      -445.3208466120 
        9.3200000000        -0.5910295479         0.9021266041        12.5991383115      -464.3428726261 
        9.3250000000        -0.5968481150         0.9021266041        10.0301411780      -464.3428726261 
        9.3300000000        -0.6025194189         0.9072245071         9.6631415875      -456.7340622205 
        9.3350000000        -0.6080420601         0.8893818467         3.4241485491      -483.3648986403 
        9.3400000000        -0.6134146760         0.8842839437         3.7911481395      -490.9737090459 
        9.3450000000        -0.6186359411         0.8944797497         1.7726503918      -475.7560882346 
        9.3500000000        -0.6237045669         0.8919307982        -0.9798465369      -479.5604934374 
        9.3550000000        -0.6286193030         0.8689902348        -4.2828428514      -513.8001402629 
        9.3600000000        -0.6333789367         0.8282070110        -6.1178408039      -574.6706235082 
        9.3650000000        -0.6379822936         0.8791860408        -8.5033381421      -498.5825194516 
        9.3700000000        -0.6424282380         0.8562454774       -10.5218358898      -532.8221662770 
        9.3750001000        -0.6467157569         0.8460496714       -14.3753315901      -548.0397870884 
        9.3800000000        -0.6508435401         0.8715391863       -16.0268297473      -509.9957350601 
        9.3850000000        -0.6548108216         0.8282070110       -19.5133258570      -574.6706235082 
        9.3900000000        -0.6586165383         0.8435007200       -21.8988231952      -551.8441922912 
        9.3950000000        -0.6622597512         0.8205601566       -23.7338211477      -586.0838391167 
        9.4000000000        -0.6657395614         0.8638923318       -27.4038170527      -521.4089506686 
        9.4050000000        -0.6690551104         0.7950706417       -29.6058145957      -624.1278911450 
        9.4100000000        -0.6722055800         0.8485986229       -32.7253111149      -544.2353818855 
        9.4150000000        -0.6751901929         0.8078153991       -34.9273086579      -605.1058651308 
        9.4200001000        -0.6780082675         0.8078153991       -38.9643041534      -605.1058651308 
        9.4250000000        -0.6806589443         0.8154622536       -40.7993021058      -593.6926495223 
        9.4300000000        -0.6831417334         0.7950706417       -44.8362976013      -624.1278911450 
        9.4350000000        -0.6854559674         0.8001685447       -47.9557941205      -616.5190807393 
        9.4400000000        -0.6876010755         0.7950706417       -50.8917908445      -624.1278911450 
        9.4450000000        -0.6895765283         0.7950706417       -53.0937883875      -624.1278911450 
        9.4500000000        -0.6913818384         0.7746790298       -55.6627855210      -654.5631327676 
        9.4550000000        -0.6930165604         0.8001685447       -59.1492816307      -616.5190807393 
        9.4600000000        -0.6944802909         0.7797769328       -62.0852783547      -646.9543223619 
        9.4650000000        -0.6957726688         0.7823258843       -65.9387740549      -643.1499171591 
        9.4700000000        -0.6968933752         0.7848748358       -68.1407715979      -639.3455119563 
        9.4750000000        -0.6978421336         0.7797769328       -71.8107675028      -646.9543223619 
        9.4800000000        -0.6986187099         0.7466405635       -75.6642632031      -696.4115899987 
        9.4850000000        -0.6992229125         0.7415426605       -78.4167601318      -704.0204004044 
        9.4900000000        -0.6996545923         0.7466405635       -84.2887535797      -696.4115899987 
        9.4950000000        -0.6999136427         0.7848748358       -84.4722533750      -639.3455119563 
        9.5000001000        -0.7000000000         0.7237000001       -89.0597482562      -730.6512368242 
        9.5050000000        -0.6999136427         0.7797769328       -91.2617457992      -646.9543223619 
        9.5100000000        -0.6996545923         0.7517384665       -94.1977425232      -688.8027795931 
        9.5150000000        -0.6992229125         0.7491895150       -98.6017376091      -692.6071847959 
        9.5200000000        -0.6986187099         0.7670321754      -101.3542345378      -665.9763483761 
        9.5250000000        -0.6978421336         0.7466405635      -105.2077302381      -696.4115899987 
        9.5300000000        -0.6968933752         0.7491895150      -108.6942263478      -692.6071847959 
        9.5350000000        -0.6957726688         0.7440916120      -112.1807224575      -700.2159952015 
        9.5400000000        -0.6944802909         0.7415426605      -115.4837187720      -704.0204004044 
        9.5450001000        -0.6930165294         0.7440916120      -118.0527159055      -700.2159952015 
        9.5500000000        -0.6913818384         0.7338958061      -122.4567109914      -715.4336160129 
        9.5550000000        -0.6895765283         0.7415426605      -125.9432071011      -704.0204004044 
        9.5600000000        -0.6876010755         0.7313468546      -129.4297032109      -719.2380212157 
        9.5650000000        -0.6854559674         0.7287979031      -133.2831989111      -723.0424264185 
        9.5700000000        -0.6831417334         0.7389937090      -135.3016966588      -707.8248056072 
        9.5750000000        -0.6806589443         0.7313468546      -140.2561911305      -719.2380212157 
        9.5800000000        -0.6780082128         0.7211510486      -144.1096868308      -734.4556420270 
        9.5850000000        -0.6751901929         0.7338958061      -147.5961829405      -715.4336160129 
        9.5900000000        -0.6722055800         0.7033083882      -151.2661788454      -761.0864784468 
        9.5950000000        -0.6690551104         0.7517384665      -154.7526749552      -688.8027795931 
        9.6000000000        -0.6657395614         0.7109552427      -158.2391710649      -749.6732628383 
        9.6050000000        -0.6622597512         0.7262489516      -161.9091669699      -726.8468316213 
        9.6100000000        -0.6586165383         0.7364447575      -165.5791628748      -711.6292108100 
        9.6150000000        -0.6548108216         0.7440916120      -169.9831579608      -700.2159952015 
        9.6200000000        -0.6508435401         0.7313468546      -174.2036532515      -719.2380212157 
        9.6250001000        -0.6467155886         0.7109552427      -177.1396499755      -749.6732628383 
        9.6300000000        -0.6424282380         0.7440916120      -179.8921469042      -700.2159952015 
        9.6350000000        -0.6379822936         0.7542874179      -179.7086471090      -684.9983743902 
        9.6400000000        -0.6333789367         0.7466405635      -179.1581477232      -696.4115899987 
        9.6450000000        -0.6286193030         0.7262489516      -100.0697359711      -726.8468316213 
        9.6500000000        -0.6237045669         0.7364447575       178.2994534209      -711.6292108100 
        9.6550000000        -0.6186359411         0.7415426605       180.5014509639      -704.0204004044 
        9.6600000000        -0.6134146760         0.7109552427       178.2994534209      -749.6732628383 
        9.6650000000        -0.6080420601         0.7466405635       174.6294575159      -696.4115899987 
        9.6700001000        -0.6025193070         0.7389937090       171.3264612014      -707.8248056072 
        9.6750000000        -0.5968481150         0.7415426605       167.4729655012      -704.0204004044 
        9.6800000000        -0.5910295479         0.7109552427       163.8029695962      -749.6732628383 
        9.6850000000        -0.5850651530         0.7186020971       160.8669728723      -738.2600472298 
        9.6900000000        -0.5789564020         0.7491895150       157.3804767625      -692.6071847959 
        9.6950000000        -0.5727048022         0.7313468546       153.5269810623      -719.2380212157 
        9.7000000000        -0.5663118961         0.7491895150       149.4899855669      -692.6071847959 
        9.7050000000        -0.5597792609         0.7237000001       145.0859904809      -730.6512368242 
        9.7100000000        -0.5531085087         0.7440916120       143.2509925284      -700.2159952015 
        9.7150000000        -0.5463012851         0.7160531457       137.7459986710      -742.0644524327 
        9.7200004000        -0.5393587092         0.7568363694       134.8100019470      -681.1939691874 
        9.7250000000        -0.5322841759         0.7364447575       131.8740052230      -711.6292108100 
        9.7300000000        -0.5250777487         0.7338958061       127.1030105465      -715.4336160129 
        9.7350000000        -0.5177417665         0.7440916120       122.3320158701      -700.2159952015 
        9.7400000000        -0.5102780392         0.7517384665       120.3135181223      -688.8027795931 
        9.7450000000        -0.5026884084         0.7415426605       117.0105218079      -704.0204004044 
        9.7500001000        -0.4949745913         0.7619342724       112.9735263124      -673.5851587817 
        9.7550000000        -0.4871389576         0.7415426605       110.4045291789      -704.0204004044 
        9.7600000000        -0.4791829741         0.7721300783       106.9180330692      -658.3675379704 
        9.7650000000        -0.4711087595         0.7440916120       103.4315369595      -700.2159952015 
        9.7700000000        -0.4629183057         0.7644832239        99.5780412593      -669.7807535789 
        9.7750000000        -0.4546136338         0.7619342724        95.1740461733      -673.5851587817 
        9.7800000000        -0.4461967928         0.7721300783        93.3390482208      -658.3675379704 
        9.7850000000        -0.4376698594         0.7746790298        90.9535508826      -654.5631327676 
        9.7900000000        -0.4290349375         0.7746790298        86.7330555919      -654.5631327676 
        9.7950001000        -0.4202939819         0.7644832239        84.1640584584      -669.7807535789 
        9.8000000000        -0.4114496766         0.7746790298        81.2280617344      -654.5631327676 
        9.8050000000        -0.4025036764         0.7644832239        77.5580658294      -669.7807535789 
        9.8100000000        -0.3934583645         0.8001685447        74.6220691055      -616.5190807393 
        9.8150000000        -0.3843159726         0.8078153991        71.6860723815      -605.1058651308 
        9.8200000000        -0.3750787565         0.7772279813        68.3830760670      -650.7587275648 
        9.8250000000        -0.3657489953         0.7848748358        65.8140789335      -639.3455119563 
        9.8300000000        -0.3563289910         0.7976195932        62.8780822096      -620.3234859421 
        9.8350000000        -0.3468210679         0.8154622536        59.9420854856      -593.6926495223 
        9.8400000000        -0.3372275719         0.8256580595        56.0885897854      -578.4750287110 
        9.8450000000        -0.3275508700         0.7950706417        53.7030924471      -624.1278911450 
        9.8500000000        -0.3177933498         0.8282070110        50.9505955184      -574.6706235082 
        9.8550000000        -0.3079574189         0.8282070110        48.0145987944      -574.6706235082 
        9.8600000000        -0.2980455041         0.8205601566        45.0786020705      -586.0838391167 
        9.8650000000        -0.2880600510         0.8205601566        41.4086061655      -586.0838391167 
        9.8700000000        -0.2780035234         0.8282070110        39.0231088273      -574.6706235082 
        9.8750001000        -0.2678781995         0.8333049140        35.9036123080      -567.0618131025 
        9.8800000000        -0.2576871869         0.8307559625        34.2521141508      -570.8662183053 
        9.8850000000        -0.2474323906         0.8511475744        31.6831170173      -540.4309766827 
        9.8900000000        -0.2371165442         0.8485986229        29.1141198838      -544.2353818855 
        9.8950000000        -0.2267421927         0.8664412833        26.9121223409      -517.6045454657 
        9.9000000000        -0.2163118960         0.8536965259        22.5081272549      -536.6265714799 
        9.9050000000        -0.2058282277         0.8485986229        20.4896295072      -544.2353818855 
        9.9100000000        -0.1952937742         0.8740881378        17.9206323737      -506.1913298572 
        9.9150000000        -0.1847111350         0.8715391863        15.5351350355      -509.9957350601 
        9.9200001000        -0.1740827080         0.8638923318        13.1496376972      -521.4089506686 
        9.9250000000        -0.1634117547         0.8919307982        10.7641403590      -479.5604934374 
        9.9300000000        -0.1527002690         0.8740881378         9.1126422018      -506.1913298572 
        9.9350000000        -0.1419511067         0.8868328952         5.2591465015      -487.1693038431 
        9.9400000000        -0.1311669202         0.8919307982         3.4241485491      -479.5604934374 
        9.9450000000        -0.1203503702         0.9072245071         1.2221510061      -456.7340622205 
        9.9500000000        -0.1095041255         0.8995776526        -0.9798465369      -468.1472778289 
        9.9550000000        -0.0986308623         0.9046755556        -2.6313446942      -460.5384674233 
        9.9600000000        -0.0877332635         0.9097734586        -4.4663426466      -452.9296570176 
        9.9650000000        -0.0768140178         0.9352629734        -6.8518399849      -414.8856049893 
        9.9700000000        -0.0658758193         0.9225182160        -9.4208371183      -433.9076310035 
        9.9750000000        -0.0549213670         0.9225182160       -11.4393348661      -433.9076310035 
        9.9800000000        -0.0439533637         0.9327140220       -13.0908330233      -418.6900101922 
        9.9850000000        -0.0329745155         0.9429098279       -15.6598301568      -403.4723893809 
        9.9900000000        -0.0219875314         0.9429098279       -17.6783279045      -403.4723893809 
        9.9950000000        -0.0109951221         0.9250671675       -19.8803254475      -430.1032258007 
