           Time[sec]           V_{cmd}[V]          V_{gyro}[V]          \theta[deg] \omega_{gyro}[deg/sec] 
        0.0000000000         0.0000000000         1.2105497339       180.1344513734        -4.0098430838 
        0.0050000000         0.0215479211         1.2130986854       179.7674517829        -0.2054378810 
        0.0100000000         0.0430754191         1.2105497339       180.1344513734        -4.0098430838 
        0.0150000000         0.0645620900         1.2130986854       179.9509515781        -0.2054378810 
        0.0200000000         0.0859875689         1.2105497339       179.7674517829        -4.0098430838 
        0.0250000000         0.1073315486         1.2130986854       181.6024497354        -0.2054378810 
        0.0300000000         0.1285737993         1.2105497339       179.9509515781        -4.0098430838 
        0.0350000000         0.1496941875         1.2130986854       179.9509515781        -0.2054378810 
        0.0400000000         0.1706726952         1.2258434428       180.1344513734        18.8165881332 
        0.0450000000         0.1914894390         1.2921161815       179.9509515781       117.7311234068 
        0.0500000000         0.2121246888         1.2564308607       179.9509515781        64.4694505671 
        0.0550000000         0.2325588863         1.2844693270       180.3179511686       106.3179077983 
        0.0600000000         0.2527726641         1.2972140844       180.8684505544       125.3399338124 
        0.0650000000         0.2727468635         1.2946651330       179.5839519876       121.5355286096 
        0.0700000000         0.2924625529         1.2997630359      -100.0697359711       129.1443390152 
        0.0750000000         0.3119010457         1.3278015023      -100.0697359711       170.9927962464 
        0.0800000000         0.3310439181         1.3048609389      -101.7212341283       136.7531494209 
        0.0850000000         0.3498730264         1.3201546478      -100.0697359711       159.5795806379 
        0.0900000000         0.3683705244         1.3252525508      -100.8037351521       167.1883910435 
        0.0950000000         0.3865188801         1.3278015023      -101.1707347426       170.9927962464 
        0.1000000000         0.4043008924         1.3405462597      -181.1766454709       190.0148222605 
        0.1050000000         0.4216997076         1.3456441627      -180.0756466995       197.6236326662 
        0.1100000000         0.4386988350         1.3430952112      -180.0756466995       193.8192274633 
        0.1150000000         0.4552821628         1.3660357746      -179.7086471090       228.0588742888 
        0.1200000000         0.4714339732         1.3762315805      -180.2591464947       243.2764951001 
        0.1250000000         0.4871389576         1.3762315805      -179.8921469042       243.2764951001 
        0.1300000000         0.5023822308         1.3915252894      -177.8736491565       266.1029263171 
        0.1350000000         0.5171493451         1.4042700468      -180.2591464947       285.1249523312 
        0.1400000000         0.5314263043         1.3940742409      -178.9746479280       269.9073315199 
        0.1450000000         0.5451995766         1.4195637558      -177.5066495660       307.9513835482 
        0.1500000000         0.5584561077         1.4221127072      -176.5891505897       311.7557887510 
        0.1550000000         0.5711833330         1.4374064162      -174.3871530468       334.5822199680 
        0.1600000000         0.5833691896         1.3889763379      -172.7356548895       262.2985211143 
        0.1650000000         0.5950021278         1.4858364944      -171.2676565275       406.8659188218 
        0.1700000000         0.6060711218         1.4501511736      -169.2491587798       353.6042459822 
        0.1750000000         0.6165656805         1.4425043191      -166.8636614416       342.1910303737 
        0.1800000000         0.6264758569         1.4730917370      -164.6616638986       387.8438928076 
        0.1850000000         0.6357922584         1.4960323003      -163.0101657413       422.0835396331 
        0.1900000000         0.6445060547         1.4756406885      -160.9916679936       391.6482980105 
        0.1950000000         0.6526089870         1.5113260093      -158.7896704506       444.9099708501 
        0.2000000000         0.6600933751         1.5062281063      -156.4041731124       437.3011604444 
        0.2050000000         0.6669521255         1.5215218152      -153.1011767979       460.1275916614 
        0.2100001000         0.6731788556         1.5291686697      -152.3671776169       471.5408072699 
        0.2150000000         0.6787673092         1.5240707667      -152.7341772074       463.9319968642 
        0.2200000000         0.6837125440         1.5342665726      -146.3116843737       479.1496176755 
        0.2250000000         0.6880097547         1.5572071360      -144.8436860117       513.3892645010 
        0.2300000000         0.6916548684         1.5444623786      -145.5776851927       494.3672384868 
        0.2350000000         0.6946444304         1.5623050390      -139.8891915400       520.9980749067 
        0.2400000000         0.6969756070         1.5674029419      -137.3201944066       528.6068853123 
        0.2450000000         0.6986461887         1.5699518934      -135.1181968636       532.4112905151 
        0.2500000000         0.6996545923         1.5801476994      -132.3656999348       547.6289113265 
        0.2550000000         0.6999998618         1.5877945538      -127.9617048489       559.0421269349 
        0.2600010000         0.6996815402         1.6005393113      -126.3102066916       578.0641529491 
        0.2650000000         0.6987003189         1.5826966509      -124.2917089439       551.4333165293 
        0.2700000000         0.6970567381         1.5954414083      -121.1722124247       570.4553425434 
        0.2750000000         0.6947524855         1.6081861657      -118.0527159055       589.4773685576 
        0.2800000000         0.6917897452         1.6132840687      -114.7497195910       597.0861789632 
        0.2850000000         0.6881713253         1.6234798746      -111.6302230718       612.3037997745 
        0.2900000000         0.6839006552         1.6311267291      -108.5107265525       623.7170153830 
        0.2950000000         0.6789817828         1.6158330202      -106.3087290096       600.8905841661 
        0.3000000000         0.6734193701         1.6311267291      -103.7397318761       623.7170153830 
        0.3050000000         0.6672186892         1.6234798746      -100.0697359711       612.3037997745 
        0.3100000000         0.6603856172         1.6362246321       -97.1337392471       631.3258257887 
        0.3150000000         0.6529266304         1.6489693895       -93.0967437517       650.3478518028 
        0.3200000000         0.6448487985         1.6107351172       -90.5277466182       593.2817737604 
        0.3250000000         0.6361597776         1.6719099529       -87.4082500990       684.5874986283 
        0.3300000000         0.6268678033         1.6387735836       -84.6557531702       635.1302309915 
        0.3350000000         0.6169816825         1.6566162440       -81.3527568558       661.7610674113 
        0.3400000000         0.6065107852         1.6285777776       -78.6002599270       619.9126101802 
        0.3450000000         0.5954650358         1.6591651954       -75.1137638173       665.5654726142 
        0.3500001000         0.5838546658         1.6566162440       -70.3427691409       661.7610674113 
        0.3550000000         0.5716913924         1.6744589044       -67.9572718026       688.3919038311 
        0.3600000000         0.5589860311         1.6566162440       -64.4707756929       661.7610674113 
        0.3650000000         0.5457508618         1.6591651954       -61.1677793784       665.5654726142 
        0.3700000000         0.5319984287         1.6515183410       -58.9657818354       654.1522570057 
        0.3750000000         0.5177417665         1.6413225350       -57.4977834735       638.9346361944 
        0.3800000000         0.5029943876         1.6566162440       -52.9102885922       661.7610674113 
        0.3850000000         0.4877702697         1.6795568073       -49.0567928920       696.0007142368 
        0.3900000000         0.4720838422         1.6438714865       -45.2032971918       642.7390413972 
        0.3950000000         0.4559499727         1.6591651954       -42.6343000583       665.5654726142 
        0.4000000000         0.4393839529         1.6617141469       -41.1663016963       669.3698778170 
        0.4050000000         0.4224014842         1.6438714865       -35.8448076341       642.7390413972 
        0.4100000000         0.4050186625         1.6642630984       -33.2758105007       673.1742830198 
        0.4150000000         0.3872519633         1.6438714865       -30.1563139814       642.7390413972 
        0.4200001000         0.3691178598         1.6489693895       -26.6698178717       650.3478518028 
        0.4250000000         0.3506346377         1.6515183410       -25.5688191002       654.1522570057 
        0.4300000000         0.3318187173         1.6362246321       -20.7978244238       631.3258257887 
        0.4350000000         0.3126882984         1.6311267291       -16.9443287235       623.7170153830 
        0.4400000000         0.2932615129         1.6617141469       -13.4578326138       669.3698778170 
        0.4450000000         0.2735567736         1.6107351172       -10.7053356851       593.2817737604 
        0.4500000000         0.2535927567         1.6362246321        -7.7693389611       631.3258257887 
        0.4550000000         0.2333883840         1.6336756806        -4.8333422371       627.5214205859 
        0.4600000000         0.2129628054         1.6081861657        -2.6313446942       589.4773685576 
        0.4650000000         0.1923353803         1.6107351172         1.2221510061       593.2817737604 
        0.4700000000         0.1715256592         1.6158330202         3.0571489586       600.8905841661 
        0.4750001000         0.1505529450         1.5954414083         5.9931456825       570.4553425434 
        0.4800000000         0.1294383777         1.5954414083         8.5621428160       570.4553425434 
        0.4850000000         0.1082007077         1.5775987479        11.4981395400       543.8245061236 
        0.4900000000         0.0868604847         1.5801476994        14.6176360592       547.6289113265 
        0.4950000000         0.0654379353         1.5954414083        17.3701329879       570.4553425434 
        0.5000000000         0.0439533637         1.5623050390        19.3886307357       520.9980749067 
        0.5050000000         0.0224271329         1.5495602815        21.9576278691       501.9760488925 
        0.5100000000         0.0008796457         1.5826966509        24.7101247979       551.4333165293 
        0.5150000000        -0.0206686752         1.5368155241        26.9121223409       482.9540228784 
        0.5200000000        -0.0421974064         1.5164239122        29.4811194743       452.5187812557 
        0.5250000000        -0.0636861428         1.5291686697        31.8666168126       471.5408072699 
        0.5300000000        -0.0851145172         1.4476022221        33.8851145603       349.7998407793 
        0.5350000000        -0.1064622201         1.4144658528        34.8026135365       300.3425731426 
        0.5400000000        -0.1277090178         1.2436861032        35.3531129223        45.4474245530 
        0.5450000000        -0.1488347726         1.2309413458        35.7201125128        26.4253985388 
        0.5500000000        -0.1698194616         1.2309413458        34.8026135365        26.4253985388 
        0.5550000000        -0.1906431953         1.2564308607        37.7386102605        64.4694505671 
        0.5600000000        -0.2112862371         1.2003539280        36.0871121033       -19.2274638951 
        0.5650000000        -0.2317290214         1.1952560250        34.6191137413       -26.8362743008 
        0.5700001000        -0.2519525745         1.1442769953        34.9861133318      -102.9243783573 
        0.5750000000        -0.2719365227         1.1672175587        35.7201125128       -68.6847315319 
        0.5800000000        -0.2916631310         1.1442769953        35.1696131270      -102.9243783573 
        0.5850000000        -0.3111133004         1.1264343349        34.2521141508      -129.5552147771 
        0.5900000000        -0.3302685961         1.1213364319        34.0686143556      -137.1640251828 
        0.5950000000        -0.3491108625         1.1111406260        33.7016147651      -152.3816459941 
        0.6000000000        -0.3676222410         1.1111406260        31.8666168126      -152.3816459941 
        0.6050000000        -0.3857851864         1.0958469171        31.3161174268      -175.2080772111 
        0.6100000000        -0.4035824839         1.0780042567        31.6831170173      -201.8389136309 
        0.6150000000        -0.4209972651         1.0550636933        29.1141198838      -236.0785604564 
        0.6200000000        -0.4380130243         1.0678084507        28.1966209076      -217.0565344422 
        0.6250000000        -0.4546136338         1.0703574022        27.4626217266      -213.2521292394 
        0.6300000000        -0.4707833598         1.0474168388        26.1781231599      -247.4917760649 
        0.6350000000        -0.4865068763         0.9811441002        25.0771243884      -346.4063113384 
        0.6400000000        -0.5017692806         1.0346720814        23.7926258216      -266.5138020790 
        0.6450000000        -0.5165561071         1.0193783725        21.7741280739      -289.3402332960 
        0.6500000000        -0.5308533407         0.9760461972        20.8566290977      -354.0151217441 
        0.6550000000        -0.5446474305         1.0091825665        19.2051309404      -304.5578541073 
        0.6600000000        -0.5579253024         1.0219273240        18.1041321689      -285.5358280931 
        0.6650000000        -0.5706743716         0.9454587794        16.2691342164      -399.6679841780 
        0.6700000000        -0.5828825545         0.9913399061        15.7186348307      -331.1886905271 
        0.6750000000        -0.5945382802         0.9607524883        12.5991383115      -376.8415529611 
        0.6800000000        -0.6056305014         0.9785951487         9.8466413827      -350.2107165412 
        0.6850000000        -0.6161487048         0.9582035368         9.2961419970      -380.6459581639 
        0.6900000000        -0.6260829213         0.9760461972         8.1951432255      -354.0151217441 
        0.6950001000        -0.6354239160         0.9225182160         5.4426462968      -433.9076310035 
        0.7000000000        -0.6441622932         0.9378119249         4.1581477300      -411.0811997865 
        0.7050000000        -0.6522903129         0.9097734586         1.4056508013      -452.9296570176 
        0.7100000000        -0.6598000907         0.9225182160        -0.9798465369      -433.9076310035 
        0.7150000000        -0.6666845086         0.9072245071        -3.1818440799      -456.7340622205 
        0.7200000000        -0.6729370417         0.8970287012        -5.0168420324      -471.9516830318 
        0.7250000000        -0.6785517637         0.8893818467        -7.2188395754      -483.3648986403 
        0.7300000000        -0.6835233530         0.8919307982        -9.6043369136      -479.5604934374 
        0.7350000000        -0.6878470976         0.8664412833       -12.7238334328      -517.6045454657 
        0.7400000000        -0.6915188994         0.8587944289       -14.7423311806      -529.0177610742 
        0.7450000000        -0.6945352783         0.8536965259       -17.1278285188      -536.6265714799 
        0.7500000000        -0.6968933752         0.8562454774       -19.5133258570      -532.8221662770 
        0.7550000000        -0.6985909553         0.8485986229       -22.0823229905      -544.2353818855 
        0.7600000000        -0.6996264095         0.8333049140       -24.8348199192      -567.0618131025 
        0.7650000000        -0.6999987564         0.8409517685       -28.5048158242      -555.6485974940 
        0.7700000000        -0.6997076432         0.8180112051       -29.7893143909      -589.8882443195 
        0.7750000000        -0.6987533457         0.8333049140       -34.3768092721      -567.0618131025 
        0.7800000000        -0.6971367684         0.8001685447       -36.9458064056      -616.5190807393 
        0.7850000000        -0.6948594436         0.8154622536       -39.3313037439      -593.6926495223 
        0.7900000000        -0.6919235296         0.8256580595       -42.0838006726      -578.4750287110 
        0.7950000000        -0.6883318092         0.7899727387       -45.0197973966      -631.7367015506 
        0.8000000000        -0.6840876865         0.7644832239       -48.5062935063      -669.7807535789 
        0.8050000000        -0.6791951842         0.7950706417       -50.7082910493      -624.1278911450 
        0.8100000000        -0.6736589394         0.7721300783       -54.9287863400      -658.3675379704 
        0.8150000000        -0.6674841993         0.7823258843       -57.6812832687      -643.1499171591 
        0.8200001000        -0.6606766740         0.7925216902       -60.4337801974      -627.9322963478 
        0.8250000000        -0.6532432428         0.7721300783       -63.9202763072      -658.3675379704 
        0.8300000000        -0.6451905240         0.8052664477       -66.6727732359      -608.9102703336 
        0.8350001000        -0.6365261130         0.7772279813       -70.1592693456      -650.7587275648 
        0.8400000000        -0.6272587598         0.7797769328       -73.0952660696      -646.9543223619 
        0.8450000000        -0.6173967102         0.7848748358       -76.9487617698      -639.3455119563 
        0.8500000000        -0.6069494908         0.7874237873       -79.5177589033      -635.5411067534 
        0.8550000000        -0.5959270035         0.7670321754       -83.0042550130      -665.9763483761 
        0.8600000000        -0.5843396954         0.7721300783       -86.1237515322      -658.3675379704 
        0.8650000000        -0.5721985491         0.7721300783       -91.2617457992      -658.3675379704 
        0.8700000000        -0.5595150718         0.7619342724       -92.9132439564      -673.5851587817 
        0.8750000000        -0.5463012851         0.7593853209       -96.5832398614      -677.3895639846 
        0.8800000000        -0.5325697130         0.7695811269      -101.5377343331      -662.1719431732 
        0.8850000000        -0.5183333702         0.7721300783      -102.6387331046      -658.3675379704 
        0.8900000000        -0.5036057502         0.7721300783      -106.1252292143      -658.3675379704 
        0.8950000000        -0.4884008115         0.7746790298      -110.1622247098      -654.5631327676 
        0.9000000000        -0.4727329657         0.7772279813      -112.7312218433      -650.7587275648 
        0.9050000000        -0.4566170626         0.7619342724      -118.4197154960      -673.5851587817 
        0.9100000000        -0.4400683770         0.7848748358      -118.9702148817      -639.3455119563 
        0.9150000000        -0.4231025937         0.7772279813      -121.7227118104      -650.7587275648 
        0.9200000000        -0.4057357930         0.7848748358      -125.7597073059      -639.3455119563 
        0.9250000000        -0.3879844351         0.7874237873      -127.9617048489      -635.5411067534 
        0.9300000000        -0.3698653448         0.7823258843      -131.8152005491      -643.1499171591 
        0.9350000000        -0.3513956954         0.7874237873      -135.1181968636      -635.5411067534 
        0.9400000000        -0.3325929925         0.7874237873      -138.6046929733      -635.5411067534 
        0.9450001000        -0.3134746719         0.7746790298      -140.6231907210      -654.5631327676 
        0.9500000000        -0.2940600099         0.7950706417      -144.6601862165      -624.1278911450 
        0.9550000000        -0.2743662518         0.7874237873      -147.4126831452      -635.5411067534 
        0.9600001000        -0.2544120473         0.8103643506      -150.7156794597      -601.3014599280 
        0.9650000000        -0.2342175132         0.8205601566      -153.6516761837      -586.0838391167 
        0.9700000000        -0.2138005858         0.7925216902      -156.7711727029      -627.9322963478 
        0.9750000000        -0.1931810179         0.8231091081      -160.2576688126      -582.2794339138 
        0.9800000000        -0.1723783525         0.8129133021      -162.8266659461      -597.4970547251 
        0.9850000000        -0.1514123066         0.8282070110      -165.9461624653      -574.6706235082 
        0.9900000000        -0.1303027518         0.8027174962      -169.0656589845      -612.7146755365 
        0.9950000000        -0.1090696959         1.0983958685      -172.0016557085      -171.4036720083 
        1.0000000000        -0.0877332635         0.8307559625      -174.2036532515      -570.8662183053 
        1.0050000000        -0.0663136773         0.8435007200      -176.7726503850      -551.8441922912 
        1.0100000000        -0.0448312389         0.8868328952      -179.8921469042      -487.1693038431 
        1.0150000000        -0.0233063093         0.8460496714      -180.0756466995      -548.0397870884 
        1.0200000000        -0.0017592900         0.8587944289      -179.8921469042      -529.0177610742 
        1.0250000000         0.0197893968         0.8817349922      -179.8921469042      -494.7781142488 
        1.0300000000         0.0413193271         0.9327140220      -100.2532357664      -418.6900101922 
        1.0350000000         0.0628100949         0.9531056338       -98.9687371996      -388.2547685695 
        1.0400000000         0.0842413312         0.9785951487       179.4004521924      -350.2107165412 
        1.0450000000         0.1055927233         1.1391790923       179.5839519876      -110.5331887630 
        1.0500000000         0.1268440346         1.2029028795       179.9509515781       -15.4230586923 
        1.0550000000         0.1479751227         1.1799623161       179.5839519876       -49.6627055177 
        1.0600000000         0.1689659598         1.2130986854       177.7489540351        -0.2054378810 
        1.0650000000         0.1897966506         1.2283923943       181.9694493258        22.6209933360 
        1.0700000000         0.2104474517         1.2258434428       180.1344513734        18.8165881332 
        1.0750000000         0.2308987904         1.2283923943       179.0334526019        22.6209933360 
        1.0800000000         0.2511312828         1.2768224726       180.1344513734        94.9046921898 
        1.0850000000         0.2711257524         1.2538819092       179.4004521924        60.6650453643 
        1.0900000000         0.2908632485         1.2717245696       175.7304562874        87.2958817841 
        1.0950000000         0.3103250639         1.2921161815      -101.5377343331       117.7311234068 
        1.1000000000         0.3294927525         1.3099588419       -99.5192365854       144.3619598266 
        1.1050000000         0.3483481473         1.3328994052       -98.9687371996       178.6016066520 
        1.1100000000         0.3668733771         1.3176056963      -100.0697359711       155.7751754350 
        1.1150000000         0.3850508835         1.2946651330      -100.4367355616       121.5355286096 
        1.1200000000         0.4028634380         1.3660357746      -100.0697359711       228.0588742888 
        1.1250000000         0.4202941577         1.3583889201      -179.3416475185       216.6456586803 
        1.1300000000         0.4373265219         1.3303504538      -179.3416475185       174.7972014492 
        1.1350000000         0.4539443871         1.3966231924      -179.3416475185       273.7117367228 
        1.1400000000         0.4701320029         1.3915252894      -179.7086471090       266.1029263171 
        1.1450000000         0.4858740267         1.3532910171      -179.3416475185       209.0368482747 
        1.1500000000         0.5011555381         1.4272106102      -180.0756466995       319.3645991567 
        1.1550001000         0.5159623447         1.3915252894      -180.2591464947       266.1029263171 
        1.1600000000         0.5302795388         1.4272106102      -181.9106446519       319.3645991567 
        1.1650000000         0.5440944243         1.4042700468      -176.7726503850       285.1249523312 
        1.1700000000         0.5573936160         1.4323085132      -176.4056507945       326.9734095624 
        1.1750000000         0.5701645090         1.4272106102      -175.3046520230       319.3645991567 
        1.1800000000         0.5823949989         1.4705427855      -172.7356548895       384.0394876048 
        1.1850000000         0.5940734937         1.4730917370      -170.9006569370       387.8438928076 
        1.1900000000         0.6051889246         1.4756406885      -168.3316598036       391.6482980105 
        1.1950000000         0.6157307561         1.4730917370      -165.9461624653       387.8438928076 
        1.2000000000         0.6256889969         1.5087770578      -163.9276647176       441.1055656472 
        1.2050000000         0.6350542085         1.4934833489      -162.4596663556       418.2791344303 
        1.2100000000         0.6438175144         1.4960323003      -160.2576688126       422.0835396331 
        1.2150000000         0.6519706088         1.4985812518      -158.7896704506       425.8879448359 
        1.2200000000         0.6595057643         1.5189728637      -156.2206733172       456.3231864586 
        1.2250000000         0.6664158389         1.5164239122      -154.2021755694       452.5187812557 
        1.2300000000         0.6726942832         1.5317176211      -152.0001780264       475.3452124727 
        1.2350000000         0.6783351467         1.5342665726      -148.6971817120       479.1496176755 
        1.2400000000         0.6833330827         1.5546581845      -145.5776851927       509.5848592982 
        1.2450000000         0.6876833544         1.5215218152      -144.2931866260       460.1275916614 
        1.2500000000         0.6913818384         1.5877945538      -141.7241894925       559.0421269349 
        1.2550000000         0.6944250294         1.5572071360      -137.5036942018       513.3892645010 
        1.2600000000         0.6968100430         1.5775987479      -136.0356958398       543.8245061236 
        1.2650000000         0.6985346187         1.5750497964      -131.9987003443       540.0201009208 
        1.2700000000         0.6995971219         1.5826966509      -129.7967028014       551.4333165293 
        1.2750000000         0.6999965456         1.6005393113      -129.4297032109       578.0641529491 
        1.2800001000         0.6997324994         1.6107351172      -124.8422083297       593.2817737604 
        1.2850000000         0.6988052691         1.6107351172      -121.7227118104       593.2817737604 
        1.2900000000         0.6972156979         1.6285777776      -118.9702148817       619.9126101802 
        1.2950000000         0.6949653043         1.6081861657      -116.0342181577       589.4773685576 
        1.3000000000         0.6920562213         1.6285777776      -112.5477220480       619.9126101802 
        1.3050000000         0.6884912061         1.6336756806      -109.9787249145       627.5214205859 
        1.3100000000         0.6842736375         1.6362246321      -108.8777261430       631.3258257887 
        1.3150000000         0.6794075131         1.6387735836      -102.8222328998       635.1302309915 
        1.3200000000         0.6738974449         1.6566162440       -99.8862361759       661.7610674113 
        1.3250000000         0.6677486554         1.6413225350       -97.8677384281       638.9346361944 
        1.3300000000         0.6609669724         1.6642630984       -93.4637433422       673.1742830198 
        1.3350000000         0.6535588237         1.6464204380       -91.0782460039       646.5434466000 
        1.3400000000         0.6455312306         1.6515183410       -88.3257490752       654.1522570057 
        1.3450000000         0.6368918018         1.6566162440       -84.8392529655       661.7610674113 
        1.3500000000         0.6276487257         1.6693610014       -81.5362566510       680.7830934255 
        1.3550000000         0.6178107630         1.6464204380       -77.8662607460       646.5434466000 
        1.3600000000         0.6073872380         1.6821057588       -74.5632644316       699.8051194396 
        1.3650000000         0.5963880302         1.6693610014       -71.0767683218       680.7830934255 
        1.3700000000         0.5848235646         1.6846547103       -67.2232726216       703.6095246425 
        1.3750000000         0.5727048022         1.6770078558       -63.9202763072       692.1963090340 
        1.3800000000         0.5600432290         1.6668120499       -61.3512791737       676.9786882226 
        1.3850000000         0.5468508458         1.6642630984       -58.4152824497       673.1742830198 
        1.3900000000         0.5331401563         1.6591651954       -54.5617867495       665.5654726142 
        1.3950000000         0.5189241555         1.6719099529       -51.6257900255       684.5874986283 
        1.4000000000         0.5042163174         1.6668120499       -48.6897933015       676.9786882226 
        1.4050001000         0.4890302737         1.6515183410       -45.0197973966       654.1522570057 
        1.4100000000         0.4733813427         1.6821057588       -41.3498014916       699.8051194396 
        1.4150000000         0.4572834315         1.6617141469       -37.8633053819       669.3698778170 
        1.4200000000         0.4407521062         1.6617141469       -35.2943082484       669.3698778170 
        1.4250000000         0.4238030351         1.6770078558       -31.2573127529       692.1963090340 
        1.4300000000         0.4064522828         1.6617141469       -29.0553152099       669.3698778170 
        1.4350000000         0.3887162942         1.6489693895       -26.1193184860       650.3478518028 
        1.4400000000         0.3706118795         1.6336756806       -22.2658227857       627.5214205859 
        1.4450000000         0.3521561982         1.6413225350       -18.9628264713       638.9346361944 
        1.4500000000         0.3333667425         1.6591651954       -16.3938293378       665.5654726142 
        1.4550000000         0.3142613212         1.6566162440       -12.7238334328       661.7610674113 
        1.4600000000         0.2948580425         1.6362246321        -9.6043369136       631.3258257887 
        1.4650000000         0.2751752967         1.6285777776        -5.9343410086       619.9126101802 
        1.4700000000         0.2552317392         1.6311267291        -3.5488436704       623.7170153830 
        1.4750000000         0.2350462726         1.6005393113        -0.2458473559       578.0641529491 
        1.4800000000         0.2146380286         1.6438714865         2.5066495728       642.7390413972 
        1.4850000000         0.1940263503         1.6056372142         5.2591465015       585.6729633548 
        1.4900000000         0.1732307735         1.6081861657         8.5621428160       589.4773685576 
        1.4950000000         0.1522710082         1.6311267291        11.6816393352       623.7170153830 
        1.5000000000         0.1311669202         1.5903435053        14.2506364687       562.8465321378 
        1.5050000000         0.1099385119         1.6234798746        18.4711317594       612.3037997745 
        1.5100000000         0.0886059036         1.5877945538        20.3061297119       559.0421269349 
        1.5150000000         0.0671893146         1.5725008449        22.5081272549       536.2156957180 
        1.5200000000         0.0457090433         1.5979903598        24.8936245931       574.2597477463 
        1.5250000000         0.0241854489         1.5623050390        27.0956221361       520.9980749067 
        1.5300001000         0.0026385005         1.5623050390        31.3161174268       520.9980749067 
        1.5350000000        -0.0189100870         1.5699518934        32.7841157888       532.4112905151 
        1.5400000000        -0.0404411826         1.5470113301        38.1056098510       498.1716436897 
        1.5450000000        -0.0619339479         1.5164239122        41.0416065750       452.5187812557 
        1.5500000000        -0.0833680121         1.4934833489        39.7571080083       418.2791344303 
        1.5550000000        -0.1047230599         1.4323085132        40.1241075988       326.9734095624 
        1.5600000000        -0.1259788511         1.2513329577        45.8126012515        56.8606401615 
        1.5650000000        -0.1471152392         1.2411371518        42.1426053465        41.6430193502 
        1.5700000000        -0.1681121912         1.2232944913        43.6106037085        15.0121829304 
        1.5750000000        -0.1889498062         1.2538819092        44.3446028895        60.6650453643 
        1.5800008000        -0.2096116241         1.2029028795        42.6931047322       -15.4230586923 
        1.5850000000        -0.2300681949         1.2080007824        40.8581067797        -7.8142482866 
        1.5900000000        -0.2503099966         1.1774133646        43.0601043227       -53.4671107206 
        1.5950000000        -0.2703145540         1.1264343349        43.0601043227      -129.5552147771 
        1.6000000000        -0.2900629067         1.1723154616        42.5096049370       -61.0759211262 
        1.6050000000        -0.3095363373         1.1442769953        42.1426053465      -102.9243783573 
        1.6100000000        -0.3287163887         1.0932979656        41.0416065750      -179.0124824139 
        1.6150000000        -0.3475848821         1.1136895775        40.4911071892      -148.5772407913 
        1.6200000000        -0.3661239338         1.1136895775        39.0231088273      -148.5772407913 
        1.6250000000        -0.3843159726         1.0601615963        38.2891096463      -228.4697500507 
        1.6300000000        -0.4021437560         1.1187874804        36.4541116938      -140.9684303856 
        1.6350000000        -0.4195903867         1.0780042567        37.1881108748      -201.8389136309 
        1.6400000000        -0.4366393288         1.0729063537        36.4541116938      -209.4477240366 
        1.6450000000        -0.4532744234         1.0525147418        34.6191137413      -239.8829656592 
        1.6500000000        -0.4694799036         1.0448678873        33.5181149698      -251.2961812677 
        1.6550001000        -0.4852407205         1.0372210329        32.6006159936      -262.7093968762 
        1.6600000000        -0.5005410042         1.0219273240        30.7656180411      -285.5358280931 
        1.6650000000        -0.5153671849         1.0372210329        29.6646192696      -262.7093968762 
        1.6700000000        -0.5297048995         1.0066336150        28.1966209076      -308.3622593101 
        1.6750000000        -0.5435405589         1.0066336150        25.9946233646      -308.3622593101 
        1.6800000000        -0.5568610494         1.0193783725        25.6276237741      -289.3402332960 
        1.6850000000        -0.5696537460         0.9760461972        24.5266250026      -354.0151217441 
        1.6900000000        -0.5819065236         0.9734972457        21.5906282787      -357.8195269469 
        1.6950000000        -0.5936077691         0.9887909546        20.1226299167      -334.9930957299 
        1.7000000000        -0.6047463921         0.9683993428        18.6546315547      -365.4283373526 
        1.7050000000        -0.6153118352         0.9811441002        16.6361338069      -346.4063113384 
        1.7100000000        -0.6252940845         0.9403608764        14.8011358545      -407.2767945837 
        1.7150000000        -0.6346836789         0.9403608764        12.4156385162      -407.2767945837 
        1.7200000000        -0.6434717189         0.9378119249        11.4981395400      -411.0811997865 
        1.7250000000        -0.6516498752         0.9276161190        10.2136409732      -426.2988205978 
        1.7300000000        -0.6592103964         0.9174203130         6.3601452730      -441.5164414092 
        1.7350000000        -0.6661461168         0.9046755556         5.0756467063      -460.5384674233 
        1.7400000000        -0.6724504626         0.9021266041         2.6901493681      -464.3428726261 
        1.7450000000        -0.6781174585         0.9072245071         0.4881518251      -456.7340622205 
        1.7500000000        -0.6831417334         0.8919307982        -2.9983442846      -479.5604934374 
        1.7550000000        -0.6875185252         0.8562454774        -5.2003418276      -532.8221662770 
        1.7600000000        -0.6912436856         0.8817349922        -6.8518399849      -494.7781142488 
        1.7650000000        -0.6943136839         0.8460496714        -9.0538375278      -548.0397870884 
        1.7700000000        -0.6967256104         0.8536965259       -12.9073332281      -536.6265714799 
        1.7750000000        -0.6984771790         0.8435007200       -14.9258309758      -551.8441922912 
        1.7800001000        -0.6995667448         0.8435007200       -17.8618276998      -551.8441922912 
        1.7850000000        -0.6999932295         0.8460496714       -20.2473250380      -548.0397870884 
        1.7900000000        -0.6997562744         0.8205601566       -26.3028182812      -586.0838391167 
        1.7950000000        -0.6988560890         0.8256580595       -24.8348199192      -578.4750287110 
        1.8000000000        -0.6972935264         0.8180112051       -29.0553152099      -589.8882443195 
        1.8050000000        -0.6950700677         0.8001685447       -35.1108084531      -616.5190807393 
        1.8100000000        -0.6921878202         0.8129133021       -33.8263098864      -597.4970547251 
        1.8150000000        -0.6886495157         0.8052664477       -37.4963057914      -608.9102703336 
        1.8200000000        -0.6844585080         0.8052664477       -41.9003008773      -608.9102703336 
        1.8250000000        -0.6796187691         0.7976195932       -43.1847994441      -620.3234859421 
        1.8300000000        -0.6741348862         0.7797769328       -47.2217949395      -646.9543223619 
        1.8350000000        -0.6680120570         0.7772279813       -49.2402926873      -650.7587275648 
        1.8400000000        -0.6612560846         0.8027174962       -52.3597892065      -612.7146755365 
        1.8450000000        -0.6538733725         0.7721300783       -57.4977834735      -658.3675379704 
        1.8500000000        -0.6458709179         0.7950706417       -58.9657818354      -624.1278911450 
        1.8550000000        -0.6372563056         0.7644832239       -62.6357777404      -669.7807535789 
        1.8600000000        -0.6280377005         0.7746790298       -65.5717744644      -654.5631327676 
        1.8650000000        -0.6182238401         0.7823258843       -67.9572718026      -643.1499171591 
        1.8700000000        -0.6078240260         0.7644832239       -72.1777670933      -669.7807535789 
        1.8750000000        -0.5968481150         0.7746790298       -75.1137638173      -654.5631327676 
        1.8800000000        -0.5853065103         0.7848748358       -77.3157613603      -639.3455119563 
        1.8850000000        -0.5732101509         0.7644832239       -81.3527568558      -669.7807535789 
        1.8900000000        -0.5605705018         0.7772279813       -85.2062525560      -650.7587275648 
        1.8950000000        -0.5473995429         0.7644832239       -87.4082500990      -669.7807535789 
        1.9000000000        -0.5337097577         0.7823258843       -91.9957449802      -643.1499171591 
        1.9050001000        -0.5195138324         0.7721300783       -94.0142427279      -658.3675379704 
        1.9100000000        -0.5048260884         0.7797769328       -96.5832398614      -646.9543223619 
        1.9150000000        -0.4896595804         0.7772279813      -101.3542345378      -650.7587275648 
        1.9200000000        -0.4740289721         0.7644832239      -104.2902312618      -669.7807535789 
        1.9250000000        -0.4579490782         0.7746790298      -107.4097277810      -654.5631327676 
        1.9300000000        -0.4414351393         0.7670321754      -111.2632234813      -665.9763483761 
        1.9350000000        -0.4245028073         0.7797769328      -114.0157204100      -646.9543223619 
        1.9400000000        -0.4071681308         0.7619342724      -116.7682173387      -673.5851587817 
        1.9450000000        -0.3894475395         0.7925216902      -120.2547134484      -627.9322963478 
        1.9500000000        -0.3713578290         0.7721300783      -122.8237105819      -658.3675379704 
        1.9550000000        -0.3529161449         0.7976195932      -126.4937064869      -620.3234859421 
        1.9600000000        -0.3341399662         0.7823258843      -129.6132030061      -643.1499171591 
        1.9650000000        -0.3150470889         0.8052664477      -131.2647011634      -608.9102703336 
        1.9700000000        -0.2956556094         0.8027174962      -135.6686962493      -612.7146755365 
        1.9750000000        -0.2759839070         0.7797769328      -138.9716925638      -646.9543223619 
        1.9800000000        -0.2560506265         0.7950706417      -141.9076892878      -624.1278911450 
        1.9850000000        -0.2358746607         0.8180112051      -144.6601862165      -589.8882443195 
        1.9900000000        -0.2154751325         0.8027174962      -147.4126831452      -612.7146755365 
        1.9950000000        -0.1948713765         0.8154622536      -151.4496786407      -593.6926495223 
        2.0000000000        -0.1740829210         0.8205601566      -156.2206733172      -586.0838391167 
        2.0050000000        -0.1531294694         0.8027174962      -157.1381722934      -612.7146755365 
        2.0100000000        -0.1320308814         0.8435007200      -160.4411686079      -551.8441922912 
        2.0150001000        -0.1108067287         0.8256580595      -162.0926667651      -578.4750287110 
        2.0200000000        -0.0894784039         0.8536965259      -165.9461624653      -536.6265714799 
        2.0250000000        -0.0680648457         0.8333049140      -169.7996581655      -567.0618131025 
        2.0300000000        -0.0465867756         0.8638923318      -171.4511563228      -521.4089506686 
        2.0350000000        -0.0250645504         0.8460496714      -174.2036532515      -548.0397870884 
        2.0400000000        -0.0035185689         0.8689902348      -176.9561501802      -513.8001402629 
        2.0450000000         0.0180307474         0.9072245071      -179.3416475185      -456.7340622205 
        2.0500000000         0.0395629742         0.9582035368      -187.0486389189      -380.6459581639 
        2.0550000000         0.0610577031         0.9887909546      -179.8921469042      -334.9930957299 
        2.0600000000         0.0824945613         1.0219273240      -175.8551514087      -285.5358280931 
        2.0650000000         0.1038532311         1.0372210329      -180.6261460852      -262.7093968762 
        2.0700000000         0.1251134686         1.0525147418      -180.6261460852      -239.8829656592 
        2.0750000000         0.1462551233         1.1519238497      -179.3416475185       -91.5111627489 
        2.0800000000         0.1672581571         1.2615287636      -179.3416475185        72.0782609728 
        2.0850000000         0.1881026633         1.2105497339      -179.8921469042        -4.0098430838 
        2.0900000000         0.2087688855         1.1927070735      -179.8921469042       -30.6406795036 
        2.0950000000         0.2292372360         1.2717245696      -180.0756466995        87.2958817841 
        2.1000000000         0.2494883151         1.2513329577      -180.2591464947        56.8606401615 
        2.1050000000         0.2695029287         1.2819203755      -179.3416475185       102.5135025954 
        2.1100000000         0.2892621069         1.2946651330      -179.8921469042       121.5355286096 
        2.1150000000         0.3087471219         1.2946651330      -179.8921469042       121.5355286096 
        2.1200000000         0.3279395058         1.3099588419      -180.6261460852       144.3619598266 
        2.1250000000         0.3468210679         1.3048609389      -180.4426462900       136.7531494209 
        2.1300000000         0.3653739124         1.3074098904      -179.5251473137       140.5575546237 
        2.1350000000         0.3835804548         1.3354483567      -180.0756466995       182.4060118548 
        2.1400001000         0.4014237920         1.3532910171      -180.6261460852       209.0368482747 
        2.1450000000         0.4188859531         1.3507420656      -180.0756466995       205.2324430718 
        2.1500000000         0.4359514464         1.3532910171      -178.9746479280       209.0368482747 
        2.1550000000         0.4526037440         1.3685847260      -178.7911481327       231.8632794916 
        2.1600000000         0.4688270629         1.3711336775      -177.5066495660       235.6676846945 
        2.1650000000         0.4846060267         1.3787805320      -176.5891505897       247.0809003029 
        2.1700000000         0.4999256799         1.3864273864      -176.0386512040       258.4941159114 
        2.1750000000         0.5147715026         1.4068189983      -173.4696540705       288.9293575341 
        2.1800000000         0.5291294238         1.3991721439      -172.1851555038       277.5161419256 
        2.1850000000         0.5429858352         1.4246616587      -170.7171571418       315.5601939539 
        2.1900000000         0.5563276035         1.4297595617      -168.1481600083       323.1690043595 
        2.1950000000         0.5691420835         1.4348574647      -165.0286634891       330.7778147652 
        2.2000000000         0.5814171295         1.4552490766      -164.6616638986       361.2130563878 
        2.2050000000         0.5931411072         1.4552490766      -163.1936655366       361.2130563878 
        2.2100000000         0.6043029046         1.4577980281      -161.1751677889       365.0174615907 
        2.2150000000         0.6148919425         1.4756406885      -159.7071694269       391.6482980105 
        2.2200000000         0.6248981847         1.4679938340      -157.3216720886       380.2350824020 
        2.2250000000         0.6343121472         1.4934833489      -156.0371735219       418.2791344303 
        2.2300000000         0.6431249074         1.4858364944      -153.2846765932       406.8659188218 
        2.2350000000         0.6513281125         1.5291686697      -150.7156794597       471.5408072699 
        2.2400000000         0.6589139876         1.5164239122      -148.5136819167       452.5187812557 
        2.2450000000         0.6658753428         1.5470113301      -146.1281845785       498.1716436897 
        2.2500000000         0.6722055800         1.5266197182      -144.1096868308       467.7364020670 
        2.2550000000         0.6778986994         1.5495602815      -140.6231907210       501.9760488925 
        2.2600000000         0.6829493052         1.5419134271      -139.5221919495       490.5628332840 
        2.2650001000         0.6873526919         1.5419134271      -136.5861952256       490.5628332840 
        2.2700000000         0.6911044413         1.5572071360      -134.2006978873       513.3892645010 
        2.2750000000         0.6942012421         1.5775987479      -131.8152005491       543.8245061236 
        2.2800000000         0.6966400776         1.5801476994      -127.9617048489       547.6289113265 
        2.2850000000         0.6984186364         1.5979903598      -126.3102066916       574.2597477463 
        2.2900000000         0.6995352326         1.5877945538      -123.0072103772       559.0421269349 
        2.2950000000         0.6999888079         1.6030882627      -119.7042140627       581.8685581519 
        2.3000000000         0.6997789325         1.6081861657      -116.9517171340       589.4773685576 
        2.3050000000         0.6989058053         1.6107351172      -117.6857163150       593.2817737604 
        2.3100000000         0.6973702538         1.6183819717      -111.6302230718       604.6949893689 
        2.3150000000         0.6951737334         1.6362246321      -108.6942263478       631.3258257887 
        2.3200000000         0.6923183260         1.6107351172      -105.3912300333       593.2817737604 
        2.3250000000         0.6888067380         1.6387735836      -102.4552333093       635.1302309915 
        2.3300000000         0.6846422975         1.6260288261      -100.0697359711       616.1082049774 
        2.3350000000         0.6798289519         1.6005393113       -95.8492406804       578.0641529491 
        2.3400000000         0.6743712630         1.6413225350       -92.9132439564       638.9346361944 
        2.3450000000         0.6682744037         1.6387735836       -91.0782460039       635.1302309915 
        2.3500000000         0.6615441526         1.6489693895       -87.2247503037       650.3478518028 
        2.3550000000         0.6541868887         1.6489693895       -83.0042550130       650.3478518028 
        2.3600000000         0.6462095852         1.6668120499       -80.2517580843       676.9786882226 
        2.3650000000         0.6376198031         1.6438714865       -76.9487617698       642.7390413972 
        2.3700000000         0.6284256836         1.6795568073       -73.0952660696       696.0007142368 
        2.3750000000         0.6186359411         1.6642630984       -69.9757695504       673.1742830198 
        2.3800000000         0.6082598542         1.6821057588       -66.6727732359       699.8051194396 
        2.3850000000         0.5973072574         1.6566162440       -63.9202763072       661.7610674113 
        2.3900001000         0.5857882957         1.6719099529       -60.6172799927       684.5874986283 
        2.3950000000         0.5737145944         1.6693610014       -56.5802844972       680.7830934255 
        2.4000000000         0.5610968894         1.6668120499       -54.7452865447       676.9786882226 
        2.4050000000         0.5479473757         1.6744589044       -51.6257900255       688.3919038311 
        2.4100000000         0.5342785163         1.6591651954       -47.9557941205       665.5654726142 
        2.4150000000         0.5201032667         1.6617141469       -44.8362976013       669.3698778170 
        2.4200000000         0.5054350623         1.6489693895       -40.9828019011       650.3478518028 
        2.4250000000         0.4902878055         1.6693610014       -37.8633053819       680.7830934255 
        2.4300000000         0.4746758530         1.6642630984       -34.5603090674       673.1742830198 
        2.4350005000         0.4586123736         1.6719099529       -30.5233135719       684.5874986283 
        2.4400000000         0.4421174754         1.6617141469       -27.7708166432       669.3698778170 
        2.4450000000         0.4252019092         1.6336756806       -24.1008207382       627.5214205859 
        2.4500000000         0.4078833357         1.6540672925       -20.9813242190       657.9566622085 
        2.4550000000         0.3901781697         1.6387735836       -18.5958268808       635.1302309915 
        2.4600000000         0.3721031921         1.6923015648       -14.7423311806       715.0227402509 
        2.4650000000         0.3536755342         1.6489693895       -11.6228346613       650.3478518028 
        2.4700000000         0.3349126621         1.6566162440        -9.2373373231       661.7610674113 
        2.4750000000         0.3158323591         1.6668120499        -3.9158432609       676.9786882226 
        2.4800000000         0.2964527095         1.6489693895        -1.7138457179       650.3478518028 
        2.4850000000         0.2767920816         1.6311267291         1.5891505966       623.7170153830 
        2.4900006000         0.2568667038         1.6362246321         3.6076483443       631.3258257887 
        2.4950000000         0.2367026764         1.6107351172         6.3601452730       593.2817737604 
        2.5000000000         0.2163118961         1.6489693895        10.5806405637       650.3478518028 
        2.5050000000         0.1957160948         1.6030882627        12.5991383115       581.8685581519 
        2.5100000000         0.1749347936         1.6336756806        14.9846356497       627.5214205859 
        2.5150001000         0.1539872683         1.6081861657        18.4711317594       589.4773685576 
        2.5200000000         0.1328946341         1.5852456023        20.8566290977       555.2377217321 
        2.5250000000         0.1116756216         1.6234798746        26.1781231599       612.3037997745 
        2.5300000000         0.0903507629         1.5954414083        28.1966209076       570.4553425434 
        2.5350000000         0.0689402694         1.5928924568        31.3161174268       566.6509373406 
        2.5400000000         0.0474644342         1.5852456023        33.5181149698       555.2377217321 
        2.5450000000         0.0259436122         1.5750497964        35.1696131270       540.0201009208 
        2.5500000000         0.0043982007         1.5623050390        37.9221100558       520.9980749067 
        2.5550000000        -0.0171513793         1.5495602815        39.7571080083       501.9760488925 
        2.5600000000        -0.0386847033         1.5495602815        43.2436041180       501.9760488925 
        2.5650000000        -0.0601813618         1.5266197182        45.4456016610       467.7364020670 
        2.5700000000        -0.0816209803         1.4909343974        46.3631006372       414.4747292274 
        2.5750000000        -0.1029832383         1.4399553677        49.8495967469       338.3866251709 
        2.5800000000        -0.1242478886         1.1978049765        51.1340953137       -23.0318690979 
        2.5850000000        -0.1453947765         1.2309413458        51.1340953137        26.4253985388 
        2.5900000000        -0.1664038589         1.1927070735        50.4000961327       -30.6406795036 
        2.5950000000        -0.1872552235         1.2232944913        50.7670957232        15.0121829304 
        2.6000000000        -0.2079291071         1.2003539280        50.2165963374       -19.2274638951 
        2.6050000000        -0.2284059152         1.2003539280        50.2165963374       -19.2274638951 
        2.6100000000        -0.2486662397         1.2130986854        50.7670957232        -0.2054378810 
        2.6150000000        -0.2686908778         1.1799623161        50.5835959279       -49.6627055177 
        2.6200000000        -0.2884608503         1.1213364319        50.2165963374      -137.1640251828 
        2.6250000000        -0.3079574189         1.1136895775        50.0330965422      -148.5772407913 
        2.6300000000        -0.3271621050         1.1519238497        49.2990973612       -91.5111627489 
        2.6350000000        -0.3460567061         1.1034937715        48.9320977707      -163.7948616026 
        2.6400001000        -0.3646236820         1.0678084507        47.2805996134      -217.0565344422 
        2.6450000000        -0.3828443313         1.0805532081        47.6475992039      -198.0345084281 
        2.6500000000        -0.4007024879         1.0907490141        45.8126012515      -182.8168876168 
        2.6550000000        -0.4181808580         1.1060427230        41.7756057560      -159.9904563998 
        2.6600000000        -0.4352628754         1.0627105477        45.2621018657      -224.6653448479 
        2.6650000000        -0.4519323499         1.0601615963        42.3261051417      -228.4697500507 
        2.6700000000        -0.4681734819         1.0780042567        38.8396090320      -201.8389136309 
        2.6750000000        -0.4839708783         1.0372210329        41.5921059607      -262.7093968762 
        2.6800005000        -0.4993110765         1.0295741784        38.6561092368      -274.1226124847 
        2.6850000000        -0.5141750073         1.0066336150        36.4541116938      -308.3622593101 
        2.6900000000        -0.5285531125         1.0117315180        35.9036123080      -300.7534489045 
        2.6950000000        -0.5424302540         1.0015357121        35.1696131270      -315.9710697158 
        2.7000000000        -0.5557932791         0.9913399061        32.9676155841      -331.1886905271 
        2.7050000000        -0.5686295222         0.9862420032        31.3161174268      -338.7975009328 
        2.7100000000        -0.5809268171         0.9658503913        29.6646192696      -369.2327425554 
        2.7150000000        -0.5926735085         0.9811441002        27.4626217266      -346.4063113384 
        2.7200000000        -0.6038584628         0.9480077309        25.4441239789      -395.8635789752 
        2.7250000000        -0.6144710789         0.9072245071        23.0586266406      -456.7340622205 
        2.7300000000        -0.6245012981         0.9556545853        21.5906282787      -384.4503633667 
        2.7350000000        -0.6339396137         0.9480077309        19.3886307357      -395.8635789752 
        2.7400000000        -0.6427770802         0.8995776526        18.1041321689      -468.1472778289 
        2.7450000000        -0.6510053213         0.9582035368        16.0856344212      -380.6459581639 
        2.7500000000        -0.6586165383         0.9046755556        13.7001370830      -460.5384674233 
        2.7550000000        -0.6656035172         0.8868328952        11.1311399495      -487.1693038431 
        2.7600000000        -0.6719596359         0.8970287012         9.6631415875      -471.9516830318 
        2.7650001000        -0.6776789779         0.8638923318         6.7271448635      -521.4089506686 
        2.7700000000        -0.6827557986         0.8791860408         5.6261460920      -498.5825194516 
        2.7750000000        -0.6871856100         0.8740881378         1.4056508013      -506.1913298572 
        2.7800000000        -0.6909641055         0.8740881378        -3.9158432609      -506.1913298572 
        2.7850000000        -0.6940877040         0.8587944289        -2.6313446942      -529.0177610742 
        2.7900000000        -0.6965534447         0.8485986229        -4.6498424419      -544.2353818855 
        2.7950000000        -0.6983589908         0.8536965259       -10.5218358898      -536.6265714799 
        2.8000000000        -0.6995026308         0.8460496714       -10.7053356851      -548.0397870884 
        2.8050000000        -0.6999832810         0.8231091081       -13.4578326138      -582.2794339138 
        2.8100000000        -0.6998004856         0.8409517685       -15.8433299520      -555.6485974940 
        2.8150000000        -0.6989544179         0.8256580595       -18.5958268808      -578.4750287110 
        2.8200000000        -0.6974458799         0.8409517685       -22.2658227857      -555.6485974940 
        2.8250000000        -0.6952763013         0.7950706417       -24.6513201240      -624.1278911450 
        2.8300000000        -0.6924477385         0.8282070110       -27.4038170527      -574.6706235082 
        2.8350000000        -0.6889628724         0.7874237873       -32.7253111149      -635.5411067534 
        2.8400000000        -0.6848250060         0.8129133021       -34.0098096816      -597.4970547251 
        2.8450000000        -0.6800380611         0.7797769328       -36.9458064056      -646.9543223619 
        2.8500000000        -0.6746065748         0.8001685447       -39.6983033343      -616.5190807393 
        2.8550000000        -0.6685356951         0.7925216902       -42.6343000583      -627.9322963478 
        2.8600000000        -0.6618311759         0.7925216902       -45.5702967823      -627.9322963478 
        2.8650000000        -0.6544993719         0.7874237873       -48.1392939158      -635.5411067534 
        2.8700000000        -0.6465472321         0.7848748358       -51.2587904350      -639.3455119563 
        2.8750000000        -0.6379822936         0.7619342724       -55.8462853162      -673.5851587817 
        2.8800000000        -0.6288126743         0.7848748358       -58.2317826544      -639.3455119563 
        2.8850000000        -0.6190470650         0.7848748358       -60.4337801974      -639.3455119563 
        2.8900001000        -0.6086945090         0.7721300783       -64.6542754881      -658.3675379704 
        2.8950000000        -0.5977654565         0.7874237873       -67.0397728264      -635.5411067534 
        2.9000000000        -0.5862696280         0.7721300783       -69.6087699599      -658.3675379704 
        2.9050000000        -0.5742181320         0.7874237873       -74.1962648411      -635.5411067534 
        2.9100000000        -0.5616223909         0.7721300783       -77.8662607460      -658.3675379704 
        2.9150000000        -0.5484943431         0.7670321754       -80.9857572653      -665.9763483761 
        2.9200000000        -0.5348464312         0.7746790298       -84.2887535797      -654.5631327676 
        2.9250000000        -0.5206915908         0.7364447575       -87.0412505085      -711.6292108100 
        2.9300000000        -0.5060432380         0.7823258843       -90.5277466182      -643.1499171591 
        2.9350000000        -0.4909152564         0.7797769328       -93.4637433422      -646.9543223619 
        2.9400000000        -0.4753219844         0.7746790298       -96.3997400661      -654.5631327676 
        2.9450000000        -0.4592782012         0.7772279813       -99.8862361759      -650.7587275648 
        2.9500000000        -0.4427991133         0.7466405635      -102.8222328998      -696.4115899987 
        2.9550000000        -0.4259003396         0.7823258843      -105.0242304428      -643.1499171591 
        2.9600000000        -0.4085978967         0.7823258843      -109.6117253240      -643.1499171591 
        2.9650000000        -0.3909081838         0.7619342724      -112.7312218433      -673.5851587817 
        2.9700000000        -0.3728479675         0.7695811269      -115.8507183625      -662.1719431732 
        2.9750000000        -0.3544343651         0.8129133021      -117.8692161102      -597.4970547251 
        2.9800000000        -0.3356848292         0.7925216902      -121.1722124247      -627.9322963478 
        2.9850000000        -0.3166171305         0.7925216902      -125.0257081249      -627.9322963478 
        2.9900000000        -0.2972493415         0.8001685447      -129.6132030061      -616.5190807393 
        2.9950000000        -0.2775998190         0.7976195932      -130.7142017776      -620.3234859421 
        3.0000000000        -0.2576871869         0.8078153991      -133.6501985016      -605.1058651308 
        3.0050000000        -0.2375303183         0.8154622536      -136.0356958398      -593.6926495223 
        3.0100000000        -0.2171483180         0.8078153991      -140.0726913353      -605.1058651308 
        3.0150001000        -0.1965600905         0.8282070110      -142.2746888783      -574.6706235082 
        3.0200000000        -0.1757863899         0.8307559625      -145.7611849880      -570.8662183053 
        3.0250000000        -0.1548456649         0.8154622536      -149.9816802787      -593.6926495223 
        3.0300000000        -0.1337581770         0.8435007200      -150.8991792549      -551.8441922912 
        3.0350000000        -0.1125439127         0.8282070110      -154.5691751599      -574.6706235082 
        3.0400000000        -0.0912229791         0.8333049140      -156.7711727029      -567.0618131025 
        3.0450000000        -0.0698155842         0.8638923318      -160.4411686079      -521.4089506686 
        3.0500000000        -0.0483420180         0.8536965259      -161.7256671746      -536.6265714799 
        3.0550000000        -0.0268226331         0.8766370893      -163.9276647176      -502.3869246544 
        3.0600000000        -0.0052778256         0.8740881378      -167.7811604178      -506.1913298572 
        3.0650000000         0.0162719842         0.8970287012      -169.9831579608      -471.9516830318 
        3.0700000000         0.0378063713         0.9097734586      -170.5336573465      -452.9296570176 
        3.0750000000         0.0593049255         0.9429098279      -175.3046520230      -403.4723893809 
        3.0800000000         0.0807472704         0.9658503913      -177.1396499755      -369.2327425554 
        3.0850000000         0.1021130829         1.0091825665      -178.2406487470      -304.5578541073 
        3.0900000000         0.1233821124         1.1111406260      -179.3416475185      -152.3816459941 
        3.0950000000         0.1445342001         1.2309413458      -178.9746479280        26.4253985388 
        3.1000000000         0.1655492979         1.2360392488      -178.7911481327        34.0342089445 
        3.1050000000         0.1864074879         1.2207455399      -178.7911481327        11.2077777275 
        3.1100012000         0.2070939412         1.2003539280      -179.3416475185       -19.2274638951 
        3.1150000000         0.2275742337         1.2207455399      -179.3416475185        11.2077777275 
        3.1200000000         0.2478437716         1.2717245696      -179.3416475185        87.2958817841 
        3.1250000000         0.2678784027         1.2615287636      -178.9746479280        72.0782609728 
        3.1300000000         0.2876591381         1.2334902973      -178.2406487470        30.2298037417 
        3.1350000000         0.3071672297         1.3048609389      -177.8736491565       136.7531494209 
        3.1400001000         0.3263845688         1.3099588419      -176.7726503850       144.3619598266 
        3.1450000000         0.3452917978         1.2921161815      -176.0386512040       117.7311234068 
        3.1500000000         0.3638721399         1.3303504538      -174.3871530468       174.7972014492 
        3.1550000000         0.3821076032         1.3252525508      -174.0201534563       167.1883910435 
        3.1600000000         0.3999809042         1.3736826290      -177.5066495660       239.4720898973 
        3.1650000000         0.4174751025         1.3354483567      -171.8181559133       182.4060118548 
        3.1700000000         0.4345736171         1.3685847260      -171.2676565275       231.8632794916 
        3.1750000000         0.4512602421         1.3813294835      -173.4696540705       250.8853055058 
        3.1800000000         0.4675191616         1.3864273864      -169.2491587798       258.4941159114 
        3.1850000000         0.4833349656         1.3762315805      -167.9646602131       243.2764951001 
        3.1900000000         0.4986926638         1.3966231924      -169.6161583703       273.7117367228 
        3.1950000000         0.5135777001         1.3838784350      -165.3956630796       254.6897107086 
        3.2000000000         0.5279759665         1.4170148043      -162.0926667651       304.1469783454 
        3.2050000000         0.5418738163         1.4017210954      -162.6431661508       281.3205471284 
        3.2100000000         0.5552580769         1.4323085132      -160.6246684031       326.9734095624 
        3.2150000000         0.5681160630         1.4374064162      -157.3216720886       334.5822199680 
        3.2200000000         0.5804355875         1.4628959310      -157.5051718839       372.6262719963 
        3.2250000000         0.5922049740         1.4552490766      -155.6701739314       361.2130563878 
        3.2300000000         0.6034130675         1.4577980281      -152.5506774122       365.0174615907 
        3.2350009000         0.6140511073         1.4858364944      -152.3671776169       406.8659188218 
        3.2400000000         0.6241034253         1.4654448825      -150.5321796644       376.4306771991 
        3.2450000000         0.6335660792         1.4883854459      -147.7796827357       410.6703240246 
        3.2500000000         0.6424282380         1.5317176211      -145.5776851927       475.3452124727 
        3.2550000000         0.6506815020         1.5036791548      -143.9261870355       433.4967552416 
        3.2600000000         0.6583180489         1.4832875429      -141.3571899020       403.0615136189 
        3.2650001000         0.6653307746         1.5087770578      -139.1551923590       441.1055656472 
        3.2700000000         0.6717126307         1.5470113301      -136.9531948161       498.1716436897 
        3.2750000000         0.6774579702         1.5291686697      -132.7326995253       471.5408072699 
        3.2800000000         0.6825612138         1.5674029419      -131.9987003443       528.6068853123 
        3.2850000000         0.6870175245         1.5470113301      -128.8792038251       498.1716436897 
        3.2900000000         0.6908226787         1.5801476994      -125.3927077154       547.6289113265 
        3.2950000000         0.6939730698         1.5674029419      -124.2917089439       528.6068853123 
        3.3000000000         0.6964657119         1.5903435053      -121.7227118104       562.8465321378 
        3.3050000000         0.6982982424         1.5979903598      -117.8692161102       574.2597477463 
        3.3100000000         0.6994689245         1.5954414083      -115.1167191815       570.4553425434 
        3.3150000000         0.6999766486         1.6081861657      -112.3642222528       589.4773685576 
        3.3200000000         0.6998209335         1.6209309231      -110.5292243003       608.4993945717 
        3.3250000000         0.6990019268         1.6005393113      -109.6117253240       578.0641529491 
        3.3300000000         0.6975204047         1.6107351172      -103.7397318761       593.2817737604 
        3.3350004000         0.6953775735         1.6311267291      -101.5377343331       623.7170153830 
        3.3400000000         0.6925760576         1.6132840687      -101.5377343331       597.0861789632 
        3.3450000000         0.6891179190         1.6234798746       -94.5647421137       612.3037997745 
        3.3500000000         0.6850066330         1.6311267291       -91.9957449802       623.7170153830 
        3.3550000000         0.6802460965         1.6515183410       -88.5092488705       654.1522570057 
        3.3600000000         0.6748408213         1.6591651954       -85.3897523512       665.5654726142 
        3.3650000000         0.6687959308         1.6591651954       -84.2887535797       665.5654726142 
        3.3700000000         0.6621171541         1.6438714865       -79.3342591080       642.7390413972 
        3.3750000000         0.6548108216         1.6489693895       -76.5817621793       650.3478518028 
        3.3800000000         0.6468838580         1.6693610014       -73.4622656601       680.7830934255 
        3.3850000000         0.6383437767         1.6489693895       -68.6912709836       650.3478518028 
        3.3900001000         0.6291984831         1.6693610014       -66.3057736454       680.7830934255 
        3.3950000000         0.6194572115         1.6489693895       -62.4522779452       650.3478518028 
        3.4000000000         0.6091286283         1.6770078558       -59.1492816307       692.1963090340 
        3.4050000000         0.5982227117         1.6591651954       -56.5802844972       665.5654726142 
        3.4100000000         0.5867497986         1.6642630984       -53.2772881827       673.1742830198 
        3.4150000000         0.5747207628         1.6948505162       -49.4237924825       718.8271454538 
        3.4200000000         0.5621470056         1.6642630984       -46.1207961680       673.1742830198 
        3.4250000000         0.5490404443         1.6795568073       -42.0838006726       696.0007142368 
        3.4300000000         0.5354135015         1.6973994677       -40.0653029248       722.6315506566 
        3.4350000000         0.5212790927         1.6617141469       -36.7623066104       669.3698778170 
        3.4400000000         0.5066506146         1.6795568073       -34.0098096816       696.0007142368 
        3.4450000000         0.4915419321         1.6540672925       -30.5233135719       657.9566622085 
        3.4500000000         0.4759673651         1.6719099529       -26.8533176670       684.5874986283 
        3.4550000000         0.4599416753         1.6795568073       -22.9998219667       696.0007142368 
        3.4600000000         0.4434800520         1.6668120499       -19.5133258570       676.9786882226 
        3.4650000000         0.4265980974         1.6770078558       -16.3938293378       692.1963090340 
        3.4700000000         0.4093118123         1.6872036618       -13.2743328186       707.4139298453 
        3.4750000000         0.3916375807         1.6387735836        -9.9713365041       635.1302309915 
        3.4800000000         0.3735921542         1.6591651954        -7.0353397801       665.5654726142 
        3.4850000000         0.3551926363         1.6591651954        -3.7323434656       665.5654726142 
        3.4900000000         0.3364564662         1.6387735836        -0.2458473559       635.1302309915 
        3.4950000000         0.3174014019         1.6566162440         1.7726503918       661.7610674113 
        3.5000004000         0.2980439441         1.6056372142         4.8921469110       585.6729633548 
        3.5050000000         0.2784071181         1.6336756806         8.7456426113       627.5214205859 
        3.5100000000         0.2585048573         1.6464204380        12.0486389257       646.5434466000 
        3.5150001000         0.2383571798         1.6183819717        14.8011358545       604.6949893689 
        3.5200000000         0.2179843971         1.6336756806        17.3701329879       627.5214205859 
        3.5250000000         0.1974046031         1.5903435053        21.0401288929       562.8465321378 
        3.5300000000         0.1766377087         1.6107351172        23.2421264359       593.2817737604 
        3.5350000000         0.1557033966         1.6285777776        25.4441239789       619.9126101802 
        3.5400000000         0.1346215086         1.6183819717        29.6646192696       604.6949893689 
        3.5450010000         0.1134077727         1.6005393113        31.8666168126       578.0641529491 
        3.5500000000         0.0920950513         1.5877945538        34.8026135365       559.0421269349 
        3.5550000000         0.0706907888         1.5928924568        37.9221100558       566.6509373406 
        3.5600000000         0.0492195254         1.5699518934        39.0231088273       532.4112905151 
        3.5650000000         0.0277016116         1.5979903598        43.0601043227       574.2597477463 
        3.5700000000         0.0061574422         1.5623050390        45.4456016610       520.9980749067 
        3.5750000000        -0.0153925633         1.5725008449        48.5650981802       536.2156957180 
        3.5800000000        -0.0369279797         1.5495602815        55.3545906044       501.9760488925 
        3.5850000000        -0.0584283956         1.5240707667        53.3360928566       463.9319968642 
        3.5900000000        -0.0798734330         1.4807385914        55.5380903996       399.2571084161 
        3.5950000000        -0.1012427662         1.4297595617        59.7585856903       323.1690043595 
        3.6000028000        -0.1225280237         1.2844693270        58.4740871236       106.3179077983 
        3.6050000000        -0.1436733954         1.2411371518        59.0245865093        41.6430193502 
        3.6100000000        -0.1646944755         1.2105497339        58.4740871236        -4.0098430838 
        3.6150000000        -0.1855594580         1.2130986854        58.4740871236        -0.2054378810 
        3.6200000000        -0.2062485668         1.2156476369        58.4740871236         3.5989673219 
        3.6250000000        -0.2267421927         1.2105497339        58.2905873284        -4.0098430838 
        3.6300000000        -0.2470209121         1.1468259468        57.9235877379       -99.1199731545 
        3.6350000000        -0.2670655045         1.1493748983        57.1895885569       -95.3155679517 
        3.6400001000        -0.2868573649         1.1697665101        57.0060887616       -64.8803263290 
        3.6450000000        -0.3063765554         1.1060427230        57.1895885569      -159.9904563998 
        3.6500000000        -0.3256057547         1.1493748983        56.0885897854       -95.3155679517 
        3.6550000000        -0.3445263442         1.1187874804        55.5380903996      -140.9684303856 
        3.6600000000        -0.3631203911         1.0678084507        55.5380903996      -217.0565344422 
        3.6650000000        -0.3813702717         1.0958469171        55.7215901949      -175.2080772111 
        3.6700000000        -0.3992586888         1.1060427230        53.3360928566      -159.9904563998 
        3.6750000000        -0.4167686878         1.0219273240        52.7855934709      -285.5358280931 
        3.6800000000        -0.4338836726         1.0703574022        53.1525930614      -213.2521292394 
        3.6850000000        -0.4505874217         1.0601615963        51.1340953137      -228.4697500507 
        3.6900000000        -0.4668641031         1.0678084507        48.1980985897      -217.0565344422 
        3.6950000000        -0.4826982897         1.0423189359        49.4825971564      -255.1005864705 
        3.7000000000        -0.4980749741         1.0372210329        47.2805996134      -262.7093968762 
        3.7050000000        -0.5129795820         1.0015357121        44.8951022752      -315.9710697158 
        3.7100000000        -0.5273979868         1.0142804695        45.2621018657      -296.9490437016 
        3.7150000000        -0.5413165228         1.0015357121        43.7941035037      -315.9710697158 
        3.7200000000        -0.5547219980         0.9836930517        40.4911071892      -342.6019061356 
        3.7250000000        -0.5676017066         0.9887909546        39.2066086225      -334.9930957299 
        3.7300000000        -0.5799434412         0.9709482942        38.4726094415      -361.6239321497 
        3.7350000000        -0.5917355043         0.9683993428        35.7201125128      -365.4283373526 
        3.7400000000        -0.6029667193         0.9505566824        34.4356139460      -392.0591737724 
        3.7450000000        -0.6136264413         0.9480077309        32.4171161983      -395.8635789752 
        3.7500000000        -0.6237045669         0.9582035368        30.0316188601      -380.6459581639 
        3.7550000000        -0.6331915442         0.9097734586        27.4626217266      -452.9296570176 
        3.7600000000        -0.6420783813         0.8919307982        25.9946233646      -479.5604934374 
        3.7650001000        -0.6503568147         0.9097734586        23.7926258216      -452.9296570176 
        3.7700000000        -0.6580185199         0.9250671675        22.1411276644      -430.1032258007 
        3.7750000000        -0.6650567134         0.9199692645        18.8381313499      -437.7120362063 
        3.7800000000        -0.6714645648         0.8919307982        16.8196336022      -479.5604934374 
        3.7850000000        -0.6772360008         0.9021266041        14.9846356497      -464.3428726261 
        3.7900000000        -0.6823655512         0.8868328952        14.4341362640      -487.1693038431 
        3.7950000000        -0.6868483541         0.8893818467        10.2136409732      -483.3648986403 
        3.8000000000        -0.6906801610         0.8842839437         8.0116434303      -490.9737090459 
        3.8050000000        -0.6938573398         0.8562454774         6.1766454778      -532.8221662770 
        3.8100000000        -0.6963768792         0.8485986229         2.1396499823      -544.2353818855 
        3.8150000000        -0.6982363914         0.8460496714        -2.6313446942      -548.0397870884 
        3.8200000000        -0.6994341137         0.8435007200        -1.8973455132      -551.8441922912 
        3.8250000000        -0.6999689110         0.8231091081        -6.1178408039      -582.2794339138 
        3.8300000000        -0.6998402764         0.8409517685        -8.8703377326      -555.6485974940 
        3.8350000000        -0.6990483318         0.8205601566        -9.7878367088      -586.0838391167 
        3.8400000000        -0.6975938279         0.8282070110       -13.2743328186      -574.6706235082 
        3.8450000000        -0.6954781432         0.8154622536       -19.1463262665      -593.6926495223 
        3.8500000000        -0.6927032830         0.8052664477       -19.1463262665      -608.9102703336 
        3.8550000000        -0.6892718773         0.8154622536       -22.4493225810      -593.6926495223 
        3.8600000000        -0.6851871783         0.7874237873       -25.5688191002      -635.5411067534 
        3.8650000000        -0.6804530576         0.8027174962       -29.0553152099      -612.7146755365 
        3.8700000000        -0.6750740022         0.7772279813       -31.8078121387      -650.7587275648 
        3.8750026000        -0.6690518150         0.8154622536       -34.0098096816      -593.6926495223 
        3.8800000000        -0.6624020868         0.7976195932       -37.1293062009      -620.3234859421 
        3.8850000000        -0.6551212372         0.7848748358       -40.7993021058      -639.3455119563 
        3.8900001000        -0.6472192982         0.7746790298       -44.1022984203      -654.5631327676 
        3.8950000000        -0.6387042518         0.7797769328       -47.4052947348      -646.9543223619 
        3.9000000000        -0.6295836761         0.7772279813       -50.3412914588      -650.7587275648 
        3.9050000000        -0.6198663797         0.7823258843       -53.0937883875      -643.1499171591 
        3.9100000000        -0.6095615728         0.7670321754       -56.9472840877      -665.9763483761 
        3.9150000000        -0.5986790222         0.7925216902       -59.3327814259      -627.9322963478 
        3.9200000000        -0.5872290426         0.7670321754       -61.9017785594      -665.9763483761 
        3.9250000000        -0.5752224860         0.8052664477       -64.8377752834      -608.9102703336 
        3.9300000000        -0.5626707325         0.7848748358       -68.5077711884      -639.3455119563 
        3.9350000000        -0.5495856786         0.7440916120       -71.9942672981      -700.2159952015 
        3.9400000000        -0.5359797263         0.7925216902       -75.2972636126      -627.9322963478 
        3.9450000000        -0.5218657714         0.7848748358       -78.9672595175      -639.3455119563 
        3.9500000000        -0.5072571911         0.7542874179       -82.0867560368      -684.9983743902 
        3.9550000000        -0.4921678315         0.7925216902       -85.3897523512      -627.9322963478 
        3.9600000000        -0.4766119942         0.7772279813       -87.9587494847      -650.7587275648 
        3.9650000000        -0.4606044232         0.8129133021       -90.7112464134      -597.4970547251 
        3.9700000000        -0.4441602903         0.7874237873       -94.1977425232      -635.5411067534 
        3.9750000000        -0.4272951816         0.7644832239       -97.1337392471      -669.7807535789 
        3.9800000000        -0.4100250816         0.7874237873      -100.6202353569      -635.5411067534 
        3.9850000000        -0.3923663590         0.7899727387      -103.7397318761      -631.7367015506 
        3.9900000000        -0.3743357509         0.8001685447      -106.1252292143      -616.5190807393 
        3.9950000000        -0.3559503466         0.7899727387      -110.3457245050      -631.7367015506 
        4.0000000000        -0.3372275719         0.8052664477      -114.3827200005      -608.9102703336 
        4.0050000000        -0.3181851722         0.7950706417      -114.7497195910      -624.1278911450 
        4.0100000000        -0.2988411960         0.8307559625      -117.6857163150      -570.8662183053 
        4.0150000000        -0.2792139775         0.8078153991      -120.6217130389      -605.1058651308 
        4.0200000000        -0.2593221195         0.8205601566      -124.2917089439      -586.0838391167 
        4.0250015000        -0.2391783992         0.8256580595      -128.5122042346      -578.4750287110 
        4.0300001000        -0.2188197226         0.8129133021      -129.6132030061      -597.4970547251 
        4.0350000000        -0.1982483903         0.8460496714      -131.9987003443      -548.0397870884 
        4.0400000000        -0.1774887484         0.8511475744      -134.2006978873      -540.4309766827 
        4.0450000000        -0.1565608824         0.8358538655      -138.4211931780      -563.2574078997 
        4.0500014000        -0.1354787074         0.8435007200      -142.4581886735      -551.8441922912 
        4.0550000000        -0.1142799602         0.8485986229      -143.7426872403      -544.2353818855 
        4.0600000000        -0.0929669781         0.8435007200      -147.0456835547      -551.8441922912 
        4.0650000000        -0.0715658817         0.8536965259      -149.4311808930      -536.6265714799 
        4.0700001000        -0.0500965251         0.8842839437      -151.4496786407      -490.9737090459 
        4.0750000000        -0.0285805464         0.8638923318      -154.2021755694      -521.4089506686 
        4.0800000000        -0.0070370490         0.8842839437      -155.8536737267      -490.9737090459 
        4.0850000000         0.0145131181         0.8970287012      -159.1566700411      -471.9516830318 
        4.0900000000         0.0360495297         0.9072245071      -161.9091669699      -456.7340622205 
        4.0950000000         0.0575517734         0.9454587794      -164.8451636938      -399.6679841780 
        4.1000000000         0.0789994694         0.9785951487      -166.4966618511      -350.2107165412 
        4.1050000000         0.1003722896         1.0193783725      -167.7811604178      -289.3402332960 
        4.1100000000         0.1216499768         1.0550636933      -169.2491587798      -236.0785604564 
        4.1150000000         0.1428123638         1.2232944913      -169.4326585750        15.0121829304 
        4.1200000000         0.1638393931         1.2207455399      -169.0656589845        11.2077777275 
        4.1250000000         0.1847111350         1.2232944913      -169.0656589845        15.0121829304 
        4.1300000000         0.2054078074         1.2181965884      -169.0656589845         7.4033725247 
        4.1350000000         0.2259097938         1.2283923943      -169.4326585750        22.6209933360 
        4.1400000000         0.2461976625         1.2742735211      -169.4326585750        91.1002869869 
        4.1450000000         0.2662521846         1.2334902973      -168.6986593941        30.2298037417 
        4.1500000000         0.2860543523         1.2768224726      -167.0471612368        94.9046921898 
        4.1550000000         0.3055853972         1.2819203755      -167.4141608273       102.5135025954 
        4.1600000000         0.3248268077         1.2946651330      -168.5151595988       121.5355286096 
        4.1650000000         0.3437603466         1.3099588419      -164.8451636938       144.3619598266 
        4.1700000000         0.3623680689         1.3125077934      -165.2121632843       148.1663650294 
        4.1750000000         0.3806323380         1.3201546478      -168.3316598036       159.5795806379 
        4.1800024000         0.3985443473         1.3379973082      -163.9276647176       186.2104170577 
        4.1850000000         0.4160616150         1.3456441627      -162.4596663556       197.6236326662 
        4.1900000000         0.4331930429         1.3813294835      -164.1111645128       250.8853055058 
        4.1950000000         0.4499138897         1.3558399686      -161.1751677889       212.8412534775 
        4.2000000000         0.4662083072         1.3736826290      -159.5236696316       239.4720898973 
        4.2050000000         0.4820608516         1.3762315805      -156.7711727029       243.2764951001 
        4.2100000000         0.4974564977         1.3966231924      -156.7711727029       273.7117367228 
        4.2150000000         0.5123806537         1.4093679498      -154.7526749552       292.7337627369 
        4.2200000000         0.5268191743         1.4144658528      -151.8166782312       300.3425731426 
        4.2250000000         0.5407583746         1.4399553677      -152.7341772074       338.3866251709 
        4.2300000000         0.5541850431         1.4221127072      -150.7156794597       311.7557887510 
        4.2350000000         0.5670864539         1.4450532706      -148.3301821215       345.9954355765 
        4.2400000000         0.5794503791         1.4476022221      -147.2291833500       349.7998407793 
        4.2450000000         0.5912651001         1.4654448825      -145.5776851927       376.4306771991 
        4.2500000000         0.6025194189         1.4527001251      -144.1096868308       357.4086511850 
        4.2550000000         0.6132026686         1.4858364944      -142.0911890830       406.8659188218 
        4.2600000000         0.6233047237         1.4756406885      -139.7056917448       391.6482980105 
        4.2650000000         0.6328160093         1.5062281063      -137.1366946113       437.3011604444 
        4.2700012000         0.6417295768         1.4909343974      -136.0356958398       414.4747292274 
        4.2750000000         0.6500307815         1.4807385914      -133.4666987063       399.2571084161 
        4.2800000000         0.6577179519         1.5266197182      -130.3472021871       467.7364020670 
        4.2850000000         0.6647817359         1.5393644756      -128.5122042346       486.7584280812 
        4.2900000000         0.6712154385         1.5444623786      -126.6772062821       494.3672384868 
        4.2950000000         0.6770129618         1.5546581845      -123.0072103772       509.5848592982 
        4.3000000000         0.6821688110         1.5444623786      -120.9887126294       494.3672384868 
        4.3050000000         0.6866780992         1.5750497964      -119.8877138579       540.0201009208 
        4.3100000000         0.6905365525         1.5546581845      -116.5847175435       509.5848592982 
        4.3150000000         0.6937405140         1.5750497964      -114.0157204100       540.0201009208 
        4.3200000000         0.6962869469         1.5775987479      -111.2632234813       543.8245061236 
        4.3250017000         0.6981739666         1.6107351172      -108.1437269620       593.2817737604 
        4.3300015000         0.6993984663         1.5852456023      -104.8407306476       555.2377217321 
        4.3350000000         0.6999600680         1.6183819717      -101.9047339236       604.6949893689 
        4.3400000000         0.6998585141         1.6030882627      -100.0697359711       581.8685581519 
        4.3450000000         0.6990936330         1.6030882627       -96.5832398614       581.8685581519 
        4.3500000000         0.6976661496         1.6056372142       -94.1977425232       585.6729633548 
        4.3550000000         0.6955774169         1.6158330202       -91.9957449802       600.8905841661 
        4.3600000000         0.6928294145         1.5928924568       -88.1422492800       566.6509373406 
        4.3650000000         0.6894247471         1.6234798746       -83.9217539892       612.3037997745 
        4.3700014000         0.6853654142         1.6591651954       -81.7197564463       665.5654726142 
        4.3750000000         0.6806589443         1.6234798746       -78.9672595175       612.3037997745 
        4.3800000000         0.6753061171         1.6489693895       -75.2972636126       650.3478518028 
        4.3850000000         0.6693132334         1.6489693895       -72.3612668886       650.3478518028 
        4.3900000000         0.6626859734         1.6413225350       -69.9757695504       638.9346361944 
        4.3950000000         0.6554306183         1.6260288261       -66.3057736454       616.1082049774 
        4.4000000000         0.6475540448         1.6387735836       -63.1862771262       635.1302309915 
        4.4050000000         0.6390637183         1.6770078558       -59.3327814259       692.1963090340 
        4.4100000000         0.6299676860         1.6387735836       -56.0297851115       635.1302309915 
        4.4150000000         0.6202745691         1.6744589044       -52.9102885922       688.3919038311 
        4.4200000000         0.6099935548         1.6872036618       -49.7907920730       707.4139298453 
        4.4250000000         0.5991343874         1.6617141469       -46.6712955538       669.3698778170 
        4.4300000000         0.5877073592         1.6668120499       -44.1022984203       676.9786882226 
        4.4350000000         0.5757233009         1.6387735836       -40.4323025153       635.1302309915 
        4.4400000000         0.5631935709         1.6566162440       -37.1293062009       661.7610674113 
        4.4450000000         0.5501300450         1.6821057588       -33.4593102959       699.8051194396 
        4.4500000000         0.5365451047         1.6566162440       -29.9728141862       661.7610674113 
        4.4550000000         0.5224516260         1.6872036618       -26.6698178717       707.4139298453 
        4.4600000000         0.5078629666         1.6540672925       -22.9998219667       657.9566622085 
        4.4650000000         0.4927929537         1.6591651954       -20.2473250380       665.5654726142 
        4.4700000000         0.4772558707         1.6693610014       -18.2288272903       680.7830934255 
        4.4750000000         0.4612664436         1.6693610014       -13.4578326138       680.7830934255 
        4.4800000000         0.4448398273         1.6489693895       -10.5218358898       650.3478518028 
        4.4850000000         0.4279915910         1.6795568073        -8.5033381421       696.0007142368 
        4.4900000000         0.4107377034         1.6566162440        -3.5488436704       661.7610674113 
        4.4950000000         0.3930945178         1.6489693895        -0.2458473559       650.3478518028 
        4.5000000000         0.3750787565         1.6744589044         3.4241485491       688.3919038311 
        4.5050000000         0.3567074948         1.6438714865         5.6261460920       642.7390413972 
        4.5100000000         0.3379981450         1.6464204380         8.5621428160       646.5434466000 
        4.5150000000         0.3189684400         1.6489693895        11.8651391305       650.3478518028 
        4.5200000000         0.2996364160         1.6285777776        13.1496376972       619.9126101802 
        4.5250000000         0.2800203960         1.6387735836        17.3701329879       635.1302309915 
        4.5300000000         0.2601389723         1.5979903598        20.6731293024       574.2597477463 
        4.5350000000         0.2400109882         1.6285777776        24.8936245931       619.9126101802 
        4.5400000000         0.2196555213         1.6234798746        26.9121223409       612.3037997745 
        4.5450000000         0.1990918645         1.6209309231        30.5821182458       608.4993945717 
        4.5500000000         0.1783395079         1.6209309231        33.5181149698       608.4993945717 
        4.5550000000         0.1574181209         1.6005393113        35.3531129223       578.0641529491 
        4.5600000000         0.1363475327         1.5979903598        37.9221100558       574.2597477463 
        4.5650000000         0.1151477140         1.5750497964        41.0416065750       540.0201009208 
        4.5700000000         0.0938387581         1.6005393113        44.1611030942       578.0641529491 
        4.5750000000         0.0724408616         1.5775987479        46.9136000229       543.8245061236 
        4.5800000000         0.0509743056         1.5877945538        50.2165963374       559.0421269349 
        4.5850000000         0.0294594360         1.5826966509        52.7855934709       551.4333165293 
        4.5900092000         0.0078769928         1.5674029419        54.8040912186       528.6068853123 
        4.5950000000        -0.0136336500         1.5572071360        57.5565881474       513.3892645010 
        4.6000000000        -0.0351710227         1.5240707667        59.3915860998       463.9319968642 
        4.6050000000        -0.0566750603         1.4909343974        61.5935836428       414.4747292274 
        4.6100000000        -0.0781253811         1.4654448825        63.7955811858       376.4306771991 
        4.6150000000        -0.0995016546         1.4170148043        65.6305791383       304.1469783454 
        4.6200000000        -0.1207836202         1.3481931142        66.9150777050       201.4280378690 
        4.6250000000        -0.1419511067         1.2360392488        66.9150777050        34.0342089445 
        4.6300000000        -0.1629840519         1.2080007824        66.7315779098        -7.8142482866 
        4.6350000000        -0.1838625204         1.2003539280        67.0985775003       -19.2274638951 
        4.6400000000        -0.2045667236         1.2105497339        67.0985775003        -4.0098430838 
        4.6450000000        -0.2250770381         1.2054518309        67.2820772955       -11.6186534894 
        4.6500000000        -0.2453740242         1.1595707042        67.2820772955       -80.0979471404 
        4.6550000000        -0.2654384442         1.2003539280        68.3830760670       -19.2274638951 
        4.6600000000        -0.2852512812         1.1519238497        66.9150777050       -91.5111627489 
        4.6650000000        -0.3047937565         1.1468259468        66.1810785240       -99.1199731545 
        4.6700000000        -0.3240473477         1.1111406260        65.9975787288      -152.3816459941 
        4.6750000000        -0.3429938062         1.1187874804        65.0800797525      -140.9684303856 
        4.6800000000        -0.3616151745         1.1009448200        63.9790809811      -167.5992668054 
        4.6850000000        -0.3798938032         1.1162385289        61.4100838476      -144.7728355885 
        4.6900000000        -0.3978123678         1.0932979656        62.6945824143      -179.0124824139 
        4.6950000000        -0.4153538851         1.0856511111        61.7770834381      -190.4256980224 
        4.7000000000        -0.4325017292         1.0856511111        60.6760846666      -190.4256980224 
        4.7050000000        -0.4492396473         1.0805532081        60.4925848713      -198.0345084281 
        4.7100000000        -0.4655517752         1.0499657903        59.9420854856      -243.6873708620 
        4.7150000000        -0.4814226522         1.0576126448        56.6390891711      -232.2741552535 
        4.7200000000        -0.4968372359         1.0244762754        56.0885897854      -281.7314228903 
        4.7250000000        -0.5117809163         1.0372210329        56.0885897854      -262.7093968762 
        4.7300000000        -0.5262395298         1.0117315180        53.5195926519      -300.7534489045 
        4.7350000000        -0.5401993724         1.0117315180        51.5010949042      -300.7534489045 
        4.7400000000        -0.5536472130         0.9785951487        50.4000961327      -350.2107165412 
        4.7450000000        -0.5665703057         1.0040846636        48.7485979754      -312.1666645130 
        4.7500000000        -0.5789564020         0.9760461972        47.6475992039      -354.0151217441 
        4.7550000000        -0.5907937623         0.9964378091        45.9961010467      -323.5798801214 
        4.7600000000        -0.6020711671         0.9531056338        43.0601043227      -388.2547685695 
        4.7650000000        -0.6127779277         0.9658503913        41.4086061655      -369.2327425554 
        4.7700000000        -0.6229038962         0.9454587794        40.1241075988      -399.6679841780 
        4.7750000000        -0.6324394751         0.9556545853        38.2891096463      -384.4503633667 
        4.7800000000        -0.6413756267         0.9199692645        36.0871121033      -437.7120362063 
        4.7850000000        -0.6497038813         0.9301650705        33.5181149698      -422.4944153950 
        4.7900000000        -0.6574163452         0.9097734586        31.1326176316      -452.9296570176 
        4.7950000000        -0.6645057087         0.9072245071        29.8481190648      -456.7340622205 
        4.8000000000        -0.6709652523         0.8970287012        27.2791219314      -471.9516830318 
        4.8050000000        -0.6767888538         0.8970287012        21.9576278691      -471.9516830318 
        4.8100000000        -0.6819709935         0.8664412833        23.6091260264      -517.6045454657 
        4.8150000000        -0.6865067598         0.9021266041        19.5721305309      -464.3428726261 
        4.8200000000        -0.6903918536         0.8562454774        14.0671366735      -532.8221662770 
        4.8250000000        -0.6936225928         0.8868328952        15.1681354450      -487.1693038431 
        4.8300000000        -0.6961959150         0.8485986229        12.4156385162      -544.2353818855 
        4.8350000000        -0.6981093815         0.8740881378         8.0116434303      -506.1913298572 
        4.8400000000        -0.6993611785         0.8664412833         7.8281436350      -517.6045454657 
        4.8450000000        -0.6999501196         0.8485986229         5.0756467063      -544.2353818855 
        4.8500000000        -0.6998756467         0.8282070110         2.1396499823      -574.6706235082 
        4.8550000000        -0.6991378302         0.8664412833        -0.6128469464      -517.6045454657 
        4.8600000000        -0.6977373696         0.8052664477        -4.0993430561      -608.9102703336 
        4.8650000000        -0.6956755921         0.8256580595        -6.6683401896      -578.4750287110 
        4.8700000000        -0.6929544520         0.8256580595        -9.4208371183      -578.4750287110 
        4.8750000000        -0.6895765283         0.8180112051       -11.9898342518      -589.8882443195 
        4.8800000000        -0.6855450226         0.8052664477       -14.3753315901      -608.9102703336 
        4.8850000000        -0.6808637561         0.8205601566       -17.3113283140      -586.0838391167 
        4.8900000000        -0.6755371655         0.8027174962       -22.6328223762      -612.7146755365 
        4.8950000000        -0.6695702995         0.7950706417       -22.9998219667      -624.1278911450 
        4.9000000000        -0.6629688135         0.7823258843       -26.8533176670      -643.1499171591 
        4.9050000000        -0.6557389644         0.7874237873       -30.3398137767      -635.5411067534 
        4.9100000000        -0.6478876045         0.7874237873       -32.5418113197      -635.5411067534 
        4.9150000000        -0.6394221756         0.7797769328       -36.3953070199      -646.9543223619 
        4.9200000000        -0.6303507011         0.8027174962       -38.5973045629      -612.7146755365 
        4.9250000000        -0.6206817790         0.7874237873       -41.3498014916      -635.5411067534 
        4.9300000000        -0.6104245735         0.7899727387       -44.6527978061      -631.7367015506 
        4.9350000000        -0.5995888064         0.8001685447       -47.5887945300      -616.5190807393 
        4.9400000000        -0.5881847478         0.8129133021       -50.8917908445      -597.4970547251 
        4.9450000000        -0.5762232067         0.7746790298       -54.7452865447      -654.5631327676 
        4.9500000000        -0.5637155200         0.7568363694       -57.4977834735      -681.1939691874 
        4.9550000000        -0.5506735427         0.8001685447       -60.0667806069      -616.5190807393 
        4.9600000000        -0.5371096359         0.7746790298       -63.9202763072      -654.5631327676 
        4.9650000000        -0.5230366556         0.7746790298       -66.4892734406      -654.5631327676 
        4.9700000000        -0.5084679401         0.8027174962       -69.2417703694      -612.7146755365 
        4.9750000000        -0.4934172978         0.7899727387       -72.1777670933      -631.7367015506 
        4.9800000000        -0.4778989935         0.7925216902       -75.1137638173      -627.9322963478 
        4.9850000000        -0.4619277357         0.8052664477       -78.9672595175      -608.9102703336 
        4.9900000000        -0.4455186618         0.7823258843       -82.2702558320      -643.1499171591 
        4.9950000000        -0.4286873245         0.8052664477       -85.3897523512      -608.9102703336 
        5.0000000000        -0.4114496766         0.7950706417       -87.9587494847      -624.1278911450 
        5.0050000000        -0.3938220558         0.8154622536       -90.7112464134      -593.6926495223 
        5.0100000000        -0.3758211697         0.7950706417       -94.1977425232      -624.1278911450 
        5.0150000000        -0.3574640797         0.7874237873       -96.7667396566      -635.5411067534 
        5.0200000000        -0.3387681844         0.8052664477       -99.8862361759      -608.9102703336 
        5.0250000000        -0.3197512040         0.8129133021      -104.8407306476      -597.4970547251 
        5.0300000000        -0.3004311628         0.8256580595      -104.6572308523      -578.4750287110 
        5.0350000000        -0.2808263724         0.8154622536      -107.9602271668      -593.6926495223 
        5.0400000000        -0.2609554141         0.8384028170      -112.3642222528      -559.4530026969 
        5.0450000000        -0.2408371219         0.8205601566      -114.3827200005      -586.0838391167 
        5.0500000000        -0.2204905637         0.8333049140      -116.9517171340      -567.0618131025 
        5.0550000000        -0.1999350242         0.8282070110      -119.3372144722      -574.6706235082 
        5.0600000000        -0.1791899858         0.8333049140      -123.0072103772      -567.0618131025 
        5.0650000000        -0.1582751109         0.8460496714      -125.2092079202      -548.0397870884 
        5.0700000000        -0.1372102225         0.8485986229      -127.4112054631      -544.2353818855 
        5.0750000000        -0.1160152859         0.8562454774      -130.1637023919      -532.8221662770 
        5.0800000000        -0.0947103899         0.8613433804      -133.0996991158      -525.2133558714 
        5.0850000000        -0.0733157272         0.8766370893      -135.3016966588      -502.3869246544 
        5.0900000000        -0.0518515757         0.8638923318      -138.4211931780      -521.4089506686 
        5.0950000000        -0.0303382791         0.8868328952      -140.2561911305      -487.1693038431 
        5.1000000000        -0.0087962279         0.8766370893      -143.5591874450      -502.3869246544 
        5.1050000000         0.0127541604         0.8842839437      -146.4951841690      -490.9737090459 
        5.1100000000         0.0342924603         0.9021266041      -145.3941853975      -464.3428726261 
        5.1150000000         0.0557982577         0.9785951487      -150.1651800740      -350.2107165412 
        5.1200000000         0.0772511695         0.9658503913      -151.8166782312      -369.2327425554 
        5.1250000000         0.0986308624         0.9531056338      -153.4681763884      -388.2547685695 
        5.1300000000         0.1199170728         1.1595707042      -154.3856753647       -80.0979471404 
        5.1350000000         0.1410896256         1.2054518309      -155.4866741362       -11.6186534894 
        5.1400000000         0.1621284533         1.1927070735      -155.3031743409       -30.6406795036 
        5.1450000000         0.1830136154         1.2258434428      -155.3031743409        18.8165881332 
        5.1500000000         0.2037253168         1.2003539280      -155.8536737267       -19.2274638951 
        5.1550000000         0.2242439270         1.1799623161      -155.8536737267       -49.6627055177 
        5.1600000000         0.2445499983         1.3150567448      -153.6516761837       151.9707702322 
        5.1650000000         0.2646242847         1.2589798122      -154.9361747504        68.2738557700 
        5.1700000000         0.2844477597         1.2742735211      -154.3856753647        91.1002869869 
        5.1750000000         0.3040016345         1.3048609389      -152.9176770027       136.7531494209 
        5.1800000000         0.3232673760         1.3074098904      -152.9176770027       140.5575546237 
        5.1850000000         0.3422267241         1.2972140844      -155.3031743409       125.3399338124 
        5.1900000000         0.3608617090         1.3405462597      -151.4496786407       190.0148222605 
        5.1950000000         0.3791546684         1.3252525508      -149.9816802787       167.1883910435 
        5.2000000000         0.3970882644         1.3430952112      -148.1466823262       193.8192274633 
        5.2050000000         0.4146454993         1.3481931142      -149.2476810977       201.4280378690 
        5.2100000000         0.4318097324         1.3660357746      -147.4126831452       228.0588742888 
        5.2150000000         0.4485646955         1.3711336775      -144.8436860117       235.6676846945 
        5.2200000000         0.4648945080         1.3660357746      -144.2931866260       228.0588742888 
        5.2250000000         0.4807836926         1.3915252894      -143.3756876498       266.1029263171 
        5.2300000000         0.4962171895         1.4119169013      -141.1736901068       296.5381679397 
        5.2350000000         0.5111803708         1.3966231924      -140.9901903115       273.7117367228 
        5.2400000000         0.5256590543         1.4119169013      -138.9716925638       296.5381679397 
        5.2450000000         0.5396395172         1.4348574647      -137.5036942018       330.7778147652 
        5.2500000000         0.5531085087         1.4272106102      -136.0356958398       319.3645991567 
        5.2550000000         0.5660532629         1.4476022221      -134.3841976826       349.7998407793 
        5.2600000000         0.5784615107         1.4552490766      -132.9161993206       361.2130563878 
        5.2650000000         0.5903214915         1.4654448825      -131.0812013681       376.4306771991 
        5.2700000000         0.6016219645         1.4679938340      -128.8792038251       380.2350824020 
        5.2750000000         0.6123522190         1.4934833489      -127.9617048489       418.2791344303 
        5.2800000000         0.6225020850         1.4807385914      -125.3927077154       399.2571084161 
        5.2850000000         0.6320619422         1.5138749607      -123.1907101724       448.7143760529 
        5.2900000000         0.6410227299         1.5011302033      -121.3557122199       429.6923500387 
        5.2950000000         0.6493759550         1.4577980281      -119.3372144722       365.0174615907 
        5.3000000000         0.6571137004         1.5036791548      -116.0342181577       433.4967552416 
        5.3050000000         0.6642286321         1.5291686697      -115.3002189767       471.5408072699 
        5.3100000000         0.6707140066         1.5215218152      -114.9332193862       460.1275916614 
        5.3150000000         0.6765636771         1.5572071360      -109.0612259383       513.3892645010 
        5.3200000000         0.6817720992         1.5419134271      -107.0427281906       490.5628332840 
        5.3250000000         0.6863343364         1.5546581845      -105.3912300333       509.5848592982 
        5.3300000000         0.6902460646         1.5750497964      -102.6387331046       540.0201009208 
        5.3350000000         0.6935035762         1.5725008449       -99.5192365854       536.2156957180 
        5.3400000000         0.6961037838         1.5775987479       -97.5007388376       543.8245061236 
        5.3450000000         0.6980442229         1.5954414083       -94.0142427279       570.4553425434 
        5.3500000000         0.6993230543         1.5826966509       -91.8122451849       551.4333165293 
        5.3550000000         0.6999390659         1.6107351172       -88.3257490752       593.2817737604 
        5.3600000000         0.6998916740         1.6081861657       -85.7567519417       589.4773685576 
        5.3650000000         0.6991809234         1.6311267291       -83.0042550130       623.7170153830 
        5.3700000000         0.6978074878         1.6158330202       -79.8847584938       600.8905841661 
        5.3750000000         0.6957726688         1.6107351172       -78.0497605413       593.2817737604 
        5.3800000000         0.6930783952         1.6566162440       -73.8292652506       661.7610674113 
        5.3850000000         0.6897272205         1.6413225350       -71.0767683218       638.9346361944 
        5.3900000000         0.6857223211         1.6438714865       -68.5077711884       642.7390413972 
        5.3950000000         0.6810674927         1.6209309231       -64.8377752834       608.4993945717 
        5.4000024000         0.6757644488         1.6515183410       -61.3512791737       654.1522570057 
        5.4050000000         0.6698263083         1.6591651954       -58.0482828592       665.5654726142 
        5.4100000000         0.6632506067         1.6438714865       -54.9287863400       642.7390413972 
        5.4150000000         0.6560462749         1.6489693895       -51.9927896160       650.3478518028 
        5.4200000000         0.6482201412         1.6770078558       -48.5062935063       692.1963090340 
        5.4250000000         0.6397796232         1.6489693895       -45.0197973966       650.3478518028 
        5.4300000000         0.6307327208         1.6795568073       -42.8177998536       696.0007142368 
        5.4350000000         0.6210880087         1.6617141469       -39.3313037439       669.3698778170 
        5.4400000000         0.6108546282         1.6209309231       -36.2118072246       608.4993945717 
        5.4450000000         0.6000422785         1.6846547103       -31.9913119339       703.6095246425 
        5.4500000000         0.5886612076         1.6693610014       -29.2388150052       680.7830934255 
        5.4550000000         0.5767222024         1.6897526133       -25.5688191002       711.2183350481 
        5.4600000000         0.5642365789         1.6770078558       -23.1833217620       692.1963090340 
        5.4650000000         0.5512161707         1.6260288261       -19.1463262665       616.1082049774 
        5.4700000000         0.5376733189         1.6923015648       -15.6598301568       715.0227402509 
        5.4750000000         0.5236208592         1.6719099529       -13.0908330233       684.5874986283 
        5.4800000000         0.5090721107         1.6489693895        -9.6043369136       650.3478518028 
        5.4850000000         0.4940408626         1.6642630984        -6.8518399849       673.1742830198 
        5.4900000000         0.4785413617         1.6540672925        -3.3653438751       657.9566622085 
        5.4950000000         0.4625882983         1.6591651954         1.2221510061       665.5654726142 
        5.5000000000         0.4461967928         1.6719099529         3.0571489586       684.5874986283 
        5.5050000000         0.4293823811         1.6591651954         6.1766454778       665.5654726142 
        5.5100000000         0.4121610000         1.6693610014        10.2136409732       680.7830934255 
        5.5150000000         0.3945489720         1.6260288261        13.1496376972       616.1082049774 
        5.5200000000         0.3765629896         1.6617141469        17.0031333974       669.3698778170 
        5.5250000000         0.3582201001         1.6336756806        19.5721305309       627.5214205859 
        5.5300000000         0.3395376889         1.6285777776        23.0586266406       619.9126101802 
        5.5350000000         0.3205334631         1.6515183410        25.4441239789       654.1522570057 
        5.5400000000         0.3012254352         1.6285777776        27.4626217266       619.9126101802 
        5.5450000000         0.2816319053         1.6311267291        31.1326176316       623.7170153830 
        5.5500000000         0.2617714440         1.6158330202        34.2521141508       600.8905841661 
        5.5550000000         0.2416628753         1.6311267291        38.1056098510       623.7170153830 
        5.5600000000         0.2213252580         1.6056372142        40.3076073940       585.6729633548 
        5.5650000000         0.2007778682         1.6183819717        43.7941035037       604.6949893689 
        5.5700000000         0.1800401808         1.6030882627        46.7301002277       581.8685581519 
        5.5750000000         0.1591318509         1.5979903598        49.2990973612       574.2597477463 
        5.5800000000         0.1380726956         1.5979903598        52.2350940852       574.2597477463 
        5.5850000000         0.1168826747         1.5979903598        55.3545906044       574.2597477463 
        5.5900100000         0.0955391730         1.5903435053        58.2905873284       562.8465321378 
        5.5950000000         0.0741904769         1.5750497964        61.2265840523       540.0201009208 
        5.6000000000         0.0527287639         1.5775987479        63.0615820048       543.8245061236 
        5.6050000000         0.0312170743         1.5674029419        65.8140789335       528.6068853123 
        5.6100000000         0.0096757972         1.5623050390        69.4840748385       520.9980749067 
        5.6150000000        -0.0118746507         1.5470113301        70.4015738148       498.1716436897 
        5.6200000000        -0.0334138437         1.5266197182        72.9705709482       467.7364020670 
        5.6250000000        -0.0549213670         1.4985812518        75.3560682865       425.8879448359 
        5.6300000000        -0.0763768358         1.4858364944        77.7415656247       406.8659188218 
        5.6350000000        -0.0977599144         1.4323085132        79.2095639867       326.9734095624 
        5.6400000000        -0.1190503360         1.3354483567        80.6775623487       182.4060118548 
        5.6450000000        -0.1402279215         1.2207455399        81.2280617344        11.2077777275 
        5.6500000000        -0.1612725987         1.1876091705        80.4940625534       -38.2494899093 
        5.6550000000        -0.1821644214         1.1697665101        80.4940625534       -64.8803263290 
        5.6600000000        -0.2028835883         1.2360392488        80.4940625534        34.0342089445 
        5.6650117000        -0.2234582538         1.2003539280        79.5765635772       -19.2274638951 
        5.6700000000        -0.2437255863         1.1493748983        80.1270629629       -95.3155679517 
        5.6750000000        -0.2638097073         1.1493748983        81.2280617344       -95.3155679517 
        5.6800000000        -0.2836437890         1.1901581220        79.9435631677       -34.4450847064 
        5.6850000000        -0.3032090325         1.1493748983        77.5580658294       -95.3155679517 
        5.6900000000        -0.3224868939         1.1289832864        79.2095639867      -125.7508095743 
        5.6950000000        -0.3414591015         1.1187874804        78.8425643962      -140.9684303856 
        5.7000000000        -0.3601076737         1.1519238497        76.6405668532       -91.5111627489 
        5.7050000000        -0.3784149350         1.0754553052        76.6405668532      -205.6433188337 
        5.7100000000        -0.3963635339         1.0932979656        75.7230678770      -179.0124824139 
        5.7150000000        -0.4139364588         1.0831021596        74.0715697197      -194.2301032252 
        5.7200000000        -0.4311170538         1.0703574022        74.2550695150      -213.2521292394 
        5.7250000000        -0.4478890353         1.0652594992        73.1540707435      -220.8609396451 
        5.7300000000        -0.4642365067         1.0397699844        70.9520732005      -258.9049916733 
        5.7350000000        -0.4801439738         1.0372210329        70.4015738148      -262.7093968762 
        5.7400000000        -0.4955963595         1.0321231299        68.9335754528      -270.3182072818 
        5.7450000000        -0.5105790180         1.0091825665        66.5480781145      -304.5578541073 
        5.7500000000        -0.5250777487         1.0091825665        65.8140789335      -304.5578541073 
        5.7550000000        -0.5390788098         0.9989867606        65.2635795478      -319.7754749186 
        5.7600000000        -0.5525689309         1.0066336150        62.5110826191      -308.3622593101 
        5.7650000000        -0.5655353261         0.9683993428        61.7770834381      -365.4283373526 
        5.7700000000        -0.5779657058         1.0142804695        59.3915860998      -296.9490437016 
        5.7750000000        -0.5898482885         0.9683993428        57.9235877379      -365.4283373526 
        5.7800000000        -0.6011718119         0.9709482942        56.8225889664      -361.6239321497 
        5.7850000000        -0.6119255434         0.9454587794        54.0700920376      -399.6679841780 
        5.7900000000        -0.6220992908         0.9607524883        52.6020936757      -376.8415529611 
        5.7950000000        -0.6316834112         0.9097734586        50.4000961327      -452.9296570176 
        5.8000000000        -0.6406688208         0.9378119249        49.1155975659      -411.0811997865 
        5.8050000000        -0.6490470034         0.9199692645        47.2805996134      -437.7120362063 
        5.8100000000        -0.6568100179         0.8919307982        43.6106037085      -479.5604934374 
        5.8150000000        -0.6639505066         0.9174203130        41.7756057560      -441.5164414092 
        5.8200000000        -0.6704617017         0.8919307982        39.2066086225      -479.5604934374 
        5.8250000000        -0.6763374319         0.8893818467        37.1881108748      -483.3648986403 
        5.8300000000        -0.6815721282         0.8893818467        34.8026135365      -483.3648986403 
        5.8350000000        -0.6861608291         0.8689902348        30.2151186553      -513.8001402629 
        5.8400000000        -0.6900991855         0.8740881378        31.1326176316      -506.1913298572 
        5.8450000000        -0.6933834645         0.8536965259        27.0956221361      -536.6265714799 
        5.8500000000        -0.6960105533         0.8664412833        22.8751268454      -517.6045454657 
        5.8550000000        -0.6979779619         0.8358538655        23.2421264359      -563.2574078997 
        5.8600000000        -0.6992838257         0.8689902348        18.8381313499      -513.8001402629 
        5.8650000000        -0.6999269070         0.8435007200        15.1681354450      -551.8441922912 
        5.8700000000        -0.6999065961         0.8562454774        14.0671366735      -532.8221662770 
        5.8750000000        -0.6992229125         0.8205601566        10.5806405637      -586.0838391167 
        5.8800000000        -0.6978765040         0.8358538655         8.1951432255      -563.2574078997 
        5.8850000000        -0.6958686468         0.8154622536         5.2591465015      -593.6926495223 
        5.8900000000        -0.6932012439         0.8129133021         2.8736491633      -597.4970547251 
        5.8950000000        -0.6898768236         0.8129133021        -0.0623475607      -597.4970547251 
        5.9000000000        -0.6858985367         0.8205601566        -3.1818440799      -586.0838391167 
        5.9050000000        -0.6812701538         0.7848748358        -7.9528387564      -639.3455119563 
        5.9100000000        -0.6759960617         0.8205601566        -7.9528387564      -586.0838391167 
        5.9150000000        -0.6700812593         0.7874237873       -11.9898342518      -635.5411067534 
        5.9200000000        -0.6635313526         0.8001685447       -14.7423311806      -616.5190807393 
        5.9250000000        -0.6563525495         0.7874237873       -17.1278285188      -635.5411067534 
        5.9300000000        -0.6485516542         0.7976195932       -23.9173209430      -620.3234859421 
        5.9350000000        -0.6401360605         0.7695811269       -24.2843205335      -662.1719431732 
        5.9400000000        -0.6311137445         0.8001685447       -26.6698178717      -616.5190807393 
        5.9450000000        -0.6214932577         0.7823258843       -29.9728141862      -643.1499171591 
        5.9500000000        -0.6112837184         0.7848748358       -33.8263098864      -639.3455119563 
        5.9550000000        -0.6004948031         0.7823258843       -36.2118072246      -643.1499171591 
        5.9600000000        -0.5891367378         0.7874237873       -39.6983033343      -635.5411067534 
        5.9650000000        -0.5772202875         0.7874237873       -42.8177998536      -635.5411067534 
        5.9700000000        -0.5647567467         0.7797769328       -45.9372963728      -646.9543223619 
        5.9750000000        -0.5517579284         0.7593853209       -48.6897933015      -677.3895639846 
        5.9800000000        -0.5382361528         0.7568363694       -52.1762894112      -681.1939691874 
        5.9850000000        -0.5242042360         0.7670321754       -54.7452865447      -665.9763483761 
        5.9900000000        -0.5096754773         0.7925216902       -57.8647830640      -627.9322963478 
        5.9950000000        -0.4946636473         0.7899727387       -61.1677793784      -631.7367015506 
        6.0000000000        -0.4791829742         0.7950706417       -64.1037761024      -624.1278911450 
        6.0050000000        -0.4632481304         0.7695811269       -66.8562730311      -662.1719431732 
        6.0100000000        -0.4468742192         0.7976195932       -69.0582705741      -620.3234859421 
        6.0150000000        -0.4300767597         0.8078153991       -73.6457654553      -605.1058651308 
        6.0200000000        -0.4128716726         0.8078153991       -75.4807634078      -605.1058651308 
        6.0250000000        -0.3952752650         0.8180112051       -78.4167601318      -589.8882443195 
        6.0300000000        -0.3773042148         0.8103643506       -83.7382541940      -601.3014599280 
        6.0350000000        -0.3589755548         0.8103643506       -85.2062525560      -601.3014599280 
        6.0400000000        -0.3403066571         0.8001685447       -88.5092488705      -616.5190807393 
        6.0450000000        -0.3213152161         0.8333049140       -90.1607470277      -567.0618131025 
        6.0500000000        -0.3020192319         0.8154622536       -92.9132439564      -593.6926495223 
        6.0550000000        -0.2824369934         0.8256580595       -96.3997400661      -578.4750287110 
        6.0600000000        -0.2625870605         0.8384028170       -99.1522369949      -559.4530026969 
        6.0650000000        -0.2424882470         0.8282070110      -101.5377343331      -574.6706235082 
        6.0700000000        -0.2221596028         0.8333049140      -105.3912300333      -567.0618131025 
        6.0750000000        -0.2016203952         0.8409517685      -107.2262279858      -555.6485974940 
        6.0800000000        -0.1808900914         0.8485986229      -110.3457245050      -544.2353818855 
        6.0850000000        -0.1599883397         0.8435007200      -112.5477220480      -551.8441922912 
        6.0900000000        -0.1389349507         0.8358538655      -116.2177179530      -563.2574078997 
        6.0950000000        -0.1177498788         0.8664412833      -118.4197154960      -517.6045454657 
        6.1000000000        -0.0964532035         0.8562454774      -120.0712136532      -532.8221662770 
        6.1050000000        -0.0750651095         0.8664412833      -123.9247093534      -517.6045454657 
        6.1100000000        -0.0536058688         0.8740881378      -125.7597073059      -506.1913298572 
        6.1150000000        -0.0320958202         0.8766370893      -128.3287044394      -502.3869246544 
        6.1200000000        -0.0105553512         0.8842839437      -131.0812013681      -490.9737090459 
        6.1250000000         0.0109951221         0.8944797497      -132.5491997301      -475.7560882346 
        6.1300000000         0.0325351743         0.9276161190      -135.1181968636      -426.2988205978 
        6.1350000000         0.0540443896         0.8868328952      -138.0541935875      -487.1693038431 
        6.1400000000         0.0755023815         0.9785951487      -139.3386921543      -350.2107165412 
        6.1450000000         0.0968888121         1.0193783725      -141.1736901068      -289.3402332960 
        6.1500000000         0.1181834113         1.1111406260      -141.7241894925      -152.3816459941 
        6.1550000000         0.1393659960         1.2156476369      -142.8251882640         3.5989673219 
        6.1600000000         0.1604164894         1.2003539280      -143.0086880593       -19.2274638951 
        6.1650000000         0.1813149398         1.2181965884      -141.9076892878         7.4033725247 
        6.1700000000         0.2020415394         1.2334902973      -141.9076892878        30.2298037417 
        6.1750000000         0.2225766437         1.2207455399      -142.0911890830        11.2077777275 
        6.1800000000         0.2429007894         1.2870182785      -141.5406896973       110.1223130011 
        6.1850000000         0.2629947133         1.2615287636      -141.7241894925        72.0782609728 
        6.1900000000         0.2828393703         1.2742735211      -140.4396909258        91.1002869869 
        6.1950000000         0.3024159516         1.2768224726      -139.8891915400        94.9046921898 
        6.2000000000         0.3217059025         1.2921161815      -139.8891915400       117.7311234068 
        6.2050000000         0.3406909398         1.3150567448      -141.5406896973       151.9707702322 
        6.2100000000         0.3593530697         1.3303504538      -138.9716925638       174.7972014492 
        6.2150000000         0.3776746040         1.3227035993      -137.6871939971       163.3839858407 
        6.2200000000         0.3956381776         1.3762315805      -136.7696950208       243.2764951001 
        6.2250000000         0.4132267645         1.3430952112      -136.0356958398       193.8192274633 
        6.2300000000         0.4304236944         1.3660357746      -135.1181968636       228.0588742888 
        6.2350000000         0.4472126678         1.3634868231      -134.2006978873       224.2544690860 
        6.2400000000         0.4635777722         1.3889763379      -132.1822001396       262.2985211143 
        6.2450000000         0.4795034967         1.3940742409      -131.0812013681       269.9073315199 
        6.2500000000         0.4949747468         1.3991721439      -129.7967028014       277.5161419256 
        6.2550000000         0.5099768590         1.4144658528      -128.3287044394       300.3425731426 
        6.2600000000         0.5244956140         1.4170148043      -126.6772062821       304.1469783454 
        6.2650000000         0.5385172511         1.4297595617      -125.3927077154       323.1690043595 
        6.2700000000         0.5520284805         1.4323085132      -124.6587085344       326.9734095624 
        6.2750000000         0.5650164963         1.4374064162      -122.2732111962       334.5822199680 
        6.2800000000         0.5774689883         1.4450532706      -120.4382132437       345.9954355765 
        6.2850000000         0.5893741541         1.4476022221      -119.5207142675       349.7998407793 
        6.2900000000         0.6007207099         1.4628959310      -117.5022165197       372.6262719963 
        6.2950000000         0.6114979015         1.4756406885      -114.9332193862       391.6482980105 
        6.3000000000         0.6216955142         1.4832875429      -113.2817212290       403.0615136189 
        6.3050000000         0.6313038827         1.5138749607      -111.4467232765       448.7143760529 
        6.3100000000         0.6403139001         1.5138749607      -109.4282255288       448.7143760529 
        6.3150000000         0.6487170267         1.4807385914      -107.4097277810       399.2571084161 
        6.3200000000         0.6565052982         1.5342665726      -104.8407306476       479.1496176755 
        6.3250000000         0.6636713326         1.5240707667      -103.5562320808       463.9319968642 
        6.3300000000         0.6702083380         1.5368155241      -103.1892324903       482.9540228784 
        6.3350000000         0.6761101187         1.5444623786       -96.5832398614       494.3672384868 
        6.3400000000         0.6813710809         1.5623050390       -95.2987412946       520.9980749067 
        6.3450000000         0.6859862383         1.5597560875       -93.8307429327       517.1936697038 
        6.3500000000         0.6899512166         1.5699518934       -91.2617457992       532.4112905151 
        6.3550000000         0.6932622578         1.5725008449       -87.4082500990       536.2156957180 
        6.3600000000         0.6959162237         1.5801476994       -84.6557531702       547.6289113265 
        6.3650000000         0.6979105988         1.5979903598       -85.3897523512       574.2597477463 
        6.3700000000         0.6992434930         1.5877945538       -80.0682582890       559.0421269349 
        6.3750000000         0.6999136427         1.6005393113       -76.5817621793       578.0641529491 
        6.3800000000         0.6999204130         1.6158330202       -74.0127650458       600.8905841661 
        6.3850000000         0.6992637974         1.6081861657       -71.4437679123       589.4773685576 
        6.3900000000         0.6979444182         1.6234798746       -67.9572718026       612.3037997745 
        6.3950000000         0.6959635259         1.6107351172       -64.8377752834       593.2817737604 
        6.4000000000         0.6933229980         1.6438714865       -61.3512791737       642.7390413972 
        6.4050000000         0.6900253372         1.6413225350       -58.4152824497       638.9346361944 
        6.4100000000         0.6860736691         1.6387735836       -56.0297851115       635.1302309915 
        6.4150000000         0.6814717391         1.6617141469       -52.3597892065       669.3698778170 
        6.4200000000         0.6762239088         1.6540672925       -49.4237924825       657.9566622085 
        6.4250000000         0.6703351522         1.6362246321       -47.2217949395       631.3258257887 
        6.4300000000         0.6638110506         1.6617141469       -42.8177998536       669.3698778170 
        6.4350000000         0.6566577876         1.6540672925       -39.6983033343       657.9566622085 
        6.4400000000         0.6488821431         1.6387735836       -37.4963057914       635.1302309915 
        6.4450000000         0.6404914869         1.6719099529       -33.8263098864       684.5874986283 
        6.4500000000         0.6314937715         1.6362246321       -29.7893143909       631.3258257887 
        6.4550000000         0.6218975252         1.6923015648       -26.4863180765       715.0227402509 
        6.4600000000         0.6117118432         1.6617141469       -23.7338211477       669.3698778170 
        6.4650000000         0.6009463795         1.6591651954       -19.8803254475       665.5654726142 
        6.4700000000         0.5896113377         1.6744589044       -16.5773291330       688.3919038311 
        6.4750000000         0.5777174611         1.6846547103       -13.8248322043       703.6095246425 
        6.4800000000         0.5652760227         1.6617141469        -9.7878367088       669.3698778170 
        6.4850000000         0.5522988147         1.6489693895        -6.8518399849       650.3478518028 
        6.4900000000         0.5387981368         1.6591651954        -5.0168420324       665.5654726142 
        6.4950000000         0.5247867849         1.6668120499        -0.9798465369       676.9786882226 
        6.5000000000         0.5102780392         1.6719099529         2.6901493681       684.5874986283 
        6.5050000000         0.4952856509         1.6566162440         5.0756467063       661.7610674113 
        6.5100000000         0.4798238299         1.6591651954         9.1126422018       665.5654726142 
        6.5150000000         0.4639072310         1.6642630984        12.5991383115       673.1742830198 
        6.5200000000         0.4475509399         1.6591651954        15.7186348307       665.5654726142 
        6.5250000000         0.4307704591         1.6489693895        18.8381313499       650.3478518028 
        6.5300000000         0.4135816933         1.6234798746        22.5081272549       612.3037997745 
        6.5350000000         0.3960009339         1.6719099529        22.6916270501       684.5874986283 
        6.5400000000         0.3780448441         1.6387735836        26.7286225456       635.1302309915 
        6.5450000000         0.3597304427         1.6464204380        32.2336164031       646.5434466000 
        6.5500000000         0.3410750880         1.6413225350        33.1511153793       638.9346361944 
        6.5550000000         0.3220964617         1.6387735836        37.5551104653       635.1302309915 
        6.5600000000         0.3028125518         1.6260288261        40.6746069845       616.1082049774 
        6.5650000000         0.2832416355         1.6387735836        43.9776032990       635.1302309915 
        6.5700000000         0.2634022623         1.6311267291        47.4640994087       623.7170153830 
        6.5750000000         0.2433132358         1.6158330202        49.4825971564       600.8905841661 
        6.5800000000         0.2229935967         1.6209309231        52.9690932661       608.4993945717 
        6.5850000000         0.2024626038         1.6209309231        56.0885897854       608.4993945717 
        6.5900000000         0.1817397164         1.6030882627        59.0245865093       581.8685581519 
        6.5950000000         0.1608445758         1.5979903598        62.5110826191       574.2597477463 
        6.6000000000         0.1397969864         1.6030882627        64.3460805716       581.8685581519 
        6.6050000000         0.1186168970         1.5928924568        67.8325766813       566.6509373406 
        6.6100000000         0.0973243824         1.5979903598        71.5025725862       574.2597477463 
        6.6150000000         0.0759396236         1.5674029419        72.7870711530       528.6068853123 
        6.6200000000         0.0544828890         1.6056372142        75.9065676722       585.6729633548 
        6.6250000000         0.0329745155         1.5597560875        78.4755648057       517.1936697038 
        6.6300000000         0.0114348886         1.5470113301        80.4940625534       498.1716436897 
        6.6350000000        -0.0101155763         1.5674029419        83.0630596869       528.6068853123 
        6.6400000000        -0.0316564536         1.5342665726        84.8980576394       479.1496176755 
        6.6450000000        -0.0531673269         1.4756406885        87.2835549776       391.6482980105 
        6.6500000000        -0.0746278080         1.4272106102        89.1185529301       319.3645991567 
        6.6550000000        -0.0960175568         1.3405462597        91.5040502683       190.0148222605 
        6.6600000000        -0.1173163000         1.3634868231        91.5040502683       224.2544690860 
        6.6650000000        -0.1385038505         1.2487840062        92.2380494493        53.0562349587 
        6.6700000000        -0.1595601268         1.1519238497        92.9720486303       -91.5111627489 
        6.6750000000        -0.1804651718         1.1901581220        92.2380494493       -34.4450847064 
        6.6800000000        -0.2011991715         1.1850602191        92.6050490398       -42.0538951121 
        6.6850000000        -0.2217424742         1.1544728012        92.2380494493       -87.7067575460 
        6.6900000000        -0.2420756090         1.1799623161        93.5225480161       -49.6627055177 
        6.6950000000        -0.2621793040         1.1570217527        92.7885488351       -83.9023523432 
        6.7000000000        -0.2820345050         1.1442769953        88.5680535444      -102.9243783573 
        6.7050000000        -0.3016223932         1.1468259468        91.3205504731       -99.1199731545 
        6.7100000000        -0.3209244030         1.1187874804        90.2195517016      -140.9684303856 
        6.7150000000        -0.3399222401         1.1315322379        90.7700510873      -121.9464043715 
        6.7200000000        -0.3585978983         1.1034937715        89.3020527254      -163.7948616026 
        6.7250000000        -0.3769336766         1.0932979656        88.0175541586      -179.0124824139 
        6.7300000000        -0.3949121965         1.0958469171        87.4670547729      -175.2080772111 
        6.7350000000        -0.4125164178         1.0703574022        86.5495557966      -213.2521292394 
        6.7400000000        -0.4297296553         1.0703574022        85.0815574346      -213.2521292394 
        6.7450000000        -0.4465355942         1.0499657903        84.1640584584      -243.6873708620 
        6.7500000000        -0.4629183057         1.0703574022        83.0630596869      -213.2521292394 
        6.7550000000        -0.4788622625         1.0270252269        84.1640584584      -277.9270176875 
        6.7600000000        -0.4943523526         1.0601615963        81.5950613249      -228.4697500507 
        6.7650000000        -0.5093738946         1.0117315180        79.0260641914      -300.7534489045 
        6.7700000000        -0.5239126511         1.0219273240        78.4755648057      -285.5358280931 
        6.7750000000        -0.5379548421         1.0015357121        76.6405668532      -315.9710697158 
        6.7805035000        -0.5528211033         0.9964378091        76.6405668532      -323.5798801214 
        6.7850000000        -0.5644967742         1.0117315180        73.5210703340      -300.7534489045 
        6.7900010000        -0.5769737995         0.9964378091        72.4200715625      -323.5798801214 
        6.7950000000        -0.5888990890         0.9123224101        70.2180740195      -449.1252518148 
        6.8000000000        -0.6002686594         0.9964378091        68.1995762718      -323.5798801214 
        6.8050000000        -0.6110692939         0.9556545853        67.2820772955      -384.4503633667 
        6.8100000000        -0.6212907559         0.8995776526        64.5295803668      -468.1472778289 
        6.8150000000        -0.6309233572         0.8970287012        62.5110826191      -471.9516830318 
        6.8200000000        -0.6399579682         0.9250671675        59.9420854856      -430.1032258007 
        6.8250000000        -0.6483860257         0.8919307982        58.4740871236      -479.5604934374 
        6.8300000000        -0.6561995418         0.9250671675        54.9875910139      -430.1032258007 
        6.8350000000        -0.6633911106         0.8970287012        54.4370916281      -471.9516830318 
        6.8400000000        -0.6699539160         0.9097734586        51.8680944947      -452.9296570176 
        6.8450000000        -0.6758817379         0.8842839437        48.9320977707      -490.9737090459 
        6.8500000000        -0.6811689577         0.9148713616        48.0145987944      -445.3208466120 
        6.8550000000        -0.6858105643         0.8715391863        45.2621018657      -509.9957350601 
        6.8600000000        -0.6898021582         0.8868328952        42.8766045275      -487.1693038431 
        6.8650000000        -0.6931399564         0.8638923318        39.5736082130      -521.4089506686 
        6.8700000000        -0.6958207951         0.8562454774        36.4541116938      -532.8221662770 
        6.8750000000        -0.6978421336         0.8460496714        34.4356139460      -548.0397870884 
        6.8800000000        -0.6992020560         0.8460496714        31.6831170173      -548.0397870884 
        6.8850000000        -0.6998992732         0.8231091081        28.5636204981      -582.2794339138 
        6.8900000000        -0.6999331246         0.8205601566        25.8111235694      -586.0838391167 
        6.8950000000        -0.6993035780         0.8256580595        23.4256262311      -578.4750287110 
        6.9000000000        -0.6980112302         0.8205601566        20.4896295072      -586.0838391167 
        6.9050000000        -0.6960573059         0.8435007200        18.2876319642      -551.8441922912 
        6.9100000000        -0.6934436572         0.8154622536        15.1681354450      -593.6926495223 
        6.9150000000        -0.6901727612         0.8001685447        12.5991383115      -616.5190807393 
        6.9200000000        -0.6862477182         0.8103643506         8.7456426113      -601.3014599280 
        6.9250000000        -0.6816722482         0.7899727387         5.9931456825      -631.7367015506 
        6.9300000000        -0.6764506880         0.7976195932         3.4241485491      -620.3234859421 
        6.9350000000        -0.6705879865         0.8001685447         0.3046520298      -616.5190807393 
        6.9400000000        -0.6640897004         0.8103643506        -2.6313446942      -601.3014599280 
        6.9450000000        -0.6569619888         0.7466405635        -5.7508412134      -696.4115899987 
        6.9500000000        -0.6492116073         0.8180112051        -8.8703377326      -589.8882443195 
        6.9550000000        -0.6408459019         0.7823258843       -11.9898342518      -643.1499171591 
        6.9600000000        -0.6318728014         0.7925216902       -15.1093307710      -627.9322963478 
        6.9650000000        -0.6223008107         0.7772279813       -18.2288272903      -650.7587275648 
        6.9700000000        -0.6121390020         0.7593853209       -21.5318236047      -677.3895639846 
        6.9750000000        -0.6013970069         0.7823258843       -24.4678203287      -643.1499171591 
        6.9800000000        -0.5900850065         0.8078153991       -26.6698178717      -605.1058651308 
        6.9850000000        -0.5782137223         0.7517384665       -30.3398137767      -688.8027795931 
        6.9900000000        -0.5657944061         0.8001685447       -33.8263098864      -616.5190807393 
        6.9950000000        -0.5528388289         0.7466405635       -36.7623066104      -696.4115899987 
        7.0000000000        -0.5393592699         0.7874237873       -40.7993021058      -635.5411067534 
        7.0050000000        -0.5253685052         0.8001685447       -42.8177998536      -616.5190807393 
        7.0100000000        -0.5108797952         0.7772279813       -46.4877957585      -650.7587275648 
        7.0150000000        -0.4959068724         0.8154622536       -48.5062935063      -593.6926495223 
        7.0200000000        -0.4804639280         0.8001685447       -51.6257900255      -616.5190807393 
        7.0250000000        -0.4645655990         0.7721300783       -56.0297851115      -658.3675379704 
        7.0300000000        -0.4482269538         0.8180112051       -58.2317826544      -589.8882443195 
        7.0350000000        -0.4314634783         0.8052664477       -59.3327814259      -608.9102703336 
        7.0400000000        -0.4142910608         0.7976195932       -63.1862771262      -620.3234859421 
        7.0450000000        -0.3967259775         0.8205601566       -67.9572718026      -586.0838391167 
        7.0500000000        -0.3787848765         0.8052664477       -69.6087699599      -608.9102703336 
        7.0550000000        -0.3604847624         0.8078153991       -72.9117662743      -605.1058651308 
        7.0600000000        -0.3418429803         0.8078153991       -75.8477629983      -605.1058651308 
        7.0650000000        -0.3228771986         0.8358538655       -78.7837597223      -563.2574078997 
        7.0700000000        -0.3036053934         0.7976195932       -82.2702558320      -620.3234859421 
        7.0750000000        -0.2840458303         0.8333049140       -84.6557531702      -567.0618131025 
        7.0800000000        -0.2642170481         0.8129133021       -87.4082500990      -597.4970547251 
        7.0850113000        -0.2440921922         0.8333049140       -90.3442468229      -567.0618131025 
        7.0900000000        -0.2238272385         0.8256580595       -93.0967437517      -578.4750287110 
        7.0950000000        -0.2033044926         0.8384028170       -95.1152414994      -559.4530026969 
        7.1000000000        -0.1825890544         0.8384028170       -98.2347380186      -559.4530026969 
        7.1050000000        -0.1617005579         0.8384028170      -101.7212341283      -559.4530026969 
        7.1100000000        -0.1406588012         0.8435007200      -103.7397318761      -551.8441922912 
        7.1150000000        -0.1194837279         0.8562454774      -105.7582296238      -532.8221662770 
        7.1200000000        -0.0981954077         0.8485986229      -109.7952251193      -544.2353818855 
        7.1250000000        -0.0768140178         0.8536965259      -112.3642222528      -536.6265714799 
        7.1300000000        -0.0553598233         0.8664412833      -114.1992202052      -517.6045454657 
        7.1350000000        -0.0338531586         0.8817349922      -116.4012177482      -494.7781142488 
        7.1400000000        -0.0123144079         0.8766370893      -119.3372144722      -502.3869246544 
        7.1450000000         0.0092360144         0.8868328952      -121.3557122199      -487.1693038431 
        7.1500000000         0.0307776829         0.9378119249      -123.5577097629      -411.0811997865 
        7.1550000000         0.0522901801         0.9505566824      -125.7597073059      -392.0591737724 
        7.1600000000         0.0737531167         0.9760461972      -127.7782050536      -354.0151217441 
        7.1650000000         0.0951461499         1.0015357121      -129.9802025966      -315.9710697158 
        7.1700000000         0.1164490033         1.0652594992      -131.0812013681      -220.8609396451 
        7.1750000000         0.1376414863         1.1901581220      -130.8977015729       -34.4450847064 
        7.1800000000         0.1587035123         1.2105497339      -129.9802025966        -4.0098430838 
        7.1850000000         0.1796151188         1.2105497339      -129.7967028014        -4.0098430838 
        7.1900000000         0.2003564858         1.2207455399      -130.8977015729        11.2077777275 
        7.1950000000         0.2209079545         1.2742735211      -129.6132030061        91.1002869869 
        7.2000000000         0.2412500463         1.2538819092      -131.0812013681        60.6650453643 
        7.2050000000         0.2613634807         1.2717245696      -130.5307019824        87.2958817841 
        7.2100000000         0.2812291943         1.2742735211      -133.2831989111        91.1002869869 
        7.2150000000         0.3008283584         1.2870182785      -128.6957040299       110.1223130011 
        7.2200000000         0.3201423968         1.2972140844      -128.8792038251       125.3399338124 
        7.2250000000         0.3391530036         1.3125077934      -127.9617048489       148.1663650294 
        7.2300000000         0.3578421605         1.3176056963      -127.2277056679       155.7751754350 
        7.2350000000         0.3761921540         1.3150567448      -126.6772062821       151.9707702322 
        7.2400000000         0.3941855917         1.3583889201      -129.2462034156       216.6456586803 
        7.2450000000         0.4118054196         1.3532910171      -124.6587085344       209.0368482747 
        7.2500000000         0.4290349376         1.3507420656      -122.4567109914       205.2324430718 
        7.2550000000         0.4458578154         1.3583889201      -123.0072103772       216.6456586803 
        7.2600000000         0.4622581083         1.3736826290      -121.7227118104       239.4720898973 
        7.2650000000         0.4782202720         1.3762315805      -120.9887126294       243.2764951001 
        7.2700000000         0.4937291777         1.3966231924      -117.8692161102       273.7117367228 
        7.2750000000         0.5087701259         1.3991721439      -116.2177179530       277.5161419256 
        7.2800000000         0.5233288607         1.4348574647      -116.2177179530       330.7778147652 
        7.2850000000         0.5373915835         1.4068189983      -115.1167191815       288.9293575341 
        7.2900000000         0.5509449655         1.3915252894      -113.4652210242       266.1029263171 
        7.2950000000         0.5639761608         1.4501511736      -112.3642222528       353.6042459822 
        7.3000000000         0.5764728184         1.4450532706      -111.2632234813       345.9954355765 
        7.3050000000         0.5884230939         1.4093679498      -108.3272267573       292.7337627369 
        7.3100000000         0.5998156609         1.4577980281      -105.3912300333       365.0174615907 
        7.3150000000         0.6106397214         1.4858364944      -104.4737310571       406.8659188218 
        7.3200000000         0.6208850164         1.4883854459      -103.0057326951       410.6703240246 
        7.3250000000         0.6305418354         1.4909343974       -99.1522369949       414.4747292274 
        7.3300000000         0.6396010257         1.5062281063       -98.4182378139       437.3011604444 
        7.3350000000         0.6480540008         1.5138749607       -95.4822410899       448.7143760529 
        7.3400000000         0.6558927491         1.5087770578       -94.7482419089       441.1055656472 
        7.3450000000         0.6631098410         1.5393644756       -92.1792447754       486.7584280812 
        7.3500000000         0.6696984361         1.5368155241       -93.2802435469       482.9540228784 
        7.3550000000         0.6756522897         1.5291686697       -88.1422492800       471.5408072699 
        7.3600000000         0.6809657588         1.5495602815       -85.0227527607       501.9760488925 
        7.3650000000         0.6856338072         1.5775987479       -82.4537556273       543.8245061236 
        7.3700000000         0.6896520106         1.5470113301       -82.8207552177       498.1716436897 
        7.3750000000         0.6930165604         1.5674029419       -77.6827609508       528.6068853123 
        7.3800000000         0.6957242678         1.5801476994       -74.5632644316       547.6289113265 
        7.3850000000         0.6977725664         1.5826966509       -71.6272677076       551.4333165293 
        7.3900000000         0.6991595148         1.6005393113       -69.2417703694       578.0641529491 
        7.3950000000         0.6998837985         1.5979903598       -66.3057736454       574.2597477463 
        7.4000000000         0.6999447309         1.5979903598       -63.3697769214       574.2597477463 
        7.4050000000         0.6993422544         1.6209309231       -60.8007797879       608.4993945717 
        7.4100000000         0.6980769400         1.6081861657       -58.4152824497       589.4773685576 
        7.4150000000         0.6961499868         1.6209309231       -54.9287863400       608.4993945717 
        7.4200000000         0.6935632214         1.6387735836       -52.3597892065       635.1302309915 
        7.4250000000         0.6903190954         1.6387735836       -48.8732930968       635.1302309915 
        7.4300000000         0.6864206836         1.6311267291       -45.9372963728       623.7170153830 
        7.4350000000         0.6818716809         1.6668120499       -42.2673004678       676.9786882226 
        7.4400000000         0.6766763990         1.6515183410       -39.8818031296       654.1522570057 
        7.4450000000         0.6708397619         1.6515183410       -36.5788068151       654.1522570057 
        7.4500000000         0.6643673015         1.6693610014       -33.4593102959       680.7830934255 
        7.4550000000         0.6572651525         1.6591651954       -30.1563139814       665.5654726142 
        7.4600000000         0.6495400463         1.6591651954       -26.3028182812       665.5654726142 
        7.4650000000         0.6411993049         1.6719099529       -23.1833217620       684.5874986283 
        7.4700000000         0.6322508334         1.6540672925       -19.5133258570       657.9566622085 
        7.4750000000         0.6227031135         1.6744589044       -16.3938293378       688.3919038311 
        7.4800000000         0.6125651942         1.6795568073       -13.4578326138       696.0007142368 
        7.4850000000         0.6018466846         1.6566162440       -10.5218358898       661.7610674113 
        7.4900000000         0.5905577434         1.6770078558        -7.2188395754       692.1963090340 
        7.4950000000         0.5787090705         1.6744589044        -3.1818440799       688.3919038311 
        7.5000000000         0.5663118961         1.6795568073        -2.0808453084       696.0007142368 
        7.5050000000         0.5533779700         1.6948505162         2.8736491633       718.8271454538 
        7.5100000000         0.5399195513         1.6642630984         5.8096458873       673.1742830198 
        7.5150000000         0.5259493959         1.6795568073        10.5806405637       696.0007142368 
        7.5200000000         0.5114807445         1.6617141469        13.1496376972       669.3698778170 
        7.5250000000         0.4965273107         1.6846547103        17.0031333974       703.6095246425 
        7.5300000000         0.4811032674         1.6642630984        18.1041321689       673.1742830198 
        7.5350000000         0.4652232334         1.6336756806        23.4256262311       627.5214205859 
        7.5400000000         0.4489022599         1.6795568073        25.9946233646       696.0007142368 
        7.5450000000         0.4321558161         1.6413225350        29.1141198838       638.9346361944 
        7.5500000000         0.4149997741         1.6591651954        32.6006159936       665.5654726142 
        7.5550000000         0.3974503945         1.6387735836        34.9861133318       635.1302309915 
        7.5600000000         0.3795243107         1.6413225350        38.1056098510       638.9346361944 
        7.5650000000         0.3612385130         1.6285777776        41.4086061655       619.9126101802 
        7.5700000000         0.3426103327         1.6489693895        45.8126012515       650.3478518028 
        7.5750000000         0.3236574257         1.6413225350        48.1980985897       638.9346361944 
        7.5800000000         0.3043977556         1.6336756806        51.5010949042       627.5214205859 
        7.5850000000         0.2848495767         1.6387735836        54.4370916281       635.1302309915 
        7.5900000000         0.2650314167         1.6336756806        57.0060887616       627.5214205859 
        7.5950000000         0.2449620595         1.6132840687        61.0430842571       597.0861789632 
        7.6000000000         0.2246605269         1.6183819717        64.1625807763       604.6949893689 
        7.6050000000         0.2041460604         1.6081861657        65.9975787288       589.4773685576 
        7.6100000000         0.1834381040         1.6081861657        68.7500756575       589.4773685576 
        7.6150000000         0.1625562846         1.5928924568        72.2365717672       566.6509373406 
        7.6200000000         0.1415203940         1.6311267291        75.7230678770       623.7170153830 
        7.6250000000         0.1203503702         1.5852456023        78.1085652152       555.2377217321 
        7.6300000000         0.0990662780         1.5674029419        80.6775623487       528.6068853123 
        7.6350000000         0.0776882906         1.6107351172        83.0630596869       593.2817737604 
        7.6400000000         0.0562366701         1.5826966509        86.1825562061       551.4333165293 
        7.6450000000         0.0347317483         1.5164239122        88.2010539539       452.5187812557 
        7.6500000000         0.0131939078         1.5750497964        91.1370506778       540.0201009208 
        7.6550000000        -0.0083564380         1.5495602815        93.7060478113       501.9760488925 
        7.6600000000        -0.0298988635         1.5368155241        96.4585447400       482.9540228784 
        7.6650000000        -0.0514129508         1.5240707667        98.6605422830       463.9319968642 
        7.6700000000        -0.0728783088         1.4628959310       100.3120404403       372.6262719963 
        7.6750106000        -0.0943198650         1.4374064162       101.9635385975       334.5822199680 
        7.6800000000        -0.1155815229         1.4374064162       103.7985365500       334.5822199680 
        7.6850000000        -0.1367789046         1.1901581220       103.4315369595       -34.4450847064 
        7.6900000000        -0.1578466471         1.2105497339       102.3305381880        -4.0098430838 
        7.6950000000        -0.1787647822         1.2130986854       101.4130392118        -0.2054378810 
        7.7000000000        -0.1995134838         1.2207455399       103.6150367547        11.2077777275 
        7.7050000000        -0.2200730860         1.2105497339       102.5140379832        -4.0098430838 
        7.7100000000        -0.2404241025         1.2080007824       103.9820363452        -7.8142482866 
        7.7150000000        -0.2605472447         1.1340811893       103.7985365500      -118.1419991687 
        7.7200000000        -0.2804234396         1.1748644131       102.8810375737       -57.2715159234 
        7.7250000000        -0.3000338486         1.1417280438       102.3305381880      -106.7287835602 
        7.7300000000        -0.3193598851         1.1315322379       102.5140379832      -121.9464043715 
        7.7350000000        -0.3383832315         1.1060427230       101.0460396213      -159.9904563998 
        7.7400000000        -0.3570858577         1.1264343349        99.9450408498      -129.5552147771 
        7.7450000000        -0.3754500373         1.0729063537        99.5780412593      -209.4477240366 
        7.7500000000        -0.3934583645         1.1136895775        99.2110416688      -148.5772407913 
        7.7550000000        -0.4110937712         1.0601615963        97.9265431020      -228.4697500507 
        7.7600000000        -0.4283395424         1.0729063537        96.6420445353      -209.4477240366 
        7.7650014000        -0.4451839893         1.0780042567        94.9905463781      -201.8389136309 
        7.7700000000        -0.4615971808         1.0423189359        93.7060478113      -255.1005864705 
        7.7750000000        -0.4775775264         1.0270252269        92.9720486303      -277.9270176875 
        7.7800000000        -0.4931052231         1.0270252269        91.6875500636      -277.9270176875 
        7.7850000000        -0.5081655537         1.0321231299        91.1370506778      -270.3182072818 
        7.7900000000        -0.5227442440         0.9913399061        88.5680535444      -331.1886905271 
        7.7950000000        -0.5368274763         0.9964378091        87.8340543634      -323.5798801214 
        7.8000000000        -0.5504019025         0.9480077309        85.6320568204      -395.8635789752 
        7.8050000000        -0.5634546567         0.9862420032        84.1640584584      -338.7975009328 
        7.8100170000        -0.5760150065         0.9709482942        82.1455607107      -361.6239321497 
        7.8150000000        -0.5879461696         0.9072245071        80.4940625534      -456.7340622205 
        7.8200000000        -0.5993617152         0.9683993428        80.1270629629      -365.4283373526 
        7.8250000000        -0.6102091846         0.9480077309        78.4755648057      -395.8635789752 
        7.8300000000        -0.6204782965         0.9352629734        71.8695721767      -414.8856049893 
        7.8350000000        -0.6301593179         0.9352629734        72.9705709482      -414.8856049893 
        7.8400000000        -0.6392430732         0.9352629734        71.5025725862      -414.8856049893 
        7.8450000000        -0.6477209525         0.9148713616        68.7500756575      -445.3208466120 
        7.8500000000        -0.6555849207         0.9097734586        67.0985775003      -452.9296570176 
        7.8550000000        -0.6628275243         0.9148713616        64.8965799573      -445.3208466120 
        7.8600000000        -0.6694418986         0.9097734586        62.5110826191      -452.9296570176 
        7.8650000000        -0.6754217746         0.8893818467        59.9420854856      -483.3648986403 
        7.8700000000        -0.6807614846         0.8868328952        58.2905873284      -487.1693038431 
        7.8750000000        -0.6854559674         0.8740881378        55.1710908091      -506.1913298572 
        7.8800000000        -0.6895007738         0.8638923318        53.1525930614      -521.4089506686 
        7.8850000000        -0.6928920701         0.8766370893        50.2165963374      -502.3869246544 
        7.8900000000        -0.6956266418         0.8536965259        48.1980985897      -536.6265714799 
        7.8950000000        -0.6977018973         0.8384028170        45.4456016610      -559.4530026969 
        7.9000000000        -0.6991158696         0.8358538655        41.7756057560      -563.2574078997 
        7.9050000000        -0.6998672185         0.8358538655        39.5736082130      -563.2574078997 
        7.9100000000        -0.6999552320         0.8256580595        35.5366127175      -578.4750287110 
        7.9150000000        -0.6993798264         0.7976195932        33.3346151746      -620.3234859421 
        7.9200000000        -0.6981415474         0.8154622536        30.5821182458      -593.6926495223 
        7.9250000000        -0.6962415684         0.8078153991        28.0131211124      -605.1058651308 
        7.9300000000        -0.6936816903         0.8256580595        24.8936245931      -578.4750287110 
        7.9350000000        -0.6904643394         0.7619342724        21.9576278691      -673.5851587817 
        7.9400000000        -0.6865925650         0.8078153991        18.1041321689      -605.1058651308 
        7.9450000000        -0.6820700369         0.8052664477        16.8196336022      -608.9102703336 
        7.9500000000        -0.6769010414         0.7848748358        12.4156385162      -639.3455119563 
        7.9550000000        -0.6710904779         0.7644832239         9.4796417923      -669.7807535789 
        7.9600000000        -0.6646438535         0.7644832239         6.3601452730      -669.7807535789 
        7.9650000000        -0.6575672783         0.7797769328         4.3416475253      -646.9543223619 
        7.9700000000        -0.6498674596         0.7823258843         0.3046520298      -643.1499171591 
        7.9750000000        -0.6415516953         0.8078153991        -2.6313446942      -605.1058651308 
        7.9800000000        -0.6326278671         0.7568363694        -5.9343410086      -681.1939691874 
        7.9850000000        -0.6231044329         0.7976195932        -8.5033381421      -620.3234859421 
        7.9900000000        -0.6129904191         0.7772279813       -11.9898342518      -650.7587275648 
        7.9950000000        -0.6022954119         0.7950706417       -14.9258309758      -624.1278911450 
        8.0000000000        -0.5910295479         0.7772279813       -20.2473250380      -650.7587275648 
        8.0050000000        -0.5792035049         0.7874237873       -21.5318236047      -635.5411067534 
        8.0100000000        -0.5668284917         0.7797769328       -24.4678203287      -646.9543223619 
        8.0150000000        -0.5539162374         0.8052664477       -27.5873168479      -608.9102703336 
        8.0200000000        -0.5404789802         0.7644832239       -30.8903131624      -669.7807535789 
        8.0250000000        -0.5265294559         0.7976195932       -34.1933094769      -620.3234859421 
        8.0300000000        -0.5120808861         0.7721300783       -37.3128059961      -658.3675379704 
        8.0350000000        -0.4971469649         0.7848748358       -40.2488027201      -639.3455119563 
        8.0400000000        -0.4817418470         0.7874237873       -43.1847994441      -635.5411067534 
        8.0450001000        -0.4658798114         0.7874237873       -46.3042959633      -635.5411067534 
        8.0500000000        -0.4495768572         0.7823258843       -49.6072922778      -643.1499171591 
        8.0550000000        -0.4328474715         0.7976195932       -52.7267887970      -620.3234859421 
        8.0600000000        -0.4157078320         0.7695811269       -56.2132849067      -662.1719431732 
        8.0650000000        -0.3981741839         0.8052664477       -58.4152824497      -608.9102703336 
        8.0700000000        -0.3802631456         0.7925216902       -61.9017785594      -627.9322963478 
        8.0750000000        -0.3619916931         0.7925216902       -64.8377752834      -627.9322963478 
        8.0800000000        -0.3433771441         0.8154622536       -67.9572718026      -593.6926495223 
        8.0850015000        -0.3244314126         0.7925216902       -71.0767683218      -627.9322963478 
        8.0900000000        -0.3051896371         0.8129133021       -73.8292652506      -597.4970547251 
        8.0950000000        -0.2856528731         0.8027174962       -76.9487617698      -612.7146755365 
        8.1000001000        -0.2658449681         0.8333049140       -79.7012586985      -567.0618131025 
        8.1050000000        -0.2457858918         0.8154622536       -82.2702558320      -593.6926495223 
        8.1100000000        -0.2254934604         0.8052664477       -85.2062525560      -608.9102703336 
        8.1150000000        -0.2049873059         0.8052664477       -87.9587494847      -608.9102703336 
        8.1200000000        -0.1842868640         0.8384028170       -91.4452455944      -559.4530026969 
        8.1250001000        -0.1634113356         0.8358538655       -94.0142427279      -563.2574078997 
        8.1300000000        -0.1423817634         0.8307559625       -96.5832398614      -570.8662183053 
        8.1350000000        -0.1212168223         0.8536965259       -98.6017376091      -536.6265714799 
        8.1400000000        -0.0999369918         0.8358538655      -101.5377343331      -563.2574078997 
        8.1450000000        -0.0785624407         0.8740881378      -103.7397318761      -506.1913298572 
        8.1500000000        -0.0571134281         0.8613433804      -106.6757286001      -525.2133558714 
        8.1550000000        -0.0356102832         0.8791860408      -109.4282255288      -498.5825194516 
        8.1600000000        -0.0140733868         0.8868328952      -111.8137228670      -487.1693038431 
        8.1650000000         0.0074768484         0.8817349922      -114.7497195910      -494.7781142488 
        8.1700001000         0.0290204276         0.9225182160      -117.1352169292      -433.9076310035 
        8.1750000000         0.0505356403         0.9454587794      -122.0897114009      -399.6679841780 
        8.1800000000         0.0720033860         0.9683993428      -120.8052128342      -365.4283373526 
        8.1850000000         0.0934028866         1.0015357121      -123.0072103772      -315.9710697158 
        8.1900000000         0.1147138598         1.0831021596      -121.9062116057      -194.2301032252 
        8.1950000000         0.1359161070         1.2156476369      -121.3557122199         3.5989673219 
        8.2000000000         0.1569895327         1.2130986854      -123.7412095582        -0.2054378810 
        8.2050000000         0.1779141634         1.2130986854      -123.5577097629        -0.2054378810 
        8.2100000000         0.1986701666         1.2130986854      -121.3557122199        -0.2054378810 
        8.2150000000         0.2192378700         1.2283923943      -123.3742099677        22.6209933360 
        8.2200000000         0.2395977792         1.2538819092      -123.7412095582        60.6650453643 
        8.2250000000         0.2597305972         1.2717245696      -122.8237105819        87.2958817841 
        8.2300000000         0.2796172420         1.2793714240      -122.4567109914        98.7090973926 
        8.2350065000         0.2992641926         1.2768224726      -122.0897114009        94.9046921898 
        8.2400000000         0.3185768690         1.2972140844      -121.3557122199       125.3399338124 
        8.2450000000         0.3376129251         1.3227035993      -121.3557122199       163.3839858407 
        8.2500001000         0.3563293620         1.3227035993      -120.0712136532       163.3839858407 
        8.2550000000         0.3747073277         1.3048609389      -118.6032152912       136.7531494209 
        8.2600000000         0.3927305160         1.2921161815      -118.6032152912       117.7311234068 
        8.2650000000         0.4103814735         1.3660357746      -117.1352169292       228.0588742888 
        8.2700000000         0.4276434707         1.3558399686      -116.2177179530       212.8412534775 
        8.2750000000         0.4445001466         1.3634868231      -115.4837187720       224.2544690860 
        8.2800000000         0.4609355244         1.3711336775      -114.7497195910       235.6676846945 
        8.2850000000         0.4769340266         1.3813294835      -113.6487208195       250.8853055058 
        8.2900000000         0.4924804898         1.3966231924      -111.9972226623       273.7117367228 
        8.2950001000         0.5075604759         1.4119169013      -112.1807224575       296.5381679397 
        8.3000000000         0.5221588018         1.4246616587      -107.7767273715       315.5601939539 
        8.3050000000         0.5362625214         1.4119169013      -105.7582296238       296.5381679397 
        8.3100000000         0.5498579704         1.4246616587      -107.2262279858       315.5601939539 
        8.3150000000         0.5629322629         1.4399553677      -103.1892324903       338.3866251709 
        8.3200000000         0.5754730071         1.4603469795      -102.0882337188       368.8218667935 
        8.3250000000         0.5874683169         1.4450532706      -103.7397318761       345.9954355765 
        8.3300000000         0.5989068230         1.4679938340       -98.7852374044       380.2350824020 
        8.3350000000         0.6097776842         1.4883854459       -96.9502394519       410.6703240246 
        8.3400000000         0.6200705968         1.4832875429       -94.9317417042       403.0615136189 
        8.3450000000         0.6297758054         1.4960323003       -93.4637433422       422.0835396331 
        8.3500000000         0.6388841112         1.5011302033       -91.0782460039       429.6923500387 
        8.3550000000         0.6473868814         1.5164239122       -88.3257490752       452.5187812557 
        8.3600000000         0.6552760571         1.5138749607       -86.8577507132       448.7143760529 
        8.3650000000         0.6625441609         1.5291686697       -84.1052537845       471.5408072699 
        8.3700000000         0.6691843040         1.5495602815       -81.3527568558       501.9760488925 
        8.3750001000         0.6751903067         1.5215218152       -79.8847584938       460.1275916614 
        8.3800000000         0.6805561353         1.5521092330       -78.0497605413       505.7804540953 
        8.3850000000         0.6852770453         1.5623050390       -73.2787658648       520.9980749067 
        8.3900000000         0.6893484483         1.5674029419       -72.3612668886       528.6068853123 
        8.3950000000         0.6927664855         1.5775987479       -69.6087699599       543.8245061236 
        8.4000000000         0.6955279174         1.5928924568       -66.3057736454       566.6509373406 
        8.4050000000         0.6976301265         1.5903435053       -64.2872758976       562.8465321378 
        8.4100000000         0.6990711204         1.5979903598       -61.7182787642       574.2597477463 
        8.4150000000         0.6998495334         1.5674029419       -58.4152824497       528.6068853123 
        8.4200001000         0.6999646233         1.6132840687       -54.9287863400       597.0861789632 
        8.4250000000         0.6994162940         1.6081861657       -52.5432890017       589.4773685576 
        8.4300000000         0.6982050523         1.6005393113       -49.9742918683       578.0641529491 
        8.4350000000         0.6963320505         1.6158330202       -47.4052947348       600.8905841661 
        8.4400000000         0.6937990638         1.6464204380       -43.0012996488       646.5434466000 
        8.4450000000         0.6906084931         1.6540672925       -39.8818031296       657.9566622085 
        8.4500000000         0.6867633622         1.6234798746       -40.2488027201       612.3037997745 
        8.4550000000         0.6822673157         1.6591651954       -37.1293062009       665.5654726142 
        8.4600000000         0.6771246150         1.6489693895       -31.4408125482       650.3478518028 
        8.4650000000         0.6713401341         1.6591651954       -27.5873168479       665.5654726142 
        8.4700000000         0.6649193559         1.6617141469       -25.0183197145       669.3698778170 
        8.4750000000         0.6578683658         1.6668120499       -21.8988231952       676.9786882226 
        8.4800000000         0.6501938467         1.6489693895       -18.5958268808       650.3478518028 
        8.4850000000         0.6419030727         1.6821057588       -15.2928305663       699.8051194396 
        8.4900000000         0.6330039017         1.6489693895       -11.9898342518       650.3478518028 
        8.4950000000         0.6235047684         1.6744589044        -8.5033381421       688.3919038311 
        8.5000001000         0.6134144684         1.6642630984        -5.9343410086       673.1742830198 
        8.5050000000         0.6027431880         1.6872036618        -1.7138457179       707.4139298453 
        8.5100000000         0.5915004189         1.6617141469         1.0386512108       669.3698778170 
        8.5150000000         0.5796970246         1.6719099529         4.8921469110       684.5874986283 
        8.5200000000         0.5673441922         1.6489693895         7.4611440445       650.3478518028 
        8.5250000000         0.5544536300         1.6795568073        10.2136409732       696.0007142368 
        8.5300000000         0.5410375555         1.6489693895        14.4341362640       650.3478518028 
        8.5350000000         0.5271086845         1.6846547103        17.3701329879       703.6095246425 
        8.5400000000         0.5126802190         1.6387735836        20.4896295072       635.1302309915 
        8.5450001000         0.4977655311         1.6617141469        24.3431252074       669.3698778170 
        8.5500000000         0.4823796658         1.6591651954        27.4626217266       665.5654726142 
        8.5550000000         0.4665362972         1.6540672925        31.3161174268       657.9566622085 
        8.5600147000         0.4502022282         1.6693610014        34.2521141508       680.7830934255 
        8.5650000000         0.4335384433         1.6591651954        36.8211112843       665.5654726142 
        8.5700000000         0.4164152336         1.6438714865        40.1241075988       642.7390413972 
        8.5750000000         0.3988973446         1.6515183410        43.4271039132       654.1522570057 
        8.5800000000         0.3810013800         1.6566162440        46.5466004324       661.7610674113 
        8.5850000000         0.3627443016         1.6566162440        50.0330965422       661.7610674113 
        8.5900000000         0.3441434133         1.6489693895        52.9690932661       650.3478518028 
        8.5950000000         0.3252163453         1.6515183410        56.0885897854       654.1522570057 
        8.6000000000         0.3059810367         1.6081861657        58.8410867141       589.4773685576 
        8.6050000000         0.2864557185         1.6209309231        62.8780822096       608.4993945717 
        8.6100000000         0.2666588971         1.6515183410        65.6305791383       654.1522570057 
        8.6150000000         0.2466093359         1.6158330202        67.8325766813       600.8905841661 
        8.6200000000         0.2263260379         1.6183819717        70.7685734053       604.6949893689 
        8.6250001000         0.2058278157         1.6234798746        74.2550695150       612.3037997745 
        8.6300000000         0.1851353330         1.6209309231        77.7415656247       608.4993945717 
        8.6350000000         0.1642669667         1.5928924568        80.1270629629       566.6509373406 
        8.6400021000         0.1432340478         1.6132840687        83.6135590726       597.0861789632 
        8.6450000000         0.1220830831         1.5877945538        85.6320568204       559.0421269349 
        8.6500000000         0.1008075478         1.5623050390        88.5680535444       520.9980749067 
        8.6550000000         0.0794364669         1.6005393113        91.6875500636       578.0641529491 
        8.6600000000         0.0579900959         1.5572071360        94.0730474018       513.3892645010 
        8.6650000000         0.0364887618         1.5597560875        96.6420445353       517.1936697038 
        8.6700001000         0.0149524127         1.5419134271        99.0275418735       490.5628332840 
        8.6750000000        -0.0065972469         1.5572071360       101.2295394165       513.3892645010 
        8.6800000000        -0.0281410846         1.5291686697       100.1285406450       471.5408072699 
        8.6850000000        -0.0496582501         1.5189728637       108.5695312264       456.3231864586 
        8.6900000000        -0.0711283494         1.4679938340       104.3490359357       380.2350824020 
        8.6950000000        -0.0925310330         1.4348574647       113.1570261077       330.7778147652 
        8.7000000000        -0.1138460157         1.4042700468       111.3220281552       285.1249523312 
        8.7050000000        -0.1350530948         1.3125077934       112.7900265172       148.1663650294 
        8.7100000000        -0.1561321703         1.1876091705       112.7900265172       -38.2494899093 
        8.7150000000        -0.1770632635         1.1876091705       111.8725275409       -38.2494899093 
        8.7200000000        -0.1978265358         1.2258434428       112.7900265172        18.8165881332 
        8.7250000000        -0.2184023077         1.2156476369       112.4230269267         3.5989673219 
        8.7300000000        -0.2387710775         1.1850602191       112.0560273362       -42.0538951121 
        8.7350000000        -0.2589135396         1.1493748983       112.0560273362       -95.3155679517 
        8.7400000000        -0.2788106029         1.1697665101       110.9550285647       -64.8803263290 
        8.7450000000        -0.2984434090         1.1570217527       111.3220281552       -83.9023523432 
        8.7500001000        -0.3177937339         1.1340811893       109.8540297932      -118.1419991687 
        8.7550000000        -0.3368420856         1.1238853834       110.0375295884      -133.3596199800 
        8.7600000000        -0.3555715617         1.0805532081       108.7530310217      -198.0345084281 
        8.7650000000        -0.3739640264         1.0423189359       107.4685324550      -255.1005864705 
        8.7700000000        -0.3920020473         1.1187874804       107.6520322502      -140.9684303856 
        8.7750000000        -0.4096685278         1.0780042567       105.4500347072      -201.8389136309 
        8.7800000000        -0.4269467238         1.0703574022       105.4500347072      -213.2521292394 
        8.7850000000        -0.4438202588         1.0525147418       105.4500347072      -239.8829656592 
        8.7900014000        -0.4602776866         1.0474168388       102.6975377785      -247.4917760649 
        8.7950001000        -0.4762900896         1.0474168388       101.0460396213      -247.4917760649 
        8.8000000000        -0.4918549789         1.0244762754       101.0460396213      -281.7314228903 
        8.8050000000        -0.5069540030         1.0270252269        98.8440420783      -277.9270176875 
        8.8100000000        -0.5215725351         1.0295741784        94.8070465828      -274.1226124847 
        8.8150000000        -0.5356967197         1.0219273240        96.4585447400      -285.5358280931 
        8.8200000000        -0.5493131699         0.9989867606        95.1740461733      -319.7754749186 
        8.8250000000        -0.5624089801         0.9887909546        90.7700510873      -334.9930957299 
        8.8300000000        -0.5749717379         0.9913399061        91.8710498588      -331.1886905271 
        8.8350000000        -0.5869895364         0.9683993428        89.4855525206      -365.4283373526 
        8.8400000000        -0.5984509851         0.9683993428        88.3845537491      -365.4283373526 
        8.8450000000        -0.6093452208         0.9378119249        85.9990564109      -411.0811997865 
        8.8500000000        -0.6196619179         0.9582035368        84.8980576394      -380.6459581639 
        8.8550000000        -0.6293912983         0.9225182160        82.5125603012      -433.9076310035 
        8.8600000000        -0.6385241403         0.9301650705        80.3105627582      -422.4944153950 
        8.8650000000        -0.6470517880         0.9174203130        77.5580658294      -441.5164414092 
        8.8700000000        -0.6549661587         0.8766370893        76.4570670580      -502.3869246544 
        8.8750001000        -0.6622598908         0.9046755556        74.8055689007      -460.5384674233 
        8.8800000000        -0.6689256526         0.8944797497        70.9520732005      -475.7560882346 
        8.8850000000        -0.6749575450         0.8893818467        68.9335754528      -483.3648986403 
        8.8900000000        -0.6803497114         0.8995776526        66.5480781145      -468.1472778289 
        8.8950000000        -0.6850970409         0.8562454774        63.4285815953      -532.8221662770 
        8.9000000000        -0.6891950342         0.8333049140        62.1440830286      -567.0618131025 
        8.9050000000        -0.6926398070         0.8536965259        59.0245865093      -536.6265714799 
        8.9100000000        -0.6954280946         0.8689902348        56.2720895806      -513.8001402629 
        8.9150000000        -0.6975572540         0.8256580595        53.7030924471      -578.4750287110 
        8.9200001000        -0.6990252900         0.8562454774        51.3175951089      -532.8221662770 
        8.9250000000        -0.6998307431         0.8103643506        45.2621018657      -601.3014599280 
        8.9300000000        -0.6999729180         0.8460496714        45.8126012515      -548.0397870884 
        8.9350000000        -0.6994516572         0.7721300783        41.9591055512      -658.3675379704 
        8.9400000000        -0.6982674547         0.8307559625        37.0046110795      -570.8662183053 
        8.9450000000        -0.6964214330         0.8027174962        37.3716106700      -612.7146755365 
        8.9500000000        -0.6939153417         0.8180112051        34.2521141508      -589.8882443195 
        8.9550000000        -0.6907515562         0.7925216902        30.5821182458      -627.9322963478 
        8.9600000000        -0.6869330749         0.7874237873        27.6461215219      -635.5411067534 
        8.9650000000        -0.6824635172         0.8027174962        25.4441239789      -612.7146755365 
        8.9700000000        -0.6773471192         0.7670321754        21.0401288929      -665.9763483761 
        8.9750000000        -0.6715887303         0.8154622536        17.5536327832      -593.6926495223 
        8.9800000000        -0.6651938083         0.7874237873        15.3516352402      -635.5411067534 
        8.9850000000        -0.6581684143         0.7772279813        12.2321387210      -650.7587275648 
        8.9900005000        -0.6505184112         0.7950706417         9.8466413827      -624.1278911450 
        8.9950003000        -0.6422529221         0.7746790298         5.6261460920      -654.5631327676 
        9.0000001000        -0.6333787532         0.7823258843         3.2406487538      -643.1499171591 
        9.0050000000        -0.6239041192         0.7746790298        -0.9798465369      -654.5631327676 
        9.0100000000        -0.6138379642         0.7925216902        -2.6313446942      -627.9322963478 
        9.0150000000        -0.6031900124         0.7619342724        -6.6683401896      -673.5851587817 
        9.0200000000        -0.5919703559         0.8052664477        -9.0538375278      -608.9102703336 
        9.0250000000        -0.5801896288         0.7593853209       -12.7238334328      -677.3895639846 
        9.0300000000        -0.5678589969         0.8052664477       -15.4763303615      -608.9102703336 
        9.0350000000        -0.5549901470         0.7644832239       -19.5133258570      -669.7807535789 
        9.0400000000        -0.5415952764         0.7874237873       -21.8988231952      -635.5411067534 
        9.0450001000        -0.5276867976         0.7746790298       -25.5688191002      -654.5631327676 
        9.0500000000        -0.5132787423         0.7950706417       -28.1378162337      -624.1278911450 
        9.0550000000        -0.4983839173         0.7542874179       -31.9913119339      -684.9983743902 
        9.0600000000        -0.4830167230         0.8129133021       -34.0098096816      -597.4970547251 
        9.0650000000        -0.4671917245         0.7797769328       -37.8633053819      -646.9543223619 
        9.0700000000        -0.4509239208         0.8078153991       -40.7993021058      -605.1058651308 
        9.0750000000        -0.4342287306         0.8001685447       -43.0012996488      -616.5190807393 
        9.0800000000        -0.4171219775         0.7593853209       -46.8547953490      -677.3895639846 
        9.0850000000        -0.3996198754         0.8027174962       -49.6072922778      -612.7146755365 
        9.0900000000        -0.3817390127         0.8205601566       -52.5432890017      -586.0838391167 
        9.0950000000        -0.3634963372         0.7925216902       -54.1947871590      -627.9322963478 
        9.1000000000        -0.3449091391         0.7925216902       -58.4152824497      -627.9322963478 
        9.1050000000        -0.3259950354         0.7899727387       -61.1677793784      -631.7367015506 
        9.1100000000        -0.3067719530         0.8027174962       -63.3697769214      -612.7146755365 
        9.1150000000        -0.2872581116         0.8256580595       -67.5902722121      -578.4750287110 
        9.1200000000        -0.2674720063         0.8256580595       -69.9757695504      -578.4750287110 
        9.1250001000        -0.2474319874         0.8256580595       -72.5447666838      -578.4750287110 
        9.1300000000        -0.2271582580         0.8180112051       -75.4807634078      -589.8882443195 
        9.1350000000        -0.2066688243         0.8409517685       -78.2332603365      -555.6485974940 
        9.1400000000        -0.1859835096         0.8231091081       -80.6187576748      -582.2794339138 
        9.1450000000        -0.1651219193         0.8536965259       -83.9217539892      -536.6265714799 
        9.1500000000        -0.1441038261         0.8435007200       -86.6742509180      -551.8441922912 
        9.1550000000        -0.1229491511         0.8613433804       -88.6927486657      -525.2133558714 
        9.1600005000        -0.1016758123         0.8638923318       -91.2617457992      -521.4089506686 
        9.1650000000        -0.0803103675         0.8613433804       -94.1977425232      -525.2133558714 
        9.1700001000        -0.0588662426         0.8664412833       -98.2347380186      -517.6045454657 
        9.1750000000        -0.0373671828         0.8740881378       -99.1522369949      -506.1913298572 
        9.1800000000        -0.0158322768         0.8766370893      -101.9047339236      -502.3869246544 
        9.1850000000         0.0057176351         0.8868328952      -100.8037351521      -487.1693038431 
        9.1900000000         0.0272621278         0.9072245071      -113.4652210242      -456.7340622205 
        9.1950000000         0.0487807813         0.9378119249      -110.5292243003      -411.0811997865 
        9.2000000000         0.0702532004         0.9709482942      -110.5292243003      -361.6239321497 
        9.2050000000         0.0916590334         0.9913399061      -115.8507183625      -331.1886905271 
        9.2100000000         0.1129779917         1.1034937715      -110.3457245050      -163.7948616026 
        9.2150000000         0.1341898693         1.2232944913      -113.8322206147        15.0121829304 
        9.2200000000         0.1552745615         1.2029028795      -113.6487208195       -15.4230586923 
        9.2250000000         0.1762120841         1.2232944913      -114.1992202052        15.0121829304 
        9.2300000000         0.1969825926         1.2080007824      -113.6487208195        -7.8142482866 
        9.2350000000         0.2175664006         1.1901581220      -114.0157204100       -34.4450847064 
        9.2400000000         0.2379439987         1.2819203755      -112.9147216385       102.5135025954 
        9.2450000000         0.2580960731         1.2538819092      -113.4652210242        60.6650453643 
        9.2500001000         0.2780039190         1.3430952112      -112.5477220480       193.8192274633 
        9.2550000000         0.2976474816         1.2844693270      -111.0797236860       106.3179077983 
        9.2600000000         0.3170093289         1.3405462597      -111.0797236860       190.0148222605 
        9.2650000000         0.3360707140         1.3150567448      -110.7127240955       151.9707702322 
        9.2700000000         0.3548135708         1.3278015023      -110.5292243003       170.9927962464 
        9.2750000000         0.3732201345         1.3328994052      -109.2447257335       178.6016066520 
        9.2800000000         0.3912729595         1.3328994052      -108.3272267573       178.6016066520 
        9.2850000000         0.4089549352         1.2997630359      -107.4097277810       129.1443390152 
        9.2900000000         0.4262493027         1.3787805320      -106.3087290096       247.0809003029 
        9.2950001000         0.4431400038         1.3583889201      -104.6572308523       216.6456586803 
        9.3000000000         0.4596100291         1.3864273864      -103.1892324903       258.4941159114 
        9.3050000000         0.4756447687         1.3762315805      -101.5377343331       243.2764951001 
        9.3100000000         0.4912286912         1.3940742409      -102.6387331046       269.9073315199 
        9.3150000000         0.5063470263         1.4042700468      -100.2532357664       285.1249523312 
        9.3200000000         0.5209854446         1.4221127072       -97.8677384281       311.7557887510 
        9.3250000000         0.5351300720         1.4246616587       -97.5007388376       315.5601939539 
        9.3300000000         0.5487675021         1.4374064162       -98.0512382234       334.5822199680 
        9.3350000000         0.5618848092         1.4501511736       -93.0967437517       353.6042459822 
        9.3400000000         0.5744695608         1.4450532706       -92.5462443659       345.9954355765 
        9.3450000000         0.5865098291         1.4705427855       -90.5277466182       384.0394876048 
        9.3500000000         0.5979942022         1.4450532706       -89.2432480514       345.9954355765 
        9.3550000000         0.6089117953         1.4832875429       -86.3072513275       403.0615136189 
        9.3600000000         0.6192522605         1.4883854459       -84.6557531702       410.6703240246 
        9.3650000000         0.6290057973         1.5087770578       -82.6372554225       441.1055656472 
        9.3700000000         0.6381631612         1.4960323003       -80.9857572653       422.0835396331 
        9.3750001000         0.6467158377         1.5087770578       -78.4167601318       441.1055656472 
        9.3800000000         0.6546552260         1.5266197182       -76.2147625888       467.7364020670 
        9.3850000000         0.6619742957         1.5266197182       -74.9302640221       467.7364020670 
        9.3900000000         0.6686659449         1.5495602815       -71.6272677076       501.9760488925 
        9.3950000000         0.6747238313         1.5495602815       -68.5077711884       501.9760488925 
        9.4000000000         0.6801422130         1.5546581845       -66.6727732359       509.5848592982 
        9.4050000000         0.6849159547         1.5597560875       -66.6727732359       517.1936697038 
        9.4100000000         0.6890405317         1.5826966509       -60.0667806069       551.4333165293 
        9.4150000000         0.6925120348         1.5674029419       -58.9657818354       528.6068853123 
        9.4200001000         0.6953272233         1.5903435053       -57.6812832687       562.8465321378 
        9.4250000000         0.6974832800         1.5903435053       -53.2772881827       562.8465321378 
        9.4300000000         0.6989783103         1.6081861657       -50.5247912540       589.4773685576 
        9.4350000000         0.6998108477         1.5979903598       -48.8732930968       574.2597477463 
        9.4400000000         0.6999801030         1.6209309231       -45.2032971918       608.4993945717 
        9.4450000000         0.6994859158         1.6183819717       -42.0838006726       604.6949893689 
        9.4500000000         0.6983287545         1.6132840687       -39.8818031296       597.0861789632 
        9.4550000000         0.6965097158         1.6387735836       -36.2118072246       635.1302309915 
        9.4600000000         0.6940305239         1.6311267291       -33.8263098864       623.7170153830 
        9.4650000000         0.6908935285         1.6260288261       -30.3398137767       616.1082049774 
        9.4700000000         0.6871017029         1.6515183410       -26.8533176670       654.1522570057 
        9.4750000000         0.6826586409         1.6489693895       -26.3028182812       650.3478518028 
        9.4800000000         0.6775685538         1.6387735836       -20.2473250380       635.1302309915 
        9.4850000000         0.6718362659         1.6413225350       -18.0453274950       638.9346361944 
        9.4900000000         0.6654672103         1.6795568073       -15.1093307710       696.0007142368 
        9.4950000000         0.6584674235         1.6489693895       -11.4393348661       650.3478518028 
        9.5000001000         0.6508433814         1.6719099529        -8.5033381421       684.5874986283 
        9.5050000000         0.6426027859         1.6617141469        -4.6498424419       669.3698778170 
        9.5100000000         0.6337529715         1.6642630984        -1.5303459227       673.1742830198 
        9.5150000000         0.6243024849         1.6566162440         1.0386512108       661.7610674113 
        9.5200000000         0.6142602831         1.6719099529         5.6261460920       684.5874986283 
        9.5250000000         0.6036358843         1.6591651954         7.8281436350       665.5654726142 
        9.5300000000         0.5924393582         1.6821057588        11.1311399495       699.8051194396 
        9.5350000000         0.5806813169         1.6438714865        14.8011358545       642.7390413972 
        9.5400000000         0.5683729047         1.6821057588        17.3701329879       699.8051194396 
        9.5450001000         0.5555255254         1.6132840687        21.0401288929       597.0861789632 
        9.5500000000         0.5421521421         1.6821057588        24.5266250026       699.8051194396 
        9.5550000000         0.5282646438         1.6540672925        27.6461215219       657.9566622085 
        9.5600000000         0.5138764551         1.6719099529        31.4996172221       684.5874986283 
        9.5650000000         0.4990012134         1.6515183410        33.3346151746       654.1522570057 
        9.5700000000         0.4836530174         1.6362246321        37.7386102605       631.3258257887 
        9.5750000000         0.4678464141         1.6362246321        40.8581067797       631.3258257887 
        9.5800000000         0.4515963851         1.6719099529        45.2621018657       684.5874986283 
        9.5850000000         0.4349183321         1.6438714865        46.7301002277       642.7390413972 
        9.5900000000         0.4178280627         1.6540672925        50.4000961327       657.9566622085 
        9.5950000000         0.4003417750         1.6540672925        53.1525930614       657.9566622085 
        9.6000000000         0.3824760427         1.6591651954        57.5565881474       665.5654726142 
        9.6050000000         0.3642477988         1.6234798746        59.0245865093       612.3037997745 
        9.6100000000         0.3456743201         1.6285777776        62.8780822096       619.9126101802 
        9.6150000000         0.3267732107         1.6515183410        66.9150777050       654.1522570057 
        9.6200000000         0.3075623850         1.6311267291        69.4840748385       623.7170153830 
        9.6250001000         0.2880596582         1.6336756806        72.2365717672       627.5214205859 
        9.6300000000         0.2682846932         1.6489693895        75.1725684912       650.3478518028 
        9.6350000000         0.2482550546         1.6209309231        79.0260641914       608.4993945717 
        9.6400000000         0.2279901194         1.6005393113        81.5950613249       578.0641529491 
        9.6450000000         0.2075090947         1.6515183410        84.7145578441       654.1522570057 
        9.6500000000         0.1868313925         1.5954414083        87.1000551824       570.4553425434 
        9.6550000000         0.1659766112         1.5877945538        91.1370506778       559.0421269349 
        9.6600000000         0.1449645168         1.6107351172        93.3390482208       593.2817737604 
        9.6650000000         0.1238150249         1.5877945538        96.2750449448       559.0421269349 
        9.6700001000         0.1025477544         1.5775987479        97.1925439210       543.8245061236 
        9.6750000000         0.0811841413         1.5597560875        99.0275418735       517.1936697038 
        9.6800000000         0.0597431554         1.5699518934       103.0645373690       532.4112905151 
        9.6850000000         0.0382455448         1.5572071360       106.0005340930       513.3892645010 
        9.6900000000         0.0167116850         1.5623050390       108.2025316359       520.9980749067 
        9.6950000000        -0.0048380142         1.5546581845       111.1385283599       509.5848592982 
        9.7000000000        -0.0263831279         1.5215218152       112.6065267219       460.1275916614 
        9.7050000000        -0.0479032356         1.5546581845       115.5425234459       509.5848592982 
        9.7100000000        -0.0693779405         1.4654448825       117.9280207841       376.4306771991 
        9.7150000000        -0.0907868890         1.4221127072       119.9465185319       311.7557887510 
        9.7200000000        -0.1121097894         1.3864273864       121.7815164843       258.4941159114 
        9.7250000000        -0.1333264319         1.2946651330       121.7815164843       121.5355286096 
        9.7300000000        -0.1544167074         1.1850602191       122.5155156653       -42.0538951121 
        9.7350000000        -0.1753606264         1.2334902973       122.8825152558        30.2298037417 
        9.7400000000        -0.1961383383         1.2080007824       121.7815164843        -7.8142482866 
        9.7450000000        -0.2167301499         1.2130986854       122.3320158701        -0.2054378810 
        9.7500001000        -0.2371169497         1.1544728012       121.7815164843       -87.7067575460 
        9.7550000000        -0.2572781990         1.1723154616       121.5980166891       -61.0759211262 
        9.7600000000        -0.2771960051         1.1901581220       122.8825152558       -34.4450847064 
        9.7650000000        -0.2968510841         1.1595707042       121.0475173033       -80.0979471404 
        9.7700000000        -0.3162248073         1.0805532081       119.7630187366      -198.0345084281 
        9.7750019000        -0.3353060007         1.1162385289       120.3135181223      -144.7728355885 
        9.7800000000        -0.3540550196         1.1162385289       119.3960191461      -144.7728355885 
        9.7850000000        -0.3724756533         1.1315322379       114.6250244696      -121.9464043715 
        9.7900000000        -0.3905432539         1.1009448200       117.3775213984      -167.5992668054 
        9.7950001000        -0.4082410469         1.0856511111       116.8270220126      -190.4256980224 
        9.8000000000        -0.4255512084         1.0703574022       115.1755238554      -213.2521292394 
        9.8050000000        -0.4424583817         1.0652594992       114.2580248791      -220.8609396451 
        9.8100000000        -0.4589461922         1.0499657903       112.9735263124      -243.6873708620 
        9.8150000000        -0.4749990125         1.0372210329       110.5880289742      -262.7093968762 
        9.8200000000        -0.4906016278         1.0627105477       107.4685324550      -224.6653448479 
        9.8250000000        -0.5057392500         1.0270252269       109.4870302027      -277.9270176875 
        9.8300000000        -0.5203975316         1.0168294210       106.7345332740      -293.1446384988 
        9.8350000000        -0.5345625793         1.0168294210       106.1840338882      -293.1446384988 
        9.8400000000        -0.5482209676         0.9964378091       104.3490359357      -323.5798801214 
        9.8450000000        -0.5613597510         1.0015357121       102.5140379832      -315.9710697158 
        9.8500000000        -0.5739664765         0.9785951487       100.6790400308      -350.2107165412 
        9.8550000000        -0.5860291956         0.9556545853        99.0275418735      -384.4503633667 
        9.8600000000        -0.5975364750         0.9785951487        98.1100428973      -350.2107165412 
        9.8650000000        -0.6084774081         0.9480077309        95.1740461733      -395.8635789752 
        9.8700000000        -0.6188416252         0.9148713616        93.7060478113      -445.3208466120 
        9.8750001000        -0.6286194927         0.9531056338        92.2380494493      -388.2547685695 
        9.8800000000        -0.6378011743         0.9352629734        90.4030514968      -414.8856049893 
        9.8850000000        -0.6463785363         0.9199692645        88.0175541586      -437.7120362063 
        9.8900000000        -0.6543432595         0.9046755556        86.9165553871      -460.5384674233 
        9.8950000000        -0.6616877949         0.9225182160        84.1640584584      -433.9076310035 
        9.9000000000        -0.6684051813         0.8740881378        81.9620609154      -506.1913298572 
        9.9050000000        -0.6744890520         0.9046755556        78.6590646009      -460.5384674233 
        9.9100000000        -0.6799336407         0.8740881378        76.4570670580      -506.1913298572 
        9.9150000000        -0.6847337869         0.8817349922        74.6220691055      -494.7781142488 
        9.9200001000        -0.6888850177         0.8740881378        71.8695721767      -506.1913298572 
        9.9250000000        -0.6923831689         0.8689902348        68.7500756575      -513.8001402629 
        9.9300000000        -0.6952251546         0.8562454774        67.8325766813      -532.8221662770 
        9.9350000000        -0.6974082045         0.8129133021        63.4285815953      -597.4970547251 
        9.9400000000        -0.6989302496         0.8409517685        60.8595844618      -555.6485974940 
        9.9450000000        -0.6997898472         0.8485986229        57.7400879426      -544.2353818855 
        9.9500000000        -0.6999861826         0.8256580595        55.1710908091      -578.4750287110 
        9.9550000000        -0.6995190698         0.8103643506        52.9690932661      -601.3014599280 
        9.9600000000        -0.6983889514         0.8358538655        49.1155975659      -563.2574078997 
        9.9650000000        -0.6965968987         0.8027174962        47.0970998182      -612.7146755365 
        9.9700000000        -0.6941446100         0.7976195932        43.4271039132      -620.3234859421 
        9.9750000000        -0.6910344098         0.8078153991        40.3076073940      -605.1058651308 
        9.9800000000        -0.6872692458         0.8052664477        37.3716106700      -608.9102703336 
        9.9850000000        -0.6828526867         0.8001685447        33.3346151746      -616.5190807393 
        9.9900000000        -0.6777889185         0.7797769328        31.3161174268      -646.9543223619 
        9.9950000000        -0.6720827406         0.7848748358        28.3801207028      -639.3455119563 
