           Time[sec]           V_{cmd}[V]          V_{gyro}[V]          \theta[deg] \omega_{gyro}[deg/sec] 
        0.0000000000         0.0000000000         1.2130986854        64.5162812280         1.2706713377 
        0.0050000000         0.2880600510         1.2080007824        63.9657818423        -6.3381390679 
        0.0100000000         0.5250777487         1.2080007824        64.5162812280        -6.3381390679 
        0.0150001000         0.6690568561         1.2130986854        64.5162812280         1.2706713377 
        0.0200000000         0.6944802909         1.2156476369        64.5162812280         5.0750765406 
        0.0250000000         0.5968481150         1.2283923943        65.0667806138        24.0971025547 
        0.0300000000         0.3934583645         1.4425043191        65.4337802043       343.6671395924 
        0.0350000000         0.1203503702         1.3634868231        66.7182787710       225.7305783047 
        0.0400000000        -0.1740829210         1.3227035993        67.2687781567       164.8600950594 
        0.0450000000        -0.4376698594         1.2972140844        67.8192775425       126.8160430311 
        0.0500000000        -0.6237045669         1.2768224726        68.3697769282        96.3808014085 
        0.0550000000        -0.6992229125         1.2462350547        68.7367765187        50.7279389745 
        0.0600000000        -0.6508435401         1.2309413458        69.4707756997        27.9015077575 
        0.0650000000        -0.4871389576         1.1952560250        69.1037761092       -25.3601650821 
        0.0700001000        -0.2371109579         1.1034937715        69.2872759045      -162.3187523839 
        0.0750000000         0.0549213670         1.0856511111        68.5532767235      -188.9495888037 
        0.0800000000         0.3372275719         1.1340811893        67.6357777472      -116.6658899500 
        0.0850000000         0.5597792609         1.1519238497        67.0852783615       -90.0350535302 
        0.0900000000         0.6831417334         1.1774133646        66.7182787710       -51.9910015019 
        0.0950000000         0.6854559674         1.2054518309        66.1677793853       -10.1425442707 
        0.1000000000         0.5663118961         1.2411371518        67.0852783615        43.1191285689 
        0.1050000000         0.3468210679         1.3864273864        67.4522779520       259.9702251301 
        0.1100000000         0.0658758193         1.3354483567        68.7367765187       183.8821210735 
        0.1150000000        -0.2267421927         1.3354483567        69.2872759045       183.8821210735 
        0.1200000000        -0.4791829742         1.3328994052        70.2047748807       180.0777158707 
        0.1250000000        -0.6467156728         1.2819203755        70.2047748807       103.9896118141 
        0.1300000000        -0.6996545923         1.2564308607        71.1222738570        65.9455597858 
        0.1350000000        -0.6286193030         1.2207455399        70.9387740617        12.6838869462 
        0.1400001000        -0.4461922181         1.1519238497        71.3057736522       -90.0350535302 
        0.1450000000        -0.1847111350         1.0474168388        69.8377752902      -246.0156668462 
        0.1500000000         0.1095041255         1.1238853834        70.2047748807      -131.8835107613 
        0.1550000000         0.3843159726         1.1519238497        69.6542754950       -90.0350535302 
        0.1600000000         0.5910295479         1.1748644131        69.1037761092       -55.7954067047 
        0.1650000000         0.6930165604         1.2156476369        68.9202763140         5.0750765406 
        0.1700000000         0.6722055800         1.2207455399        68.1862771330        12.6838869462 
        0.1750000000         0.5322841759         1.2080007824        68.7367765187        -6.3381390679 
        0.1800001000         0.2980401319         1.2946651330        68.7367765187       123.0116378283 
        0.1850000000         0.0109951221         1.4246616587        69.8377752902       317.0363031726 
        0.1900000000        -0.2780035234         1.3379973082        70.3882746760       187.6865262764 
        0.1950001000        -0.5177457623         1.3176056963        71.3057736522       157.2512846537 
        0.2000000000        -0.6657395614         1.2717245696        72.7737720142        88.7719910028 
        0.2050000000        -0.6957726688         1.2130986854        72.4067724237         1.2706713377 
        0.2100001000        -0.6025163966         1.1901581220        72.4067724237       -32.9689754877 
        0.2150000000        -0.4025036764         1.1646686072        72.2232726285       -71.0130275160 
        0.2200000000        -0.1311669202         1.0448678873        70.9387740617      -249.8200720490 
        0.2250000000         0.1634117547         1.1085916745        70.0212750855      -154.7099419783 
        0.2300000000         0.4290349376         1.1264343349        69.2872759045      -128.0791055584 
        0.2350000000         0.6186359411         1.1672175587        69.6542754950       -67.2086223132 
        0.2400001000         0.6986190827         1.2080007824        69.6542754950        -6.3381390679 
        0.2450000000         0.6548108216         1.2334902973        69.2872759045        31.7059129604 
        0.2500000000         0.4949747468         1.2029028795        68.7367765187       -13.9469494736 
        0.2550000000         0.2474323906         1.3430952112        69.6542754950       195.2953366820 
        0.2600000000        -0.0439533637         1.3915252894        71.1222738570       267.5790355358 
        0.2650001000        -0.3275561171         1.3227035993        71.3057736522       164.8600950594 
        0.2700000000        -0.5531085087         1.2946651330        72.9572718094       123.0116378283 
        0.2750000000        -0.6806589443         1.2207455399        72.5902722190        12.6838869462 
        0.2800000000        -0.6876010755         1.1799623161        72.4067724237       -48.1865962990 
        0.2850000000        -0.5727048022         1.2080007824        72.4067724237        -6.3381390679 
        0.2900001000        -0.3563238802         1.1952560250        72.0397728332       -25.3601650821 
        0.2950000000        -0.0768140178         0.9913399061        71.3057736522      -329.7125813084 
        0.3000000000         0.2163118961         1.0983958685        71.1222738570      -169.9275627896 
        0.3050000000         0.4711087595         1.1009448200        69.6542754950      -166.1231575867 
        0.3100000000         0.6424282380         1.1417280438        69.4707756997      -105.2526743415 
        0.3150000000         0.6999136427         1.1952560250        69.1037761092       -25.3601650821 
        0.3200001000         0.6333764087         1.2870182785        69.2872759045       111.5984222198 
        0.3250000000         0.4546136338         1.3278015023        68.9202763140       172.4689054651 
        0.3300000000         0.1952937742         1.2997630359        69.6542754950       130.6204482339 
        0.3350000000        -0.0986308624         1.3456441627        71.1222738570       199.0997418849 
        0.3400000000        -0.3750787565         1.3227035993        71.6727732427       164.8600950594 
        0.3450000000        -0.5850651530         1.2615287636        72.2232726285        73.5543701915 
        0.3500001000        -0.6913827673         1.2003539280        72.2232726285       -17.7513546764 
        0.3550001000        -0.6751886261         1.2105497339        72.7737720142        -2.5337338651 
        0.3600000000        -0.5393592699         1.2130986854        72.4067724237         1.2706713377 
        0.3650000000        -0.3079574189         1.2029028795        71.6727732427       -13.9469494736 
        0.3700000000        -0.0219875314         0.9989867606        71.4892734475      -318.2993656999 
        0.3750000000         0.2678784027         1.0882000626        70.3882746760      -185.1451836009 
        0.3800000000         0.5102780392         1.1009448200        69.4707756997      -166.1231575867 
        0.3850000000         0.6622597512         1.1442769953        68.7367765187      -101.4482691387 
        0.3900001000         0.6968928165         1.1825112676        68.9202763140       -44.3821910962 
        0.3950000000         0.6080420601         1.2819203755        68.7367765187       103.9896118141 
        0.4000000000         0.4114496766         1.3379973082        69.4707756997       187.6865262764 
        0.4050000000         0.1419511067         1.2895672300        69.6542754950       115.4028274226 
        0.4100000000        -0.1527002690         1.3328994052        70.9387740617       180.0777158707 
        0.4150001000        -0.4202989060         1.3252525508        71.6727732427       168.6645002622 
        0.4200001000        -0.6134175365         1.2691756181        72.2232726285        84.9675858000 
        0.4250000000        -0.6978421336         1.2003539280        72.2232726285       -17.7513546764 
        0.4300000000        -0.6586165383         1.2029028795        72.7737720142       -13.9469494736 
        0.4350000000        -0.5026884084         1.2130986854        72.7737720142         1.2706713377 
        0.4400000000        -0.2576871869         1.1009448200        71.8562730380      -166.1231575867 
        0.4450001000         0.0329804462         1.0499657903        70.7552742665      -242.2112616433 
        0.4500000000         0.3177933498         1.1034937715        70.0212750855      -162.3187523839 
        0.4550000000         0.5463012851         1.1391790923        69.2872759045      -109.0570795443 
        0.4600000000         0.6780082128         1.1774133646        69.4707756997       -51.9910015019 
        0.4650000000         0.6895765283         1.1952560250        68.1862771330       -25.3601650821 
        0.4700000000         0.5789564020         1.2258434428        68.5532767235        20.2926973519 
        0.4750001000         0.3657439326         1.3762315805        69.6542754950       244.7526043188 
        0.4800001000         0.0877273726         1.3354483567        70.0212750855       183.8821210735 
        0.4850000000        -0.2058282277         1.3252525508        71.6727732427       168.6645002622 
        0.4900000000        -0.4629183057         1.3150567448        71.6727732427       153.4468794509 
        0.4950000000        -0.6379822936         1.2615287636        72.4067724237        73.5543701915 
        0.5000000000        -0.7000000000         1.1978049765        72.2232726285       -21.5557598792 
        0.5050000000        -0.6379822936         1.1927070735        72.2232726285       -29.1645702849 
        0.5100000000        -0.4629183057         1.2130986854        71.6727732427         1.2706713377 
        0.5150001000        -0.2058225529         1.1034937715        71.8562730380      -162.3187523839 
        0.5200000000         0.0877332635         1.0423189359        70.3882746760      -253.6244772518 
        0.5250000000         0.3657489953         1.1111406260        70.5717744712      -150.9055367754 
        0.5300000000         0.5789564020         1.1187874804        68.9202763140      -139.4923211669 
        0.5350000000         0.6895765283         1.1570217527        68.5532767235       -82.4262431245 
        0.5400000000         0.6780082128         1.2156476369        68.7367765187         5.0750765406 
        0.5450000000         0.5463012851         1.3583889201        69.4707756997       218.1217678990 
        0.5500000000         0.3177933498         1.3023119874        69.8377752902       134.4248534368 
        0.5550000000         0.0329745155         1.3328994052        70.7552742665       180.0777158707 
        0.5600000000        -0.2576871869         1.3405462597        71.6727732427       191.4909314792 
        0.5650000000        -0.5026884084         1.2819203755        71.8562730380       103.9896118141 
        0.5700001000        -0.6586185494         1.2258434428        73.1407716047        20.2926973519 
        0.5750001000        -0.6978416677         1.2003539280        72.7737720142       -17.7513546764 
        0.5800001000        -0.6134118155         1.2258434428        73.1407716047        20.2926973519 
        0.5850000000        -0.4202941577         1.2080007824        71.8562730380        -6.3381390679 
        0.5900000000        -0.1527002690         1.0856511111        72.2232726285      -188.9495888037 
        0.5950000000         0.1419511067         1.0474168388        71.6727732427      -246.0156668462 
        0.6000000000         0.4114496766         1.0958469171        69.8377752902      -173.7319679924 
        0.6050000000         0.6080420601         1.1136895775        69.6542754950      -147.1011315726 
        0.6100000000         0.6968933752         1.1544728012        68.5532767235       -86.2306483273 
        0.6150000000         0.6622597512         1.2538819092        68.1862771330        62.1411545830 
        0.6200000000         0.5102780392         1.3430952112        69.6542754950       195.2953366820 
        0.6250000000         0.2678784027         1.2921161815        70.0212750855       119.2072326254 
        0.6300000000        -0.0219875314         1.3176056963        70.7552742665       157.2512846537 
        0.6350000000        -0.3079574189         1.3456441627        71.4892734475       199.0997418849 
        0.6400001000        -0.5393630545         1.2895672300        72.5902722190       115.4028274226 
        0.6450000000        -0.6751901929         1.2283923943        72.9572718094        24.0971025547 
        0.6500000000        -0.6913818384         1.1927070735        72.2232726285       -29.1645702849 
        0.6550000000        -0.5850651530         1.2105497339        71.8562730380        -2.5337338651 
        0.6600000000        -0.3750787565         1.2130986854        72.4067724237         1.2706713377 
        0.6650000000        -0.0986308624         1.0244762754        72.0397728332      -280.2553136716 
        0.6700000000         0.1952937742         1.0780042567        70.7552742665      -200.3628044122 
        0.6750000000         0.4546136338         1.1009448200        69.6542754950      -166.1231575867 
        0.6800000000         0.6333789367         1.1264343349        68.7367765187      -128.0791055584 
        0.6850000000         0.6999136427         1.1672175587        68.1862771330       -67.2086223132 
        0.6900000000         0.6424282380         1.2436861032        68.1862771330        46.9235337717 
        0.6950001000         0.4711043681         1.3634868231        70.0212750855       225.7305783047 
        0.7000001000         0.2163062490         1.2921161815        69.8377752902       119.2072326254 
        0.7050001000        -0.0768199196         1.3227035993        70.7552742665       164.8600950594 
        0.7100000000        -0.3563289910         1.3278015023        71.6727732427       172.4689054651 
        0.7150000000        -0.5727048022         1.2768224726        72.5902722190        96.3808014085 
        0.7200000000        -0.6876010755         1.2105497339        72.2232726285        -2.5337338651 
        0.7250000000        -0.6806589443         1.1978049765        72.2232726285       -21.5557598792 
        0.7300000000        -0.5531085087         1.2105497339        71.6727732427        -2.5337338651 
        0.7350000000        -0.3275508700         1.1672175587        72.4067724237       -67.2086223132 
        0.7400000000        -0.0439533637         1.0142804695        71.1222738570      -295.4729344829 
        0.7450000000         0.2474323906         1.1060427230        70.5717744712      -158.5143471811 
        0.7500000000         0.4949747468         1.1085916745        68.7367765187      -154.7099419783 
        0.7550000000         0.6548108216         1.1544728012        68.1862771330       -86.2306483273 
        0.7600000000         0.6986187099         1.2029028795        68.9202763140       -13.9469494736 
        0.7650001000         0.6186331628         1.2360392488        68.9202763140        35.5103181632 
        0.7700000000         0.4290349376         1.3532910171        69.2872759045       210.5129574934 
        0.7750000000         0.1634117547         1.3278015023        69.6542754950       172.4689054651 
        0.7800000000        -0.1311669202         1.3227035993        70.7552742665       164.8600950594 
        0.7850000000        -0.4025036764         1.3252525508        71.8562730380       168.6645002622 
        0.7900000000        -0.6025194189         1.2717245696        72.0397728332        88.7719910028 
        0.7950000000        -0.6957726688         1.2334902973        71.6727732427        31.7059129604 
        0.8000000000        -0.6657395614         1.1927070735        72.2232726285       -29.1645702849 
        0.8050000000        -0.5177417665         1.2207455399        72.5902722190        12.6838869462 
        0.8100000000        -0.2780035234         1.1315322379        72.2232726285      -120.4702951528 
        0.8150000000         0.0109951221         1.0372210329        70.3882746760      -261.2332876575 
        0.8200001000         0.2980508763         1.0983958685        69.6542754950      -169.9275627896 
        0.8250001000         0.5322880321         1.1264343349        69.2872759045      -128.0791055584 
        0.8300001000         0.6722072365         1.1621196557        68.3697769282       -74.8174327188 
        0.8350001000         0.6930157238         1.1978049765        68.3697769282       -21.5557598792 
        0.8400000000         0.5910295479         1.2360392488        69.2872759045        35.5103181632 
        0.8450000000         0.3843159726         1.3685847260        69.1037761092       233.3393887103 
        0.8500000000         0.1095041255         1.3303504538        69.8377752902       176.2733106679 
        0.8550000000        -0.1847111350         1.3201546478        70.9387740617       161.0556898566 
        0.8600000000        -0.4461967928         1.3278015023        71.6727732427       172.4689054651 
        0.8650000000        -0.6286193030         1.2615287636        71.6727732427        73.5543701915 
        0.8700000000        -0.6996545923         1.2156476369        72.4067724237         5.0750765406 
        0.8750000000        -0.6467156728         1.1927070735        72.4067724237       -29.1645702849 
        0.8800000000        -0.4791829742         1.2232944913        72.7737720142        16.4882921491 
        0.8850000000        -0.2267421927         1.1519238497        71.8562730380       -90.0350535302 
        0.8900001000         0.0658817302         1.0321231299        71.4892734475      -268.8420980631 
        0.8950000000         0.3468210679         1.1085916745        70.5717744712      -154.7099419783 
        0.9000000000         0.5663118961         1.1213364319        69.2872759045      -135.6879159641 
        0.9050000000         0.6854559674         1.1672175587        69.2872759045       -67.2086223132 
        0.9100000000         0.6831417334         1.2130986854        69.2872759045         1.2706713377 
        0.9150000000         0.5597792609         1.3583889201        69.4707756997       218.1217678990 
        0.9200000000         0.3372275719         1.3099588419        70.0212750855       145.8380690453 
        0.9250000000         0.0549213670         1.3150567448        70.7552742665       153.4468794509 
        0.9300000000        -0.2371165442         1.3481931142        71.6727732427       202.9041470877 
        0.9350000000        -0.4871389576         1.2921161815        71.6727732427       119.2072326254 
        0.9400000000        -0.6508435401         1.2334902973        73.3242713999        31.7059129604 
        0.9450001000        -0.6992226328         1.1850602191        72.5902722190       -40.5777858934 
        0.9500001000        -0.6237018712         1.2258434428        73.3242713999        20.2926973519 
        0.9550001000        -0.4376652254         1.2130986854        72.4067724237         1.2706713377 
        0.9600001000        -0.1740771703         1.1417280438        72.2232726285      -105.2526743415 
        0.9650000000         0.1203503702         1.0295741784        71.4892734475      -272.6465032660 
        0.9700000000         0.3934583645         1.0932979656        70.2047748807      -177.5363731952 
        0.9750000000         0.5968481150         1.1111406260        68.9202763140      -150.9055367754 
        0.9800000000         0.6944802909         1.1544728012        69.1037761092       -86.2306483273 
        0.9850000000         0.6690551104         1.2844693270        68.7367765187       107.7940170170 
        0.9900000000         0.5250777487         1.3456441627        70.3882746760       199.0997418849 
        0.9950000000         0.2880600510         1.2870182785        70.3882746760       111.5984222198 
        1.0000000000         0.0000000000         1.3303504538        70.9387740617       176.2733106679 
        1.0050000000        -0.2880600510         1.3278015023        71.6727732427       172.4689054651 
        1.0100001000        -0.5250816754         1.2691756181        72.5902722190        84.9675858000 
        1.0150001000        -0.6690568561         1.1978049765        72.4067724237       -21.5557598792 
        1.0200001000        -0.6944795467         1.2054518309        73.3242713999       -10.1425442707 
        1.0250000000        -0.5968481150         1.2156476369        72.5902722190         5.0750765406 
        1.0300000000        -0.3934583645         1.2232944913        73.3242713999        16.4882921491 
        1.0350000000        -0.1203503702         1.0805532081        72.4067724237      -196.5583992094 
        1.0400000000         0.1740829210         1.0448678873        70.9387740617      -249.8200720490 
        1.0450000000         0.4376698594         1.0882000626        69.6542754950      -185.1451836009 
        1.0500000000         0.6237045669         1.1187874804        69.4707756997      -139.4923211669 
        1.0550000000         0.6992229125         1.1621196557        69.1037761092       -74.8174327188 
        1.0600000000         0.6508435401         1.3252525508        69.2872759045       168.6645002622 
        1.0650000000         0.4871389576         1.3252525508        70.3882746760       168.6645002622 
        1.0700001000         0.2371109579         1.2819203755        70.2047748807       103.9896118141 
        1.0750000000        -0.0549213670         1.3456441627        71.1222738570       199.0997418849 
        1.0800000000        -0.3372275719         1.3125077934        72.2232726285       149.6424742481 
        1.0850000000        -0.5597792609         1.2538819092        73.1407716047        62.1411545830 
        1.0900000000        -0.6831417334         1.1901581220        72.5902722190       -32.9689754877 
        1.0950000000        -0.6854559674         1.2105497339        72.4067724237        -2.5337338651 
        1.1000000000        -0.5663118961         1.2105497339        72.7737720142        -2.5337338651 
        1.1050000000        -0.3468210679         1.1850602191        72.0397728332       -40.5777858934 
        1.1100000000        -0.0658758193         0.9938888576        71.4892734475      -325.9081761056 
        1.1150000000         0.2267421927         1.0831021596        70.7552742665      -192.7539940065 
        1.1200000000         0.4791829742         1.1085916745        70.3882746760      -154.7099419783 
        1.1250000000         0.6467156728         1.1315322379        68.5532767235      -120.4702951528 
        1.1300000000         0.6996545923         1.1799623161        68.5532767235       -48.1865962990 
        1.1350001000         0.6286166908         1.2309413458        68.7367765187        27.9015077575 
        1.1400001000         0.4461922181         1.3558399686        69.4707756997       214.3173626962 
        1.1450001000         0.1847054077         1.3074098904        70.3882746760       142.0336638424 
        1.1500000000        -0.1095041255         1.3354483567        70.7552742665       183.8821210735 
        1.1550001000        -0.3843209350         1.3125077934        71.1222738570       149.6424742481 
        1.1600000000        -0.5910295479         1.2768224726        72.4067724237        96.3808014085 
        1.1650000000        -0.6930165604         1.2105497339        72.2232726285        -2.5337338651 
        1.1700000000        -0.6722055800         1.1927070735        71.8562730380       -29.1645702849 
        1.1750000000        -0.5322841759         1.2156476369        72.2232726285         5.0750765406 
        1.1800000000        -0.2980455041         1.1595707042        71.6727732427       -78.6218379217 
        1.1850000000        -0.0109951221         1.0066336150        70.9387740617      -306.8861500914 
        1.1900000000         0.2780035234         1.1060427230        70.5717744712      -158.5143471811 
        1.1950001000         0.5177457623         1.1162385289        69.2872759045      -143.2967263698 
        1.2000000000         0.6657395614         1.1493748983        68.1862771330       -93.8394587330 
        1.2050000000         0.6957726688         1.2029028795        68.9202763140       -13.9469494736 
        1.2100000000         0.6025194189         1.2232944913        68.0027773377        16.4882921491 
        1.2150000000         0.4025036764         1.3456441627        68.5532767235       199.0997418849 
        1.2200000000         0.1311669202         1.3328994052        69.6542754950       180.0777158707 
        1.2250000000        -0.1634117547         1.3150567448        70.5717744712       153.4468794509 
        1.2300000000        -0.4290349376         1.3252525508        71.6727732427       168.6645002622 
        1.2350000000        -0.6186359411         1.2717245696        71.8562730380        88.7719910028 
        1.2400000000        -0.6986187099         1.2207455399        72.0397728332        12.6838869462 
        1.2450000000        -0.6548108216         1.1927070735        71.8562730380       -29.1645702849 
        1.2500000000        -0.4949747468         1.2232944913        72.4067724237        16.4882921491 
        1.2550000000        -0.2474323906         1.0958469171        71.4892734475      -173.7319679924 
        1.2600001000         0.0439592897         1.0474168388        70.2047748807      -246.0156668462 
        1.2650001000         0.3275561171         1.1187874804        70.3882746760      -139.4923211669 
        1.2700001000         0.5531121479         1.1417280438        69.4707756997      -105.2526743415 
        1.2750000000         0.6806589443         1.1723154616        68.3697769282       -59.5998119075 
        1.2800001000         0.6875999630         1.2105497339        68.3697769282        -2.5337338651 
        1.2850000000         0.5727048022         1.2334902973        68.5532767235        31.7059129604 
        1.2900000000         0.3563289910         1.3660357746        68.9202763140       229.5349835075 
        1.2950000000         0.0768140178         1.3328994052        70.0212750855       180.0777158707 
        1.3000000000        -0.2163118961         1.3176056963        71.4892734475       157.2512846537 
        1.3050000000        -0.4711087595         1.3176056963        71.8562730380       157.2512846537 
        1.3100000000        -0.6424282380         1.2513329577        72.2232726285        58.3367493802 
        1.3150000000        -0.6999136427         1.1876091705        72.2232726285       -36.7733806906 
        1.3200001000        -0.6333764087         1.1978049765        72.2232726285       -21.5557598792 
        1.3250000000        -0.4546136338         1.2181965884        72.0397728332         8.8794817434 
        1.3300000000        -0.1952937742         1.1009448200        71.1222738570      -166.1231575867 
        1.3350000000         0.0986308624         1.0499657903        70.9387740617      -242.2112616433 
        1.3400000000         0.3750787565         1.1060427230        69.8377752902      -158.5143471811 
        1.3450000000         0.5850651530         1.1213364319        68.7367765187      -135.6879159641 
        1.3500000000         0.6913818384         1.1697665101        68.7367765187       -63.4042171104 
        1.3550000000         0.6751901929         1.2105497339        68.7367765187        -2.5337338651 
        1.3600000000         0.5393592699         1.3379973082        69.6542754950       187.6865262764 
        1.3650000000         0.3079574189         1.3150567448        69.1037761092       153.4468794509 
        1.3700000000         0.0219875314         1.3227035993        70.5717744712       164.8600950594 
        1.3750000000        -0.2678784027         1.3405462597        72.0397728332       191.4909314792 
        1.3800000000        -0.5102780392         1.2972140844        71.6727732427       126.8160430311 
        1.3850001000        -0.6622616745         1.2309413458        72.4067724237        27.9015077575 
        1.3900001000        -0.6968928165         1.1901581220        72.4067724237       -32.9689754877 
        1.3950001000        -0.6080391182         1.2232944913        72.4067724237        16.4882921491 
        1.4000000000        -0.4114496766         1.2156476369        72.4067724237         5.0750765406 
        1.4050001000        -0.1419452928         1.1289832864        72.2232726285      -124.2747003556 
        1.4100000000         0.1527002690         1.0244762754        70.5717744712      -280.2553136716 
        1.4150000000         0.4202941577         1.1009448200        70.2047748807      -166.1231575867 
        1.4200000000         0.6134146760         1.1213364319        69.4707756997      -135.6879159641 
        1.4250000000         0.6978421336         1.1621196557        68.9202763140       -74.8174327188 
        1.4300000000         0.6586165383         1.2513329577        68.3697769282        58.3367493802 
        1.4350000000         0.5026884084         1.3558399686        69.2872759045       214.3173626962 
        1.4400000000         0.2576871869         1.2946651330        70.7552742665       123.0116378283 
        1.4450001000        -0.0329804462         1.3176056963        70.9387740617       157.2512846537 
        1.4500000000        -0.3177933498         1.3456441627        71.4892734475       199.0997418849 
        1.4550005000        -0.5463198469         1.2768224726        72.9572718094        96.3808014085 
        1.4600000000        -0.6780082128         1.2130986854        73.1407716047         1.2706713377 
        1.4650000000        -0.6895765283         1.1927070735        71.8562730380       -29.1645702849 
        1.4700000000        -0.5789564020         1.2156476369        72.2232726285         5.0750765406 
        1.4750000000        -0.3657489953         1.2130986854        72.5902722190         1.2706713377 
        1.4800000000        -0.0877332635         1.0270252269        72.4067724237      -276.4509084688 
        1.4850000000         0.2058282277         1.0831021596        70.9387740617      -192.7539940065 
        1.4900000000         0.4629183057         1.0907490141        69.8377752902      -181.3407783981 
        1.4950000000         0.6379822936         1.1391790923        69.8377752902      -109.0570795443 
        1.5000000000         0.7000000000         1.1646686072        68.3697769282       -71.0130275160 
        1.5050000000         0.6379822936         1.2870182785        69.4707756997       111.5984222198 
        1.5100001000         0.4629138518         1.3354483567        69.6542754950       183.8821210735 
        1.5150001000         0.2058225529         1.2972140844        70.7552742665       126.8160430311 
        1.5200001000        -0.0877391544         1.3456441627        71.1222738570       199.0997418849 
        1.5250000000        -0.3657489953         1.3150567448        71.8562730380       153.4468794509 
        1.5300001000        -0.5789597392         1.2513329577        72.2232726285        58.3367493802 
        1.5350000000        -0.6895765283         1.2003539280        72.7737720142       -17.7513546764 
        1.5400001000        -0.6780067361         1.2080007824        72.2232726285        -6.3381390679 
        1.5450000000        -0.5463012851         1.2130986854        72.4067724237         1.2706713377 
        1.5500000000        -0.3177933498         1.1697665101        72.5902722190       -63.4042171104 
        1.5550000000        -0.0329745155         1.0066336150        70.7552742665      -306.8861500914 
        1.5600000000         0.2576871869         1.0958469171        70.0212750855      -173.7319679924 
        1.5650000000         0.5026884084         1.1111406260        69.6542754950      -150.9055367754 
        1.5700001000         0.6586185494         1.1519238497        68.5532767235       -90.0350535302 
        1.5750000000         0.6978421336         1.1825112676        68.1862771330       -44.3821910962 
        1.5800000000         0.6134146760         1.2538819092        68.1862771330        62.1411545830 
        1.5850000000         0.4202941577         1.3481931142        69.4707756997       202.9041470877 
        1.5900000000         0.1527002690         1.3048609389        70.0212750855       138.2292586396 
        1.5950000000        -0.1419511067         1.3430952112        70.9387740617       195.2953366820 
        1.6000015000        -0.4115217275         1.3278015023        72.2232726285       172.4689054651 
        1.6050000000        -0.6080420601         1.2615287636        71.6727732427        73.5543701915 
        1.6100000000        -0.6968933752         1.2080007824        72.4067724237        -6.3381390679 
        1.6150000000        -0.6622597512         1.1927070735        72.2232726285       -29.1645702849 
        1.6200000000        -0.5102780392         1.2181965884        72.2232726285         8.8794817434 
        1.6250000000        -0.2678784027         1.1774133646        72.0397728332       -51.9910015019 
        1.6300000000         0.0219875314         1.0040846636        70.7552742665      -310.6905552943 
        1.6350001000         0.3079627511         1.0882000626        69.6542754950      -185.1451836009 
        1.6400001000         0.5393630545         1.1111406260        68.7367765187      -150.9055367754 
        1.6450001000         0.6751917597         1.1519238497        68.7367765187       -90.0350535302 
        1.6500000000         0.6913818384         1.1850602191        68.1862771330       -40.5777858934 
        1.6550001000         0.5850618932         1.2844693270        68.7367765187       107.7940170170 
        1.6600000000         0.3750787565         1.3430952112        69.6542754950       195.2953366820 
        1.6650001000         0.0986249839         1.3023119874        70.2047748807       134.4248534368 
        1.6700000000        -0.1952937742         1.3405462597        70.7552742665       191.4909314792 
        1.6750000000        -0.4546136338         1.3048609389        71.4892734475       138.2292586396 
        1.6800000000        -0.6333789367         1.2487840062        72.2232726285        54.5323441774 
        1.6850000000        -0.6999136427         1.2003539280        72.9572718094       -17.7513546764 
        1.6900000000        -0.6424282380         1.2080007824        72.4067724237        -6.3381390679 
        1.6950001000        -0.4711043681         1.2130986854        72.4067724237         1.2706713377 
        1.7000000000        -0.2163118961         1.1111406260        71.8562730380      -150.9055367754 
        1.7050000000         0.0768140178         1.0346720814        71.1222738570      -265.0376928603 
        1.7100000000         0.3563289910         1.1111406260        70.7552742665      -150.9055367754 
        1.7150000000         0.5727048022         1.1315322379        69.6542754950      -120.4702951528 
        1.7200000000         0.6876010755         1.1748644131        69.4707756997       -55.7954067047 
        1.7250000000         0.6806589443         1.2105497339        68.7367765187        -2.5337338651 
        1.7300000000         0.5531085087         1.3583889201        69.2872759045       218.1217678990 
        1.7350000000         0.3275508700         1.3023119874        69.8377752902       134.4248534368 
        1.7400000000         0.0439533637         1.3201546478        70.2047748807       161.0556898566 
        1.7450000000        -0.2474323906         1.3379973082        71.1222738570       187.6865262764 
        1.7500000000        -0.4949747468         1.2844693270        71.6727732427       107.7940170170 
        1.7550000000        -0.6548108216         1.2156476369        72.0397728332         5.0750765406 
        1.7600001000        -0.6986183370         1.1876091705        72.4067724237       -36.7733806906 
        1.7650001000        -0.6186331628         1.2258434428        73.1407716047        20.2926973519 
        1.7700001000        -0.4290302458         1.2232944913        73.1407716047        16.4882921491 
        1.7750000000        -0.1634117547         1.0958469171        71.6727732427      -173.7319679924 
        1.7800001000         0.1311727523         1.0372210329        70.7552742665      -261.2332876575 
        1.7850000000         0.4025036764         1.1289832864        69.6542754950      -124.2747003556 
        1.7900001000         0.6025224414         1.1187874804        69.4707756997      -139.4923211669 
        1.7950000000         0.6957726688         1.1672175587        69.2872759045       -67.2086223132 
        1.8000000000         0.6657395614         1.2844693270        69.2872759045       107.7940170170 
        1.8050000000         0.5177417665         1.3379973082        69.6542754950       187.6865262764 
        1.8100000000         0.2780035234         1.2819203755        70.2047748807       103.9896118141 
        1.8150000000        -0.0109951221         1.3252525508        71.1222738570       168.6645002622 
        1.8200001000        -0.2980508763         1.3456441627        72.4067724237       199.0997418849 
        1.8250000000        -0.5322841759         1.2742735211        72.9572718094        92.5763962056 
        1.8300000000        -0.6722055800         1.2130986854        72.5902722190         1.2706713377 
        1.8350000000        -0.6930165604         1.2003539280        72.5902722190       -17.7513546764 
        1.8400000000        -0.5910295479         1.2207455399        72.2232726285        12.6838869462 
        1.8450000000        -0.3843159726         1.2080007824        72.0397728332        -6.3381390679 
        1.8500000000        -0.1095041255         1.0474168388        72.0397728332      -246.0156668462 
        1.8550000000         0.1847111350         1.0601615963        71.3057736522      -226.9936408320 
        1.8600000000         0.4461967928         1.0882000626        69.6542754950      -185.1451836009 
        1.8650000000         0.6286193030         1.1213364319        69.1037761092      -135.6879159641 
        1.8700000000         0.6996545923         1.1672175587        68.7367765187       -67.2086223132 
        1.8750000000         0.6467156728         1.2768224726        69.1037761092        96.3808014085 
        1.8800000000         0.4791829742         1.3405462597        69.2872759045       191.4909314792 
        1.8850001000         0.2267365751         1.2921161815        70.3882746760       119.2072326254 
        1.8900001000        -0.0658817302         1.3303504538        70.3882746760       176.2733106679 
        1.8950001000        -0.3468262256         1.3354483567        71.6727732427       183.8821210735 
        1.9000000000        -0.5663118961         1.2768224726        72.7737720142        96.3808014085 
        1.9050001000        -0.6854571714         1.2334902973        72.2232726285        31.7059129604 
        1.9100000000        -0.6831417334         1.2054518309        72.9572718094       -10.1425442707 
        1.9150001000        -0.5597756958         1.2232944913        72.4067724237        16.4882921491 
        1.9200000000        -0.3372275719         1.1595707042        71.8562730380       -78.6218379217 
        1.9250000000        -0.0549213670         1.0091825665        71.1222738570      -303.0817448886 
        1.9300000000         0.2371165442         1.0958469171        70.7552742665      -173.7319679924 
        1.9350000000         0.4871389576         1.1085916745        69.6542754950      -154.7099419783 
        1.9400013000         0.6508719513         1.1493748983        68.7367765187       -93.8394587330 
        1.9450001000         0.6992226328         1.1952560250        68.5532767235       -25.3601650821 
        1.9500000000         0.6237045669         1.2130986854        68.1862771330         1.2706713377 
        1.9550000000         0.4376698594         1.3227035993        68.9202763140       164.8600950594 
        1.9600000000         0.1740829210         1.3558399686        70.3882746760       214.3173626962 
        1.9650000000        -0.1203503702         1.3176056963        70.9387740617       157.2512846537 
        1.9700000000        -0.3934583645         1.3252525508        71.8562730380       168.6645002622 
        1.9750000000        -0.5968481150         1.2768224726        72.2232726285        96.3808014085 
        1.9800000000        -0.6944802909         1.2130986854        71.6727732427         1.2706713377 
        1.9850000000        -0.6690551104         1.1901581220        72.0397728332       -32.9689754877 
        1.9900000000        -0.5250777487         1.2105497339        71.4892734475        -2.5337338651 
        1.9950000000        -0.2880600510         1.1417280438        71.1222738570      -105.2526743415 
        2.0000000000        -0.0000000000         1.0219273240        70.2047748807      -284.0597188745 
        2.0050003000         0.2880762855         1.1085916745        70.0212750855      -154.7099419783 
        2.0100000000         0.5250777487         1.1289832864        68.7367765187      -124.2747003556 
        2.0150001000         0.6690568561         1.1774133646        69.1037761092       -51.9910015019 
        2.0200001000         0.6944795467         1.2003539280        68.1862771330       -17.7513546764 
        2.0250000000         0.5968481150         1.2232944913        68.1862771330        16.4882921491 
        2.0300000000         0.3934583645         1.2895672300        68.7367765187       115.4028274226 
        2.0350001000         0.1203445209         1.3762315805        69.1037761092       244.7526043188 
        2.0400001000        -0.1740886722         1.3201546478        70.7552742665       161.0556898566 
        2.0450000000        -0.4376698594         1.2921161815        71.6727732427       119.2072326254 
        2.0500000000        -0.6237045669         1.2513329577        71.4892734475        58.3367493802 
        2.0550000000        -0.6992229125         1.2156476369        72.4067724237         5.0750765406 
        2.0600000000        -0.6508435401         1.2003539280        72.4067724237       -17.7513546764 
        2.0650000000        -0.4871389576         1.2105497339        71.3057736522        -2.5337338651 
        2.0700001000        -0.2371109579         1.1493748983        71.6727732427       -93.8394587330 
        2.0750000000         0.0549213670         1.0270252269        70.7552742665      -276.4509084688 
        2.0800000000         0.3372275719         1.1034937715        69.6542754950      -162.3187523839 
        2.0850000000         0.5597792609         1.1264343349        68.7367765187      -128.0791055584 
        2.0900000000         0.6831417334         1.1672175587        68.7367765187       -67.2086223132 
        2.0950000000         0.6854559674         1.2130986854        69.1037761092         1.2706713377 
        2.1000000000         0.5663118961         1.3252525508        69.4707756997       168.6645002622 
        2.1050000000         0.3468210679         1.3354483567        70.0212750855       183.8821210735 
        2.1100000000         0.0658758193         1.3150567448        70.3882746760       153.4468794509 
        2.1150000000        -0.2267421927         1.3507420656        71.6727732427       206.7085522905 
        2.1200000000        -0.4791829741         1.3278015023        72.4067724237       172.4689054651 
        2.1250000000        -0.6467156728         1.2462350547        71.8562730380        50.7279389745 
        2.1300000000        -0.6996545923         1.1825112676        72.2232726285       -44.3821910962 
        2.1350000000        -0.6286193030         1.1978049765        71.8562730380       -21.5557598792 
        2.1400001000        -0.4461922181         1.2207455399        72.9572718094        12.6838869462 
        2.1450000000        -0.1847111350         1.1366301408        72.0397728332      -112.8614847471 
        2.1500000000         0.1095041255         1.0244762754        71.1222738570      -280.2553136716 
        2.1550000000         0.3843159726         1.1009448200        69.8377752902      -166.1231575867 
        2.1600001000         0.5910327294         1.1187874804        69.4707756997      -139.4923211669 
        2.1650000000         0.6930165604         1.1595707042        68.9202763140       -78.6218379217 
        2.1700000000         0.6722055800         1.2360392488        69.2872759045        35.5103181632 
        2.1750000000         0.5322841759         1.3634868231        69.4707756997       225.7305783047 
        2.1800001000         0.2980401319         1.2946651330        70.2047748807       123.0116378283 
        2.1850000000         0.0109951221         1.3176056963        71.4892734475       157.2512846537 
        2.1900000000        -0.2780035234         1.3558399686        71.6727732427       214.3173626962 
        2.1950001000        -0.5177457623         1.2895672300        72.9572718094       115.4028274226 
        2.2000000000        -0.6657395614         1.2181965884        72.7737720142         8.8794817434 
        2.2050000000        -0.6957726688         1.1952560250        72.7737720142       -25.3601650821 
        2.2100000000        -0.6025194189         1.2207455399        72.5902722190        12.6838869462 
        2.2150000000        -0.4025036764         1.2130986854        72.4067724237         1.2706713377 
        2.2200000000        -0.1311669202         1.1009448200        72.2232726285      -166.1231575867 
        2.2250000000         0.1634117547         1.0346720814        71.1222738570      -265.0376928603 
        2.2300000000         0.4290349376         1.0983958685        70.7552742665      -169.9275627896 
        2.2350000000         0.6186359411         1.1187874804        69.4707756997      -139.4923211669 
        2.2400000000         0.6986187099         1.1697665101        69.4707756997       -63.4042171104 
        2.2450000000         0.6548108216         1.2972140844        68.7367765187       126.8160430311 
        2.2500000000         0.4949747468         1.3303504538        69.8377752902       176.2733106679 
        2.2550000000         0.2474323906         1.2895672300        70.5717744712       115.4028274226 
        2.2600000000        -0.0439533637         1.3328994052        70.9387740617       180.0777158707 
        2.2650001000        -0.3275561171         1.3201546478        71.3057736522       161.0556898566 
        2.2700000000        -0.5531085087         1.2640777151        72.4067724237        77.3587753943 
        2.2750000000        -0.6806589443         1.1876091705        72.7737720142       -36.7733806906 
        2.2800000000        -0.6876010755         1.2029028795        72.2232726285       -13.9469494736 
        2.2850001000        -0.5727013880         1.2130986854        72.4067724237         1.2706713377 
        2.2900000000        -0.3563289910         1.2130986854        72.4067724237         1.2706713377 
        2.2950000000        -0.0768140178         1.0066336150        71.6727732427      -306.8861500914 
        2.3000000000         0.2163118961         1.0703574022        70.2047748807      -211.7760200207 
        2.3050001000         0.4711131508         1.0907490141        69.2872759045      -181.3407783981 
        2.3100000000         0.6424282380         1.1315322379        69.1037761092      -120.4702951528 
        2.3150000000         0.6999136427         1.1646686072        68.1862771330       -71.0130275160 
        2.3200001000         0.6333764087         1.3150567448        69.6542754950       153.4468794509 
        2.3250000000         0.4546136338         1.3303504538        70.2047748807       176.2733106679 
        2.3300000000         0.1952937742         1.2972140844        70.7552742665       126.8160430311 
        2.3350000000        -0.0986308624         1.3532910171        71.1222738570       210.5129574934 
        2.3400000000        -0.3750787565         1.3278015023        72.4067724237       172.4689054651 
        2.3450000000        -0.5850651530         1.2513329577        72.4067724237        58.3367493802 
        2.3500000000        -0.6913818384         1.1952560250        72.4067724237       -25.3601650821 
        2.3550000000        -0.6751901929         1.2105497339        72.5902722190        -2.5337338651 
        2.3600000000        -0.5393592699         1.2156476369        72.0397728332         5.0750765406 
        2.3650000000        -0.3079574189         1.2003539280        72.4067724237       -17.7513546764 
        2.3700000000        -0.0219875314         0.9989867606        71.8562730380      -318.2993656999 
        2.3750000000         0.2678784027         1.0958469171        71.1222738570      -173.7319679924 
        2.3800000000         0.5102780392         1.1034937715        69.6542754950      -162.3187523839 
        2.3850000000         0.6622597512         1.1468259468        69.2872759045       -97.6438639358 
        2.3900001000         0.6968928165         1.1723154616        68.0027773377       -59.5998119075 
        2.3950000000         0.6080420601         1.2717245696        68.9202763140        88.7719910028 
        2.4000000000         0.4114496766         1.3430952112        69.6542754950       195.2953366820 
        2.4050000000         0.1419511067         1.2972140844        69.8377752902       126.8160430311 
        2.4100001000        -0.1527060637         1.3379973082        71.3057736522       187.6865262764 
        2.4150000000        -0.4202941577         1.3125077934        71.1222738570       149.6424742481 
        2.4200000000        -0.6134146760         1.2538819092        71.6727732427        62.1411545830 
        2.4250000000        -0.6978421336         1.2003539280        71.6727732427       -17.7513546764 
        2.4300001000        -0.6586145271         1.2029028795        72.2232726285       -13.9469494736 
        2.4350000000        -0.5026884084         1.2232944913        72.5902722190        16.4882921491 
        2.4400000000        -0.2576871869         1.1238853834        71.8562730380      -131.8835107613 
        2.4450001000         0.0329804462         1.0423189359        71.4892734475      -253.6244772518 
        2.4500000000         0.3177933498         1.0983958685        69.6542754950      -169.9275627896 
        2.4550000000         0.5463012851         1.1187874804        68.7367765187      -139.4923211669 
        2.4600000000         0.6780082128         1.1723154616        69.1037761092       -59.5998119075 
        2.4650000000         0.6895765283         1.2080007824        69.1037761092        -6.3381390679 
        2.4700000000         0.5789564020         1.2615287636        68.7367765187        73.5543701915 
        2.4750000000         0.3657489953         1.3558399686        68.9202763140       214.3173626962 
        2.4800000000         0.0877332635         1.3099588419        70.2047748807       145.8380690453 
        2.4850000000        -0.2058282277         1.3328994052        70.9387740617       180.0777158707 
        2.4900000000        -0.4629183057         1.3125077934        71.8562730380       149.6424742481 
        2.4950000000        -0.6379822936         1.2538819092        72.2232726285        62.1411545830 
        2.5000000000        -0.7000000000         1.1876091705        71.8562730380       -36.7733806906 
        2.5050000000        -0.6379822936         1.2054518309        72.2232726285       -10.1425442707 
        2.5100000000        -0.4629183057         1.2080007824        71.6727732427        -6.3381390679 
        2.5150001000        -0.2058225529         1.1060427230        71.6727732427      -158.5143471811 
        2.5200000000         0.0877332635         1.0448678873        70.9387740617      -249.8200720490 
        2.5250000000         0.3657489953         1.1111406260        70.5717744712      -150.9055367754 
        2.5300000000         0.5789564020         1.1238853834        68.7367765187      -131.8835107613 
        2.5350001000         0.6895775491         1.1774133646        69.4707756997       -51.9910015019 
        2.5400000000         0.6780082128         1.2207455399        68.7367765187        12.6838869462 
        2.5450000000         0.5463012851         1.3609378716        69.4707756997       221.9261731018 
        2.5500000000         0.3177933498         1.2946651330        69.6542754950       123.0116378283 
        2.5550001000         0.0329685848         1.3328994052        71.1222738570       180.0777158707 
        2.5600000000        -0.2576871869         1.3379973082        71.6727732427       187.6865262764 
        2.5650000000        -0.5026884084         1.2768224726        72.4067724237        96.3808014085 
        2.5700001000        -0.6586185494         1.2080007824        71.8562730380        -6.3381390679 
        2.5750000000        -0.6978421336         1.2003539280        72.9572718094       -17.7513546764 
        2.5800000000        -0.6134146760         1.2181965884        72.4067724237         8.8794817434 
        2.5850000000        -0.4202941577         1.2080007824        72.0397728332        -6.3381390679 
        2.5900000000        -0.1527002690         1.1009448200        72.5902722190      -166.1231575867 
        2.5950000000         0.1419511067         1.0346720814        70.9387740617      -265.0376928603 
        2.6000000000         0.4114496766         1.0831021596        69.6542754950      -192.7539940065 
        2.6050000000         0.6080420601         1.1213364319        69.2872759045      -135.6879159641 
        2.6100000000         0.6968933752         1.1595707042        69.2872759045       -78.6218379217 
        2.6150000000         0.6622597512         1.2436861032        68.1862771330        46.9235337717 
        2.6200000000         0.5102780392         1.3532910171        69.4707756997       210.5129574934 
        2.6250000000         0.2678784027         1.2844693270        69.4707756997       107.7940170170 
        2.6300000000        -0.0219875314         1.3099588419        70.0212750855       145.8380690453 
        2.6350203000        -0.3090393858         1.3558399686        71.8562730380       214.3173626962 
        2.6400001000        -0.5393630545         1.2870182785        72.5902722190       111.5984222198 
        2.6450000000        -0.6751901929         1.2156476369        72.4067724237         5.0750765406 
        2.6500000000        -0.6913818384         1.1850602191        71.8562730380       -40.5777858934 
        2.6550000000        -0.5850651530         1.2232944913        72.4067724237        16.4882921491 
        2.6600001000        -0.3750737431         1.2080007824        72.4067724237        -6.3381390679 
        2.6650000000        -0.0986308624         1.0193783725        71.4892734475      -287.8641240773 
        2.6700000000         0.1952937742         1.0703574022        70.3882746760      -211.7760200207 
        2.6750000000         0.4546136338         1.0983958685        69.2872759045      -169.9275627896 
        2.6800001000         0.6333814647         1.1417280438        69.4707756997      -105.2526743415 
        2.6850000000         0.6999136427         1.1697665101        68.1862771330       -63.4042171104 
        2.6900000000         0.6424282380         1.2283923943        68.1862771330        24.0971025547 
        2.6950001000         0.4711043681         1.3507420656        68.9202763140       206.7085522905 
        2.7000000000         0.2163118961         1.3074098904        69.8377752902       142.0336638424 
        2.7050000000        -0.0768140178         1.3354483567        70.9387740617       183.8821210735 
        2.7100000000        -0.3563289910         1.3227035993        71.4892734475       164.8600950594 
        2.7150000000        -0.5727048022         1.2564308607        71.6727732427        65.9455597858 
        2.7200000000        -0.6876010755         1.2054518309        72.4067724237       -10.1425442707 
        2.7250000000        -0.6806589443         1.1927070735        71.6727732427       -29.1645702849 
        2.7300000000        -0.5531085087         1.2156476369        71.6727732427         5.0750765406 
        2.7350000000        -0.3275508700         1.1723154616        72.0397728332       -59.5998119075 
        2.7400000000        -0.0439533637         1.0091825665        71.4892734475      -303.0817448886 
        2.7450000000         0.2474323906         1.1060427230        70.2047748807      -158.5143471811 
        2.7500000000         0.4949747468         1.1085916745        68.7367765187      -154.7099419783 
        2.7550000000         0.6548108216         1.1544728012        68.7367765187       -86.2306483273 
        2.7600000000         0.6986187099         1.2003539280        68.7367765187       -17.7513546764 
        2.7650001000         0.6186331628         1.2309413458        68.5532767235        27.9015077575 
        2.7700000000         0.4290349376         1.3532910171        68.7367765187       210.5129574934 
        2.7750000000         0.1634117547         1.3176056963        69.2872759045       157.2512846537 
        2.7800000000        -0.1311669202         1.3328994052        70.7552742665       180.0777158707 
        2.7850001000        -0.4025085344         1.3150567448        70.9387740617       153.4468794509 
        2.7900000000        -0.6025194189         1.2691756181        72.0397728332        84.9675858000 
        2.7950000000        -0.6957726688         1.2054518309        71.6727732427       -10.1425442707 
        2.8000000000        -0.6657395614         1.1978049765        72.2232726285       -21.5557598792 
        2.8050021000        -0.5176578405         1.2207455399        72.7737720142        12.6838869462 
        2.8100000000        -0.2780035234         1.1315322379        71.6727732427      -120.4702951528 
        2.8150000000         0.0109951221         1.0295741784        70.7552742665      -272.6465032660 
        2.8200001000         0.2980508763         1.1034937715        69.8377752902      -162.3187523839 
        2.8250000000         0.5322841759         1.1187874804        68.7367765187      -139.4923211669 
        2.8300000000         0.6722055800         1.1672175587        68.5532767235       -67.2086223132 
        2.8350000000         0.6930165604         1.2029028795        68.3697769282       -13.9469494736 
        2.8400000000         0.5910295479         1.2334902973        68.7367765187        31.7059129604 
        2.8450000000         0.3843159726         1.3558399686        68.9202763140       214.3173626962 
        2.8500000000         0.1095041255         1.3303504538        70.3882746760       176.2733106679 
        2.8550000000        -0.1847111350         1.3278015023        70.3882746760       172.4689054651 
        2.8600003000        -0.4462105176         1.3201546478        71.3057736522       161.0556898566 
        2.8650020000        -0.6286715378         1.2640777151        72.4067724237        77.3587753943 
        2.8700000000        -0.6996545923         1.2003539280        72.4067724237       -17.7513546764 
        2.8750000000        -0.6467156728         1.2029028795        72.5902722190       -13.9469494736 
        2.8800000000        -0.4791829742         1.2130986854        71.8562730380         1.2706713377 
        2.8850000000        -0.2267421927         1.1519238497        72.0397728332       -90.0350535302 
        2.8900001000         0.0658817302         1.0142804695        71.1222738570      -295.4729344829 
        2.8950000000         0.3468210679         1.0958469171        69.6542754950      -173.7319679924 
        2.9000000000         0.5663118961         1.1162385289        68.9202763140      -143.2967263698 
        2.9050000000         0.6854559674         1.1697665101        69.2872759045       -63.4042171104 
        2.9100001000         0.6831404381         1.2003539280        68.1862771330       -17.7513546764 
        2.9150000000         0.5597792609         1.3685847260        69.4707756997       233.3393887103 
        2.9200020000         0.3371235035         1.3074098904        69.8377752902       142.0336638424 
        2.9250000000         0.0549213670         1.3201546478        71.1222738570       161.0556898566 
        2.9300001000        -0.2371221304         1.3583889201        71.8562730380       218.1217678990 
        2.9350000000        -0.4871389576         1.2946651330        72.2232726285       123.0116378283 
        2.9400000000        -0.6508435401         1.2283923943        72.4067724237        24.0971025547 
        2.9450004000        -0.6992217933         1.1825112676        72.4067724237       -44.3821910962 
        2.9500000000        -0.6237045669         1.2207455399        72.7737720142        12.6838869462 
        2.9550000000        -0.4376698594         1.2029028795        72.0397728332       -13.9469494736 
        2.9600000000        -0.1740829210         1.1519238497        72.4067724237       -90.0350535302 
        2.9650000000         0.1203503702         1.0066336150        70.7552742665      -306.8861500914 
        2.9700000000         0.3934583645         1.1009448200        70.9387740617      -166.1231575867 
        2.9750000000         0.5968481150         1.1213364319        70.0212750855      -135.6879159641 
        2.9800000000         0.6944802909         1.1544728012        68.9202763140       -86.2306483273 
        2.9850000000         0.6690551104         1.2921161815        69.2872759045       119.2072326254 
        2.9900000000         0.5250777487         1.3354483567        69.6542754950       183.8821210735 
        2.9950000000         0.2880600510         1.2819203755        70.0212750855       103.9896118141 
        3.0000000000         0.0000000000         1.3328994052        71.3057736522       180.0777158707 
        3.0050000000        -0.2880600510         1.3252525508        71.6727732427       168.6645002622 
        3.0100000000        -0.5250777487         1.2615287636        72.2232726285        73.5543701915 
        3.0150001000        -0.6690568561         1.2130986854        73.3242713999         1.2706713377 
        3.0200000000        -0.6944802909         1.2054518309        72.5902722190       -10.1425442707 
        3.0250000000        -0.5968481150         1.2130986854        72.7737720142         1.2706713377 
        3.0300000000        -0.3934583645         1.2232944913        73.1407716047        16.4882921491 
        3.0350001000        -0.1203445209         1.0652594992        71.8562730380      -219.3848304264 
        3.0400000000         0.1740829210         1.0525147418        71.1222738570      -238.4068564405 
        3.0450000000         0.4376698594         1.0958469171        70.3882746760      -173.7319679924 
        3.0500000000         0.6237045669         1.1187874804        69.6542754950      -139.4923211669 
        3.0550001000         0.6992231921         1.1544728012        68.7367765187       -86.2306483273 
        3.0600000000         0.6508435401         1.3150567448        68.7367765187       153.4468794509 
        3.0650000000         0.4871389576         1.3176056963        69.2872759045       157.2512846537 
        3.0700001000         0.2371109579         1.2921161815        71.1222738570       119.2072326254 
        3.0750001000        -0.0549272864         1.3507420656        71.3057736522       206.7085522905 
        3.0800000000        -0.3372275719         1.3201546478        72.2232726285       161.0556898566 
        3.0850000000        -0.5597792609         1.2564308607        73.1407716047        65.9455597858 
        3.0900000000        -0.6831417334         1.1978049765        73.3242713999       -21.5557598792 
        3.0950000000        -0.6854559674         1.2130986854        72.5902722190         1.2706713377 
        3.1000000000        -0.5663118961         1.2258434428        73.1407716047        20.2926973519 
        3.1050000000        -0.3468210679         1.2130986854        72.5902722190         1.2706713377 
        3.1100000000        -0.0658758193         0.9989867606        72.2232726285      -318.2993656999 
        3.1150000000         0.2267421927         1.0805532081        70.9387740617      -196.5583992094 
        3.1200000000         0.4791829741         1.0932979656        69.4707756997      -177.5363731952 
        3.1250000000         0.6467156728         1.1238853834        68.7367765187      -131.8835107613 
        3.1300000000         0.6996545923         1.1723154616        68.7367765187       -59.5998119075 
        3.1350000000         0.6286193030         1.2615287636        68.1862771330        73.5543701915 
        3.1400001000         0.4461922181         1.3405462597        69.4707756997       191.4909314792 
        3.1450000000         0.1847111350         1.3023119874        69.8377752902       134.4248534368 
        3.1500000000        -0.1095041255         1.3456441627        71.3057736522       199.0997418849 
        3.1550000000        -0.3843159726         1.3227035993        72.2232726285       164.8600950594 
        3.1600001000        -0.5910327294         1.2615287636        72.0397728332        73.5543701915 
        3.1650000000        -0.6930165604         1.1901581220        71.8562730380       -32.9689754877 
        3.1700000000        -0.6722055800         1.1978049765        71.6727732427       -21.5557598792 
        3.1750000000        -0.5322841759         1.2232944913        72.5902722190        16.4882921491 
        3.1800001000        -0.2980401319         1.1621196557        72.2232726285       -74.8174327188 
        3.1850000000        -0.0109951221         1.0168294210        71.1222738570      -291.6685292801 
        3.1900000000         0.2780035234         1.0907490141        69.6542754950      -181.3407783981 
        3.1950001000         0.5177457623         1.1060427230        68.9202763140      -158.5143471811 
        3.2000001000         0.6657413962         1.1519238497        68.7367765187       -90.0350535302 
        3.2050000000         0.6957726688         1.1927070735        68.0027773377       -29.1645702849 
        3.2100000000         0.6025194189         1.2334902973        68.5532767235        31.7059129604 
        3.2150000000         0.4025036764         1.3507420656        68.7367765187       206.7085522905 
        3.2200000000         0.1311669202         1.3125077934        70.2047748807       149.6424742481 
        3.2250000000        -0.1634117547         1.3354483567        70.5717744712       183.8821210735 
        3.2300000000        -0.4290349376         1.3125077934        71.3057736522       149.6424742481 
        3.2350000000        -0.6186359411         1.2666266666        72.2232726285        81.1631805972 
        3.2400000000        -0.6986187099         1.2130986854        72.5902722190         1.2706713377 
        3.2450000000        -0.6548108216         1.2003539280        72.0397728332       -17.7513546764 
        3.2500000000        -0.4949747468         1.2232944913        72.7737720142        16.4882921491 
        3.2550000000        -0.2474323906         1.0932979656        71.1222738570      -177.5363731952 
        3.2600000000         0.0439533637         1.0499657903        70.7552742665      -242.2112616433 
        3.2650001000         0.3275561171         1.1009448200        69.2872759045      -166.1231575867 
        3.2700000000         0.5531085087         1.1315322379        68.9202763140      -120.4702951528 
        3.2750000000         0.6806589443         1.1825112676        69.1037761092       -44.3821910962 
        3.2800000000         0.6876010755         1.2156476369        69.2872759045         5.0750765406 
        3.2850001000         0.5727013880         1.2411371518        68.7367765187        43.1191285689 
        3.2900000000         0.3563289910         1.3736826290        69.2872759045       240.9481991160 
        3.2950000000         0.0768140178         1.3227035993        70.0212750855       164.8600950594 
        3.3000000000        -0.2163118961         1.3354483567        71.1222738570       183.8821210735 
        3.3050001000        -0.4711131508         1.3176056963        72.4067724237       157.2512846537 
        3.3100000000        -0.6424282380         1.2589798122        72.5902722190        69.7499649887 
        3.3150000000        -0.6999136427         1.1901581220        72.2232726285       -32.9689754877 
        3.3200001000        -0.6333764087         1.1978049765        71.8562730380       -21.5557598792 
        3.3250001000        -0.4546091187         1.2156476369        72.2232726285         5.0750765406 
        3.3300000000        -0.1952937742         1.0907490141        71.8562730380      -181.3407783981 
        3.3350000000         0.0986308624         1.0423189359        70.2047748807      -253.6244772518 
        3.3400000000         0.3750787565         1.1009448200        70.0212750855      -166.1231575867 
        3.3450000000         0.5850651530         1.1238853834        68.9202763140      -131.8835107613 
        3.3500000000         0.6913818384         1.1774133646        69.2872759045       -51.9910015019 
        3.3550000000         0.6751901929         1.2080007824        68.7367765187        -6.3381390679 
        3.3600000000         0.5393592699         1.3379973082        68.5532767235       187.6865262764 
        3.3650000000         0.3079574189         1.3201546478        70.2047748807       161.0556898566 
        3.3700000000         0.0219875314         1.3227035993        70.5717744712       164.8600950594 
        3.3750000000        -0.2678784027         1.3328994052        70.9387740617       180.0777158707 
        3.3800000000        -0.5102780392         1.3048609389        72.0397728332       138.2292586396 
        3.3850000000        -0.6622597512         1.2334902973        73.1407716047        31.7059129604 
        3.3900001000        -0.6968928165         1.1876091705        72.9572718094       -36.7733806906 
        3.3950000000        -0.6080420601         1.2105497339        72.4067724237        -2.5337338651 
        3.4000000000        -0.4114496766         1.2105497339        71.8562730380        -2.5337338651 
        3.4050000000        -0.1419511067         1.1213364319        72.0397728332      -135.6879159641 
        3.4100001000         0.1527060637         1.0321231299        71.1222738570      -268.8420980631 
        3.4150000000         0.4202941577         1.1060427230        70.5717744712      -158.5143471811 
        3.4200000000         0.6134146760         1.1289832864        69.8377752902      -124.2747003556 
        3.4250000000         0.6978421336         1.1621196557        68.7367765187       -74.8174327188 
        3.4300001000         0.6586145271         1.2615287636        68.9202763140        73.5543701915 
        3.4350000000         0.5026884084         1.3558399686        69.6542754950       214.3173626962 
        3.4400000000         0.2576871869         1.2972140844        70.7552742665       126.8160430311 
        3.4450001000        -0.0329804462         1.3150567448        70.9387740617       153.4468794509 
        3.4500001000        -0.3177986403         1.3405462597        71.8562730380       191.4909314792 
        3.4550000000        -0.5463012851         1.2691756181        72.4067724237        84.9675858000 
        3.4600000000        -0.6780082128         1.2080007824        72.5902722190        -6.3381390679 
        3.4650000000        -0.6895765283         1.1952560250        72.5902722190       -25.3601650821 
        3.4700000000        -0.5789564020         1.2156476369        72.0397728332         5.0750765406 
        3.4750000000        -0.3657489953         1.2080007824        72.4067724237        -6.3381390679 
        3.4800000000        -0.0877332635         1.0219273240        72.2232726285      -284.0597188745 
        3.4850000000         0.2058282277         1.0780042567        71.1222738570      -200.3628044122 
        3.4900000000         0.4629183057         1.0932979656        69.4707756997      -177.5363731952 
        3.4950000000         0.6379822936         1.1264343349        68.7367765187      -128.0791055584 
        3.5000000000         0.7000000000         1.1825112676        69.4707756997       -44.3821910962 
        3.5050000000         0.6379822936         1.2819203755        69.4707756997       103.9896118141 
        3.5100000000         0.4629183057         1.3405462597        69.6542754950       191.4909314792 
        3.5150001000         0.2058225529         1.2895672300        70.3882746760       115.4028274226 
        3.5200000000        -0.0877332635         1.3354483567        70.7552742665       183.8821210735 
        3.5250000000        -0.3657489953         1.3150567448        72.4067724237       153.4468794509 
        3.5300000000        -0.5789564020         1.2513329577        72.2232726285        58.3367493802 
        3.5350001000        -0.6895775491         1.1825112676        71.8562730380       -44.3821910962 
        3.5400000000        -0.6780082128         1.2003539280        71.6727732427       -17.7513546764 
        3.5450000000        -0.5463012851         1.2156476369        72.4067724237         5.0750765406 
        3.5500000000        -0.3177933498         1.1799623161        72.2232726285       -48.1865962990 
        3.5550001000        -0.0329685848         1.0066336150        71.6727732427      -306.8861500914 
        3.5600000000         0.2576871869         1.0780042567        69.6542754950      -200.3628044122 
        3.5650000000         0.5026884084         1.1009448200        69.4707756997      -166.1231575867 
        3.5700001000         0.6586185494         1.1442769953        68.7367765187      -101.4482691387 
        3.5750001000         0.6978416677         1.2130986854        68.0027773377         1.2706713377 
        3.5800000000         0.6134146760         1.2564308607        68.1862771330        65.9455597858 
        3.5850000000         0.4202941577         1.3405462597        69.4707756997       191.4909314792 
        3.5900000000         0.1527002690         1.3125077934        70.3882746760       149.6424742481 
        3.5950000000        -0.1419511067         1.3456441627        70.7552742665       199.0997418849 
        3.6000000000        -0.4114496766         1.3099588419        71.1222738570       145.8380690453 
        3.6050000000        -0.6080420601         1.2691756181        72.2232726285        84.9675858000 
        3.6100000000        -0.6968933752         1.2130986854        72.2232726285         1.2706713377 
        3.6150000000        -0.6622597512         1.1927070735        71.6727732427       -29.1645702849 
        3.6200000000        -0.5102780392         1.2130986854        72.0397728332         1.2706713377 
        3.6250000000        -0.2678784027         1.1825112676        71.8562730380       -44.3821910962 
        3.6300000000         0.0219875314         1.0091825665        71.1222738570      -303.0817448886 
        3.6350000000         0.3079574189         1.1009448200        70.2047748807      -166.1231575867 
        3.6400001000         0.5393630545         1.1187874804        69.2872759045      -139.4923211669 
        3.6450000000         0.6751901929         1.1544728012        68.7367765187       -86.2306483273 
        3.6500000000         0.6913818384         1.1927070735        69.1037761092       -29.1645702849 
        3.6550000000         0.5850651530         1.2666266666        68.7367765187        81.1631805972 
        3.6600001000         0.3750737431         1.3456441627        69.4707756997       199.0997418849 
        3.6650000000         0.0986308624         1.3048609389        70.0212750855       138.2292586396 
        3.6700000000        -0.1952937742         1.3354483567        70.3882746760       183.8821210735 
        3.6750000000        -0.4546136338         1.3150567448        71.6727732427       153.4468794509 
        3.6800001000        -0.6333814647         1.2691756181        72.5902722190        84.9675858000 
        3.6850000000        -0.6999136427         1.1952560250        72.2232726285       -25.3601650821 
        3.6900000000        -0.6424282380         1.1978049765        71.6727732427       -21.5557598792 
        3.6950001000        -0.4711043681         1.2181965884        71.6727732427         8.8794817434 
        3.7000001000        -0.2163062490         1.1111406260        71.8562730380      -150.9055367754 
        3.7050000000         0.0768140178         1.0397699844        70.9387740617      -257.4288824546 
        3.7100000000         0.3563289910         1.0983958685        69.4707756997      -169.9275627896 
        3.7150000000         0.5727048022         1.1264343349        69.2872759045      -128.0791055584 
        3.7200000000         0.6876010755         1.1697665101        68.9202763140       -63.4042171104 
        3.7250000000         0.6806589443         1.2054518309        68.1862771330       -10.1425442707 
        3.7300000000         0.5531085087         1.3634868231        69.6542754950       225.7305783047 
        3.7350000000         0.3275508700         1.3048609389        69.6542754950       138.2292586396 
        3.7400000000         0.0439533637         1.3227035993        70.5717744712       164.8600950594 
        3.7450000000        -0.2474323906         1.3481931142        71.6727732427       202.9041470877 
        3.7500000000        -0.4949747468         1.2921161815        72.0397728332       119.2072326254 
        3.7550000000        -0.6548108216         1.2207455399        72.2232726285        12.6838869462 
        3.7600000000        -0.6986187099         1.1876091705        72.4067724237       -36.7733806906 
        3.7650001000        -0.6186331628         1.2207455399        72.4067724237        12.6838869462 
        3.7700000000        -0.4290349376         1.2156476369        72.4067724237         5.0750765406 
        3.7750000000        -0.1634117547         1.1213364319        72.2232726285      -135.6879159641 
        3.7800000000         0.1311669202         1.0346720814        71.6727732427      -265.0376928603 
        3.7850001000         0.4025085344         1.0958469171        70.2047748807      -173.7319679924 
        3.7900000000         0.6025194189         1.1187874804        68.9202763140      -139.4923211669 
        3.7950000000         0.6957726688         1.1595707042        68.5532767235       -78.6218379217 
        3.8000000000         0.6657395614         1.3150567448        69.6542754950       153.4468794509 
        3.8050001000         0.5177377706         1.3303504538        69.8377752902       176.2733106679 
        3.8100000000         0.2780035234         1.2870182785        70.5717744712       111.5984222198 
        3.8150000000        -0.0109951221         1.3303504538        71.1222738570       176.2733106679 
        3.8200001000        -0.2980508763         1.3328994052        71.4892734475       180.0777158707 
        3.8250001000        -0.5322880321         1.2640777151        72.5902722190        77.3587753943 
        3.8300000000        -0.6722055800         1.2003539280        72.5902722190       -17.7513546764 
        3.8350000000        -0.6930165604         1.2130986854        73.1407716047         1.2706713377 
        3.8400000000        -0.5910295479         1.2207455399        72.9572718094        12.6838869462 
        3.8450000000        -0.3843159726         1.2207455399        72.4067724237        12.6838869462 
        3.8500000000        -0.1095041255         1.0703574022        72.2232726285      -211.7760200207 
        3.8550000000         0.1847111350         1.0525147418        71.6727732427      -238.4068564405 
        3.8600000000         0.4461967928         1.0932979656        69.6542754950      -177.5363731952 
        3.8650000000         0.6286193030         1.1187874804        69.2872759045      -139.4923211669 
        3.8700000000         0.6996545923         1.1646686072        68.7367765187       -71.0130275160 
        3.8750000000         0.6467156728         1.2819203755        69.6542754950       103.9896118141 
        3.8800000000         0.4791829742         1.3354483567        69.4707756997       183.8821210735 
        3.8850000000         0.2267421927         1.2895672300        70.7552742665       115.4028274226 
        3.8900001000        -0.0658817302         1.3430952112        71.1222738570       195.2953366820 
        3.8950000000        -0.3468210679         1.3252525508        72.0397728332       168.6645002622 
        3.9000000000        -0.5663118961         1.2615287636        72.0397728332        73.5543701915 
        3.9050000000        -0.6854559674         1.2029028795        72.7737720142       -13.9469494736 
        3.9100001000        -0.6831404381         1.2105497339        72.9572718094        -2.5337338651 
        3.9150000000        -0.5597792609         1.2156476369        72.4067724237         5.0750765406 
        3.9200000000        -0.3372275719         1.1876091705        72.0397728332       -36.7733806906 
        3.9250000000        -0.0549213670         0.9938888576        71.3057736522      -325.9081761056 
        3.9300001000         0.2371221304         1.0907490141        70.9387740617      -181.3407783981 
        3.9350000000         0.4871389576         1.1034937715        69.4707756997      -162.3187523839 
        3.9400000000         0.6508435401         1.1417280438        68.7367765187      -105.2526743415 
        3.9450001000         0.6992226328         1.1901581220        68.5532767235       -32.9689754877 
        3.9500001000         0.6237018712         1.2411371518        68.7367765187        43.1191285689 
        3.9550000000         0.4376698594         1.3532910171        68.9202763140       210.5129574934 
        3.9600000000         0.1740829210         1.2946651330        69.6542754950       123.0116378283 
        3.9650000000        -0.1203503702         1.3328994052        70.3882746760       180.0777158707 
        3.9700001000        -0.3934632754         1.3099588419        71.6727732427       145.8380690453 
        3.9750000000        -0.5968481150         1.2691756181        72.0397728332        84.9675858000 
        3.9800000000        -0.6944802909         1.2080007824        72.4067724237        -6.3381390679 
        3.9850000000        -0.6690551104         1.2003539280        72.0397728332       -17.7513546764 
        3.9900000000        -0.5250777487         1.2080007824        71.6727732427        -6.3381390679 
        3.9950000000        -0.2880600510         1.1417280438        71.6727732427      -105.2526743415 
        4.0000000000        -0.0000000000         1.0117315180        70.3882746760      -299.2773396858 
        4.0050000000         0.2880600510         1.1009448200        69.8377752902      -166.1231575867 
        4.0100000000         0.5250777487         1.1187874804        68.9202763140      -139.4923211669 
        4.0150001000         0.6690568561         1.1672175587        68.5532767235       -67.2086223132 
        4.0200000000         0.6944802909         1.1978049765        68.1862771330       -21.5557598792 
        4.0250001000         0.5968450126         1.2309413458        68.3697769282        27.9015077575 
        4.0300001000         0.3934534539         1.3278015023        69.1037761092       172.4689054651 
        4.0350001000         0.1203445209         1.3456441627        69.2872759045       199.0997418849 
        4.0400000000        -0.1740829210         1.3099588419        70.7552742665       145.8380690453 
        4.0450000000        -0.4376698594         1.2972140844        70.9387740617       126.8160430311 
        4.0500000000        -0.6237045669         1.2589798122        71.6727732427        69.7499649887 
        4.0550000000        -0.6992229125         1.2232944913        71.8562730380        16.4882921491 
        4.0600000000        -0.6508435401         1.1850602191        71.3057736522       -40.5777858934 
        4.0650001000        -0.4871346936         1.2181965884        71.8562730380         8.8794817434 
        4.0700001000        -0.2371109579         1.1111406260        71.4892734475      -150.9055367754 
        4.0750001000         0.0549272864         1.0372210329        70.0212750855      -261.2332876575 
        4.0800000000         0.3372275719         1.1085916745        69.6542754950      -154.7099419783 
        4.0850000000         0.5597792609         1.1264343349        68.3697769282      -128.0791055584 
        4.0900000000         0.6831417334         1.1748644131        68.7367765187       -55.7954067047 
        4.0950000000         0.6854559674         1.2130986854        68.7367765187         1.2706713377 
        4.1000000000         0.5663118961         1.2487840062        69.1037761092        54.5323441774 
        4.1050000000         0.3468210679         1.3762315805        69.6542754950       244.7526043188 
        4.1100000000         0.0658758193         1.3328994052        70.7552742665       180.0777158707 
        4.1150000000        -0.2267421927         1.3328994052        70.9387740617       180.0777158707 
        4.1200000000        -0.4791829741         1.3201546478        71.8562730380       161.0556898566 
        4.1250000000        -0.6467156728         1.2564308607        72.2232726285        65.9455597858 
        4.1300000000        -0.6996545923         1.1927070735        72.4067724237       -29.1645702849 
        4.1350020000        -0.6285670503         1.2003539280        72.0397728332       -17.7513546764 
        4.1400001000        -0.4461922181         1.2258434428        72.5902722190        20.2926973519 
        4.1450000000        -0.1847111350         1.1519238497        71.6727732427       -90.0350535302 
        4.1500001000         0.1095099901         1.0193783725        71.1222738570      -287.8641240773 
        4.1550000000         0.3843159726         1.1085916745        70.5717744712      -154.7099419783 
        4.1600000000         0.5910295479         1.1111406260        69.1037761092      -150.9055367754 
        4.1650000000         0.6930165604         1.1519238497        68.7367765187       -90.0350535302 
        4.1700000000         0.6722055800         1.2181965884        68.3697769282         8.8794817434 
        4.1750000000         0.5322841759         1.3634868231        69.6542754950       225.7305783047 
        4.1800000000         0.2980455041         1.3023119874        70.2047748807       134.4248534368 
        4.1850000000         0.0109951221         1.3176056963        71.1222738570       157.2512846537 
        4.1900001000        -0.2780089728         1.3532910171        71.6727732427       210.5129574934 
        4.1950001000        -0.5177457623         1.2742735211        72.4067724237        92.5763962056 
        4.2000000000        -0.6657395614         1.2207455399        72.5902722190        12.6838869462 
        4.2050000000        -0.6957726688         1.2080007824        72.9572718094        -6.3381390679 
        4.2100000000        -0.6025194189         1.2232944913        72.9572718094        16.4882921491 
        4.2150000000        -0.4025036764         1.2181965884        72.9572718094         8.8794817434 
        4.2200000000        -0.1311669202         1.1060427230        72.0397728332      -158.5143471811 
        4.2250000000         0.1634117547         1.0295741784        70.9387740617      -272.6465032660 
        4.2300000000         0.4290349376         1.0907490141        69.6542754950      -181.3407783981 
        4.2350000000         0.6186359411         1.1187874804        69.8377752902      -139.4923211669 
        4.2400000000         0.6986187099         1.1646686072        68.7367765187       -71.0130275160 
        4.2450000000         0.6548108216         1.3176056963        69.6542754950       157.2512846537 
        4.2500000000         0.4949747468         1.3379973082        70.3882746760       187.6865262764 
        4.2550000000         0.2474323906         1.2793714240        70.0212750855       100.1852066113 
        4.2600000000        -0.0439533637         1.3456441627        71.6727732427       199.0997418849 
        4.2650001000        -0.3275561171         1.3303504538        72.0397728332       176.2733106679 
        4.2700000000        -0.5531085087         1.2538819092        72.4067724237        62.1411545830 
        4.2750001000        -0.6806603304         1.1876091705        72.4067724237       -36.7733806906 
        4.2800000000        -0.6876010755         1.2207455399        73.1407716047        12.6838869462 
        4.2850000000        -0.5727048022         1.2207455399        73.1407716047        12.6838869462 
        4.2900000000        -0.3563289910         1.2232944913        73.1407716047        16.4882921491 
        4.2950000000        -0.0768140178         1.0066336150        71.6727732427      -306.8861500914 
        4.3000000000         0.2163118961         1.0703574022        70.5717744712      -211.7760200207 
        4.3050000000         0.4711087595         1.0983958685        69.1037761092      -169.9275627896 
        4.3100000000         0.6424282380         1.1289832864        68.7367765187      -124.2747003556 
        4.3150001000         0.6999135494         1.1825112676        69.2872759045       -44.3821910962 
        4.3200001000         0.6333764087         1.3252525508        69.6542754950       168.6645002622 
        4.3250000000         0.4546136338         1.3252525508        69.6542754950       168.6645002622 
        4.3300000000         0.1952937742         1.2946651330        69.8377752902       123.0116378283 
        4.3350000000        -0.0986308624         1.3532910171        70.9387740617       210.5129574934 
        4.3400000000        -0.3750787565         1.3252525508        72.5902722190       168.6645002622 
        4.3450000000        -0.5850651530         1.2513329577        72.9572718094        58.3367493802 
        4.3500000000        -0.6913818384         1.1850602191        72.5902722190       -40.5777858934 
        4.3550001000        -0.6751886261         1.2156476369        72.4067724237         5.0750765406 
        4.3600000000        -0.5393592699         1.2130986854        71.8562730380         1.2706713377 
        4.3650000000        -0.3079574189         1.2080007824        71.6727732427        -6.3381390679 
        4.3700000000        -0.0219875314         0.9913399061        71.1222738570      -329.7125813084 
        4.3750000000         0.2678784027         1.0856511111        70.5717744712      -188.9495888037 
        4.3800000000         0.5102780392         1.1085916745        70.0212750855      -154.7099419783 
        4.3850000000         0.6622597512         1.1315322379        68.7367765187      -120.4702951528 
        4.3900001000         0.6968928165         1.1876091705        68.9202763140       -36.7733806906 
        4.3950000000         0.6080420601         1.3023119874        69.2872759045       134.4248534368 
        4.4000001000         0.4114448729         1.3252525508        69.6542754950       168.6645002622 
        4.4050000000         0.1419511067         1.2972140844        70.3882746760       126.8160430311 
        4.4100000000        -0.1527002690         1.3481931142        71.3057736522       202.9041470877 
        4.4150000000        -0.4202941577         1.3150567448        71.4892734475       153.4468794509 
        4.4200000000        -0.6134146760         1.2513329577        71.6727732427        58.3367493802 
        4.4250000000        -0.6978421336         1.1825112676        71.8562730380       -44.3821910962 
        4.4300000000        -0.6586165383         1.2003539280        71.6727732427       -17.7513546764 
        4.4350000000        -0.5026884084         1.2156476369        72.2232726285         5.0750765406 
        4.4400001000        -0.2576816661         1.1366301408        72.0397728332      -112.8614847471 
        4.4450001000         0.0329804462         1.0270252269        70.3882746760      -276.4509084688 
        4.4500000000         0.3177933498         1.0907490141        69.6542754950      -181.3407783981 
        4.4550000000         0.5463012851         1.1264343349        69.6542754950      -128.0791055584 
        4.4600000000         0.6780082128         1.1646686072        68.7367765187       -71.0130275160 
        4.4650000000         0.6895765283         1.2003539280        68.0027773377       -17.7513546764 
        4.4700000000         0.5789564020         1.2946651330        68.1862771330       123.0116378283 
        4.4750000000         0.3657489953         1.3328994052        69.4707756997       180.0777158707 
        4.4800001000         0.0877273726         1.3048609389        70.3882746760       138.2292586396 
        4.4850000000        -0.2058282277         1.3481931142        71.6727732427       202.9041470877 
        4.4900000000        -0.4629183057         1.3099588419        71.8562730380       145.8380690453 
        4.4950000000        -0.6379822936         1.2487840062        72.2232726285        54.5323441774 
        4.5000000000        -0.7000000000         1.1774133646        71.8562730380       -51.9910015019 
        4.5050000000        -0.6379822936         1.2130986854        72.2232726285         1.2706713377 
        4.5100000000        -0.4629183057         1.2232944913        72.7737720142        16.4882921491 
        4.5150001000        -0.2058225529         1.1136895775        72.2232726285      -147.1011315726 
        4.5200000000         0.0877332635         1.0397699844        71.3057736522      -257.4288824546 
        4.5250001000         0.3657540580         1.1009448200        69.8377752902      -166.1231575867 
        4.5300000000         0.5789564020         1.1213364319        69.2872759045      -135.6879159641 
        4.5350000000         0.6895765283         1.1646686072        68.1862771330       -71.0130275160 
        4.5400000000         0.6780082128         1.2207455399        68.3697769282        12.6838869462 
        4.5450000000         0.5463012851         1.3532910171        69.1037761092       210.5129574934 
        4.5500000000         0.3177933498         1.2972140844        69.8377752902       126.8160430311 
        4.5550000000         0.0329745155         1.3303504538        70.7552742665       176.2733106679 
        4.5600000000        -0.2576871869         1.3405462597        71.1222738570       191.4909314792 
        4.5650001000        -0.5026925405         1.2819203755        72.2232726285       103.9896118141 
        4.5700001000        -0.6586185494         1.2029028795        72.4067724237       -13.9469494736 
        4.5750000000        -0.6978421336         1.1876091705        71.8562730380       -36.7733806906 
        4.5800000000        -0.6134146760         1.2130986854        71.8562730380         1.2706713377 
        4.5850000000        -0.4202941577         1.2156476369        72.4067724237         5.0750765406 
        4.5900000000        -0.1527002690         1.1213364319        72.0397728332      -135.6879159641 
        4.5950000000         0.1419511067         1.0372210329        71.4892734475      -261.2332876575 
        4.6000000000         0.4114496766         1.0932979656        69.8377752902      -177.5363731952 
        4.6050001000         0.6080450020         1.1085916745        68.9202763140      -154.7099419783 
        4.6100000000         0.6968933752         1.1519238497        68.3697769282       -90.0350535302 
        4.6150000000         0.6622597512         1.2462350547        68.7367765187        50.7279389745 
        4.6200000000         0.5102780392         1.3507420656        69.4707756997       206.7085522905 
        4.6250000000         0.2678784027         1.2895672300        70.2047748807       115.4028274226 
        4.6300000000        -0.0219875314         1.3099588419        70.7552742665       145.8380690453 
        4.6350000000        -0.3079574189         1.3507420656        71.1222738570       206.7085522905 
        4.6400001000        -0.5393630545         1.2768224726        72.2232726285        96.3808014085 
        4.6450000000        -0.6751901929         1.2130986854        72.5902722190         1.2706713377 
        4.6500001000        -0.6913809095         1.1850602191        71.8562730380       -40.5777858934 
        4.6550000000        -0.5850651530         1.2207455399        72.4067724237        12.6838869462 
        4.6600000000        -0.3750787565         1.2130986854        72.4067724237         1.2706713377 
        4.6650000000        -0.0986308624         1.0295741784        71.6727732427      -272.6465032660 
        4.6700000000         0.1952937742         1.0754553052        70.7552742665      -204.1672096150 
        4.6750000000         0.4546136338         1.1009448200        69.6542754950      -166.1231575867 
        4.6800000000         0.6333789367         1.1417280438        69.6542754950      -105.2526743415 
        4.6850000000         0.6999136427         1.1850602191        68.7367765187       -40.5777858934 
        4.6900001000         0.6424258798         1.2411371518        69.1037761092        43.1191285689 
        4.6950001000         0.4711043681         1.3583889201        69.6542754950       218.1217678990 
        4.7000000000         0.2163118961         1.2972140844        69.4707756997       126.8160430311 
        4.7050000000        -0.0768140178         1.3405462597        70.9387740617       191.4909314792 
        4.7100000000        -0.3563289910         1.3278015023        72.0397728332       172.4689054651 
        4.7150000000        -0.5727048022         1.2640777151        71.8562730380        77.3587753943 
        4.7200000000        -0.6876010755         1.2080007824        72.7737720142        -6.3381390679 
        4.7250000000        -0.6806589443         1.2029028795        72.4067724237       -13.9469494736 
        4.7300001000        -0.5531048694         1.2181965884        71.6727732427         8.8794817434 
        4.7350000000        -0.3275508700         1.1799623161        72.0397728332       -48.1865962990 
        4.7400000000        -0.0439533637         1.0040846636        71.1222738570      -310.6905552943 
        4.7450000000         0.2474323906         1.0932979656        69.6542754950      -177.5363731952 
        4.7500000000         0.4949747468         1.1136895775        68.9202763140      -147.1011315726 
        4.7550000000         0.6548108216         1.1519238497        68.1862771330       -90.0350535302 
        4.7600000000         0.6986187099         1.1850602191        68.0027773377       -40.5777858934 
        4.7650001000         0.6186331628         1.2411371518        69.1037761092        43.1191285689 
        4.7700000000         0.4290349376         1.3558399686        69.4707756997       214.3173626962 
        4.7750001000         0.1634059810         1.2972140844        69.6542754950       126.8160430311 
        4.7800000000        -0.1311669202         1.3430952112        70.5717744712       195.2953366820 
        4.7850000000        -0.4025036764         1.3125077934        71.3057736522       149.6424742481 
        4.7900000000        -0.6025194189         1.2640777151        71.8562730380        77.3587753943 
        4.7950000000        -0.6957726688         1.1978049765        71.4892734475       -21.5557598792 
        4.8000000000        -0.6657395614         1.2003539280        72.0397728332       -17.7513546764 
        4.8050000000        -0.5177417665         1.2156476369        72.2232726285         5.0750765406 
        4.8100000000        -0.2780035234         1.1391790923        71.6727732427      -109.0570795443 
        4.8150001000         0.0110010591         1.0295741784        70.3882746760      -272.6465032660 
        4.8200001000         0.2980508763         1.1060427230        69.8377752902      -158.5143471811 
        4.8250000000         0.5322841759         1.1264343349        69.6542754950      -128.0791055584 
        4.8300000000         0.6722055800         1.1672175587        68.1862771330       -67.2086223132 
        4.8350000000         0.6930165604         1.2029028795        68.5532767235       -13.9469494736 
        4.8400000000         0.5910295479         1.2309413458        68.5532767235        27.9015077575 
        4.8450000000         0.3843159726         1.3354483567        69.2872759045       183.8821210735 
        4.8500000000         0.1095041255         1.3532910171        70.2047748807       210.5129574934 
        4.8550001000        -0.1847168622         1.3150567448        70.7552742665       153.4468794509 
        4.8600000000        -0.4461967928         1.3201546478        71.4892734475       161.0556898566 
        4.8650000000        -0.6286193030         1.2691756181        72.2232726285        84.9675858000 
        4.8700000000        -0.6996545923         1.2029028795        71.6727732427       -13.9469494736 
        4.8750000000        -0.6467156728         1.1978049765        72.5902722190       -21.5557598792 
        4.8800000000        -0.4791829742         1.2232944913        72.5902722190        16.4882921491 
        4.8850000000        -0.2267421927         1.1442769953        71.1222738570      -101.4482691387 
        4.8900001000         0.0658817302         1.0270252269        70.9387740617      -276.4509084688 
        4.8950000000         0.3468210679         1.1009448200        69.4707756997      -166.1231575867 
        4.9000001000         0.5663153861         1.1264343349        69.6542754950      -128.0791055584 
        4.9050000000         0.6854559674         1.1748644131        69.4707756997       -55.7954067047 
        4.9100000000         0.6831417334         1.2029028795        68.7367765187       -13.9469494736 
        4.9150000000         0.5597792609         1.3379973082        68.7367765187       187.6865262764 
        4.9200000000         0.3372275719         1.3176056963        69.6542754950       157.2512846537 
        4.9250000000         0.0549213670         1.3099588419        69.8377752902       145.8380690453 
        4.9300000000        -0.2371165442         1.3507420656        71.4892734475       206.7085522905 
        4.9350000000        -0.4871389576         1.3023119874        72.2232726285       134.4248534368 
        4.9400001000        -0.6508457259         1.2360392488        72.9572718094        35.5103181632 
        4.9450001000        -0.6992226328         1.1825112676        72.4067724237       -44.3821910962 
        4.9500000000        -0.6237045669         1.2181965884        72.5902722190         8.8794817434 
        4.9550000000        -0.4376698594         1.2080007824        71.6727732427        -6.3381390679 
        4.9600000000        -0.1740829210         1.1519238497        71.6727732427       -90.0350535302 
        4.9650000000         0.1203503702         1.0193783725        71.8562730380      -287.8641240773 
        4.9700000000         0.3934583645         1.1085916745        70.5717744712      -154.7099419783 
        4.9750000000         0.5968481150         1.1111406260        69.4707756997      -150.9055367754 
        4.9800001000         0.6944810351         1.1493748983        68.3697769282       -93.8394587330 
        4.9850000000         0.6690551104         1.2946651330        69.6542754950       123.0116378283 
        4.9900000000         0.5250777487         1.3379973082        69.6542754950       187.6865262764 
        4.9950000000         0.2880600510         1.2844693270        70.3882746760       107.7940170170 
