           Time[sec]  \omega_{cmd}[rad/s]          V_{gyro}[V] \omega_{gyro}[rad/s]          \theta[rad] \omega_{dist}[rad/s]  \omega_{distRaw}[V] 
        0.0000000000         2.8400000000         1.2234337155         0.2491372343         1.8244566697         4.6959003397         1.3941368236 
        0.0050000000         2.8400000000         1.2208874101         0.1828067672         1.8244566697         4.5631979895         1.3890426230 
        0.0100000000         2.8400000000         1.2183411047         0.1164763002         1.8180507824         4.6295491646         1.3915897233 
        0.0150000000         2.8400000000         1.2132484939        -0.0161846340         1.8180507824         4.5631979895         1.3890426230 
        0.0200000000         2.8400000000         1.2132484939        -0.0161846340         1.8148478388         4.2977932890         1.3788542216 
        0.0250000000         2.8400000000         1.2132484939        -0.0161846340         1.8180507824         4.6295491646         1.3915897233 
        0.0300000000         2.8400000000         1.2208874101         0.1828067672         1.8276596133         4.7622515148         1.3966839240 
        0.0350000000         2.8400000000         1.2667209072         1.3767551743         1.8212537261         4.9613050402         1.4043252250 
        0.0400000000         2.8400000000         1.2667209072         1.3767551743         1.8212537261         4.7622515148         1.3966839240 
        0.0450000000         2.8400000000         1.2590819910         1.1777637732         1.8404713878         4.5631979895         1.3890426230 
        0.0500000000         2.8400000000         1.2718135180         1.5094161085         1.8468772751         4.6295491646         1.3915897233 
        0.0550000000         2.8400000000         1.2667209072         1.3767551743         1.8564861060         4.6295491646         1.3915897233 
        0.0600000000         2.8400000000         1.2692672126         1.4430856414         1.8660949369         4.7622515148         1.3966839240 
        0.0650000000         2.8400000000         1.2692672126         1.4430856414         1.8692978805         4.9613050402         1.4043252250 
        0.0700000000         2.8400000000         1.2616282964         1.2440942402         1.8725008242         5.0276562153         1.4068723253 
        0.0750000000         2.8400000000         1.2667209072         1.3767551743         1.8789067114         5.0276562153         1.4068723253 
        0.0800000000         2.8400000000         1.2565356856         1.1114333061         1.8789067114         4.7622515148         1.3966839240 
        0.0850000000         2.8400000000         1.2565356856         1.1114333061         1.8853125987         4.7622515148         1.3966839240 
        0.0900000000         2.8400000000         1.2641746018         1.3104247073         1.9013273168         4.6295491646         1.3915897233 
        0.0950000000         2.8400000000         1.2616282964         1.2440942402         1.9077332041         4.8949538651         1.4017781247 
        0.1000000000         2.8400000000         1.2539893802         1.0451028390         1.9077332041         4.7622515148         1.3966839240 
        0.1050000000         2.8400000000         1.2692672126         1.4430856414         1.9237479223         4.9613050402         1.4043252250 
        0.1100000000         2.8400000000         1.2667209072         1.3767551743         1.9269508659         4.5631979895         1.3890426230 
        0.1150000000         2.8400000000         1.2641746018         1.3104247073         1.9365596968         4.9613050402         1.4043252250 
        0.1200000000         2.8400000000         1.2590819910         1.1777637732         1.9365596968         4.7622515148         1.3966839240 
        0.1250000000         2.8400000000         1.2692672126         1.4430856414         1.9493714713         4.6295491646         1.3915897233 
        0.1300000000         2.8400000000         1.2641746018         1.3104247073         1.9493714713         4.6295491646         1.3915897233 
        0.1350000000         2.8400000000         1.2514430748         0.9787723720         1.9589803022         4.8286026899         1.3992310243 
        0.1400000000         2.8400000000         1.2539893802         1.0451028390         1.9685891331         4.6959003397         1.3941368236 
        0.1450108000         2.8400000000         1.2488967694         0.9124419049         1.9749950203         4.2314421139         1.3763071212 
        0.1500000000         2.8400000000         1.2438041587         0.7797809708         1.9814009076         4.6295491646         1.3915897233 
        0.1550000000         2.8400000000         1.2412578533         0.7134505037         1.9846038512         4.2314421139         1.3763071212 
        0.1600000000         2.8400000000         1.2387115479         0.6471200367         1.9878067949         4.6295491646         1.3915897233 
        0.1650000000         2.8400000000         1.2438041587         0.7797809708         2.0006185694         4.7622515148         1.3966839240 
        0.1700000000         2.8400000000         1.2310726317         0.4481286355         1.9942126821         4.6295491646         1.3915897233 
        0.1750000000         2.8400000000         1.2310726317         0.4481286355         1.9942126821         4.8949538651         1.4017781247 
        0.1800000000         2.8400000000         1.2234337155         0.2491372343         1.9910097385         4.7622515148         1.3966839240 
        0.1850000000         2.8400000000         1.2208874101         0.1828067672         1.9910097385         4.7622515148         1.3966839240 
        0.1900000000         2.8400000000         1.2208874101         0.1828067672         1.9942126821         4.7622515148         1.3966839240 
        0.1950000000         2.8400000000         1.2310726317         0.4481286355         2.0038215130         5.0276562153         1.4068723253 
        0.2000000000         2.8400000000         1.2234337155         0.2491372343         1.9974156258         4.4304956392         1.3839484223 
        0.2050000000         2.8400000000         1.2285263263         0.3817981684         2.0070244567         4.9613050402         1.4043252250 
        0.2100001000         2.8400000000         1.2310726317         0.4481286355         2.0102274003         4.9613050402         1.4043252250 
        0.2150000000         2.8400000000         1.2336189371         0.5144591025         2.0134303439         5.0276562153         1.4068723253 
        0.2200000000         2.8400000000         1.2387115479         0.6471200367         2.0198362312         4.7622515148         1.3966839240 
        0.2250002000         2.8400000000         1.2208874101         0.1828067672         2.0102274003         4.7622515148         1.3966839240 
        0.2300000000         2.8400000000         1.2412578533         0.7134505037         2.0262421184         4.7622515148         1.3966839240 
        0.2350000000         2.8400000000         1.2463504641         0.8461114378         2.0294450621         4.8286026899         1.3992310243 
        0.2400000000         2.8400000000         1.2310726317         0.4481286355         2.0198362312         4.4304956392         1.3839484223 
        0.2450000000         2.8400000000         1.2361652425         0.5807895696         2.0262421184         4.9613050402         1.4043252250 
        0.2500022000         2.8400000000         1.2310726317         0.4481286355         2.0294450621         5.0276562153         1.4068723253 
        0.2550000000         2.8400000000         1.2183411047         0.1164763002         2.0230391748         4.7622515148         1.3966839240 
        0.2600000000         2.8400000000         1.2183411047         0.1164763002         2.0294450621         5.0276562153         1.4068723253 
        0.2650000000         2.8400000000         1.2157947993         0.0501458331         2.0294450621         5.0276562153         1.4068723253 
        0.2700000000         2.8400000000         1.2132484939        -0.0161846340         2.0326480057         4.9613050402         1.4043252250 
        0.2750000000         2.8400000000         1.2132484939        -0.0161846340         2.0326480057         5.0276562153         1.4068723253 
        0.2800000000         2.8400000000         1.2157947993         0.0501458331         2.0358509493         4.5631979895         1.3890426230 
        0.2850000000         2.8400000000         1.2132484939        -0.0161846340         2.0262421184         4.8949538651         1.4017781247 
        0.2900001000         2.8400000000         1.2081558831        -0.1488455681         2.0230391748         4.3641444641         1.3814013219 
        0.2950000000         2.8400000000         1.2132484939        -0.0161846340         2.0326480057         4.6295491646         1.3915897233 
        0.3000000000         2.8400000000         1.2132484939        -0.0161846340         2.0262421184         4.6295491646         1.3915897233 
        0.3050000000         2.8400000000         1.2132484939        -0.0161846340         2.0326480057         4.9613050402         1.4043252250 
        0.3100000000         2.8400000000         1.2132484939        -0.0161846340         2.0358509493         4.6295491646         1.3915897233 
        0.3150000000         2.8400000000         1.2132484939        -0.0161846340         2.0294450621         4.2314421139         1.3763071212 
        0.3200000000         2.8400000000         1.2183411047         0.1164763002         2.0454597802         4.4304956392         1.3839484223 
        0.3250003000         2.8400000000         1.2132484939        -0.0161846340         2.0422568366         4.7622515148         1.3966839240 
        0.3300000000         2.8400000000         1.2208874101         0.1828067672         2.0390538930         4.7622515148         1.3966839240 
        0.3350000000         2.8400000000         1.2132484939        -0.0161846340         2.0326480057         4.9613050402         1.4043252250 
        0.3400000000         2.8400000000         1.2132484939        -0.0161846340         2.0326480057         4.9613050402         1.4043252250 
        0.3450000000         2.8400000000         1.2081558831        -0.1488455681         2.0230391748         4.7622515148         1.3966839240 
        0.3500001000         2.8400000000         1.2132484939        -0.0161846340         2.0294450621         4.5631979895         1.3890426230 
        0.3550001000         2.8400000000         1.2132484939        -0.0161846340         2.0230391748         4.8286026899         1.3992310243 
        0.3600000000         2.8400000000         1.2081558831        -0.1488455681         2.0230391748         4.7622515148         1.3966839240 
        0.3650000000         2.8400000000         1.2056095777        -0.2151760351         2.0294450621         4.9613050402         1.4043252250 
        0.3700000000         2.8400000000         1.2056095777        -0.2151760351         2.0230391748         4.7622515148         1.3966839240 
        0.3750000000         2.8400000000         1.2107021885        -0.0825151010         2.0230391748         4.8286026899         1.3992310243 
        0.3800000000         2.8400000000         1.2208874101         0.1828067672         2.0326480057         4.6295491646         1.3915897233 
        0.3850000000         2.8400000000         1.2157947993         0.0501458331         2.0326480057         4.6295491646         1.3915897233 
        0.3900000000         2.8400000000         1.2157947993         0.0501458331         2.0326480057         4.6295491646         1.3915897233 
        0.3950000000         2.8400000000         1.2132484939        -0.0161846340         2.0294450621         4.6295491646         1.3915897233 
        0.4000000000         2.8400000000         1.2157947993         0.0501458331         2.0326480057         4.6295491646         1.3915897233 
        0.4050000000         2.8400000000         1.2208874101         0.1828067672         2.0390538930         4.8286026899         1.3992310243 
        0.4100000000         2.8400000000         1.2081558831        -0.1488455681         2.0294450621         4.6295491646         1.3915897233 
        0.4150001000         2.8400000000         1.2081558831        -0.1488455681         2.0230391748         4.4304956392         1.3839484223 
        0.4200001000         2.8400000000         1.2132484939        -0.0161846340         2.0326480057         5.0276562153         1.4068723253 
        0.4250000000         2.8400000000         1.2107021885        -0.0825151010         2.0230391748         4.7622515148         1.3966839240 
        0.4300000000         2.8400000000         1.2056095777        -0.2151760351         2.0230391748         4.8286026899         1.3992310243 
        0.4350000000         2.8400000000         1.2132484939        -0.0161846340         2.0294450621         4.6959003397         1.3941368236 
        0.4400000000         2.8400000000         1.2132484939        -0.0161846340         2.0358509493         4.2314421139         1.3763071212 
        0.4450000000         2.8400000000         1.2208874101         0.1828067672         2.0486627239         4.8286026899         1.3992310243 
        0.4500000000         2.8400000000         1.2208874101         0.1828067672         2.0390538930         4.4304956392         1.3839484223 
        0.4550000000         2.8400000000         1.2132484939        -0.0161846340         2.0358509493         4.5631979895         1.3890426230 
        0.4600000000         2.8400000000         1.2056095777        -0.2151760351         2.0294450621         4.8286026899         1.3992310243 
        0.4650000000         2.8400000000         1.2081558831        -0.1488455681         2.0262421184         4.4304956392         1.3839484223 
        0.4700000000         2.8400000000         1.2208874101         0.1828067672         2.0326480057         4.5631979895         1.3890426230 
        0.4750001000         2.8400000000         1.2234337155         0.2491372343         2.0390538930         4.4304956392         1.3839484223 
        0.4800001000         2.8400000000         1.2132484939        -0.0161846340         2.0358509493         4.6959003397         1.3941368236 
        0.4850000000         2.8400000000         1.2081558831        -0.1488455681         2.0262421184         4.7622515148         1.3966839240 
        0.4900000000         2.8400000000         1.2081558831        -0.1488455681         2.0230391748         4.4304956392         1.3839484223 
        0.4950000000         2.8400000000         1.2081558831        -0.1488455681         2.0230391748         4.8286026899         1.3992310243 
        0.5000000000         2.8400000000         1.2132484939        -0.0161846340         2.0294450621         4.6295491646         1.3915897233 
        0.5050000000         2.8400000000         1.2183411047         0.1164763002         2.0422568366         4.4968468143         1.3864955226 
        0.5100000000         2.8400000000         1.2208874101         0.1828067672         2.0294450621         4.6959003397         1.3941368236 
        0.5150000000         2.8400000000         1.2208874101         0.1828067672         2.0390538930         4.7622515148         1.3966839240 
        0.5200000000         2.8400000000         1.2132484939        -0.0161846340         2.0326480057         4.6295491646         1.3915897233 
        0.5250000000         2.8400000000         1.2132484939        -0.0161846340         2.0358509493         4.6295491646         1.3915897233 
        0.5300000000         2.8400000000         1.2132484939        -0.0161846340         2.0326480057         4.6295491646         1.3915897233 
        0.5350000000         2.8400000000         1.2208874101         0.1828067672         2.0294450621         4.7622515148         1.3966839240 
        0.5400010000         2.8400000000         1.2157947993         0.0501458331         2.0358509493         4.6295491646         1.3915897233 
        0.5450000000         2.8400000000         1.2208874101         0.1828067672         2.0390538930         4.7622515148         1.3966839240 
        0.5500000000         2.8400000000         1.2234337155         0.2491372343         2.0390538930         4.8286026899         1.3992310243 
        0.5550000000         2.8400000000         1.2157947993         0.0501458331         2.0326480057         4.9613050402         1.4043252250 
        0.5600000000         2.8400000000         1.2208874101         0.1828067672         2.0422568366         4.8949538651         1.4017781247 
        0.5650000000         2.8400000000         1.2081558831        -0.1488455681         2.0230391748         4.7622515148         1.3966839240 
        0.5700000000         2.8400000000         1.2081558831        -0.1488455681         2.0262421184         4.8286026899         1.3992310243 
        0.5750000000         2.8400000000         1.2183411047         0.1164763002         2.0294450621         4.6295491646         1.3915897233 
        0.5800001000         2.8400000000         1.2157947993         0.0501458331         2.0358509493         4.6959003397         1.3941368236 
        0.5850000000         2.8400000000         1.2183411047         0.1164763002         2.0326480057         4.6959003397         1.3941368236 
        0.5900000000         2.8400000000         1.2234337155         0.2491372343         2.0390538930         4.8286026899         1.3992310243 
        0.5950000000         2.8400000000         1.2183411047         0.1164763002         2.0454597802         4.8949538651         1.4017781247 
        0.6000000000         2.8400000000         1.2208874101         0.1828067672         2.0390538930         4.4304956392         1.3839484223 
        0.6050000000         2.8400000000         1.2208874101         0.1828067672         2.0454597802         4.4304956392         1.3839484223 
        0.6100000000         2.8400000000         1.2107021885        -0.0825151010         2.0390538930         4.9613050402         1.4043252250 
        0.6150000000         2.8400000000         1.2132484939        -0.0161846340         2.0326480057         4.5631979895         1.3890426230 
        0.6200000000         2.8400000000         1.2081558831        -0.1488455681         2.0358509493         4.6959003397         1.3941368236 
        0.6250000000         2.8400000000         1.2208874101         0.1828067672         2.0422568366         4.7622515148         1.3966839240 
        0.6300000000         2.8400000000         1.2132484939        -0.0161846340         2.0326480057         4.6295491646         1.3915897233 
        0.6350000000         2.8400000000         1.2132484939        -0.0161846340         2.0358509493         4.9613050402         1.4043252250 
        0.6400002000         2.8400000000         1.2132484939        -0.0161846340         2.0326480057         4.9613050402         1.4043252250 
        0.6450000000         2.8400000000         1.2081558831        -0.1488455681         2.0262421184         4.4304956392         1.3839484223 
        0.6500000000         2.8400000000         1.2132484939        -0.0161846340         2.0326480057         4.5631979895         1.3890426230 
        0.6550000000         2.8400000000         1.2132484939        -0.0161846340         2.0294450621         4.6295491646         1.3915897233 
        0.6600000000         2.8400000000         1.2208874101         0.1828067672         2.0390538930         4.7622515148         1.3966839240 
        0.6650000000         2.8400000000         1.2183411047         0.1164763002         2.0422568366         4.7622515148         1.3966839240 
        0.6700000000         2.8400000000         1.2208874101         0.1828067672         2.0390538930         4.7622515148         1.3966839240 
        0.6750000000         2.8400000000         1.2234337155         0.2491372343         2.0454597802         4.6959003397         1.3941368236 
        0.6800000000         2.8400000000         1.2208874101         0.1828067672         2.0390538930         4.7622515148         1.3966839240 
        0.6850000000         2.8400000000         1.2132484939        -0.0161846340         2.0326480057         4.9613050402         1.4043252250 
        0.6900000000         2.8400000000         1.2183411047         0.1164763002         2.0326480057         4.9613050402         1.4043252250 
        0.6950000000         2.8400000000         1.2132484939        -0.0161846340         2.0326480057         4.9613050402         1.4043252250 
        0.7000000000         2.8400000000         1.2208874101         0.1828067672         2.0422568366         4.8286026899         1.3992310243 
        0.7050001000         2.8400000000         1.2208874101         0.1828067672         2.0390538930         4.9613050402         1.4043252250 
        0.7100000000         2.8400000000         1.2056095777        -0.2151760351         2.0230391748         4.8286026899         1.3992310243 
        0.7150000000         2.8400000000         1.2107021885        -0.0825151010         2.0294450621         4.9613050402         1.4043252250 
        0.7200000000         2.8400000000         1.2081558831        -0.1488455681         2.0230391748         4.7622515148         1.3966839240 
        0.7250000000         2.8400000000         1.2132484939        -0.0161846340         2.0326480057         4.9613050402         1.4043252250 
        0.7300000000         2.8400000000         1.2132484939        -0.0161846340         2.0294450621         4.9613050402         1.4043252250 
        0.7350000000         2.8400000000         1.2107021885        -0.0825151010         2.0262421184         4.7622515148         1.3966839240 
        0.7400000000         2.8400000000         1.2132484939        -0.0161846340         2.0294450621         4.6295491646         1.3915897233 
        0.7450000000         2.8400000000         1.2132484939        -0.0161846340         2.0294450621         4.6959003397         1.3941368236 
        0.7500000000         2.8400000000         1.2157947993         0.0501458331         2.0294450621         4.6295491646         1.3915897233 
        0.7550000000         2.8400000000         1.2183411047         0.1164763002         2.0422568366         4.7622515148         1.3966839240 
        0.7600000000         2.8400000000         1.2132484939        -0.0161846340         2.0294450621         4.6959003397         1.3941368236 
        0.7650000000         2.8400000000         1.2132484939        -0.0161846340         2.0358509493         4.2314421139         1.3763071212 
        0.7700000000         2.8400000000         1.2208874101         0.1828067672         2.0390538930         4.8286026899         1.3992310243 
        0.7750000000         2.8400000000         1.2081558831        -0.1488455681         2.0230391748         4.7622515148         1.3966839240 
        0.7800000000         2.8400000000         1.2132484939        -0.0161846340         2.0358509493         4.5631979895         1.3890426230 
        0.7850000000         2.8400000000         1.2132484939        -0.0161846340         2.0326480057         4.9613050402         1.4043252250 
        0.7900000000         2.8400000000         1.2081558831        -0.1488455681         2.0230391748         4.3641444641         1.3814013219 
        0.7950000000         2.8400000000         1.2157947993         0.0501458331         2.0358509493         4.2314421139         1.3763071212 
        0.8000006000         2.8400000000         1.2132484939        -0.0161846340         2.0326480057         4.5631979895         1.3890426230 
        0.8050000000         2.8400000000         1.2208874101         0.1828067672         2.0390538930         4.3641444641         1.3814013219 
        0.8100000000         2.8400000000         1.2208874101         0.1828067672         2.0390538930         4.7622515148         1.3966839240 
        0.8150000000         2.8400000000         1.2132484939        -0.0161846340         2.0326480057         4.9613050402         1.4043252250 
        0.8200000000         2.8400000000         1.2132484939        -0.0161846340         2.0326480057         4.8949538651         1.4017781247 
        0.8250000000         2.8400000000         1.2081558831        -0.1488455681         2.0230391748         4.7622515148         1.3966839240 
        0.8300001000         2.8400000000         1.2157947993         0.0501458331         2.0326480057         4.4304956392         1.3839484223 
        0.8350001000         2.8400000000         1.2157947993         0.0501458331         2.0390538930         4.4304956392         1.3839484223 
        0.8400000000         2.8400000000         1.2132484939        -0.0161846340         2.0294450621         4.6295491646         1.3915897233 
        0.8450000000         2.8400000000         1.2208874101         0.1828067672         2.0390538930         4.7622515148         1.3966839240 
        0.8500000000         2.8400000000         1.2208874101         0.1828067672         2.0390538930         4.8286026899         1.3992310243 
        0.8550000000         2.8400000000         1.2132484939        -0.0161846340         2.0326480057         4.9613050402         1.4043252250 
        0.8600000000         2.8400000000         1.2081558831        -0.1488455681         2.0230391748         4.7622515148         1.3966839240 
        0.8650000000         2.8400000000         1.2081558831        -0.1488455681         2.0326480057         4.8949538651         1.4017781247 
        0.8700000000         2.8400000000         1.2081558831        -0.1488455681         2.0262421184         4.7622515148         1.3966839240 
        0.8750000000         2.8400000000         1.2107021885        -0.0825151010         2.0230391748         4.8286026899         1.3992310243 
        0.8800000000         2.8400000000         1.2132484939        -0.0161846340         2.0294450621         4.6295491646         1.3915897233 
        0.8850000000         2.8400000000         1.2132484939        -0.0161846340         2.0294450621         4.6959003397         1.3941368236 
        0.8900000000         2.8400000000         1.2208874101         0.1828067672         2.0390538930         4.7622515148         1.3966839240 
        0.8950000000         2.8400000000         1.2208874101         0.1828067672         2.0390538930         4.8286026899         1.3992310243 
        0.9000000000         2.8400000000         1.2208874101         0.1828067672         2.0454597802         4.4304956392         1.3839484223 
        0.9050000000         2.8400000000         1.2132484939        -0.0161846340         2.0326480057         5.0276562153         1.4068723253 
        0.9100000000         2.8400000000         1.2081558831        -0.1488455681         2.0294450621         5.0276562153         1.4068723253 
        0.9150000000         2.8400000000         1.2208874101         0.1828067672         2.0390538930         4.8286026899         1.3992310243 
        0.9200000000         2.8400000000         1.2132484939        -0.0161846340         2.0326480057         4.6959003397         1.3941368236 
        0.9250000000         2.8400000000         1.2132484939        -0.0161846340         2.0294450621         4.2314421139         1.3763071212 
        0.9300007000         2.8400000000         1.2208874101         0.1828067672         2.0422568366         4.4968468143         1.3864955226 
        0.9350018000         2.8400000000         1.2081558831        -0.1488455681         2.0294450621         4.9613050402         1.4043252250 
        0.9400230000         2.8400000000         1.2081558831        -0.1488455681         2.0230391748         4.4304956392         1.3839484223 
        0.9450000000         2.8400000000         1.2132484939        -0.0161846340         2.0358509493         4.6295491646         1.3915897233 
        0.9500000000         2.8400000000         1.2208874101         0.1828067672         2.0358509493         4.4968468143         1.3864955226 
        0.9550013000         2.8400000000         1.2208874101         0.1828067672         2.0422568366         4.3641444641         1.3814013219 
        0.9600001000         2.8400000000         1.2132484939        -0.0161846340         2.0326480057         5.0276562153         1.4068723253 
        0.9650000000         2.8400000000         1.2081558831        -0.1488455681         2.0326480057         4.6295491646         1.3915897233 
        0.9700000000         2.8400000000         1.2107021885        -0.0825151010         2.0294450621         4.5631979895         1.3890426230 
        0.9750000000         2.8400000000         1.2056095777        -0.2151760351         2.0230391748         4.8286026899         1.3992310243 
        0.9800000000         2.8400000000         1.2132484939        -0.0161846340         2.0294450621         4.5631979895         1.3890426230 
        0.9850000000         2.8400000000         1.2132484939        -0.0161846340         2.0326480057         4.8949538651         1.4017781247 
        0.9900000000         2.8400000000         1.2132484939        -0.0161846340         2.0358509493         4.9613050402         1.4043252250 
        0.9950000000         2.8400000000         1.2081558831        -0.1488455681         2.0262421184         4.3641444641         1.3814013219 
        1.0000000000         2.8400000000         1.2056095777        -0.2151760351         2.0230391748         4.4304956392         1.3839484223 
        1.0050000000         2.8400000000         1.2208874101         0.1828067672         2.0390538930         4.7622515148         1.3966839240 
        1.0100000000         2.8400000000         1.2056095777        -0.2151760351         2.0358509493         4.7622515148         1.3966839240 
        1.0150000000         2.8400000000         1.2132484939        -0.0161846340         2.0326480057         4.8949538651         1.4017781247 
        1.0200001000         2.8400000000         1.2056095777        -0.2151760351         2.0230391748         4.7622515148         1.3966839240 
        1.0250000000         2.8400000000         1.2132484939        -0.0161846340         2.0326480057         4.5631979895         1.3890426230 
        1.0300000000         2.8400000000         1.2132484939        -0.0161846340         2.0294450621         4.6295491646         1.3915897233 
        1.0350000000         2.8400000000         1.2132484939        -0.0161846340         2.0326480057         4.6295491646         1.3915897233 
        1.0400000000         2.8400000000         1.2234337155         0.2491372343         2.0390538930         4.7622515148         1.3966839240 
        1.0450000000         2.8400000000         1.2132484939        -0.0161846340         2.0326480057         4.9613050402         1.4043252250 
        1.0500000000         2.8400000000         1.2107021885        -0.0825151010         2.0230391748         4.7622515148         1.3966839240 
        1.0550000000         2.8400000000         1.2056095777        -0.2151760351         2.0230391748         4.8286026899         1.3992310243 
        1.0600000000         2.8400000000         1.2132484939        -0.0161846340         2.0358509493         4.6959003397         1.3941368236 
        1.0650000000         2.8400000000         1.2183411047         0.1164763002         2.0454597802         4.8286026899         1.3992310243 
        1.0700000000         2.8400000000         1.2056095777        -0.2151760351         2.0294450621         4.8286026899         1.3992310243 
        1.0750000000         2.8400000000         1.2081558831        -0.1488455681         2.0294450621         4.4304956392         1.3839484223 
        1.0800000000         2.8400000000         1.2132484939        -0.0161846340         2.0358509493         4.7622515148         1.3966839240 
        1.0850000000         2.8400000000         1.2157947993         0.0501458331         2.0326480057         4.2314421139         1.3763071212 
        1.0900000000         2.8400000000         1.2208874101         0.1828067672         2.0454597802         4.4304956392         1.3839484223 
        1.0950000000         2.8400000000         1.2132484939        -0.0161846340         2.0326480057         5.0276562153         1.4068723253 
        1.1000000000         2.8400000000         1.2081558831        -0.1488455681         2.0230391748         4.8286026899         1.3992310243 
        1.1050000000         2.8400000000         1.2107021885        -0.0825151010         2.0262421184         4.4304956392         1.3839484223 
        1.1100007000         2.8400000000         1.2081558831        -0.1488455681         2.0262421184         4.7622515148         1.3966839240 
        1.1150000000         2.8400000000         1.2132484939        -0.0161846340         2.0294450621         4.2314421139         1.3763071212 
        1.1200000000         2.8400000000         1.2208874101         0.1828067672         2.0422568366         4.8286026899         1.3992310243 
        1.1250000000         2.8400000000         1.2208874101         0.1828067672         2.0390538930         4.7622515148         1.3966839240 
        1.1300000000         2.8400000000         1.2132484939        -0.0161846340         2.0358509493         4.6295491646         1.3915897233 
        1.1350000000         2.8400000000         1.2081558831        -0.1488455681         2.0262421184         4.7622515148         1.3966839240 
        1.1400004000         2.8400000000         1.2132484939        -0.0161846340         2.0262421184         4.7622515148         1.3966839240 
        1.1450001000         2.8400000000         1.2208874101         0.1828067672         2.0326480057         4.6295491646         1.3915897233 
        1.1500000000         2.8400000000         1.2132484939        -0.0161846340         2.0294450621         4.6295491646         1.3915897233 
        1.1550000000         2.8400000000         1.2208874101         0.1828067672         2.0422568366         4.7622515148         1.3966839240 
        1.1600000000         2.8400000000         1.2081558831        -0.1488455681         2.0326480057         4.7622515148         1.3966839240 
        1.1650000000         2.8400000000         1.2132484939        -0.0161846340         2.0326480057         4.9613050402         1.4043252250 
        1.1700000000         2.8400000000         1.2056095777        -0.2151760351         2.0230391748         4.7622515148         1.3966839240 
        1.1750000000         2.8400000000         1.2157947993         0.0501458331         2.0262421184         4.6959003397         1.3941368236 
        1.1800000000         2.8400000000         1.2208874101         0.1828067672         2.0358509493         4.6295491646         1.3915897233 
        1.1850000000         2.8400000000         1.2208874101         0.1828067672         2.0294450621         4.6295491646         1.3915897233 
        1.1900018000         2.8400000000         1.2208874101         0.1828067672         2.0454597802         4.7622515148         1.3966839240 
        1.1950000000         2.8400000000         1.2132484939        -0.0161846340         2.0326480057         4.8949538651         1.4017781247 
        1.2000000000         2.8400000000         1.2157947993         0.0501458331         2.0326480057         4.9613050402         1.4043252250 
        1.2050000000         2.8400000000         1.2081558831        -0.1488455681         2.0326480057         4.9613050402         1.4043252250 
        1.2100000000         2.8400000000         1.2107021885        -0.0825151010         2.0262421184         4.7622515148         1.3966839240 
        1.2150000000         2.8400000000         1.2132484939        -0.0161846340         2.0262421184         4.8286026899         1.3992310243 
        1.2200000000         2.8400000000         1.2132484939        -0.0161846340         2.0326480057         5.0276562153         1.4068723253 
        1.2250000000         2.8400000000         1.2107021885        -0.0825151010         2.0230391748         4.7622515148         1.3966839240 
        1.2300000000         2.8400000000         1.2234337155         0.2491372343         2.0294450621         4.6295491646         1.3915897233 
        1.2350000000         2.8400000000         1.2132484939        -0.0161846340         2.0390538930         4.7622515148         1.3966839240 
        1.2400000000         2.8400000000         1.2081558831        -0.1488455681         2.0262421184         4.7622515148         1.3966839240 
        1.2450000000         2.8400000000         1.2157947993         0.0501458331         2.0326480057         4.6295491646         1.3915897233 
        1.2500000000         2.8400000000         1.2132484939        -0.0161846340         2.0326480057         4.9613050402         1.4043252250 
        1.2550000000         2.8400000000         1.2132484939        -0.0161846340         2.0326480057         4.9613050402         1.4043252250 
        1.2600000000         2.8400000000         1.2132484939        -0.0161846340         2.0326480057         4.9613050402         1.4043252250 
        1.2650000000         2.8400000000         1.2056095777        -0.2151760351         2.0230391748         4.7622515148         1.3966839240 
        1.2700001000         2.8400000000         1.2081558831        -0.1488455681         2.0230391748         4.4304956392         1.3839484223 
        1.2750000000         2.8400000000         1.2132484939        -0.0161846340         2.0326480057         4.6959003397         1.3941368236 
        1.2800000000         2.8400000000         1.2183411047         0.1164763002         2.0390538930         4.4968468143         1.3864955226 
        1.2850000000         2.8400000000         1.2132484939        -0.0161846340         2.0294450621         4.6295491646         1.3915897233 
        1.2900000000         2.8400000000         1.2132484939        -0.0161846340         2.0358509493         4.6959003397         1.3941368236 
        1.2950000000         2.8400000000         1.2132484939        -0.0161846340         2.0294450621         4.2314421139         1.3763071212 
        1.3000000000         2.8400000000         1.2132484939        -0.0161846340         2.0294450621         4.6295491646         1.3915897233 
        1.3050000000         2.8400000000         1.2208874101         0.1828067672         2.0422568366         4.7622515148         1.3966839240 
        1.3100027000         2.8400000000         1.2208874101         0.1828067672         2.0422568366         4.7622515148         1.3966839240 
        1.3150000000         2.8400000000         1.2157947993         0.0501458331         2.0326480057         4.9613050402         1.4043252250 
        1.3200000000         2.8400000000         1.2081558831        -0.1488455681         2.0262421184         4.4304956392         1.3839484223 
        1.3250000000         2.8400000000         1.2132484939        -0.0161846340         2.0326480057         4.5631979895         1.3890426230 
        1.3300000000         2.8400000000         1.2132484939        -0.0161846340         2.0390538930         4.7622515148         1.3966839240 
        1.3350000000         2.8400000000         1.2132484939        -0.0161846340         2.0326480057         4.6295491646         1.3915897233 
        1.3400000000         2.8400000000         1.2081558831        -0.1488455681         2.0294450621         4.6959003397         1.3941368236 
        1.3450000000         2.8400000000         1.2132484939        -0.0161846340         2.0230391748         4.7622515148         1.3966839240 
        1.3500000000         2.8400000000         1.2157947993         0.0501458331         2.0294450621         4.6959003397         1.3941368236 
        1.3550000000         2.8400000000         1.2183411047         0.1164763002         2.0422568366         4.7622515148         1.3966839240 
        1.3600000000         2.8400000000         1.2081558831        -0.1488455681         2.0230391748         4.7622515148         1.3966839240 
        1.3650000000         2.8400000000         1.2157947993         0.0501458331         2.0326480057         4.6295491646         1.3915897233 
        1.3700000000         2.8400000000         1.2208874101         0.1828067672         2.0390538930         4.8286026899         1.3992310243 
        1.3750000000         2.8400000000         1.2132484939        -0.0161846340         2.0326480057         4.9613050402         1.4043252250 
        1.3800000000         2.8400000000         1.2081558831        -0.1488455681         2.0230391748         4.6959003397         1.3941368236 
        1.3850000000         2.8400000000         1.2081558831        -0.1488455681         2.0230391748         4.8286026899         1.3992310243 
        1.3900000000         2.8400000000         1.2234337155         0.2491372343         2.0422568366         4.7622515148         1.3966839240 
        1.3950001000         2.8400000000         1.2208874101         0.1828067672         2.0390538930         4.4304956392         1.3839484223 
        1.4000000000         2.8400000000         1.2183411047         0.1164763002         2.0422568366         4.8286026899         1.3992310243 
        1.4050007000         2.8400000000         1.2132484939        -0.0161846340         2.0230391748         4.6959003397         1.3941368236 
        1.4100000000         2.8400000000         1.2157947993         0.0501458331         2.0326480057         4.8949538651         1.4017781247 
        1.4150000000         2.8400000000         1.2132484939        -0.0161846340         2.0390538930         4.7622515148         1.3966839240 
        1.4200000000         2.8400000000         1.2208874101         0.1828067672         2.0422568366         4.8286026899         1.3992310243 
        1.4250018000         2.8400000000         1.2132484939        -0.0161846340         2.0390538930         4.9613050402         1.4043252250 
        1.4300000000         2.8400000000         1.2234337155         0.2491372343         2.0454597802         4.4304956392         1.3839484223 
        1.4350000000         2.8400000000         1.2132484939        -0.0161846340         2.0326480057         5.0276562153         1.4068723253 
        1.4400000000         2.8400000000         1.2107021885        -0.0825151010         2.0326480057         4.6295491646         1.3915897233 
        1.4450000000         2.8400000000         1.2081558831        -0.1488455681         2.0262421184         4.5631979895         1.3890426230 
        1.4500000000         2.8400000000         1.2132484939        -0.0161846340         2.0326480057         4.6959003397         1.3941368236 
        1.4550000000         2.8400000000         1.2132484939        -0.0161846340         2.0294450621         4.2314421139         1.3763071212 
        1.4600000000         2.8400000000         1.2183411047         0.1164763002         2.0422568366         4.7622515148         1.3966839240 
        1.4650000000         2.8400000000         1.2132484939        -0.0161846340         2.0294450621         4.9613050402         1.4043252250 
        1.4700012000         2.8400000000         1.2208874101         0.1828067672         2.0422568366         4.4304956392         1.3839484223 
        1.4750000000         2.8400000000         1.2132484939        -0.0161846340         2.0390538930         4.7622515148         1.3966839240 
        1.4800009000         2.8400000000         1.2157947993         0.0501458331         2.0294450621         4.6295491646         1.3915897233 
        1.4850000000         2.8400000000         1.2132484939        -0.0161846340         2.0230391748         4.8286026899         1.3992310243 
        1.4900000000         2.8400000000         1.2132484939        -0.0161846340         2.0326480057         4.5631979895         1.3890426230 
        1.4950000000         2.8400000000         1.2132484939        -0.0161846340         2.0454597802         4.5631979895         1.3890426230 
        1.5000000000         2.8400000000         1.2132484939        -0.0161846340         2.0326480057         4.9613050402         1.4043252250 
        1.5050000000         2.8400000000         1.2132484939        -0.0161846340         2.0326480057         4.2314421139         1.3763071212 
        1.5100000000         2.8400000000         1.2132484939        -0.0161846340         2.0326480057         4.5631979895         1.3890426230 
        1.5150000000         2.8400000000         1.2132484939        -0.0161846340         2.0294450621         4.6295491646         1.3915897233 
        1.5200011000         2.8400000000         1.2132484939        -0.0161846340         2.0326480057         4.9613050402         1.4043252250 
        1.5250000000         2.8400000000         1.2183411047         0.1164763002         2.0358509493         4.5631979895         1.3890426230 
        1.5300000000         2.8400000000         1.2183411047         0.1164763002         2.0390538930         4.7622515148         1.3966839240 
        1.5350000000         2.8400000000         1.2056095777        -0.2151760351         2.0326480057         4.9613050402         1.4043252250 
        1.5400001000         2.8400000000         1.2132484939        -0.0161846340         2.0294450621         4.9613050402         1.4043252250 
        1.5450000000         2.8400000000         1.2081558831        -0.1488455681         2.0230391748         4.7622515148         1.3966839240 
        1.5500000000         2.8400000000         1.2132484939        -0.0161846340         2.0326480057         4.6295491646         1.3915897233 
        1.5550000000         2.8400000000         1.2056095777        -0.2151760351         2.0230391748         4.7622515148         1.3966839240 
        1.5600000000         2.8400000000         1.2208874101         0.1828067672         2.0390538930         4.4968468143         1.3864955226 
        1.5650000000         2.8400000000         1.2081558831        -0.1488455681         2.0262421184         4.4304956392         1.3839484223 
        1.5700000000         2.8400000000         1.2132484939        -0.0161846340         2.0326480057         4.9613050402         1.4043252250 
        1.5750000000         2.8400000000         1.2132484939        -0.0161846340         2.0294450621         5.0276562153         1.4068723253 
        1.5800000000         2.8400000000         1.2081558831        -0.1488455681         2.0294450621         4.9613050402         1.4043252250 
        1.5850019000         2.8400000000         1.2081558831        -0.1488455681         2.0230391748         4.8286026899         1.3992310243 
        1.5900000000         2.8400000000         1.2157947993         0.0501458331         2.0294450621         4.6295491646         1.3915897233 
        1.5950000000         2.8400000000         1.2234337155         0.2491372343         2.0422568366         4.7622515148         1.3966839240 
        1.6000000000         2.8400000000         1.2208874101         0.1828067672         2.0422568366         4.7622515148         1.3966839240 
        1.6050000000         2.8400000000         1.2208874101         0.1828067672         2.0422568366         4.8286026899         1.3992310243 
        1.6100000000         2.8400000000         1.2132484939        -0.0161846340         2.0294450621         5.0276562153         1.4068723253 
        1.6150000000         2.8400000000         1.2132484939        -0.0161846340         2.0358509493         4.6295491646         1.3915897233 
        1.6200000000         2.8400000000         1.2081558831        -0.1488455681         2.0262421184         4.8286026899         1.3992310243 
        1.6250000000         2.8400000000         1.2081558831        -0.1488455681         2.0230391748         4.4304956392         1.3839484223 
        1.6300000000         2.8400000000         1.2132484939        -0.0161846340         2.0358509493         4.2314421139         1.3763071212 
        1.6350000000         2.8400000000         1.2132484939        -0.0161846340         2.0390538930         5.0276562153         1.4068723253 
        1.6400000000         2.8400000000         1.2081558831        -0.1488455681         2.0358509493         4.5631979895         1.3890426230 
        1.6450001000         2.8400000000         1.2107021885        -0.0825151010         2.0262421184         4.5631979895         1.3890426230 
        1.6500000000         2.8400000000         1.2132484939        -0.0161846340         2.0326480057         4.6295491646         1.3915897233 
        1.6550000000         2.8400000000         1.2132484939        -0.0161846340         2.0326480057         4.6295491646         1.3915897233 
        1.6600000000         2.8400000000         1.2208874101         0.1828067672         2.0422568366         4.7622515148         1.3966839240 
        1.6650001000         2.8400000000         1.2157947993         0.0501458331         2.0294450621         4.9613050402         1.4043252250 
        1.6700000000         2.8400000000         1.2132484939        -0.0161846340         2.0326480057         4.9613050402         1.4043252250 
        1.6750000000         2.8400000000         1.2056095777        -0.2151760351         2.0230391748         4.7622515148         1.3966839240 
        1.6800000000         2.8400000000         1.2132484939        -0.0161846340         2.0326480057         4.5631979895         1.3890426230 
        1.6850000000         2.8400000000         1.2183411047         0.1164763002         2.0390538930         4.8286026899         1.3992310243 
        1.6900000000         2.8400000000         1.2157947993         0.0501458331         2.0294450621         4.8949538651         1.4017781247 
        1.6950000000         2.8400000000         1.2132484939        -0.0161846340         2.0326480057         4.9613050402         1.4043252250 
        1.7000000000         2.8400000000         1.2056095777        -0.2151760351         2.0230391748         4.7622515148         1.3966839240 
        1.7050000000         2.8400000000         1.2081558831        -0.1488455681         2.0230391748         4.7622515148         1.3966839240 
        1.7100000000         2.8400000000         1.2081558831        -0.1488455681         2.0230391748         4.7622515148         1.3966839240 
        1.7150015000         2.8400000000         1.2132484939        -0.0161846340         2.0326480057         4.6959003397         1.3941368236 
        1.7200000000         2.8400000000         1.2081558831        -0.1488455681         2.0230391748         4.7622515148         1.3966839240 
        1.7250000000         2.8400000000         1.2081558831        -0.1488455681         2.0230391748         4.7622515148         1.3966839240 
        1.7300000000         2.8400000000         1.2132484939        -0.0161846340         2.0230391748         4.8286026899         1.3992310243 
        1.7350000000         2.8400000000         1.2208874101         0.1828067672         2.0390538930         4.7622515148         1.3966839240 
        1.7400000000         2.8400000000         1.2208874101         0.1828067672         2.0422568366         4.8286026899         1.3992310243 
        1.7450000000         2.8400000000         1.2132484939        -0.0161846340         2.0294450621         4.9613050402         1.4043252250 
        1.7500000000         2.8400000000         1.2081558831        -0.1488455681         2.0230391748         4.7622515148         1.3966839240 
        1.7550000000         2.8400000000         1.2132484939        -0.0161846340         2.0326480057         4.6295491646         1.3915897233 
        1.7600000000         2.8400000000         1.2234337155         0.2491372343         2.0390538930         4.8286026899         1.3992310243 
        1.7650000000         2.8400000000         1.2056095777        -0.2151760351         2.0262421184         4.7622515148         1.3966839240 
        1.7700001000         2.8400000000         1.2208874101         0.1828067672         2.0454597802         4.8286026899         1.3992310243 
        1.7750000000         2.8400000000         1.2157947993         0.0501458331         2.0230391748         4.7622515148         1.3966839240 
        1.7800000000         2.8400000000         1.2081558831        -0.1488455681         2.0262421184         4.8286026899         1.3992310243 
        1.7850000000         2.8400000000         1.2132484939        -0.0161846340         2.0326480057         4.6959003397         1.3941368236 
        1.7900001000         2.8400000000         1.2132484939        -0.0161846340         2.0358509493         4.4304956392         1.3839484223 
        1.7950000000         2.8400000000         1.2132484939        -0.0161846340         2.0326480057         4.9613050402         1.4043252250 
        1.8000000000         2.8400000000         1.2132484939        -0.0161846340         2.0326480057         4.5631979895         1.3890426230 
        1.8050000000         2.8400000000         1.2132484939        -0.0161846340         2.0294450621         4.7622515148         1.3966839240 
        1.8100000000         2.8400000000         1.2132484939        -0.0161846340         2.0230391748         4.6295491646         1.3915897233 
        1.8150000000         2.8400000000         1.2208874101         0.1828067672         2.0390538930         4.4304956392         1.3839484223 
        1.8200000000         2.8400000000         1.2132484939        -0.0161846340         2.0326480057         4.9613050402         1.4043252250 
        1.8250000000         2.8400000000         1.2132484939        -0.0161846340         2.0230391748         4.4968468143         1.3864955226 
        1.8300000000         2.8400000000         1.2132484939        -0.0161846340         2.0326480057         4.5631979895         1.3890426230 
        1.8350000000         2.8400000000         1.2183411047         0.1164763002         2.0390538930         4.7622515148         1.3966839240 
        1.8400000000         2.8400000000         1.2183411047         0.1164763002         2.0422568366         4.7622515148         1.3966839240 
        1.8450000000         2.8400000000         1.2081558831        -0.1488455681         2.0294450621         4.9613050402         1.4043252250 
        1.8500000000         2.8400000000         1.2132484939        -0.0161846340         2.0326480057         4.8949538651         1.4017781247 
        1.8550000000         2.8400000000         1.2132484939        -0.0161846340         2.0230391748         4.7622515148         1.3966839240 
        1.8600000000         2.8400000000         1.2132484939        -0.0161846340         2.0230391748         4.7622515148         1.3966839240 
        1.8650000000         2.8400000000         1.2208874101         0.1828067672         2.0326480057         4.6295491646         1.3915897233 
        1.8700000000         2.8400000000         1.2208874101         0.1828067672         2.0390538930         4.7622515148         1.3966839240 
        1.8750000000         2.8400000000         1.2208874101         0.1828067672         2.0390538930         4.7622515148         1.3966839240 
        1.8800000000         2.8400000000         1.2157947993         0.0501458331         2.0390538930         5.0276562153         1.4068723253 
        1.8850000000         2.8400000000         1.2030632723        -0.2815065022         2.0230391748         4.7622515148         1.3966839240 
        1.8900000000         2.8400000000         1.2208874101         0.1828067672         2.0422568366         4.7622515148         1.3966839240 
        1.8950001000         2.8400000000         1.2234337155         0.2491372343         2.0422568366         4.8286026899         1.3992310243 
        1.9000000000         2.8400000000         1.2183411047         0.1164763002         2.0326480057         4.9613050402         1.4043252250 
        1.9050000000         2.8400000000         1.2132484939        -0.0161846340         2.0326480057         4.9613050402         1.4043252250 
        1.9100000000         2.8400000000         1.2081558831        -0.1488455681         2.0230391748         4.7622515148         1.3966839240 
        1.9150001000         2.8400000000         1.2157947993         0.0501458331         2.0230391748         4.8286026899         1.3992310243 
        1.9200000000         2.8400000000         1.2157947993         0.0501458331         2.0326480057         4.6295491646         1.3915897233 
        1.9250000000         2.8400000000         1.2132484939        -0.0161846340         2.0422568366         4.6959003397         1.3941368236 
        1.9300000000         2.8400000000         1.2183411047         0.1164763002         2.0390538930         4.7622515148         1.3966839240 
        1.9350000000         2.8400000000         1.2157947993         0.0501458331         2.0326480057         4.9613050402         1.4043252250 
        1.9400000000         2.8400000000         1.2132484939        -0.0161846340         2.0326480057         5.0276562153         1.4068723253 
        1.9450000000         2.8400000000         1.2157947993         0.0501458331         2.0326480057         4.6959003397         1.3941368236 
        1.9500000000         2.8400000000         1.2208874101         0.1828067672         2.0454597802         4.8286026899         1.3992310243 
        1.9550000000         2.8400000000         1.2081558831        -0.1488455681         2.0294450621         5.0940073904         1.4094194257 
        1.9600000000         2.8400000000         1.2132484939        -0.0161846340         2.0358509493         4.5631979895         1.3890426230 
        1.9650000000         2.8400000000         1.2081558831        -0.1488455681         2.0262421184         4.8286026899         1.3992310243 
        1.9700000000         2.8400000000         1.2081558831        -0.1488455681         2.0230391748         4.7622515148         1.3966839240 
        1.9750000000         2.8400000000         1.2081558831        -0.1488455681         2.0262421184         4.7622515148         1.3966839240 
        1.9800000000         2.8400000000         1.2081558831        -0.1488455681         2.0230391748         4.7622515148         1.3966839240 
        1.9850000000         2.8400000000         1.2183411047         0.1164763002         2.0390538930         4.3641444641         1.3814013219 
        1.9900000000         2.8400000000         1.2132484939        -0.0161846340         2.0390538930         4.8949538651         1.4017781247 
        1.9950000000         2.8400000000         1.2132484939        -0.0161846340         2.0358509493         4.6959003397         1.3941368236 
        2.0000000000         2.8400000000         1.2081558831        -0.1488455681         2.0294450621         4.9613050402         1.4043252250 
        2.0050000000         2.8400000000         1.2081558831        -0.1488455681         2.0230391748         4.7622515148         1.3966839240 
        2.0100000000         2.8400000000         1.2081558831        -0.1488455681         2.0262421184         4.7622515148         1.3966839240 
        2.0150000000         2.8400000000         1.2132484939        -0.0161846340         2.0358509493         4.5631979895         1.3890426230 
        2.0200001000         2.8400000000         1.2132484939        -0.0161846340         2.0326480057         5.0276562153         1.4068723253 
        2.0250000000         2.8400000000         1.2081558831        -0.1488455681         2.0230391748         4.8286026899         1.3992310243 
        2.0300000000         2.8400000000         1.2132484939        -0.0161846340         2.0294450621         4.9613050402         1.4043252250 
        2.0350000000         2.8400000000         1.2132484939        -0.0161846340         2.0294450621         4.9613050402         1.4043252250 
        2.0400001000         2.8400000000         1.2081558831        -0.1488455681         2.0262421184         4.7622515148         1.3966839240 
        2.0450000000         2.8400000000         1.2107021885        -0.0825151010         2.0262421184         4.8286026899         1.3992310243 
        2.0500000000         2.8400000000         1.2132484939        -0.0161846340         2.0326480057         4.6295491646         1.3915897233 
        2.0550000000         2.8400000000         1.2183411047         0.1164763002         2.0294450621         4.6959003397         1.3941368236 
        2.0600000000         2.8400000000         1.2208874101         0.1828067672         2.0390538930         4.7622515148         1.3966839240 
        2.0650000000         2.8400000000         1.2208874101         0.1828067672         2.0454597802         4.8286026899         1.3992310243 
        2.0700000000         2.8400000000         1.2132484939        -0.0161846340         2.0326480057         4.8949538651         1.4017781247 
        2.0750000000         2.8400000000         1.2081558831        -0.1488455681         2.0294450621         4.9613050402         1.4043252250 
        2.0800000000         2.8400000000         1.2157947993         0.0501458331         2.0230391748         4.7622515148         1.3966839240 
        2.0850000000         2.8400000000         1.2081558831        -0.1488455681         2.0230391748         4.8286026899         1.3992310243 
        2.0900000000         2.8400000000         1.2157947993         0.0501458331         2.0390538930         4.7622515148         1.3966839240 
        2.0950000000         2.8400000000         1.2107021885        -0.0825151010         2.0326480057         4.7622515148         1.3966839240 
        2.1000000000         2.8400000000         1.2081558831        -0.1488455681         2.0230391748         4.8286026899         1.3992310243 
        2.1050000000         2.8400000000         1.2234337155         0.2491372343         2.0422568366         4.8286026899         1.3992310243 
        2.1100000000         2.8400000000         1.2132484939        -0.0161846340         2.0358509493         5.0276562153         1.4068723253 
        2.1150000000         2.8400000000         1.2132484939        -0.0161846340         2.0326480057         4.6295491646         1.3915897233 
        2.1200000000         2.8400000000         1.2208874101         0.1828067672         2.0390538930         4.4304956392         1.3839484223 
        2.1250000000         2.8400000000         1.2081558831        -0.1488455681         2.0294450621         5.0276562153         1.4068723253 
        2.1300000000         2.8400000000         1.2081558831        -0.1488455681         2.0326480057         4.6295491646         1.3915897233 
        2.1350000000         2.8400000000         1.2132484939        -0.0161846340         2.0262421184         4.6959003397         1.3941368236 
        2.1400000000         2.8400000000         1.2056095777        -0.2151760351         2.0326480057         5.0276562153         1.4068723253 
        2.1450000000         2.8400000000         1.2183411047         0.1164763002         2.0390538930         4.4304956392         1.3839484223 
        2.1500000000         2.8400000000         1.2132484939        -0.0161846340         2.0294450621         4.6295491646         1.3915897233 
        2.1550000000         2.8400000000         1.2081558831        -0.1488455681         2.0230391748         4.7622515148         1.3966839240 
        2.1600000000         2.8400000000         1.2132484939        -0.0161846340         2.0326480057         4.6295491646         1.3915897233 
        2.1650000000         2.8400000000         1.2208874101         0.1828067672         2.0422568366         4.7622515148         1.3966839240 
        2.1700000000         2.8400000000         1.2056095777        -0.2151760351         2.0262421184         4.7622515148         1.3966839240 
        2.1750000000         2.8400000000         1.2183411047         0.1164763002         2.0422568366         4.4304956392         1.3839484223 
        2.1800000000         2.8400000000         1.2208874101         0.1828067672         2.0390538930         4.7622515148         1.3966839240 
        2.1850000000         2.8400000000         1.2132484939        -0.0161846340         2.0326480057         4.8949538651         1.4017781247 
        2.1900000000         2.8400000000         1.2157947993         0.0501458331         2.0326480057         4.2314421139         1.3763071212 
        2.1950000000         2.8400000000         1.2081558831        -0.1488455681         2.0230391748         4.7622515148         1.3966839240 
        2.2000000000         2.8400000000         1.2132484939        -0.0161846340         2.0326480057         4.6295491646         1.3915897233 
        2.2050000000         2.8400000000         1.2208874101         0.1828067672         2.0422568366         4.7622515148         1.3966839240 
        2.2100000000         2.8400000000         1.2183411047         0.1164763002         2.0390538930         4.8286026899         1.3992310243 
        2.2150000000         2.8400000000         1.2132484939        -0.0161846340         2.0262421184         4.9613050402         1.4043252250 
        2.2200000000         2.8400000000         1.2081558831        -0.1488455681         2.0262421184         4.8286026899         1.3992310243 
        2.2250000000         2.8400000000         1.2234337155         0.2491372343         2.0390538930         4.8286026899         1.3992310243 
        2.2300000000         2.8400000000         1.2157947993         0.0501458331         2.0326480057         4.9613050402         1.4043252250 
        2.2350000000         2.8400000000         1.2081558831        -0.1488455681         2.0262421184         4.7622515148         1.3966839240 
        2.2400000000         2.8400000000         1.2107021885        -0.0825151010         2.0230391748         4.7622515148         1.3966839240 
        2.2450000000         2.8400000000         1.2132484939        -0.0161846340         2.0358509493         4.6295491646         1.3915897233 
        2.2500000000         2.8400000000         1.2132484939        -0.0161846340         2.0294450621         4.6295491646         1.3915897233 
        2.2550000000         2.8400000000         1.2132484939        -0.0161846340         2.0326480057         4.6295491646         1.3915897233 
        2.2600000000         2.8400000000         1.2208874101         0.1828067672         2.0390538930         4.8286026899         1.3992310243 
        2.2650000000         2.8400000000         1.2081558831        -0.1488455681         2.0230391748         4.7622515148         1.3966839240 
        2.2700000000         2.8400000000         1.2056095777        -0.2151760351         2.0262421184         4.7622515148         1.3966839240 
        2.2750000000         2.8400000000         1.2132484939        -0.0161846340         2.0326480057         4.6959003397         1.3941368236 
        2.2800000000         2.8400000000         1.2132484939        -0.0161846340         2.0326480057         4.2314421139         1.3763071212 
        2.2850000000         2.8400000000         1.2208874101         0.1828067672         2.0422568366         4.8286026899         1.3992310243 
        2.2900000000         2.8400000000         1.2183411047         0.1164763002         2.0390538930         4.5631979895         1.3890426230 
        2.2950000000         2.8400000000         1.2132484939        -0.0161846340         2.0326480057         4.5631979895         1.3890426230 
        2.3000000000         2.8400000000         1.2132484939        -0.0161846340         2.0326480057         4.9613050402         1.4043252250 
        2.3050000000         2.8400000000         1.2081558831        -0.1488455681         2.0230391748         4.4304956392         1.3839484223 
        2.3100000000         2.8400000000         1.2132484939        -0.0161846340         2.0294450621         4.2314421139         1.3763071212 
        2.3150000000         2.8400000000         1.2132484939        -0.0161846340         2.0294450621         4.5631979895         1.3890426230 
        2.3200000000         2.8400000000         1.2183411047         0.1164763002         2.0390538930         4.4304956392         1.3839484223 
        2.3250000000         2.8400000000         1.2132484939        -0.0161846340         2.0326480057         4.9613050402         1.4043252250 
        2.3300000000         2.8400000000         1.2132484939        -0.0161846340         2.0262421184         4.7622515148         1.3966839240 
        2.3350000000         2.8400000000         1.2132484939        -0.0161846340         2.0326480057         4.2314421139         1.3763071212 
        2.3400000000         2.8400000000         1.2132484939        -0.0161846340         2.0358509493         4.6295491646         1.3915897233 
        2.3450000000         2.8400000000         1.2132484939        -0.0161846340         2.0326480057         4.5631979895         1.3890426230 
        2.3500000000         2.8400000000         1.2183411047         0.1164763002         2.0390538930         4.7622515148         1.3966839240 
        2.3550000000         2.8400000000         1.2157947993         0.0501458331         2.0390538930         4.7622515148         1.3966839240 
        2.3600000000         2.8400000000         1.2081558831        -0.1488455681         2.0230391748         4.7622515148         1.3966839240 
        2.3650000000         2.8400000000         1.2157947993         0.0501458331         2.0294450621         4.6295491646         1.3915897233 
        2.3700000000         2.8400000000         1.2183411047         0.1164763002         2.0390538930         4.7622515148         1.3966839240 
        2.3750000000         2.8400000000         1.2132484939        -0.0161846340         2.0326480057         4.8949538651         1.4017781247 
        2.3800000000         2.8400000000         1.2081558831        -0.1488455681         2.0230391748         4.7622515148         1.3966839240 
        2.3850000000         2.8400000000         1.2056095777        -0.2151760351         2.0262421184         4.7622515148         1.3966839240 
        2.3900000000         2.8400000000         1.2157947993         0.0501458331         2.0262421184         4.8286026899         1.3992310243 
        2.3950000000         2.8400000000         1.2030632723        -0.2815065022         2.0326480057         4.6295491646         1.3915897233 
        2.4000000000         2.8400000000         1.2183411047         0.1164763002         2.0390538930         4.8286026899         1.3992310243 
        2.4050000000         2.8400000000         1.2132484939        -0.0161846340         2.0294450621         4.9613050402         1.4043252250 
        2.4100000000         2.8400000000         1.2132484939        -0.0161846340         2.0326480057         5.0276562153         1.4068723253 
        2.4150000000         2.8400000000         1.2081558831        -0.1488455681         2.0230391748         4.7622515148         1.3966839240 
        2.4200000000         2.8400000000         1.2081558831        -0.1488455681         2.0262421184         4.8286026899         1.3992310243 
        2.4250000000         2.8400000000         1.2132484939        -0.0161846340         2.0294450621         4.6959003397         1.3941368236 
        2.4300000000         2.8400000000         1.2208874101         0.1828067672         2.0422568366         4.4304956392         1.3839484223 
        2.4350000000         2.8400000000         1.2132484939        -0.0161846340         2.0358509493         5.0276562153         1.4068723253 
        2.4400000000         2.8400000000         1.2132484939        -0.0161846340         2.0326480057         4.6295491646         1.3915897233 
        2.4450000000         2.8400000000         1.2081558831        -0.1488455681         2.0262421184         4.4304956392         1.3839484223 
        2.4500000000         2.8400000000         1.2081558831        -0.1488455681         2.0230391748         4.7622515148         1.3966839240 
        2.4550000000         2.8400000000         1.2132484939        -0.0161846340         2.0294450621         4.2314421139         1.3763071212 
        2.4600000000         2.8400000000         1.2132484939        -0.0161846340         2.0422568366         4.4304956392         1.3839484223 
        2.4650000000         2.8400000000         1.2132484939        -0.0161846340         2.0294450621         4.5631979895         1.3890426230 
        2.4700000000         2.8400000000         1.2081558831        -0.1488455681         2.0358509493         4.6295491646         1.3915897233 
        2.4750000000         2.8400000000         1.2132484939        -0.0161846340         2.0294450621         4.9613050402         1.4043252250 
        2.4800000000         2.8400000000         1.2081558831        -0.1488455681         2.0230391748         4.4304956392         1.3839484223 
        2.4850000000         2.8400000000         1.2132484939        -0.0161846340         2.0262421184         4.7622515148         1.3966839240 
        2.4900000000         2.8400000000         1.2208874101         0.1828067672         2.0294450621         4.6295491646         1.3915897233 
        2.4950000000         2.8400000000         1.2208874101         0.1828067672         2.0390538930         4.4304956392         1.3839484223 
        2.5000000000         2.8400000000         1.2183411047         0.1164763002         2.0422568366         4.7622515148         1.3966839240 
        2.5050000000         2.8400000000         1.2208874101         0.1828067672         2.0422568366         4.7622515148         1.3966839240 
        2.5100000000         2.8400000000         1.2132484939        -0.0161846340         2.0326480057         4.9613050402         1.4043252250 
        2.5150000000         2.8400000000         1.2056095777        -0.2151760351         2.0294450621         4.9613050402         1.4043252250 
        2.5200000000         2.8400000000         1.2132484939        -0.0161846340         2.0326480057         4.9613050402         1.4043252250 
        2.5250000000         2.8400000000         1.2157947993         0.0501458331         2.0390538930         4.7622515148         1.3966839240 
        2.5300000000         2.8400000000         1.2183411047         0.1164763002         2.0390538930         4.7622515148         1.3966839240 
        2.5350000000         2.8400000000         1.2183411047         0.1164763002         2.0422568366         4.7622515148         1.3966839240 
        2.5400000000         2.8400000000         1.2132484939        -0.0161846340         2.0294450621         4.6959003397         1.3941368236 
        2.5450000000         2.8400000000         1.2208874101         0.1828067672         2.0390538930         4.8286026899         1.3992310243 
        2.5500000000         2.8400000000         1.2107021885        -0.0825151010         2.0326480057         4.6295491646         1.3915897233 
        2.5550000000         2.8400000000         1.2132484939        -0.0161846340         2.0294450621         4.6959003397         1.3941368236 
        2.5600000000         2.8400000000         1.2208874101         0.1828067672         2.0294450621         4.6295491646         1.3915897233 
        2.5650000000         2.8400000000         1.2208874101         0.1828067672         2.0422568366         4.8286026899         1.3992310243 
        2.5700000000         2.8400000000         1.2183411047         0.1164763002         2.0326480057         4.9613050402         1.4043252250 
        2.5750000000         2.8400000000         1.2157947993         0.0501458331         2.0294450621         5.0276562153         1.4068723253 
        2.5800000000         2.8400000000         1.2107021885        -0.0825151010         2.0358509493         5.0276562153         1.4068723253 
        2.5850000000         2.8400000000         1.2056095777        -0.2151760351         2.0294450621         5.0276562153         1.4068723253 
        2.5900000000         2.8400000000         1.2132484939        -0.0161846340         2.0326480057         4.2977932890         1.3788542216 
        2.5950000000         2.8400000000         1.2208874101         0.1828067672         2.0454597802         4.4304956392         1.3839484223 
        2.6000000000         2.8400000000         1.2081558831        -0.1488455681         2.0230391748         4.7622515148         1.3966839240 
        2.6050000000         2.8400000000         1.2132484939        -0.0161846340         2.0262421184         4.4968468143         1.3864955226 
        2.6100000000         2.8400000000         1.2132484939        -0.0161846340         2.0230391748         4.8949538651         1.4017781247 
        2.6150000000         2.8400000000         1.2132484939        -0.0161846340         2.0326480057         4.6295491646         1.3915897233 
        2.6200000000         2.8400000000         1.2132484939        -0.0161846340         2.0294450621         4.9613050402         1.4043252250 
        2.6250000000         2.8400000000         1.2183411047         0.1164763002         2.0422568366         4.4304956392         1.3839484223 
        2.6300000000         2.8400000000         1.2208874101         0.1828067672         2.0422568366         4.4304956392         1.3839484223 
        2.6350000000         2.8400000000         1.2132484939        -0.0161846340         2.0358509493         4.6295491646         1.3915897233 
        2.6400000000         2.8400000000         1.2132484939        -0.0161846340         2.0326480057         4.2977932890         1.3788542216 
        2.6450000000         2.8400000000         1.2132484939        -0.0161846340         2.0358509493         4.2977932890         1.3788542216 
        2.6500000000         2.8400000000         1.2132484939        -0.0161846340         2.0198362312         4.7622515148         1.3966839240 
        2.6550000000         2.8400000000         1.2132484939        -0.0161846340         2.0198362312         4.4304956392         1.3839484223 
        2.6600000000         2.8400000000         1.2157947993         0.0501458331         2.0294450621         4.6295491646         1.3915897233 
        2.6650000000         2.8400000000         1.2056095777        -0.2151760351         2.0230391748         4.7622515148         1.3966839240 
        2.6700000000         2.8400000000         1.2056095777        -0.2151760351         2.0230391748         4.7622515148         1.3966839240 
        2.6750000000         2.8400000000         1.2107021885        -0.0825151010         2.0326480057         4.7622515148         1.3966839240 
        2.6800000000         2.8400000000         1.2107021885        -0.0825151010         2.0326480057         4.9613050402         1.4043252250 
        2.6850000000         2.8400000000         1.2081558831        -0.1488455681         2.0230391748         4.7622515148         1.3966839240 
        2.6900000000         2.8400000000         1.2081558831        -0.1488455681         2.0262421184         4.7622515148         1.3966839240 
        2.6950000000         2.8400000000         1.2132484939        -0.0161846340         2.0358509493         4.6295491646         1.3915897233 
        2.7000000000         2.8400000000         1.2157947993         0.0501458331         2.0326480057         4.5631979895         1.3890426230 
        2.7050000000         2.8400000000         1.2183411047         0.1164763002         2.0390538930         4.7622515148         1.3966839240 
        2.7100000000         2.8400000000         1.2208874101         0.1828067672         2.0422568366         4.8286026899         1.3992310243 
        2.7150000000         2.8400000000         1.2132484939        -0.0161846340         2.0262421184         4.9613050402         1.4043252250 
        2.7200000000         2.8400000000         1.2107021885        -0.0825151010         2.0230391748         4.8286026899         1.3992310243 
        2.7250000000         2.8400000000         1.2107021885        -0.0825151010         2.0230391748         4.7622515148         1.3966839240 
        2.7300000000         2.8400000000         1.2081558831        -0.1488455681         2.0230391748         4.8286026899         1.3992310243 
        2.7350000000         2.8400000000         1.2157947993         0.0501458331         2.0230391748         4.6295491646         1.3915897233 
        2.7400000000         2.8400000000         1.2081558831        -0.1488455681         2.0294450621         4.8949538651         1.4017781247 
        2.7450000000         2.8400000000         1.2132484939        -0.0161846340         2.0326480057         4.6959003397         1.3941368236 
        2.7500000000         2.8400000000         1.2234337155         0.2491372343         2.0390538930         4.8286026899         1.3992310243 
        2.7550000000         2.8400000000         1.2208874101         0.1828067672         2.0422568366         4.8286026899         1.3992310243 
        2.7600000000         2.8400000000         1.2107021885        -0.0825151010         2.0326480057         4.9613050402         1.4043252250 
        2.7650000000         2.8400000000         1.2132484939        -0.0161846340         2.0326480057         4.9613050402         1.4043252250 
        2.7700000000         2.8400000000         1.2081558831        -0.1488455681         2.0262421184         4.7622515148         1.3966839240 
        2.7750000000         2.8400000000         1.2132484939        -0.0161846340         2.0358509493         4.5631979895         1.3890426230 
        2.7800000000         2.8400000000         1.2081558831        -0.1488455681         2.0262421184         4.8286026899         1.3992310243 
        2.7850000000         2.8400000000         1.2132484939        -0.0161846340         2.0294450621         4.6295491646         1.3915897233 
        2.7900000000         2.8400000000         1.2107021885        -0.0825151010         2.0230391748         4.7622515148         1.3966839240 
        2.7950000000         2.8400000000         1.2183411047         0.1164763002         2.0422568366         4.7622515148         1.3966839240 
        2.8000000000         2.8400000000         1.2208874101         0.1828067672         2.0422568366         4.4968468143         1.3864955226 
        2.8050000000         2.8400000000         1.2132484939        -0.0161846340         2.0358509493         4.6295491646         1.3915897233 
        2.8100000000         2.8400000000         1.2081558831        -0.1488455681         2.0230391748         4.7622515148         1.3966839240 
        2.8150000000         2.8400000000         1.2183411047         0.1164763002         2.0390538930         4.4968468143         1.3864955226 
        2.8200000000         2.8400000000         1.2132484939        -0.0161846340         2.0422568366         4.9613050402         1.4043252250 
        2.8250000000         2.8400000000         1.2107021885        -0.0825151010         2.0326480057         4.9613050402         1.4043252250 
        2.8300000000         2.8400000000         1.2132484939        -0.0161846340         2.0326480057         4.9613050402         1.4043252250 
        2.8350000000         2.8400000000         1.2081558831        -0.1488455681         2.0230391748         4.7622515148         1.3966839240 
        2.8400000000         2.8400000000         1.2081558831        -0.1488455681         2.0230391748         4.7622515148         1.3966839240 
        2.8450000000         2.8400000000         1.2132484939        -0.0161846340         2.0294450621         4.5631979895         1.3890426230 
        2.8500000000         2.8400000000         1.2208874101         0.1828067672         2.0390538930         4.7622515148         1.3966839240 
        2.8550000000         2.8400000000         1.2132484939        -0.0161846340         2.0390538930         4.9613050402         1.4043252250 
        2.8600000000         2.8400000000         1.2234337155         0.2491372343         2.0390538930         4.7622515148         1.3966839240 
        2.8650000000         2.8400000000         1.2132484939        -0.0161846340         2.0326480057         4.9613050402         1.4043252250 
        2.8700000000         2.8400000000         1.2107021885        -0.0825151010         2.0358509493         4.9613050402         1.4043252250 
        2.8750000000         2.8400000000         1.2107021885        -0.0825151010         2.0230391748         4.7622515148         1.3966839240 
        2.8800000000         2.8400000000         1.2056095777        -0.2151760351         2.0230391748         4.7622515148         1.3966839240 
        2.8850000000         2.8400000000         1.2208874101         0.1828067672         2.0390538930         4.7622515148         1.3966839240 
        2.8900000000         2.8400000000         1.2234337155         0.2491372343         2.0390538930         4.8286026899         1.3992310243 
        2.8950000000         2.8400000000         1.2132484939        -0.0161846340         2.0326480057         4.9613050402         1.4043252250 
        2.9000000000         2.8400000000         1.2081558831        -0.1488455681         2.0294450621         4.9613050402         1.4043252250 
        2.9050000000         2.8400000000         1.2081558831        -0.1488455681         2.0198362312         4.8286026899         1.3992310243 
        2.9100000000         2.8400000000         1.2234337155         0.2491372343         2.0326480057         4.6295491646         1.3915897233 
        2.9150000000         2.8400000000         1.2208874101         0.1828067672         2.0358509493         4.6959003397         1.3941368236 
        2.9200000000         2.8400000000         1.2208874101         0.1828067672         2.0390538930         4.8286026899         1.3992310243 
        2.9250000000         2.8400000000         1.2234337155         0.2491372343         2.0422568366         4.6959003397         1.3941368236 
        2.9300000000         2.8400000000         1.2107021885        -0.0825151010         2.0326480057         5.0276562153         1.4068723253 
        2.9350000000         2.8400000000         1.2132484939        -0.0161846340         2.0358509493         4.6295491646         1.3915897233 
        2.9400000000         2.8400000000         1.2081558831        -0.1488455681         2.0262421184         4.7622515148         1.3966839240 
        2.9450000000         2.8400000000         1.2132484939        -0.0161846340         2.0358509493         4.6959003397         1.3941368236 
        2.9500000000         2.8400000000         1.2132484939        -0.0161846340         2.0326480057         4.2314421139         1.3763071212 
        2.9550000000         2.8400000000         1.2208874101         0.1828067672         2.0326480057         4.6959003397         1.3941368236 
        2.9600000000         2.8400000000         1.2081558831        -0.1488455681         2.0262421184         4.6959003397         1.3941368236 
        2.9650000000         2.8400000000         1.2132484939        -0.0161846340         2.0326480057         4.2314421139         1.3763071212 
        2.9700000000         2.8400000000         1.2132484939        -0.0161846340         2.0294450621         4.8949538651         1.4017781247 
        2.9750000000         2.8400000000         1.2081558831        -0.1488455681         2.0294450621         4.5631979895         1.3890426230 
        2.9800000000         2.8400000000         1.2132484939        -0.0161846340         2.0326480057         4.8949538651         1.4017781247 
        2.9850000000         2.8400000000         1.2132484939        -0.0161846340         2.0358509493         4.6959003397         1.3941368236 
        2.9900000000         2.8400000000         1.2081558831        -0.1488455681         2.0262421184         4.4304956392         1.3839484223 
        2.9950000000         2.8400000000         1.2208874101         0.1828067672         2.0390538930         4.8286026899         1.3992310243 
        3.0000000000         2.8400000000         1.2132484939        -0.0161846340         2.0326480057         4.2977932890         1.3788542216 
        3.0050000000         2.8400000000         1.2157947993         0.0501458331         2.0422568366         4.8286026899         1.3992310243 
        3.0100000000         2.8400000000         1.2132484939        -0.0161846340         2.0326480057         4.6295491646         1.3915897233 
        3.0150000000         2.8400000000         1.2132484939        -0.0161846340         2.0262421184         4.6295491646         1.3915897233 
        3.0200000000         2.8400000000         1.2208874101         0.1828067672         2.0390538930         4.6959003397         1.3941368236 
        3.0250000000         2.8400000000         1.2107021885        -0.0825151010         2.0326480057         4.9613050402         1.4043252250 
        3.0300000000         2.8400000000         1.2157947993         0.0501458331         2.0326480057         4.9613050402         1.4043252250 
        3.0350000000         2.8400000000         1.2132484939        -0.0161846340         2.0230391748         4.7622515148         1.3966839240 
        3.0400000000         2.8400000000         1.2132484939        -0.0161846340         2.0294450621         4.5631979895         1.3890426230 
        3.0450000000         2.8400000000         1.2132484939        -0.0161846340         2.0294450621         4.5631979895         1.3890426230 
        3.0500000000         2.8400000000         1.2157947993         0.0501458331         2.0422568366         4.8286026899         1.3992310243 
        3.0550000000         2.8400000000         1.2234337155         0.2491372343         2.0390538930         4.8286026899         1.3992310243 
        3.0600000000         2.8400000000         1.2157947993         0.0501458331         2.0326480057         4.9613050402         1.4043252250 
        3.0650000000         2.8400000000         1.2107021885        -0.0825151010         2.0294450621         4.9613050402         1.4043252250 
        3.0700000000         2.8400000000         1.2132484939        -0.0161846340         2.0326480057         5.0276562153         1.4068723253 
        3.0750000000         2.8400000000         1.2132484939        -0.0161846340         2.0390538930         4.8286026899         1.3992310243 
        3.0800000000         2.8400000000         1.2132484939        -0.0161846340         2.0422568366         4.8286026899         1.3992310243 
        3.0850000000         2.8400000000         1.2183411047         0.1164763002         2.0422568366         4.8286026899         1.3992310243 
        3.0900000000         2.8400000000         1.2183411047         0.1164763002         2.0390538930         4.8286026899         1.3992310243 
        3.0950000000         2.8400000000         1.2208874101         0.1828067672         2.0422568366         4.4304956392         1.3839484223 
        3.1000000000         2.8400000000         1.2183411047         0.1164763002         2.0422568366         4.8286026899         1.3992310243 
        3.1050000000         2.8400000000         1.2208874101         0.1828067672         2.0326480057         4.4968468143         1.3864955226 
        3.1100000000         2.8400000000         1.2208874101         0.1828067672         2.0358509493         4.4304956392         1.3839484223 
        3.1150000000         2.8400000000         1.2183411047         0.1164763002         2.0422568366         4.8286026899         1.3992310243 
        3.1200000000         2.8400000000         1.2208874101         0.1828067672         2.0390538930         4.3641444641         1.3814013219 
        3.1250000000         2.8400000000         1.2132484939        -0.0161846340         2.0326480057         4.7622515148         1.3966839240 
        3.1300000000         2.8400000000         1.2157947993         0.0501458331         2.0358509493         4.8949538651         1.4017781247 
        3.1350000000         2.8400000000         1.2056095777        -0.2151760351         2.0230391748         4.3641444641         1.3814013219 
        3.1400000000         2.8400000000         1.2081558831        -0.1488455681         2.0262421184         4.8286026899         1.3992310243 
        3.1450000000         2.8400000000         1.2132484939        -0.0161846340         2.0326480057         4.5631979895         1.3890426230 
        3.1500000000         2.8400000000         1.2132484939        -0.0161846340         2.0326480057         4.6295491646         1.3915897233 
        3.1550000000         2.8400000000         1.2208874101         0.1828067672         2.0390538930         4.7622515148         1.3966839240 
        3.1600000000         2.8400000000         1.2157947993         0.0501458331         2.0422568366         4.8286026899         1.3992310243 
        3.1650000000         2.8400000000         1.2132484939        -0.0161846340         2.0294450621         4.9613050402         1.4043252250 
        3.1700000000         2.8400000000         1.2132484939        -0.0161846340         2.0326480057         4.9613050402         1.4043252250 
        3.1750000000         2.8400000000         1.2081558831        -0.1488455681         2.0230391748         4.7622515148         1.3966839240 
        3.1800000000         2.8400000000         1.2081558831        -0.1488455681         2.0262421184         4.7622515148         1.3966839240 
        3.1850000000         2.8400000000         1.2107021885        -0.0825151010         2.0358509493         4.6295491646         1.3915897233 
        3.1900000000         2.8400000000         1.2208874101         0.1828067672         2.0358509493         4.5631979895         1.3890426230 
        3.1950000000         2.8400000000         1.2132484939        -0.0161846340         2.0358509493         4.6295491646         1.3915897233 
        3.2000000000         2.8400000000         1.2183411047         0.1164763002         2.0390538930         4.8286026899         1.3992310243 
        3.2050000000         2.8400000000         1.2234337155         0.2491372343         2.0390538930         4.8286026899         1.3992310243 
        3.2100000000         2.8400000000         1.2157947993         0.0501458331         2.0294450621         4.9613050402         1.4043252250 
        3.2150000000         2.8400000000         1.2132484939        -0.0161846340         2.0294450621         5.0276562153         1.4068723253 
        3.2200000000         2.8400000000         1.2208874101         0.1828067672         2.0390538930         4.7622515148         1.3966839240 
        3.2250000000         2.8400000000         1.2208874101         0.1828067672         2.0390538930         4.7622515148         1.3966839240 
        3.2300000000         2.8400000000         1.2157947993         0.0501458331         2.0294450621         4.9613050402         1.4043252250 
        3.2350000000         2.8400000000         1.2132484939        -0.0161846340         2.0390538930         5.0276562153         1.4068723253 
        3.2400000000         2.8400000000         1.2107021885        -0.0825151010         2.0230391748         4.8286026899         1.3992310243 
        3.2450000000         2.8400000000         1.2183411047         0.1164763002         2.0326480057         4.6959003397         1.3941368236 
        3.2500000000         2.8400000000         1.2132484939        -0.0161846340         2.0294450621         4.6959003397         1.3941368236 
        3.2550000000         2.8400000000         1.2208874101         0.1828067672         2.0390538930         4.8286026899         1.3992310243 
        3.2600000000         2.8400000000         1.2208874101         0.1828067672         2.0422568366         4.8286026899         1.3992310243 
        3.2650000000         2.8400000000         1.2132484939        -0.0161846340         2.0294450621         5.0276562153         1.4068723253 
        3.2700000000         2.8400000000         1.2107021885        -0.0825151010         2.0326480057         4.5631979895         1.3890426230 
        3.2750000000         2.8400000000         1.2056095777        -0.2151760351         2.0262421184         4.8286026899         1.3992310243 
        3.2800000000         2.8400000000         1.2056095777        -0.2151760351         2.0230391748         4.7622515148         1.3966839240 
        3.2850000000         2.8400000000         1.2132484939        -0.0161846340         2.0326480057         4.2314421139         1.3763071212 
        3.2900000000         2.8400000000         1.2183411047         0.1164763002         2.0454597802         4.8949538651         1.4017781247 
        3.2950000000         2.8400000000         1.2208874101         0.1828067672         2.0422568366         4.4968468143         1.3864955226 
        3.3000000000         2.8400000000         1.2208874101         0.1828067672         2.0390538930         4.7622515148         1.3966839240 
        3.3050000000         2.8400000000         1.2132484939        -0.0161846340         2.0326480057         4.9613050402         1.4043252250 
        3.3100000000         2.8400000000         1.2132484939        -0.0161846340         2.0390538930         4.6295491646         1.3915897233 
        3.3150000000         2.8400000000         1.2183411047         0.1164763002         2.0422568366         4.6959003397         1.3941368236 
        3.3200000000         2.8400000000         1.2132484939        -0.0161846340         2.0326480057         4.9613050402         1.4043252250 
        3.3250000000         2.8400000000         1.2132484939        -0.0161846340         2.0326480057         4.8949538651         1.4017781247 
        3.3300000000         2.8400000000         1.2056095777        -0.2151760351         2.0262421184         4.8286026899         1.3992310243 
        3.3350000000         2.8400000000         1.2081558831        -0.1488455681         2.0230391748         4.7622515148         1.3966839240 
        3.3400000000         2.8400000000         1.2132484939        -0.0161846340         2.0326480057         4.5631979895         1.3890426230 
        3.3450000000         2.8400000000         1.2208874101         0.1828067672         2.0390538930         4.7622515148         1.3966839240 
        3.3500000000         2.8400000000         1.2132484939        -0.0161846340         2.0294450621         4.9613050402         1.4043252250 
        3.3550000000         2.8400000000         1.2208874101         0.1828067672         2.0390538930         4.8286026899         1.3992310243 
        3.3600000000         2.8400000000         1.2132484939        -0.0161846340         2.0326480057         4.9613050402         1.4043252250 
        3.3650000000         2.8400000000         1.2081558831        -0.1488455681         2.0230391748         4.7622515148         1.3966839240 
        3.3700000000         2.8400000000         1.2081558831        -0.1488455681         2.0262421184         4.7622515148         1.3966839240 
        3.3750000000         2.8400000000         1.2107021885        -0.0825151010         2.0326480057         4.6959003397         1.3941368236 
        3.3800000000         2.8400000000         1.2132484939        -0.0161846340         2.0294450621         4.6295491646         1.3915897233 
        3.3850000000         2.8400000000         1.2208874101         0.1828067672         2.0390538930         4.8286026899         1.3992310243 
        3.3900000000         2.8400000000         1.2183411047         0.1164763002         2.0390538930         4.8286026899         1.3992310243 
        3.3950000000         2.8400000000         1.2157947993         0.0501458331         2.0326480057         5.0276562153         1.4068723253 
        3.4000000000         2.8400000000         1.2208874101         0.1828067672         2.0422568366         4.4304956392         1.3839484223 
        3.4050000000         2.8400000000         1.2132484939        -0.0161846340         2.0326480057         4.6295491646         1.3915897233 
        3.4100000000         2.8400000000         1.2081558831        -0.1488455681         2.0262421184         4.3641444641         1.3814013219 
        3.4150000000         2.8400000000         1.2157947993         0.0501458331         2.0358509493         4.6959003397         1.3941368236 
        3.4200000000         2.8400000000         1.2208874101         0.1828067672         2.0390538930         4.8286026899         1.3992310243 
        3.4250000000         2.8400000000         1.2208874101         0.1828067672         2.0422568366         4.4304956392         1.3839484223 
        3.4300000000         2.8400000000         1.2157947993         0.0501458331         2.0358509493         5.0276562153         1.4068723253 
        3.4350000000         2.8400000000         1.2132484939        -0.0161846340         2.0358509493         4.5631979895         1.3890426230 
        3.4400000000         2.8400000000         1.2208874101         0.1828067672         2.0326480057         4.7622515148         1.3966839240 
        3.4450000000         2.8400000000         1.2132484939        -0.0161846340         2.0326480057         4.8286026899         1.3992310243 
        3.4500000000         2.8400000000         1.2132484939        -0.0161846340         2.0230391748         4.4304956392         1.3839484223 
        3.4550000000         2.8400000000         1.2081558831        -0.1488455681         2.0230391748         4.7622515148         1.3966839240 
        3.4600000000         2.8400000000         1.2056095777        -0.2151760351         2.0230391748         4.7622515148         1.3966839240 
        3.4650000000         2.8400000000         1.2132484939        -0.0161846340         2.0294450621         4.6295491646         1.3915897233 
        3.4700000000         2.8400000000         1.2081558831        -0.1488455681         2.0262421184         4.7622515148         1.3966839240 
        3.4750000000         2.8400000000         1.2081558831        -0.1488455681         2.0262421184         4.8286026899         1.3992310243 
        3.4800000000         2.8400000000         1.2132484939        -0.0161846340         2.0294450621         4.6295491646         1.3915897233 
        3.4850000000         2.8400000000         1.2132484939        -0.0161846340         2.0326480057         4.6295491646         1.3915897233 
        3.4900000000         2.8400000000         1.2183411047         0.1164763002         2.0422568366         4.7622515148         1.3966839240 
        3.4950000000         2.8400000000         1.2132484939        -0.0161846340         2.0294450621         4.9613050402         1.4043252250 
        3.5000000000         2.8400000000         1.2132484939        -0.0161846340         2.0326480057         4.9613050402         1.4043252250 
        3.5050000000         2.8400000000         1.2132484939        -0.0161846340         2.0326480057         4.6295491646         1.3915897233 
        3.5100000000         2.8400000000         1.2234337155         0.2491372343         2.0422568366         4.7622515148         1.3966839240 
        3.5150000000         2.8400000000         1.2132484939        -0.0161846340         2.0294450621         4.9613050402         1.4043252250 
        3.5200000000         2.8400000000         1.2157947993         0.0501458331         2.0294450621         4.8949538651         1.4017781247 
        3.5250000000         2.8400000000         1.2107021885        -0.0825151010         2.0230391748         4.7622515148         1.3966839240 
        3.5300000000         2.8400000000         1.2107021885        -0.0825151010         2.0230391748         4.8286026899         1.3992310243 
        3.5350000000         2.8400000000         1.2157947993         0.0501458331         2.0326480057         4.6295491646         1.3915897233 
        3.5400000000         2.8400000000         1.2183411047         0.1164763002         2.0390538930         4.8286026899         1.3992310243 
        3.5450000000         2.8400000000         1.2157947993         0.0501458331         2.0358509493         4.9613050402         1.4043252250 
        3.5500000000         2.8400000000         1.2081558831        -0.1488455681         2.0262421184         4.8286026899         1.3992310243 
        3.5550000000         2.8400000000         1.2183411047         0.1164763002         2.0390538930         4.8286026899         1.3992310243 
        3.5600000000         2.8400000000         1.2132484939        -0.0161846340         2.0358509493         4.6295491646         1.3915897233 
        3.5650000000         2.8400000000         1.2056095777        -0.2151760351         2.0230391748         4.8286026899         1.3992310243 
        3.5700000000         2.8400000000         1.2157947993         0.0501458331         2.0294450621         4.6295491646         1.3915897233 
        3.5750000000         2.8400000000         1.2183411047         0.1164763002         2.0358509493         4.6959003397         1.3941368236 
        3.5800000000         2.8400000000         1.2183411047         0.1164763002         2.0390538930         4.8286026899         1.3992310243 
        3.5850000000         2.8400000000         1.2107021885        -0.0825151010         2.0294450621         4.9613050402         1.4043252250 
        3.5900000000         2.8400000000         1.2132484939        -0.0161846340         2.0390538930         5.0276562153         1.4068723253 
        3.5950000000         2.8400000000         1.2132484939        -0.0161846340         2.0326480057         4.4968468143         1.3864955226 
        3.6000000000         2.8400000000         1.2157947993         0.0501458331         2.0326480057         4.6295491646         1.3915897233 
        3.6050000000         2.8400000000         1.2056095777        -0.2151760351         2.0358509493         4.9613050402         1.4043252250 
        3.6100000000         2.8400000000         1.2081558831        -0.1488455681         2.0262421184         4.4304956392         1.3839484223 
        3.6150000000         2.8400000000         1.2132484939        -0.0161846340         2.0358509493         4.6959003397         1.3941368236 
        3.6200000000         2.8400000000         1.2208874101         0.1828067672         2.0294450621         4.4304956392         1.3839484223 
        3.6250000000         2.8400000000         1.2132484939        -0.0161846340         2.0326480057         4.6295491646         1.3915897233 
        3.6300000000         2.8400000000         1.2157947993         0.0501458331         2.0390538930         4.7622515148         1.3966839240 
        3.6350000000         2.8400000000         1.2208874101         0.1828067672         2.0390538930         4.7622515148         1.3966839240 
        3.6400000000         2.8400000000         1.2132484939        -0.0161846340         2.0326480057         4.9613050402         1.4043252250 
        3.6450000000         2.8400000000         1.2081558831        -0.1488455681         2.0262421184         4.7622515148         1.3966839240 
        3.6500000000         2.8400000000         1.2132484939        -0.0161846340         2.0230391748         4.6295491646         1.3915897233 
        3.6550000000         2.8400000000         1.2132484939        -0.0161846340         2.0326480057         4.5631979895         1.3890426230 
        3.6600000000         2.8400000000         1.2132484939        -0.0161846340         2.0358509493         4.6295491646         1.3915897233 
        3.6650000000         2.8400000000         1.2183411047         0.1164763002         2.0390538930         4.7622515148         1.3966839240 
        3.6700000000         2.8400000000         1.2208874101         0.1828067672         2.0422568366         4.7622515148         1.3966839240 
        3.6750000000         2.8400000000         1.2132484939        -0.0161846340         2.0294450621         4.9613050402         1.4043252250 
        3.6800000000         2.8400000000         1.2157947993         0.0501458331         2.0326480057         4.9613050402         1.4043252250 
        3.6850000000         2.8400000000         1.2081558831        -0.1488455681         2.0262421184         4.7622515148         1.3966839240 
        3.6900000000         2.8400000000         1.2081558831        -0.1488455681         2.0262421184         4.8286026899         1.3992310243 
        3.6950000000         2.8400000000         1.2132484939        -0.0161846340         2.0294450621         4.6295491646         1.3915897233 
        3.7000000000         2.8400000000         1.2208874101         0.1828067672         2.0422568366         4.7622515148         1.3966839240 
        3.7050000000         2.8400000000         1.2208874101         0.1828067672         2.0390538930         4.8286026899         1.3992310243 
        3.7100000000         2.8400000000         1.2132484939        -0.0161846340         2.0326480057         4.9613050402         1.4043252250 
        3.7150000000         2.8400000000         1.2107021885        -0.0825151010         2.0294450621         4.9613050402         1.4043252250 
        3.7200000000         2.8400000000         1.2208874101         0.1828067672         2.0390538930         4.8286026899         1.3992310243 
        3.7250000000         2.8400000000         1.2208874101         0.1828067672         2.0390538930         4.8286026899         1.3992310243 
        3.7300000000         2.8400000000         1.2157947993         0.0501458331         2.0326480057         4.9613050402         1.4043252250 
        3.7350000000         2.8400000000         1.2107021885        -0.0825151010         2.0326480057         5.0276562153         1.4068723253 
        3.7400000000         2.8400000000         1.2081558831        -0.1488455681         2.0230391748         4.8286026899         1.3992310243 
        3.7450000000         2.8400000000         1.2056095777        -0.2151760351         2.0262421184         4.6295491646         1.3915897233 
        3.7500000000         2.8400000000         1.2132484939        -0.0161846340         2.0326480057         4.6959003397         1.3941368236 
        3.7550000000         2.8400000000         1.2132484939        -0.0161846340         2.0294450621         4.2314421139         1.3763071212 
        3.7600000000         2.8400000000         1.2107021885        -0.0825151010         2.0454597802         4.9613050402         1.4043252250 
        3.7650000000         2.8400000000         1.2208874101         0.1828067672         2.0390538930         4.4968468143         1.3864955226 
        3.7700000000         2.8400000000         1.2107021885        -0.0825151010         2.0230391748         4.7622515148         1.3966839240 
        3.7750000000         2.8400000000         1.2132484939        -0.0161846340         2.0294450621         4.6959003397         1.3941368236 
        3.7800000000         2.8400000000         1.2132484939        -0.0161846340         2.0326480057         4.2314421139         1.3763071212 
        3.7850000000         2.8400000000         1.2132484939        -0.0161846340         2.0358509493         4.6295491646         1.3915897233 
        3.7900000000         2.8400000000         1.2132484939        -0.0161846340         2.0326480057         4.6959003397         1.3941368236 
        3.7950000000         2.8400000000         1.2183411047         0.1164763002         2.0294450621         4.2314421139         1.3763071212 
        3.8000000000         2.8400000000         1.2208874101         0.1828067672         2.0390538930         4.8286026899         1.3992310243 
        3.8050000000         2.8400000000         1.2132484939        -0.0161846340         2.0390538930         4.7622515148         1.3966839240 
        3.8100000000         2.8400000000         1.2132484939        -0.0161846340         2.0294450621         4.5631979895         1.3890426230 
        3.8150000000         2.8400000000         1.2132484939        -0.0161846340         2.0326480057         4.8949538651         1.4017781247 
        3.8200000000         2.8400000000         1.2081558831        -0.1488455681         2.0230391748         4.4968468143         1.3864955226 
        3.8250000000         2.8400000000         1.2132484939        -0.0161846340         2.0262421184         4.7622515148         1.3966839240 
        3.8300000000         2.8400000000         1.2132484939        -0.0161846340         2.0326480057         4.6295491646         1.3915897233 
        3.8350000000         2.8400000000         1.2132484939        -0.0161846340         2.0326480057         4.6959003397         1.3941368236 
        3.8400000000         2.8400000000         1.2157947993         0.0501458331         2.0326480057         4.6959003397         1.3941368236 
        3.8450000000         2.8400000000         1.2132484939        -0.0161846340         2.0326480057         4.8949538651         1.4017781247 
        3.8500000000         2.8400000000         1.2208874101         0.1828067672         2.0422568366         4.8286026899         1.3992310243 
        3.8550000000         2.8400000000         1.2157947993         0.0501458331         2.0326480057         4.9613050402         1.4043252250 
        3.8600000000         2.8400000000         1.2157947993         0.0501458331         2.0326480057         5.0276562153         1.4068723253 
        3.8650000000         2.8400000000         1.2132484939        -0.0161846340         2.0326480057         4.6295491646         1.3915897233 
        3.8700000000         2.8400000000         1.2157947993         0.0501458331         2.0294450621         4.6295491646         1.3915897233 
        3.8750000000         2.8400000000         1.2157947993         0.0501458331         2.0326480057         4.6295491646         1.3915897233 
        3.8800000000         2.8400000000         1.2132484939        -0.0161846340         2.0326480057         5.0276562153         1.4068723253 
        3.8850000000         2.8400000000         1.2081558831        -0.1488455681         2.0326480057         4.9613050402         1.4043252250 
        3.8900000000         2.8400000000         1.2157947993         0.0501458331         2.0294450621         5.0276562153         1.4068723253 
        3.8950000000         2.8400000000         1.2107021885        -0.0825151010         2.0262421184         4.6959003397         1.3941368236 
        3.9000000000         2.8400000000         1.2132484939        -0.0161846340         2.0262421184         4.8286026899         1.3992310243 
        3.9050000000         2.8400000000         1.2234337155         0.2491372343         2.0390538930         4.7622515148         1.3966839240 
        3.9100000000         2.8400000000         1.2132484939        -0.0161846340         2.0294450621         5.0276562153         1.4068723253 
        3.9150000000         2.8400000000         1.2157947993         0.0501458331         2.0262421184         4.8286026899         1.3992310243 
        3.9200000000         2.8400000000         1.2157947993         0.0501458331         2.0358509493         4.6959003397         1.3941368236 
        3.9250000000         2.8400000000         1.2183411047         0.1164763002         2.0294450621         4.8286026899         1.3992310243 
        3.9300000000         2.8400000000         1.2208874101         0.1828067672         2.0326480057         4.2314421139         1.3763071212 
        3.9350000000         2.8400000000         1.2208874101         0.1828067672         2.0422568366         4.8286026899         1.3992310243 
        3.9400000000         2.8400000000         1.2132484939        -0.0161846340         2.0294450621         5.0276562153         1.4068723253 
        3.9450000000         2.8400000000         1.2107021885        -0.0825151010         2.0262421184         4.8286026899         1.3992310243 
        3.9500000000         2.8400000000         1.2056095777        -0.2151760351         2.0230391748         4.8286026899         1.3992310243 
        3.9550000000         2.8400000000         1.2107021885        -0.0825151010         2.0262421184         4.4304956392         1.3839484223 
        3.9600000000         2.8400000000         1.2132484939        -0.0161846340         2.0326480057         4.2314421139         1.3763071212 
        3.9650000000         2.8400000000         1.2132484939        -0.0161846340         2.0326480057         4.6295491646         1.3915897233 
        3.9700000000         2.8400000000         1.2056095777        -0.2151760351         2.0262421184         4.4304956392         1.3839484223 
        3.9750000000         2.8400000000         1.2081558831        -0.1488455681         2.0230391748         4.7622515148         1.3966839240 
        3.9800000000         2.8400000000         1.2132484939        -0.0161846340         2.0326480057         4.4304956392         1.3839484223 
        3.9850000000         2.8400000000         1.2132484939        -0.0161846340         2.0294450621         4.6295491646         1.3915897233 
        3.9900000000         2.8400000000         1.2183411047         0.1164763002         2.0390538930         4.7622515148         1.3966839240 
        3.9950000000         2.8400000000         1.2208874101         0.1828067672         2.0390538930         4.8286026899         1.3992310243 
