           Time[sec]  \omega_{cmd}[rad/s]          V_{gyro}[V] \omega_{gyro}[rad/s]          \theta[rad] \omega_{dist}[rad/s]  \omega_{distRaw}[V] 
        0.0000000000         2.8200000000         1.2208874101         0.1828067672         1.6386859391         4.7622515148         1.3966839240 
        0.0050001000         2.8200000000         1.2132484939        -0.0161846340         1.6386859391         4.6295491646         1.3915897233 
        0.0100000000         2.8200000000         1.2107021885        -0.0825151010         1.6418888827         4.9613050402         1.4043252250 
        0.0150000000         2.8200000000         1.2208874101         0.1828067672         1.6450918264         4.7622515148         1.3966839240 
        0.0200000000         2.8200000000         1.2132484939        -0.0161846340         1.6386859391         4.9613050402         1.4043252250 
        0.0250001000         2.8200000000         1.2081558831        -0.1488455681         1.6290771082         4.7622515148         1.3966839240 
        0.0300000000         2.8200000000         1.2285263263         0.3817981684         1.6482947700         4.7622515148         1.3966839240 
        0.0350000000         2.8200000000         1.2463504641         0.8461114378         1.6418888827         4.9613050402         1.4043252250 
        0.0400000000         2.8200000000         1.2539893802         1.0451028390         1.6418888827         4.7622515148         1.3966839240 
        0.0450001000         2.8200000000         1.2539893802         1.0451028390         1.6547006573         4.9613050402         1.4043252250 
        0.0500000000         2.8200000000         1.2616282964         1.2440942402         1.6514977136         4.6295491646         1.3915897233 
        0.0550000000         2.8200000000         1.2565356856         1.1114333061         1.6675124318         4.5631979895         1.3890426230 
        0.0600000000         2.8200000000         1.2565356856         1.1114333061         1.6739183190         4.5631979895         1.3890426230 
        0.0650001000         2.8200000000         1.2667209072         1.3767551743         1.6867300936         4.4968468143         1.3864955226 
        0.0700001000         2.8200000000         1.2641746018         1.3104247073         1.6931359808         4.7622515148         1.3966839240 
        0.0750000000         2.8200000000         1.2590819910         1.1777637732         1.6931359808         5.0276562153         1.4068723253 
        0.0800000000         2.8200000000         1.2387115479         0.6471200367         1.6867300936         4.7622515148         1.3966839240 
        0.0850001000         2.8200000000         1.2387115479         0.6471200367         1.6931359808         4.7622515148         1.3966839240 
        0.0900001000         2.8200000000         1.2387115479         0.6471200367         1.7027448117         4.6295491646         1.3915897233 
        0.0950000000         2.8200000000         1.2336189371         0.5144591025         1.7091506990         4.6959003397         1.3941368236 
        0.1000000000         2.8200000000         1.2361652425         0.5807895696         1.7059477554         4.9613050402         1.4043252250 
        0.1050001000         2.8200000000         1.2285263263         0.3817981684         1.7059477554         4.9613050402         1.4043252250 
        0.1100001000         2.8200000000         1.2234337155         0.2491372343         1.7027448117         4.8286026899         1.3992310243 
        0.1150000000         2.8200000000         1.2183411047         0.1164763002         1.7059477554         4.7622515148         1.3966839240 
        0.1200000000         2.8200000000         1.2285263263         0.3817981684         1.7155565862         4.6295491646         1.3915897233 
        0.1250000000         2.8200000000         1.2234337155         0.2491372343         1.7091506990         4.7622515148         1.3966839240 
        0.1300001000         2.8200000000         1.2208874101         0.1828067672         1.7187595299         4.2314421139         1.3763071212 
        0.1350000000         2.8200000000         1.2208874101         0.1828067672         1.7187595299         4.6295491646         1.3915897233 
        0.1400000000         2.8200000000         1.2208874101         0.1828067672         1.7219624735         4.6295491646         1.3915897233 
        0.1450000000         2.8200000000         1.2285263263         0.3817981684         1.7315713044         4.7622515148         1.3966839240 
        0.1500001000         2.8200000000         1.2183411047         0.1164763002         1.7123536426         4.7622515148         1.3966839240 
        0.1550000000         2.8200000000         1.2208874101         0.1828067672         1.7219624735         4.9613050402         1.4043252250 
        0.1600000000         2.8200000000         1.2234337155         0.2491372343         1.7251654171         4.2977932890         1.3788542216 
        0.1650000000         2.8200000000         1.2310726317         0.4481286355         1.7347742480         4.7622515148         1.3966839240 
        0.1700001000         2.8200000000         1.2259800209         0.3154677013         1.7315713044         4.6295491646         1.3915897233 
        0.1750000000         2.8200000000         1.2285263263         0.3817981684         1.7283683608         4.5631979895         1.3890426230 
        0.1800001000         2.8200000000         1.2234337155         0.2491372343         1.7219624735         4.4304956392         1.3839484223 
        0.1850000000         2.8200000000         1.2336189371         0.5144591025         1.7379771917         4.9613050402         1.4043252250 
        0.1900001000         2.8200000000         1.2336189371         0.5144591025         1.7283683608         4.7622515148         1.3966839240 
        0.1950001000         2.8200000000         1.2387115479         0.6471200367         1.7379771917         4.2314421139         1.3763071212 
        0.2000000000         2.8200000000         1.2412578533         0.7134505037         1.7443830789         4.6295491646         1.3915897233 
        0.2050000000         2.8200000000         1.2488967694         0.9124419049         1.7539919098         4.7622515148         1.3966839240 
        0.2100001000         2.8200000000         1.2438041587         0.7797809708         1.7507889662         4.8949538651         1.4017781247 
        0.2150001000         2.8200000000         1.2565356856         1.1114333061         1.7636007407         4.8286026899         1.3992310243 
        0.2200000000         2.8200000000         1.2361652425         0.5807895696         1.7571948534         4.9613050402         1.4043252250 
        0.2250000000         2.8200000000         1.2514430748         0.9787723720         1.7636007407         4.9613050402         1.4043252250 
        0.2300001000         2.8200000000         1.2387115479         0.6471200367         1.7700066280         4.9613050402         1.4043252250 
        0.2350001000         2.8200000000         1.2539893802         1.0451028390         1.7796154589         4.7622515148         1.3966839240 
        0.2400001000         2.8200000000         1.2361652425         0.5807895696         1.7764125152         4.6959003397         1.3941368236 
        0.2450000000         2.8200000000         1.2514430748         0.9787723720         1.7828184025         4.8286026899         1.3992310243 
        0.2500000000         2.8200000000         1.2336189371         0.5144591025         1.7828184025         4.7622515148         1.3966839240 
        0.2550001000         2.8200000000         1.2488967694         0.9124419049         1.7956301770         4.8286026899         1.3992310243 
        0.2600000000         2.8200000000         1.2285263263         0.3817981684         1.7796154589         4.7622515148         1.3966839240 
        0.2650000000         2.8200000000         1.2336189371         0.5144591025         1.7828184025         4.7622515148         1.3966839240 
        0.2700000000         2.8200000000         1.2285263263         0.3817981684         1.7860213461         4.8286026899         1.3992310243 
        0.2750001000         2.8200000000         1.2387115479         0.6471200367         1.7956301770         4.6295491646         1.3915897233 
        0.2800000000         2.8200000000         1.2361652425         0.5807895696         1.8020360643         4.6959003397         1.3941368236 
        0.2850000000         2.8200000000         1.2361652425         0.5807895696         1.7988331206         4.5631979895         1.3890426230 
        0.2900001000         2.8200000000         1.2438041587         0.7797809708         1.8116448952         4.4304956392         1.3839484223 
        0.2950001000         2.8200000000         1.2438041587         0.7797809708         1.8212537261         4.7622515148         1.3966839240 
        0.3000000000         2.8200000000         1.2310726317         0.4481286355         1.8052390079         4.8286026899         1.3992310243 
        0.3050000000         2.8200000000         1.2412578533         0.7134505037         1.8148478388         4.9613050402         1.4043252250 
        0.3100000000         2.8200000000         1.2438041587         0.7797809708         1.8180507824         4.6295491646         1.3915897233 
        0.3150001000         2.8200000000         1.2387115479         0.6471200367         1.8148478388         4.7622515148         1.3966839240 
        0.3200001000         2.8200000000         1.2514430748         0.9787723720         1.8276596133         4.5631979895         1.3890426230 
        0.3250000000         2.8200000000         1.2514430748         0.9787723720         1.8308625570         4.9613050402         1.4043252250 
        0.3300000000         2.8200000000         1.2488967694         0.9124419049         1.8276596133         4.7622515148         1.3966839240 
        0.3350001000         2.8200000000         1.2514430748         0.9787723720         1.8340655006         4.8286026899         1.3992310243 
        0.3400001000         2.8200000000         1.2565356856         1.1114333061         1.8468772751         4.6295491646         1.3915897233 
        0.3450000000         2.8200000000         1.2514430748         0.9787723720         1.8468772751         4.4304956392         1.3839484223 
        0.3500001000         2.8200000000         1.2565356856         1.1114333061         1.8532831624         4.4968468143         1.3864955226 
        0.3550001000         2.8200000000         1.2514430748         0.9787723720         1.8660949369         4.9613050402         1.4043252250 
        0.3600001000         2.8200000000         1.2692672126         1.4430856414         1.8789067114         4.4304956392         1.3839484223 
        0.3650000000         2.8200000000         1.2565356856         1.1114333061         1.8789067114         4.9613050402         1.4043252250 
        0.3700000000         2.8200000000         1.2590819910         1.1777637732         1.8757037678         4.7622515148         1.3966839240 
        0.3750000000         2.8200000000         1.2616282964         1.2440942402         1.8981243732         4.7622515148         1.3966839240 
        0.3800001000         2.8200000000         1.2565356856         1.1114333061         1.8981243732         4.9613050402         1.4043252250 
        0.3850000000         2.8200000000         1.2616282964         1.2440942402         1.9077332041         4.5631979895         1.3890426230 
        0.3900000000         2.8200000000         1.2718135180         1.5094161085         1.9173420350         4.7622515148         1.3966839240 
        0.3950000000         2.8200000000         1.2718135180         1.5094161085         1.9237479223         4.7622515148         1.3966839240 
        0.4000001000         2.8200000000         1.2718135180         1.5094161085         1.9333567531         4.4304956392         1.3839484223 
        0.4050000000         2.8200000000         1.2667209072         1.3767551743         1.9237479223         4.7622515148         1.3966839240 
        0.4100000000         2.8200000000         1.2565356856         1.1114333061         1.9269508659         4.7622515148         1.3966839240 
        0.4150001000         2.8200000000         1.2743598234         1.5757465755         1.9525744149         4.7622515148         1.3966839240 
        0.4200001000         2.8200000000         1.2539893802         1.0451028390         1.9429655840         4.6959003397         1.3941368236 
        0.4250000000         2.8200000000         1.2616282964         1.2440942402         1.9557773586         4.2977932890         1.3788542216 
        0.4300000000         2.8200000000         1.2565356856         1.1114333061         1.9749950203         4.7622515148         1.3966839240 
        0.4350000000         2.8200000000         1.2565356856         1.1114333061         1.9781979640         4.7622515148         1.3966839240 
        0.4400001000         2.8200000000         1.2438041587         0.7797809708         1.9717920767         4.6295491646         1.3915897233 
        0.4450001000         2.8200000000         1.2412578533         0.7134505037         1.9814009076         4.9613050402         1.4043252250 
        0.4500000000         2.8200000000         1.2438041587         0.7797809708         1.9846038512         4.6295491646         1.3915897233 
        0.4550000000         2.8200000000         1.2412578533         0.7134505037         1.9781979640         4.7622515148         1.3966839240 
        0.4600001000         2.8200000000         1.2438041587         0.7797809708         1.9942126821         4.8949538651         1.4017781247 
        0.4650001000         2.8200000000         1.2361652425         0.5807895696         1.9910097385         4.9613050402         1.4043252250 
        0.4700000000         2.8200000000         1.2336189371         0.5144591025         1.9910097385         4.4304956392         1.3839484223 
        0.4750001000         2.8200000000         1.2361652425         0.5807895696         2.0006185694         4.6295491646         1.3915897233 
        0.4800001000         2.8200000000         1.2463504641         0.8461114378         2.0006185694         4.2977932890         1.3788542216 
        0.4850001000         2.8200000000         1.2310726317         0.4481286355         2.0006185694         4.7622515148         1.3966839240 
        0.4900000000         2.8200000000         1.2310726317         0.4481286355         2.0102274003         4.7622515148         1.3966839240 
        0.4950000000         2.8200000000         1.2361652425         0.5807895696         2.0038215130         4.7622515148         1.3966839240 
        0.5000000000         2.8200000000         1.2361652425         0.5807895696         2.0198362312         4.3641444641         1.3814013219 
        0.5050001000         2.8200000000         1.2438041587         0.7797809708         2.0262421184         4.7622515148         1.3966839240 
        0.5100000000         2.8200000000         1.2361652425         0.5807895696         2.0198362312         4.8286026899         1.3992310243 
        0.5150000000         2.8200000000         1.2361652425         0.5807895696         2.0390538930         5.0276562153         1.4068723253 
        0.5200000000         2.8200000000         1.2412578533         0.7134505037         2.0326480057         4.9613050402         1.4043252250 
        0.5250001000         2.8200000000         1.2310726317         0.4481286355         2.0230391748         4.7622515148         1.3966839240 
        0.5300000000         2.8200000000         1.2361652425         0.5807895696         2.0262421184         4.7622515148         1.3966839240 
        0.5350000000         2.8200000000         1.2285263263         0.3817981684         2.0294450621         4.8286026899         1.3992310243 
        0.5400000000         2.8200000000         1.2387115479         0.6471200367         2.0518656675         4.8286026899         1.3992310243 
        0.5450001000         2.8200000000         1.2310726317         0.4481286355         2.0518656675         4.8286026899         1.3992310243 
        0.5500000000         2.8200000000         1.2183411047         0.1164763002         2.0390538930         4.7622515148         1.3966839240 
        0.5550000000         2.8200000000         1.2132484939        -0.0161846340         2.0358509493         4.7622515148         1.3966839240 
        0.5600000000         2.8200000000         1.2183411047         0.1164763002         2.0422568366         4.7622515148         1.3966839240 
        0.5650001000         2.8200000000         1.2132484939        -0.0161846340         2.0486627239         5.0276562153         1.4068723253 
        0.5700001000         2.8200000000         1.2107021885        -0.0825151010         2.0422568366         4.7622515148         1.3966839240 
        0.5750001000         2.8200000000         1.2081558831        -0.1488455681         2.0422568366         4.8286026899         1.3992310243 
        0.5800001000         2.8200000000         1.2208874101         0.1828067672         2.0550686111         4.7622515148         1.3966839240 
        0.5850001000         2.8200000000         1.2132484939        -0.0161846340         2.0486627239         4.9613050402         1.4043252250 
        0.5900001000         2.8200000000         1.2132484939        -0.0161846340         2.0486627239         5.0276562153         1.4068723253 
        0.5950000000         2.8200000000         1.2132484939        -0.0161846340         2.0486627239         4.6295491646         1.3915897233 
        0.6000000000         2.8200000000         1.2234337155         0.2491372343         2.0486627239         4.7622515148         1.3966839240 
        0.6050001000         2.8200000000         1.2081558831        -0.1488455681         2.0390538930         4.8286026899         1.3992310243 
        0.6100001000         2.8200000000         1.2132484939        -0.0161846340         2.0486627239         4.9613050402         1.4043252250 
        0.6150000000         2.8200000000         1.2132484939        -0.0161846340         2.0518656675         4.6959003397         1.3941368236 
        0.6200000000         2.8200000000         1.2132484939        -0.0161846340         2.0390538930         4.6295491646         1.3915897233 
        0.6250000000         2.8200000000         1.2234337155         0.2491372343         2.0550686111         4.7622515148         1.3966839240 
        0.6300001000         2.8200000000         1.2132484939        -0.0161846340         2.0486627239         4.6295491646         1.3915897233 
        0.6350000000         2.8200000000         1.2208874101         0.1828067672         2.0582715547         4.4304956392         1.3839484223 
        0.6400000000         2.8200000000         1.2132484939        -0.0161846340         2.0454597802         4.9613050402         1.4043252250 
        0.6450000000         2.8200000000         1.2132484939        -0.0161846340         2.0486627239         4.6959003397         1.3941368236 
        0.6500001000         2.8200000000         1.2056095777        -0.2151760351         2.0390538930         4.7622515148         1.3966839240 
        0.6550000000         2.8200000000         1.2081558831        -0.1488455681         2.0422568366         4.7622515148         1.3966839240 
        0.6600000000         2.8200000000         1.2107021885        -0.0825151010         2.0486627239         4.6959003397         1.3941368236 
        0.6650000000         2.8200000000         1.2132484939        -0.0161846340         2.0518656675         5.0276562153         1.4068723253 
        0.6700001000         2.8200000000         1.2132484939        -0.0161846340         2.0518656675         4.8949538651         1.4017781247 
        0.6750000000         2.8200000000         1.2132484939        -0.0161846340         2.0486627239         4.9613050402         1.4043252250 
        0.6800000000         2.8200000000         1.2132484939        -0.0161846340         2.0486627239         4.9613050402         1.4043252250 
        0.6850000000         2.8200000000         1.2208874101         0.1828067672         2.0486627239         4.8286026899         1.3992310243 
        0.6900001000         2.8200000000         1.2132484939        -0.0161846340         2.0582715547         4.7622515148         1.3966839240 
        0.6950001000         2.8200000000         1.2132484939        -0.0161846340         2.0582715547         4.8286026899         1.3992310243 
        0.7000001000         2.8200000000         1.2132484939        -0.0161846340         2.0582715547         4.9613050402         1.4043252250 
        0.7050001000         2.8200000000         1.2132484939        -0.0161846340         2.0550686111         5.0276562153         1.4068723253 
        0.7100001000         2.8200000000         1.2132484939        -0.0161846340         2.0454597802         4.8949538651         1.4017781247 
        0.7150001000         2.8200000000         1.2132484939        -0.0161846340         2.0486627239         4.6295491646         1.3915897233 
        0.7200000000         2.8200000000         1.2234337155         0.2491372343         2.0550686111         4.7622515148         1.3966839240 
        0.7250000000         2.8200000000         1.2132484939        -0.0161846340         2.0518656675         4.6295491646         1.3915897233 
        0.7300001000         2.8200000000         1.2081558831        -0.1488455681         2.0518656675         4.7622515148         1.3966839240 
        0.7350001000         2.8200000000         1.2056095777        -0.2151760351         2.0390538930         4.8949538651         1.4017781247 
        0.7400000000         2.8200000000         1.2107021885        -0.0825151010         2.0422568366         4.4304956392         1.3839484223 
        0.7450000000         2.8200000000         1.2132484939        -0.0161846340         2.0518656675         4.6295491646         1.3915897233 
        0.7500000000         2.8200000000         1.2234337155         0.2491372343         2.0550686111         4.7622515148         1.3966839240 
        0.7550001000         2.8200000000         1.2132484939        -0.0161846340         2.0486627239         4.2314421139         1.3763071212 
        0.7600000000         2.8200000000         1.2157947993         0.0501458331         2.0550686111         4.7622515148         1.3966839240 
        0.7650000000         2.8200000000         1.2132484939        -0.0161846340         2.0486627239         4.3641444641         1.3814013219 
        0.7700000000         2.8200000000         1.2132484939        -0.0161846340         2.0390538930         4.5631979895         1.3890426230 
        0.7750001000         2.8200000000         1.2208874101         0.1828067672         2.0582715547         4.8286026899         1.3992310243 
        0.7800000000         2.8200000000         1.2132484939        -0.0161846340         2.0486627239         4.9613050402         1.4043252250 
        0.7850000000         2.8200000000         1.2208874101         0.1828067672         2.0550686111         4.7622515148         1.3966839240 
        0.7900000000         2.8200000000         1.2107021885        -0.0825151010         2.0486627239         4.9613050402         1.4043252250 
        0.7950001000         2.8200000000         1.2208874101         0.1828067672         2.0550686111         4.8286026899         1.3992310243 
        0.8000000000         2.8200000000         1.2132484939        -0.0161846340         2.0486627239         4.2314421139         1.3763071212 
        0.8050000000         2.8200000000         1.2132484939        -0.0161846340         2.0486627239         4.9613050402         1.4043252250 
        0.8100000000         2.8200000000         1.2208874101         0.1828067672         2.0582715547         4.4968468143         1.3864955226 
        0.8150001000         2.8200000000         1.2056095777        -0.2151760351         2.0486627239         4.6295491646         1.3915897233 
        0.8200001000         2.8200000000         1.2183411047         0.1164763002         2.0550686111         4.7622515148         1.3966839240 
        0.8250001000         2.8200000000         1.2056095777        -0.2151760351         2.0486627239         4.5631979895         1.3890426230 
        0.8300001000         2.8200000000         1.2234337155         0.2491372343         2.0550686111         4.8286026899         1.3992310243 
        0.8350001000         2.8200000000         1.2208874101         0.1828067672         2.0518656675         4.8286026899         1.3992310243 
        0.8400001000         2.8200000000         1.2081558831        -0.1488455681         2.0486627239         4.9613050402         1.4043252250 
        0.8450000000         2.8200000000         1.2081558831        -0.1488455681         2.0390538930         4.7622515148         1.3966839240 
        0.8500000000         2.8200000000         1.2183411047         0.1164763002         2.0486627239         4.9613050402         1.4043252250 
        0.8550001000         2.8200000000         1.2157947993         0.0501458331         2.0550686111         4.4304956392         1.3839484223 
        0.8600001000         2.8200000000         1.2234337155         0.2491372343         2.0550686111         4.7622515148         1.3966839240 
        0.8650000000         2.8200000000         1.2132484939        -0.0161846340         2.0486627239         4.6295491646         1.3915897233 
        0.8700000000         2.8200000000         1.2234337155         0.2491372343         2.0550686111         4.7622515148         1.3966839240 
        0.8750000000         2.8200000000         1.2132484939        -0.0161846340         2.0518656675         5.0276562153         1.4068723253 
        0.8800001000         2.8200000000         1.2157947993         0.0501458331         2.0486627239         5.0276562153         1.4068723253 
        0.8850009000         2.8200000000         1.2107021885        -0.0825151010         2.0390538930         4.8286026899         1.3992310243 
        0.8900000000         2.8200000000         1.2132484939        -0.0161846340         2.0486627239         4.5631979895         1.3890426230 
        0.8950000000         2.8200000000         1.2107021885        -0.0825151010         2.0486627239         4.6295491646         1.3915897233 
        0.9000001000         2.8200000000         1.2081558831        -0.1488455681         2.0390538930         4.7622515148         1.3966839240 
        0.9050000000         2.8200000000         1.2132484939        -0.0161846340         2.0550686111         4.6295491646         1.3915897233 
        0.9100000000         2.8200000000         1.2132484939        -0.0161846340         2.0518656675         4.9613050402         1.4043252250 
        0.9150000000         2.8200000000         1.2208874101         0.1828067672         2.0550686111         4.8286026899         1.3992310243 
        0.9200001000         2.8200000000         1.2132484939        -0.0161846340         2.0486627239         4.9613050402         1.4043252250 
        0.9250000000         2.8200000000         1.2132484939        -0.0161846340         2.0614744984         4.8286026899         1.3992310243 
        0.9300000000         2.8200000000         1.2081558831        -0.1488455681         2.0422568366         4.7622515148         1.3966839240 
        0.9350000000         2.8200000000         1.2234337155         0.2491372343         2.0582715547         4.8286026899         1.3992310243 
        0.9400001000         2.8200000000         1.2132484939        -0.0161846340         2.0518656675         4.5631979895         1.3890426230 
        0.9450001000         2.8200000000         1.2208874101         0.1828067672         2.0582715547         4.4304956392         1.3839484223 
        0.9500001000         2.8200000000         1.2208874101         0.1828067672         2.0614744984         4.4304956392         1.3839484223 
        0.9550001000         2.8200000000         1.2132484939        -0.0161846340         2.0486627239         4.6295491646         1.3915897233 
        0.9600001000         2.8200000000         1.2208874101         0.1828067672         2.0550686111         4.4304956392         1.3839484223 
        0.9650001000         2.8200000000         1.2030632723        -0.2815065022         2.0486627239         4.6295491646         1.3915897233 
        0.9700000000         2.8200000000         1.2183411047         0.1164763002         2.0582715547         4.7622515148         1.3966839240 
        0.9750000000         2.8200000000         1.2132484939        -0.0161846340         2.0486627239         4.5631979895         1.3890426230 
        0.9800001000         2.8200000000         1.2132484939        -0.0161846340         2.0550686111         4.6959003397         1.3941368236 
        0.9850001000         2.8200000000         1.2081558831        -0.1488455681         2.0390538930         4.3641444641         1.3814013219 
        0.9900000000         2.8200000000         1.2132484939        -0.0161846340         2.0486627239         4.9613050402         1.4043252250 
        0.9950000000         2.8200000000         1.2132484939        -0.0161846340         2.0486627239         4.8949538651         1.4017781247 
        1.0000000000         2.8200000000         1.2183411047         0.1164763002         2.0550686111         4.7622515148         1.3966839240 
        1.0050001000         2.8200000000         1.2132484939        -0.0161846340         2.0390538930         4.8286026899         1.3992310243 
        1.0100001000         2.8200000000         1.2107021885        -0.0825151010         2.0486627239         4.6959003397         1.3941368236 
        1.0150000000         2.8200000000         1.2157947993         0.0501458331         2.0486627239         4.6295491646         1.3915897233 
        1.0200001000         2.8200000000         1.2132484939        -0.0161846340         2.0486627239         4.6295491646         1.3915897233 
        1.0250001000         2.8200000000         1.2132484939        -0.0161846340         2.0486627239         4.8949538651         1.4017781247 
        1.0300000000         2.8200000000         1.2081558831        -0.1488455681         2.0422568366         4.7622515148         1.3966839240 
        1.0350000000         2.8200000000         1.2132484939        -0.0161846340         2.0518656675         4.6295491646         1.3915897233 
        1.0400000000         2.8200000000         1.2056095777        -0.2151760351         2.0454597802         4.4968468143         1.3864955226 
        1.0450001000         2.8200000000         1.2056095777        -0.2151760351         2.0422568366         4.7622515148         1.3966839240 
        1.0500000000         2.8200000000         1.2107021885        -0.0825151010         2.0486627239         4.8949538651         1.4017781247 
        1.0550028000         2.8200000000         1.2081558831        -0.1488455681         2.0390538930         4.7622515148         1.3966839240 
        1.0600000000         2.8200000000         1.2132484939        -0.0161846340         2.0486627239         4.8949538651         1.4017781247 
        1.0650001000         2.8200000000         1.2132484939        -0.0161846340         2.0486627239         4.6959003397         1.3941368236 
        1.0700001000         2.8200000000         1.2056095777        -0.2151760351         2.0390538930         4.7622515148         1.3966839240 
        1.0750000000         2.8200000000         1.2157947993         0.0501458331         2.0550686111         5.0276562153         1.4068723253 
        1.0800000000         2.8200000000         1.2183411047         0.1164763002         2.0550686111         4.7622515148         1.3966839240 
        1.0850016000         2.8200000000         1.2208874101         0.1828067672         2.0614744984         4.6295491646         1.3915897233 
        1.0900001000         2.8200000000         1.2183411047         0.1164763002         2.0582715547         4.7622515148         1.3966839240 
        1.0950000000         2.8200000000         1.2132484939        -0.0161846340         2.0486627239         4.5631979895         1.3890426230 
        1.1000000000         2.8200000000         1.2208874101         0.1828067672         2.0550686111         4.6959003397         1.3941368236 
        1.1050001000         2.8200000000         1.2132484939        -0.0161846340         2.0518656675         4.6959003397         1.3941368236 
        1.1100001000         2.8200000000         1.2132484939        -0.0161846340         2.0486627239         4.2314421139         1.3763071212 
        1.1150000000         2.8200000000         1.2132484939        -0.0161846340         2.0486627239         4.6295491646         1.3915897233 
        1.1200000000         2.8200000000         1.2208874101         0.1828067672         2.0582715547         4.7622515148         1.3966839240 
        1.1250000000         2.8200000000         1.2132484939        -0.0161846340         2.0614744984         4.5631979895         1.3890426230 
        1.1300001000         2.8200000000         1.2132484939        -0.0161846340         2.0518656675         4.6295491646         1.3915897233 
        1.1350001000         2.8200000000         1.2208874101         0.1828067672         2.0582715547         4.7622515148         1.3966839240 
        1.1400000000         2.8200000000         1.2081558831        -0.1488455681         2.0422568366         4.4304956392         1.3839484223 
        1.1450001000         2.8200000000         1.2183411047         0.1164763002         2.0550686111         4.7622515148         1.3966839240 
        1.1500001000         2.8200000000         1.2132484939        -0.0161846340         2.0486627239         4.9613050402         1.4043252250 
        1.1550001000         2.8200000000         1.2005169669        -0.3478369693         2.0390538930         4.8286026899         1.3992310243 
        1.1600000000         2.8200000000         1.2081558831        -0.1488455681         2.0486627239         4.9613050402         1.4043252250 
        1.1650000000         2.8200000000         1.2132484939        -0.0161846340         2.0486627239         4.6295491646         1.3915897233 
        1.1700001000         2.8200000000         1.2132484939        -0.0161846340         2.0486627239         4.6295491646         1.3915897233 
        1.1750000000         2.8200000000         1.2081558831        -0.1488455681         2.0422568366         4.4304956392         1.3839484223 
        1.1800000000         2.8200000000         1.2234337155         0.2491372343         2.0550686111         4.7622515148         1.3966839240 
        1.1850000000         2.8200000000         1.2208874101         0.1828067672         2.0550686111         4.8286026899         1.3992310243 
        1.1900001000         2.8200000000         1.2157947993         0.0501458331         2.0486627239         4.9613050402         1.4043252250 
        1.1950001000         2.8200000000         1.2132484939        -0.0161846340         2.0518656675         5.0276562153         1.4068723253 
        1.2000000000         2.8200000000         1.2132484939        -0.0161846340         2.0518656675         4.6295491646         1.3915897233 
        1.2050000000         2.8200000000         1.2056095777        -0.2151760351         2.0390538930         4.4304956392         1.3839484223 
        1.2100001000         2.8200000000         1.2132484939        -0.0161846340         2.0518656675         4.6959003397         1.3941368236 
        1.2150001000         2.8200000000         1.2208874101         0.1828067672         2.0550686111         4.8286026899         1.3992310243 
        1.2200000000         2.8200000000         1.2107021885        -0.0825151010         2.0486627239         4.7622515148         1.3966839240 
        1.2250000000         2.8200000000         1.2208874101         0.1828067672         2.0582715547         4.7622515148         1.3966839240 
        1.2300001000         2.8200000000         1.2208874101         0.1828067672         2.0582715547         4.8286026899         1.3992310243 
        1.2350001000         2.8200000000         1.2208874101         0.1828067672         2.0582715547         4.8286026899         1.3992310243 
        1.2400000000         2.8200000000         1.2183411047         0.1164763002         2.0486627239         4.8286026899         1.3992310243 
        1.2450000000         2.8200000000         1.2132484939        -0.0161846340         2.0486627239         4.2314421139         1.3763071212 
        1.2500000000         2.8200000000         1.2208874101         0.1828067672         2.0614744984         4.8949538651         1.4017781247 
        1.2550001000         2.8200000000         1.2132484939        -0.0161846340         2.0486627239         4.5631979895         1.3890426230 
        1.2600001000         2.8200000000         1.2183411047         0.1164763002         2.0582715547         4.8286026899         1.3992310243 
        1.2650000000         2.8200000000         1.2081558831        -0.1488455681         2.0454597802         4.8286026899         1.3992310243 
        1.2700001000         2.8200000000         1.2157947993         0.0501458331         2.0550686111         4.8286026899         1.3992310243 
        1.2750001000         2.8200000000         1.2157947993         0.0501458331         2.0486627239         4.6295491646         1.3915897233 
        1.2800001000         2.8200000000         1.2132484939        -0.0161846340         2.0486627239         4.6959003397         1.3941368236 
        1.2850000000         2.8200000000         1.2132484939        -0.0161846340         2.0486627239         4.2314421139         1.3763071212 
        1.2900000000         2.8200000000         1.2183411047         0.1164763002         2.0582715547         4.7622515148         1.3966839240 
        1.2950001000         2.8200000000         1.2107021885        -0.0825151010         2.0486627239         4.9613050402         1.4043252250 
        1.3000000000         2.8200000000         1.2234337155         0.2491372343         2.0518656675         4.8286026899         1.3992310243 
        1.3050000000         2.8200000000         1.2081558831        -0.1488455681         2.0422568366         4.7622515148         1.3966839240 
        1.3100000000         2.8200000000         1.2132484939        -0.0161846340         2.0486627239         4.6295491646         1.3915897233 
        1.3150001000         2.8200000000         1.2157947993         0.0501458331         2.0390538930         4.6295491646         1.3915897233 
        1.3200001000         2.8200000000         1.2081558831        -0.1488455681         2.0390538930         4.8286026899         1.3992310243 
        1.3250000000         2.8200000000         1.2208874101         0.1828067672         2.0550686111         4.7622515148         1.3966839240 
        1.3300000000         2.8200000000         1.2208874101         0.1828067672         2.0550686111         4.7622515148         1.3966839240 
        1.3350001000         2.8200000000         1.2157947993         0.0501458331         2.0550686111         4.8286026899         1.3992310243 
        1.3400001000         2.8200000000         1.2132484939        -0.0161846340         2.0518656675         4.2977932890         1.3788542216 
        1.3450000000         2.8200000000         1.2208874101         0.1828067672         2.0550686111         4.7622515148         1.3966839240 
        1.3500000000         2.8200000000         1.2056095777        -0.2151760351         2.0390538930         4.4968468143         1.3864955226 
        1.3550001000         2.8200000000         1.2183411047         0.1164763002         2.0486627239         4.9613050402         1.4043252250 
        1.3600001000         2.8200000000         1.2157947993         0.0501458331         2.0422568366         4.7622515148         1.3966839240 
        1.3650000000         2.8200000000         1.2132484939        -0.0161846340         2.0486627239         4.6295491646         1.3915897233 
        1.3700000000         2.8200000000         1.2107021885        -0.0825151010         2.0390538930         4.7622515148         1.3966839240 
        1.3750000000         2.8200000000         1.2132484939        -0.0161846340         2.0486627239         4.8949538651         1.4017781247 
        1.3800001000         2.8200000000         1.2132484939        -0.0161846340         2.0486627239         4.6295491646         1.3915897233 
        1.3850001000         2.8200000000         1.2208874101         0.1828067672         2.0486627239         4.6295491646         1.3915897233 
        1.3900000000         2.8200000000         1.2132484939        -0.0161846340         2.0486627239         4.6959003397         1.3941368236 
        1.3950001000         2.8200000000         1.2208874101         0.1828067672         2.0550686111         4.7622515148         1.3966839240 
        1.4000001000         2.8200000000         1.2208874101         0.1828067672         2.0614744984         4.8286026899         1.3992310243 
        1.4050001000         2.8200000000         1.2208874101         0.1828067672         2.0550686111         4.4968468143         1.3864955226 
        1.4100000000         2.8200000000         1.2208874101         0.1828067672         2.0550686111         4.7622515148         1.3966839240 
        1.4150000000         2.8200000000         1.2183411047         0.1164763002         2.0550686111         4.7622515148         1.3966839240 
        1.4200001000         2.8200000000         1.2081558831        -0.1488455681         2.0390538930         4.4304956392         1.3839484223 
        1.4250000000         2.8200000000         1.2132484939        -0.0161846340         2.0518656675         4.2977932890         1.3788542216 
        1.4300000000         2.8200000000         1.2132484939        -0.0161846340         2.0390538930         4.7622515148         1.3966839240 
        1.4350000000         2.8200000000         1.2132484939        -0.0161846340         2.0486627239         5.0276562153         1.4068723253 
        1.4400001000         2.8200000000         1.2132484939        -0.0161846340         2.0486627239         4.6295491646         1.3915897233 
        1.4450001000         2.8200000000         1.2132484939        -0.0161846340         2.0486627239         4.6295491646         1.3915897233 
        1.4500000000         2.8200000000         1.2132484939        -0.0161846340         2.0486627239         4.9613050402         1.4043252250 
        1.4550012000         2.8200000000         1.2132484939        -0.0161846340         2.0486627239         5.0276562153         1.4068723253 
        1.4600001000         2.8200000000         1.2056095777        -0.2151760351         2.0390538930         4.8286026899         1.3992310243 
        1.4650001000         2.8200000000         1.2132484939        -0.0161846340         2.0486627239         4.6295491646         1.3915897233 
        1.4700000000         2.8200000000         1.2132484939        -0.0161846340         2.0486627239         4.9613050402         1.4043252250 
        1.4750000000         2.8200000000         1.2208874101         0.1828067672         2.0550686111         4.3641444641         1.3814013219 
        1.4800001000         2.8200000000         1.2056095777        -0.2151760351         2.0422568366         4.7622515148         1.3966839240 
        1.4850001000         2.8200000000         1.2107021885        -0.0825151010         2.0486627239         4.5631979895         1.3890426230 
        1.4900000000         2.8200000000         1.2132484939        -0.0161846340         2.0518656675         4.9613050402         1.4043252250 
        1.4950000000         2.8200000000         1.2132484939        -0.0161846340         2.0550686111         4.8286026899         1.3992310243 
        1.5000000000         2.8200000000         1.2056095777        -0.2151760351         2.0390538930         4.7622515148         1.3966839240 
        1.5050053000         2.8200000000         1.2081558831        -0.1488455681         2.0422568366         4.7622515148         1.3966839240 
        1.5100001000         2.8200000000         1.2056095777        -0.2151760351         2.0422568366         4.8286026899         1.3992310243 
        1.5150000000         2.8200000000         1.2056095777        -0.2151760351         2.0358509493         4.3641444641         1.3814013219 
        1.5200001000         2.8200000000         1.2081558831        -0.1488455681         2.0518656675         4.7622515148         1.3966839240 
        1.5250001000         2.8200000000         1.2132484939        -0.0161846340         2.0390538930         4.8286026899         1.3992310243 
        1.5300001000         2.8200000000         1.2056095777        -0.2151760351         2.0518656675         4.5631979895         1.3890426230 
        1.5350000000         2.8200000000         1.2081558831        -0.1488455681         2.0422568366         4.8286026899         1.3992310243 
        1.5400001000         2.8200000000         1.2183411047         0.1164763002         2.0550686111         4.8286026899         1.3992310243 
        1.5450001000         2.8200000000         1.2107021885        -0.0825151010         2.0422568366         4.7622515148         1.3966839240 
        1.5500000000         2.8200000000         1.2132484939        -0.0161846340         2.0486627239         4.6959003397         1.3941368236 
        1.5550000000         2.8200000000         1.2157947993         0.0501458331         2.0486627239         5.0276562153         1.4068723253 
        1.5600000000         2.8200000000         1.2081558831        -0.1488455681         2.0582715547         4.7622515148         1.3966839240 
        1.5650001000         2.8200000000         1.2208874101         0.1828067672         2.0582715547         4.8286026899         1.3992310243 
        1.5700001000         2.8200000000         1.2132484939        -0.0161846340         2.0486627239         4.9613050402         1.4043252250 
        1.5750000000         2.8200000000         1.2107021885        -0.0825151010         2.0422568366         4.8286026899         1.3992310243 
        1.5800000000         2.8200000000         1.2208874101         0.1828067672         2.0550686111         4.7622515148         1.3966839240 
        1.5850001000         2.8200000000         1.2132484939        -0.0161846340         2.0486627239         4.9613050402         1.4043252250 
        1.5900001000         2.8200000000         1.2132484939        -0.0161846340         2.0486627239         5.0276562153         1.4068723253 
        1.5950000000         2.8200000000         1.2056095777        -0.2151760351         2.0422568366         4.7622515148         1.3966839240 
        1.6000000000         2.8200000000         1.2081558831        -0.1488455681         2.0390538930         4.8286026899         1.3992310243 
        1.6050001000         2.8200000000         1.2132484939        -0.0161846340         2.0486627239         4.9613050402         1.4043252250 
        1.6100001000         2.8200000000         1.2081558831        -0.1488455681         2.0390538930         4.8286026899         1.3992310243 
        1.6150000000         2.8200000000         1.2208874101         0.1828067672         2.0550686111         4.8286026899         1.3992310243 
        1.6200000000         2.8200000000         1.2132484939        -0.0161846340         2.0486627239         4.6295491646         1.3915897233 
        1.6250000000         2.8200000000         1.2132484939        -0.0161846340         2.0486627239         5.0276562153         1.4068723253 
        1.6300001000         2.8200000000         1.2132484939        -0.0161846340         2.0486627239         4.6295491646         1.3915897233 
        1.6350001000         2.8200000000         1.2081558831        -0.1488455681         2.0390538930         4.7622515148         1.3966839240 
        1.6400000000         2.8200000000         1.2208874101         0.1828067672         2.0582715547         4.7622515148         1.3966839240 
        1.6450001000         2.8200000000         1.2208874101         0.1828067672         2.0614744984         4.8949538651         1.4017781247 
        1.6500001000         2.8200000000         1.2081558831        -0.1488455681         2.0390538930         4.7622515148         1.3966839240 
        1.6550001000         2.8200000000         1.2132484939        -0.0161846340         2.0518656675         4.6295491646         1.3915897233 
        1.6600000000         2.8200000000         1.2132484939        -0.0161846340         2.0486627239         4.9613050402         1.4043252250 
        1.6650001000         2.8200000000         1.2081558831        -0.1488455681         2.0390538930         4.7622515148         1.3966839240 
        1.6700001000         2.8200000000         1.2157947993         0.0501458331         2.0486627239         4.6295491646         1.3915897233 
        1.6750000000         2.8200000000         1.2157947993         0.0501458331         2.0486627239         4.6959003397         1.3941368236 
        1.6800000000         2.8200000000         1.2056095777        -0.2151760351         2.0390538930         4.7622515148         1.3966839240 
        1.6850000000         2.8200000000         1.2132484939        -0.0161846340         2.0486627239         4.6295491646         1.3915897233 
        1.6900001000         2.8200000000         1.2107021885        -0.0825151010         2.0390538930         4.7622515148         1.3966839240 
        1.6950001000         2.8200000000         1.2132484939        -0.0161846340         2.0486627239         4.5631979895         1.3890426230 
        1.7000028000         2.8200000000         1.2132484939        -0.0161846340         2.0486627239         4.6295491646         1.3915897233 
        1.7050000000         2.8200000000         1.2132484939        -0.0161846340         2.0486627239         4.6295491646         1.3915897233 
        1.7100001000         2.8200000000         1.2132484939        -0.0161846340         2.0550686111         4.8286026899         1.3992310243 
        1.7150001000         2.8200000000         1.2157947993         0.0501458331         2.0486627239         4.9613050402         1.4043252250 
        1.7200000000         2.8200000000         1.2132484939        -0.0161846340         2.0486627239         4.9613050402         1.4043252250 
        1.7250000000         2.8200000000         1.2208874101         0.1828067672         2.0550686111         4.7622515148         1.3966839240 
        1.7300001000         2.8200000000         1.2132484939        -0.0161846340         2.0550686111         4.7622515148         1.3966839240 
        1.7350001000         2.8200000000         1.2081558831        -0.1488455681         2.0486627239         4.8949538651         1.4017781247 
        1.7400000000         2.8200000000         1.2081558831        -0.1488455681         2.0486627239         4.9613050402         1.4043252250 
        1.7450000000         2.8200000000         1.2157947993         0.0501458331         2.0486627239         4.9613050402         1.4043252250 
        1.7500000000         2.8200000000         1.2081558831        -0.1488455681         2.0486627239         4.8949538651         1.4017781247 
        1.7550001000         2.8200000000         1.2056095777        -0.2151760351         2.0390538930         4.7622515148         1.3966839240 
        1.7600001000         2.8200000000         1.2081558831        -0.1488455681         2.0486627239         4.9613050402         1.4043252250 
        1.7650000000         2.8200000000         1.2132484939        -0.0161846340         2.0486627239         4.9613050402         1.4043252250 
        1.7700001000         2.8200000000         1.2132484939        -0.0161846340         2.0486627239         4.9613050402         1.4043252250 
        1.7750001000         2.8200000000         1.2157947993         0.0501458331         2.0486627239         4.9613050402         1.4043252250 
        1.7800001000         2.8200000000         1.2107021885        -0.0825151010         2.0422568366         4.7622515148         1.3966839240 
        1.7850000000         2.8200000000         1.2183411047         0.1164763002         2.0614744984         4.4304956392         1.3839484223 
        1.7900001000         2.8200000000         1.2157947993         0.0501458331         2.0486627239         4.6295491646         1.3915897233 
        1.7950001000         2.8200000000         1.2208874101         0.1828067672         2.0550686111         4.8286026899         1.3992310243 
        1.8000000000         2.8200000000         1.2157947993         0.0501458331         2.0486627239         4.8949538651         1.4017781247 
        1.8050000000         2.8200000000         1.2208874101         0.1828067672         2.0582715547         4.8286026899         1.3992310243 
        1.8100000000         2.8200000000         1.2208874101         0.1828067672         2.0582715547         4.4304956392         1.3839484223 
        1.8150001000         2.8200000000         1.2132484939        -0.0161846340         2.0518656675         4.6295491646         1.3915897233 
        1.8200001000         2.8200000000         1.2132484939        -0.0161846340         2.0454597802         4.8286026899         1.3992310243 
        1.8250000000         2.8200000000         1.2208874101         0.1828067672         2.0550686111         4.7622515148         1.3966839240 
        1.8300000000         2.8200000000         1.2081558831        -0.1488455681         2.0454597802         4.4304956392         1.3839484223 
        1.8350001000         2.8200000000         1.2081558831        -0.1488455681         2.0518656675         4.9613050402         1.4043252250 
        1.8400001000         2.8200000000         1.2132484939        -0.0161846340         2.0486627239         4.2314421139         1.3763071212 
        1.8450000000         2.8200000000         1.2132484939        -0.0161846340         2.0486627239         4.6295491646         1.3915897233 
        1.8500000000         2.8200000000         1.2208874101         0.1828067672         2.0550686111         4.8286026899         1.3992310243 
        1.8550001000         2.8200000000         1.2132484939        -0.0161846340         2.0582715547         4.4304956392         1.3839484223 
        1.8600001000         2.8200000000         1.2208874101         0.1828067672         2.0550686111         4.7622515148         1.3966839240 
        1.8650000000         2.8200000000         1.2157947993         0.0501458331         2.0390538930         4.7622515148         1.3966839240 
        1.8700000000         2.8200000000         1.2208874101         0.1828067672         2.0550686111         4.7622515148         1.3966839240 
        1.8750000000         2.8200000000         1.2132484939        -0.0161846340         2.0518656675         4.6295491646         1.3915897233 
        1.8800001000         2.8200000000         1.2132484939        -0.0161846340         2.0486627239         4.6295491646         1.3915897233 
        1.8850001000         2.8200000000         1.2081558831        -0.1488455681         2.0422568366         4.7622515148         1.3966839240 
        1.8900000000         2.8200000000         1.2107021885        -0.0825151010         2.0422568366         4.7622515148         1.3966839240 
        1.8950001000         2.8200000000         1.2132484939        -0.0161846340         2.0518656675         4.5631979895         1.3890426230 
        1.9000001000         2.8200000000         1.2157947993         0.0501458331         2.0486627239         4.6959003397         1.3941368236 
        1.9050001000         2.8200000000         1.2208874101         0.1828067672         2.0550686111         4.7622515148         1.3966839240 
        1.9100000000         2.8200000000         1.2208874101         0.1828067672         2.0518656675         4.7622515148         1.3966839240 
        1.9150001000         2.8200000000         1.2081558831        -0.1488455681         2.0454597802         4.7622515148         1.3966839240 
        1.9200001000         2.8200000000         1.2132484939        -0.0161846340         2.0518656675         4.8949538651         1.4017781247 
        1.9250000000         2.8200000000         1.2081558831        -0.1488455681         2.0486627239         4.5631979895         1.3890426230 
        1.9300000000         2.8200000000         1.2132484939        -0.0161846340         2.0486627239         4.6295491646         1.3915897233 
        1.9350000000         2.8200000000         1.2208874101         0.1828067672         2.0582715547         4.8286026899         1.3992310243 
        1.9400001000         2.8200000000         1.2208874101         0.1828067672         2.0614744984         4.8286026899         1.3992310243 
        1.9450001000         2.8200000000         1.2157947993         0.0501458331         2.0390538930         4.7622515148         1.3966839240 
        1.9500000000         2.8200000000         1.2107021885        -0.0825151010         2.0422568366         4.7622515148         1.3966839240 
        1.9550000000         2.8200000000         1.2005169669        -0.3478369693         2.0390538930         4.7622515148         1.3966839240 
        1.9600001000         2.8200000000         1.2132484939        -0.0161846340         2.0486627239         4.6295491646         1.3915897233 
        1.9650001000         2.8200000000         1.2132484939        -0.0161846340         2.0518656675         4.9613050402         1.4043252250 
        1.9700000000         2.8200000000         1.2081558831        -0.1488455681         2.0390538930         4.7622515148         1.3966839240 
        1.9750000000         2.8200000000         1.2132484939        -0.0161846340         2.0422568366         4.7622515148         1.3966839240 
        1.9800001000         2.8200000000         1.2157947993         0.0501458331         2.0518656675         4.6295491646         1.3915897233 
        1.9850001000         2.8200000000         1.2081558831        -0.1488455681         2.0422568366         4.4304956392         1.3839484223 
        1.9900000000         2.8200000000         1.2081558831        -0.1488455681         2.0454597802         4.7622515148         1.3966839240 
        1.9950000000         2.8200000000         1.2081558831        -0.1488455681         2.0518656675         4.8949538651         1.4017781247 
        2.0000000000         2.8200000000         1.2132484939        -0.0161846340         2.0454597802         4.6295491646         1.3915897233 
        2.0050001000         2.8200000000         1.2132484939        -0.0161846340         2.0486627239         4.9613050402         1.4043252250 
        2.0100000000         2.8200000000         1.2183411047         0.1164763002         2.0582715547         4.7622515148         1.3966839240 
        2.0150001000         2.8200000000         1.2132484939        -0.0161846340         2.0486627239         4.6295491646         1.3915897233 
        2.0200001000         2.8200000000         1.2208874101         0.1828067672         2.0550686111         4.7622515148         1.3966839240 
        2.0250001000         2.8200000000         1.2183411047         0.1164763002         2.0614744984         4.7622515148         1.3966839240 
        2.0300000000         2.8200000000         1.2107021885        -0.0825151010         2.0390538930         4.7622515148         1.3966839240 
        2.0350001000         2.8200000000         1.2208874101         0.1828067672         2.0486627239         4.6295491646         1.3915897233 
        2.0400001000         2.8200000000         1.2081558831        -0.1488455681         2.0422568366         4.7622515148         1.3966839240 
        2.0450001000         2.8200000000         1.2132484939        -0.0161846340         2.0486627239         4.6295491646         1.3915897233 
        2.0500000000         2.8200000000         1.2208874101         0.1828067672         2.0614744984         4.8286026899         1.3992310243 
        2.0550000000         2.8200000000         1.2107021885        -0.0825151010         2.0422568366         4.7622515148         1.3966839240 
        2.0600000000         2.8200000000         1.2208874101         0.1828067672         2.0614744984         4.4304956392         1.3839484223 
        2.0650001000         2.8200000000         1.2081558831        -0.1488455681         2.0390538930         4.8286026899         1.3992310243 
        2.0700001000         2.8200000000         1.2107021885        -0.0825151010         2.0390538930         4.8286026899         1.3992310243 
        2.0750000000         2.8200000000         1.2132484939        -0.0161846340         2.0486627239         4.6295491646         1.3915897233 
        2.0800000000         2.8200000000         1.2208874101         0.1828067672         2.0550686111         4.7622515148         1.3966839240 
        2.0850001000         2.8200000000         1.2132484939        -0.0161846340         2.0486627239         4.6295491646         1.3915897233 
        2.0900001000         2.8200000000         1.2056095777        -0.2151760351         2.0390538930         4.8286026899         1.3992310243 
        2.0950000000         2.8200000000         1.2208874101         0.1828067672         2.0550686111         4.6959003397         1.3941368236 
        2.1000000000         2.8200000000         1.2056095777        -0.2151760351         2.0422568366         4.8286026899         1.3992310243 
        2.1050001000         2.8200000000         1.2132484939        -0.0161846340         2.0486627239         4.6295491646         1.3915897233 
        2.1100001000         2.8200000000         1.2132484939        -0.0161846340         2.0486627239         4.5631979895         1.3890426230 
        2.1150000000         2.8200000000         1.2132484939        -0.0161846340         2.0582715547         4.7622515148         1.3966839240 
        2.1200000000         2.8200000000         1.2132484939        -0.0161846340         2.0518656675         4.4968468143         1.3864955226 
        2.1250000000         2.8200000000         1.2208874101         0.1828067672         2.0614744984         4.8286026899         1.3992310243 
        2.1300001000         2.8200000000         1.2081558831        -0.1488455681         2.0422568366         4.7622515148         1.3966839240 
        2.1350000000         2.8200000000         1.2081558831        -0.1488455681         2.0390538930         4.7622515148         1.3966839240 
        2.1400001000         2.8200000000         1.2132484939        -0.0161846340         2.0518656675         5.0276562153         1.4068723253 
        2.1450028000         2.8200000000         1.2183411047         0.1164763002         2.0550686111         4.7622515148         1.3966839240 
        2.1500001000         2.8200000000         1.2208874101         0.1828067672         2.0486627239         4.6959003397         1.3941368236 
        2.1550000000         2.8200000000         1.2132484939        -0.0161846340         2.0486627239         4.9613050402         1.4043252250 
        2.1600001000         2.8200000000         1.2081558831        -0.1488455681         2.0390538930         4.4304956392         1.3839484223 
        2.1650000000         2.8200000000         1.2132484939        -0.0161846340         2.0518656675         4.2314421139         1.3763071212 
        2.1700001000         2.8200000000         1.2081558831        -0.1488455681         2.0518656675         4.4304956392         1.3839484223 
        2.1750000000         2.8200000000         1.2132484939        -0.0161846340         2.0390538930         4.5631979895         1.3890426230 
        2.1800001000         2.8200000000         1.2056095777        -0.2151760351         2.0390538930         4.7622515148         1.3966839240 
        2.1850000000         2.8200000000         1.2107021885        -0.0825151010         2.0486627239         4.9613050402         1.4043252250 
        2.1900001000         2.8200000000         1.2132484939        -0.0161846340         2.0486627239         4.5631979895         1.3890426230 
        2.1950001000         2.8200000000         1.2132484939        -0.0161846340         2.0454597802         4.5631979895         1.3890426230 
        2.2000000000         2.8200000000         1.2132484939        -0.0161846340         2.0486627239         4.6295491646         1.3915897233 
        2.2050000000         2.8200000000         1.2107021885        -0.0825151010         2.0422568366         4.7622515148         1.3966839240 
        2.2100001000         2.8200000000         1.2081558831        -0.1488455681         2.0358509493         4.8286026899         1.3992310243 
        2.2150001000         2.8200000000         1.2081558831        -0.1488455681         2.0390538930         4.8286026899         1.3992310243 
        2.2200000000         2.8200000000         1.2183411047         0.1164763002         2.0582715547         4.7622515148         1.3966839240 
        2.2250000000         2.8200000000         1.2157947993         0.0501458331         2.0454597802         4.6295491646         1.3915897233 
        2.2300001000         2.8200000000         1.2081558831        -0.1488455681         2.0390538930         4.7622515148         1.3966839240 
        2.2350001000         2.8200000000         1.2132484939        -0.0161846340         2.0518656675         4.6295491646         1.3915897233 
        2.2400000000         2.8200000000         1.2081558831        -0.1488455681         2.0486627239         4.9613050402         1.4043252250 
        2.2450000000         2.8200000000         1.2132484939        -0.0161846340         2.0486627239         4.2314421139         1.3763071212 
        2.2500000000         2.8200000000         1.2132484939        -0.0161846340         2.0518656675         4.6295491646         1.3915897233 
        2.2550001000         2.8200000000         1.2132484939        -0.0161846340         2.0518656675         4.5631979895         1.3890426230 
        2.2600000000         2.8200000000         1.2157947993         0.0501458331         2.0422568366         4.7622515148         1.3966839240 
        2.2650038000         2.8200000000         1.2208874101         0.1828067672         2.0486627239         4.6295491646         1.3915897233 
        2.2700000000         2.8200000000         1.2208874101         0.1828067672         2.0486627239         4.2314421139         1.3763071212 
        2.2750001000         2.8200000000         1.2132484939        -0.0161846340         2.0390538930         4.7622515148         1.3966839240 
        2.2800000000         2.8200000000         1.2157947993         0.0501458331         2.0390538930         4.7622515148         1.3966839240 
        2.2850001000         2.8200000000         1.2183411047         0.1164763002         2.0582715547         4.8286026899         1.3992310243 
        2.2900000000         2.8200000000         1.2132484939        -0.0161846340         2.0550686111         4.8286026899         1.3992310243 
        2.2950001000         2.8200000000         1.2132484939        -0.0161846340         2.0518656675         4.6295491646         1.3915897233 
        2.3000000000         2.8200000000         1.2157947993         0.0501458331         2.0486627239         4.9613050402         1.4043252250 
        2.3050001000         2.8200000000         1.2132484939        -0.0161846340         2.0454597802         5.0276562153         1.4068723253 
        2.3100000000         2.8200000000         1.2132484939        -0.0161846340         2.0422568366         4.6295491646         1.3915897233 
        2.3150001000         2.8200000000         1.2208874101         0.1828067672         2.0582715547         4.6959003397         1.3941368236 
        2.3200001000         2.8200000000         1.2132484939        -0.0161846340         2.0486627239         4.6295491646         1.3915897233 
        2.3250000000         2.8200000000         1.2132484939        -0.0161846340         2.0486627239         4.9613050402         1.4043252250 
        2.3300000000         2.8200000000         1.2132484939        -0.0161846340         2.0518656675         4.6295491646         1.3915897233 
        2.3350001000         2.8200000000         1.2081558831        -0.1488455681         2.0454597802         4.4304956392         1.3839484223 
        2.3400001000         2.8200000000         1.2132484939        -0.0161846340         2.0550686111         4.6959003397         1.3941368236 
        2.3450000000         2.8200000000         1.2081558831        -0.1488455681         2.0390538930         4.7622515148         1.3966839240 
        2.3500000000         2.8200000000         1.2081558831        -0.1488455681         2.0390538930         4.7622515148         1.3966839240 
        2.3550001000         2.8200000000         1.2132484939        -0.0161846340         2.0486627239         4.6295491646         1.3915897233 
        2.3600001000         2.8200000000         1.2081558831        -0.1488455681         2.0518656675         5.0276562153         1.4068723253 
        2.3650000000         2.8200000000         1.2132484939        -0.0161846340         2.0486627239         4.6295491646         1.3915897233 
        2.3700000000         2.8200000000         1.2183411047         0.1164763002         2.0582715547         4.7622515148         1.3966839240 
        2.3750000000         2.8200000000         1.2056095777        -0.2151760351         2.0390538930         4.8286026899         1.3992310243 
        2.3800001000         2.8200000000         1.2208874101         0.1828067672         2.0486627239         4.6959003397         1.3941368236 
        2.3850000000         2.8200000000         1.2132484939        -0.0161846340         2.0422568366         4.7622515148         1.3966839240 
        2.3900001000         2.8200000000         1.2132484939        -0.0161846340         2.0582715547         4.4968468143         1.3864955226 
        2.3950000000         2.8200000000         1.2132484939        -0.0161846340         2.0486627239         5.0276562153         1.4068723253 
        2.4000001000         2.8200000000         1.2132484939        -0.0161846340         2.0486627239         4.6295491646         1.3915897233 
        2.4050000000         2.8200000000         1.2132484939        -0.0161846340         2.0486627239         4.6295491646         1.3915897233 
        2.4100001000         2.8200000000         1.2132484939        -0.0161846340         2.0486627239         4.6959003397         1.3941368236 
        2.4150000000         2.8200000000         1.2132484939        -0.0161846340         2.0518656675         4.8949538651         1.4017781247 
        2.4200001000         2.8200000000         1.2132484939        -0.0161846340         2.0422568366         4.4304956392         1.3839484223 
        2.4250000000         2.8200000000         1.2132484939        -0.0161846340         2.0454597802         4.2314421139         1.3763071212 
        2.4300001000         2.8200000000         1.2132484939        -0.0161846340         2.0486627239         4.8949538651         1.4017781247 
        2.4350000000         2.8200000000         1.2132484939        -0.0161846340         2.0486627239         4.9613050402         1.4043252250 
        2.4400001000         2.8200000000         1.2208874101         0.1828067672         2.0614744984         4.4304956392         1.3839484223 
        2.4450001000         2.8200000000         1.2107021885        -0.0825151010         2.0390538930         4.7622515148         1.3966839240 
        2.4500000000         2.8200000000         1.2208874101         0.1828067672         2.0582715547         4.7622515148         1.3966839240 
        2.4550000000         2.8200000000         1.2208874101         0.1828067672         2.0550686111         4.7622515148         1.3966839240 
        2.4600001000         2.8200000000         1.2081558831        -0.1488455681         2.0422568366         4.8286026899         1.3992310243 
        2.4650001000         2.8200000000         1.2132484939        -0.0161846340         2.0582715547         4.7622515148         1.3966839240 
        2.4700000000         2.8200000000         1.2081558831        -0.1488455681         2.0390538930         4.7622515148         1.3966839240 
        2.4750000000         2.8200000000         1.2208874101         0.1828067672         2.0486627239         4.6959003397         1.3941368236 
        2.4800001000         2.8200000000         1.2056095777        -0.2151760351         2.0390538930         4.7622515148         1.3966839240 
        2.4850001000         2.8200000000         1.2157947993         0.0501458331         2.0486627239         4.6295491646         1.3915897233 
        2.4900000000         2.8200000000         1.2056095777        -0.2151760351         2.0390538930         4.8286026899         1.3992310243 
        2.4950000000         2.8200000000         1.2132484939        -0.0161846340         2.0486627239         4.9613050402         1.4043252250 
        2.5000000000         2.8200000000         1.2081558831        -0.1488455681         2.0390538930         4.8949538651         1.4017781247 
        2.5050001000         2.8200000000         1.2132484939        -0.0161846340         2.0422568366         4.7622515148         1.3966839240 
        2.5100000000         2.8200000000         1.2208874101         0.1828067672         2.0550686111         4.7622515148         1.3966839240 
        2.5150001000         2.8200000000         1.2132484939        -0.0161846340         2.0486627239         4.9613050402         1.4043252250 
        2.5200000000         2.8200000000         1.2056095777        -0.2151760351         2.0486627239         4.7622515148         1.3966839240 
        2.5250001000         2.8200000000         1.2081558831        -0.1488455681         2.0422568366         4.7622515148         1.3966839240 
        2.5300026000         2.8200000000         1.2183411047         0.1164763002         2.0518656675         4.7622515148         1.3966839240 
        2.5350001000         2.8200000000         1.2234337155         0.2491372343         2.0550686111         4.8286026899         1.3992310243 
        2.5400000000         2.8200000000         1.2208874101         0.1828067672         2.0550686111         4.7622515148         1.3966839240 
        2.5450001000         2.8200000000         1.2208874101         0.1828067672         2.0550686111         4.8286026899         1.3992310243 
        2.5500000000         2.8200000000         1.2157947993         0.0501458331         2.0486627239         4.9613050402         1.4043252250 
        2.5550001000         2.8200000000         1.2132484939        -0.0161846340         2.0486627239         4.9613050402         1.4043252250 
        2.5600000000         2.8200000000         1.2107021885        -0.0825151010         2.0422568366         4.8286026899         1.3992310243 
        2.5650001000         2.8200000000         1.2081558831        -0.1488455681         2.0390538930         4.8286026899         1.3992310243 
        2.5700001000         2.8200000000         1.2183411047         0.1164763002         2.0550686111         4.7622515148         1.3966839240 
        2.5750000000         2.8200000000         1.2081558831        -0.1488455681         2.0390538930         4.4304956392         1.3839484223 
        2.5800000000         2.8200000000         1.2081558831        -0.1488455681         2.0422568366         4.7622515148         1.3966839240 
        2.5850001000         2.8200000000         1.2132484939        -0.0161846340         2.0486627239         4.5631979895         1.3890426230 
        2.5900001000         2.8200000000         1.2132484939        -0.0161846340         2.0486627239         4.6295491646         1.3915897233 
        2.5950000000         2.8200000000         1.2081558831        -0.1488455681         2.0390538930         4.8286026899         1.3992310243 
        2.6000000000         2.8200000000         1.2183411047         0.1164763002         2.0550686111         4.7622515148         1.3966839240 
        2.6050001000         2.8200000000         1.2132484939        -0.0161846340         2.0486627239         4.6295491646         1.3915897233 
        2.6100001000         2.8200000000         1.2132484939        -0.0161846340         2.0486627239         4.9613050402         1.4043252250 
        2.6150000000         2.8200000000         1.2132484939        -0.0161846340         2.0486627239         4.6295491646         1.3915897233 
        2.6200000000         2.8200000000         1.2132484939        -0.0161846340         2.0518656675         5.0276562153         1.4068723253 
        2.6250060000         2.8200000000         1.2132484939        -0.0161846340         2.0518656675         4.9613050402         1.4043252250 
        2.6300001000         2.8200000000         1.2056095777        -0.2151760351         2.0454597802         4.4304956392         1.3839484223 
        2.6350000000         2.8200000000         1.2234337155         0.2491372343         2.0486627239         4.6295491646         1.3915897233 
        2.6400001000         2.8200000000         1.2132484939        -0.0161846340         2.0486627239         4.9613050402         1.4043252250 
        2.6450000000         2.8200000000         1.2081558831        -0.1488455681         2.0486627239         4.8949538651         1.4017781247 
        2.6500001000         2.8200000000         1.2081558831        -0.1488455681         2.0422568366         4.7622515148         1.3966839240 
        2.6550000000         2.8200000000         1.2132484939        -0.0161846340         2.0454597802         4.2314421139         1.3763071212 
        2.6600001000         2.8200000000         1.2208874101         0.1828067672         2.0614744984         4.7622515148         1.3966839240 
        2.6650000000         2.8200000000         1.2157947993         0.0501458331         2.0486627239         4.9613050402         1.4043252250 
        2.6700001000         2.8200000000         1.2208874101         0.1828067672         2.0518656675         4.2314421139         1.3763071212 
        2.6750000000         2.8200000000         1.2107021885        -0.0825151010         2.0486627239         4.9613050402         1.4043252250 
        2.6800001000         2.8200000000         1.2081558831        -0.1488455681         2.0486627239         4.7622515148         1.3966839240 
        2.6850000000         2.8200000000         1.2056095777        -0.2151760351         2.0486627239         4.9613050402         1.4043252250 
        2.6900001000         2.8200000000         1.2081558831        -0.1488455681         2.0422568366         4.7622515148         1.3966839240 
        2.6950001000         2.8200000000         1.2081558831        -0.1488455681         2.0422568366         4.7622515148         1.3966839240 
        2.7000000000         2.8200000000         1.2234337155         0.2491372343         2.0550686111         4.7622515148         1.3966839240 
        2.7050000000         2.8200000000         1.2107021885        -0.0825151010         2.0486627239         4.6295491646         1.3915897233 
        2.7100001000         2.8200000000         1.2132484939        -0.0161846340         2.0486627239         4.6295491646         1.3915897233 
        2.7150001000         2.8200000000         1.2081558831        -0.1488455681         2.0486627239         4.9613050402         1.4043252250 
        2.7200016000         2.8200000000         1.2132484939        -0.0161846340         2.0582715547         4.5631979895         1.3890426230 
        2.7250000000         2.8200000000         1.2157947993         0.0501458331         2.0486627239         4.6959003397         1.3941368236 
        2.7300001000         2.8200000000         1.2132484939        -0.0161846340         2.0486627239         4.6295491646         1.3915897233 
        2.7350001000         2.8200000000         1.2132484939        -0.0161846340         2.0486627239         4.9613050402         1.4043252250 
        2.7400000000         2.8200000000         1.2157947993         0.0501458331         2.0518656675         4.6295491646         1.3915897233 
        2.7450000000         2.8200000000         1.2081558831        -0.1488455681         2.0390538930         4.8286026899         1.3992310243 
        2.7500000000         2.8200000000         1.2208874101         0.1828067672         2.0582715547         4.4304956392         1.3839484223 
        2.7550001000         2.8200000000         1.2132484939        -0.0161846340         2.0518656675         4.6295491646         1.3915897233 
        2.7600000000         2.8200000000         1.2132484939        -0.0161846340         2.0486627239         4.5631979895         1.3890426230 
        2.7650001000         2.8200000000         1.2132484939        -0.0161846340         2.0518656675         4.6295491646         1.3915897233 
        2.7700000000         2.8200000000         1.2132484939        -0.0161846340         2.0486627239         4.4968468143         1.3864955226 
        2.7750001000         2.8200000000         1.2132484939        -0.0161846340         2.0486627239         4.6295491646         1.3915897233 
        2.7800000000         2.8200000000         1.2132484939        -0.0161846340         2.0582715547         4.9613050402         1.4043252250 
        2.7850001000         2.8200000000         1.2208874101         0.1828067672         2.0550686111         4.4304956392         1.3839484223 
        2.7900000000         2.8200000000         1.2208874101         0.1828067672         2.0582715547         4.7622515148         1.3966839240 
        2.7950001000         2.8200000000         1.2183411047         0.1164763002         2.0582715547         4.8286026899         1.3992310243 
        2.8000000000         2.8200000000         1.2132484939        -0.0161846340         2.0454597802         4.9613050402         1.4043252250 
        2.8050001000         2.8200000000         1.2081558831        -0.1488455681         2.0390538930         4.7622515148         1.3966839240 
        2.8100000000         2.8200000000         1.2132484939        -0.0161846340         2.0486627239         4.6295491646         1.3915897233 
        2.8150001000         2.8200000000         1.2056095777        -0.2151760351         2.0454597802         4.9613050402         1.4043252250 
        2.8200001000         2.8200000000         1.2132484939        -0.0161846340         2.0518656675         4.9613050402         1.4043252250 
        2.8250042000         2.8200000000         1.2107021885        -0.0825151010         2.0390538930         4.8286026899         1.3992310243 
        2.8300000000         2.8200000000         1.2107021885        -0.0825151010         2.0486627239         4.9613050402         1.4043252250 
        2.8350026000         2.8200000000         1.2132484939        -0.0161846340         2.0486627239         4.9613050402         1.4043252250 
        2.8400001000         2.8200000000         1.2183411047         0.1164763002         2.0518656675         4.7622515148         1.3966839240 
        2.8450000000         2.8200000000         1.2234337155         0.2491372343         2.0582715547         4.7622515148         1.3966839240 
        2.8500000000         2.8200000000         1.2208874101         0.1828067672         2.0486627239         4.7622515148         1.3966839240 
        2.8550001000         2.8200000000         1.2157947993         0.0501458331         2.0486627239         4.6959003397         1.3941368236 
        2.8600001000         2.8200000000         1.2132484939        -0.0161846340         2.0582715547         4.7622515148         1.3966839240 
        2.8650000000         2.8200000000         1.2234337155         0.2491372343         2.0550686111         4.7622515148         1.3966839240 
        2.8700000000         2.8200000000         1.2132484939        -0.0161846340         2.0582715547         4.8286026899         1.3992310243 
        2.8750000000         2.8200000000         1.2081558831        -0.1488455681         2.0422568366         4.7622515148         1.3966839240 
        2.8800001000         2.8200000000         1.2183411047         0.1164763002         2.0486627239         4.9613050402         1.4043252250 
        2.8850000000         2.8200000000         1.2132484939        -0.0161846340         2.0518656675         5.0276562153         1.4068723253 
        2.8900001000         2.8200000000         1.2132484939        -0.0161846340         2.0486627239         4.6295491646         1.3915897233 
        2.8950000000         2.8200000000         1.2132484939        -0.0161846340         2.0390538930         4.7622515148         1.3966839240 
        2.9000001000         2.8200000000         1.2132484939        -0.0161846340         2.0486627239         4.6295491646         1.3915897233 
        2.9050000000         2.8200000000         1.2132484939        -0.0161846340         2.0486627239         4.5631979895         1.3890426230 
        2.9100001000         2.8200000000         1.2081558831        -0.1488455681         2.0486627239         4.9613050402         1.4043252250 
        2.9150000000         2.8200000000         1.2132484939        -0.0161846340         2.0486627239         4.8949538651         1.4017781247 
        2.9200001000         2.8200000000         1.2183411047         0.1164763002         2.0582715547         4.6959003397         1.3941368236 
        2.9250000000         2.8200000000         1.2056095777        -0.2151760351         2.0422568366         4.8286026899         1.3992310243 
        2.9300001000         2.8200000000         1.2132484939        -0.0161846340         2.0486627239         4.6295491646         1.3915897233 
        2.9350000000         2.8200000000         1.2132484939        -0.0161846340         2.0518656675         4.2977932890         1.3788542216 
        2.9400001000         2.8200000000         1.2132484939        -0.0161846340         2.0454597802         4.6295491646         1.3915897233 
        2.9450001000         2.8200000000         1.2132484939        -0.0161846340         2.0486627239         4.6295491646         1.3915897233 
        2.9500000000         2.8200000000         1.2208874101         0.1828067672         2.0518656675         4.6295491646         1.3915897233 
        2.9550000000         2.8200000000         1.2183411047         0.1164763002         2.0550686111         4.7622515148         1.3966839240 
        2.9600001000         2.8200000000         1.2132484939        -0.0161846340         2.0486627239         4.9613050402         1.4043252250 
        2.9650001000         2.8200000000         1.2208874101         0.1828067672         2.0582715547         4.7622515148         1.3966839240 
        2.9700000000         2.8200000000         1.2132484939        -0.0161846340         2.0550686111         4.7622515148         1.3966839240 
        2.9750000000         2.8200000000         1.2157947993         0.0501458331         2.0486627239         4.2314421139         1.3763071212 
        2.9800001000         2.8200000000         1.2107021885        -0.0825151010         2.0486627239         4.9613050402         1.4043252250 
        2.9850001000         2.8200000000         1.2132484939        -0.0161846340         2.0518656675         4.6295491646         1.3915897233 
        2.9900000000         2.8200000000         1.2132484939        -0.0161846340         2.0486627239         4.9613050402         1.4043252250 
        2.9950000000         2.8200000000         1.2183411047         0.1164763002         2.0550686111         4.7622515148         1.3966839240 
        3.0000000000         2.8200000000         1.2208874101         0.1828067672         2.0582715547         4.7622515148         1.3966839240 
        3.0050001000         2.8200000000         1.2132484939        -0.0161846340         2.0486627239         4.9613050402         1.4043252250 
        3.0100000000         2.8200000000         1.2132484939        -0.0161846340         2.0486627239         5.0276562153         1.4068723253 
        3.0150001000         2.8200000000         1.2107021885        -0.0825151010         2.0422568366         4.7622515148         1.3966839240 
        3.0200000000         2.8200000000         1.2081558831        -0.1488455681         2.0422568366         4.7622515148         1.3966839240 
        3.0250025000         2.8200000000         1.2107021885        -0.0825151010         2.0390538930         4.7622515148         1.3966839240 
        3.0300000000         2.8200000000         1.2107021885        -0.0825151010         2.0486627239         4.8286026899         1.3992310243 
        3.0350001000         2.8200000000         1.2081558831        -0.1488455681         2.0390538930         4.8286026899         1.3992310243 
        3.0400000000         2.8200000000         1.2157947993         0.0501458331         2.0518656675         4.8286026899         1.3992310243 
        3.0450001000         2.8200000000         1.2081558831        -0.1488455681         2.0486627239         5.0276562153         1.4068723253 
        3.0500000000         2.8200000000         1.2157947993         0.0501458331         2.0486627239         4.6295491646         1.3915897233 
        3.0550001000         2.8200000000         1.2081558831        -0.1488455681         2.0454597802         4.8286026899         1.3992310243 
        3.0600000000         2.8200000000         1.2132484939        -0.0161846340         2.0486627239         4.9613050402         1.4043252250 
        3.0650001000         2.8200000000         1.2132484939        -0.0161846340         2.0518656675         4.2314421139         1.3763071212 
        3.0700001000         2.8200000000         1.2208874101         0.1828067672         2.0582715547         4.8286026899         1.3992310243 
        3.0750001000         2.8200000000         1.2107021885        -0.0825151010         2.0486627239         4.9613050402         1.4043252250 
        3.0800000000         2.8200000000         1.2183411047         0.1164763002         2.0486627239         4.9613050402         1.4043252250 
        3.0850001000         2.8200000000         1.2208874101         0.1828067672         2.0550686111         4.7622515148         1.3966839240 
        3.0900001000         2.8200000000         1.2132484939        -0.0161846340         2.0486627239         4.5631979895         1.3890426230 
        3.0950000000         2.8200000000         1.2132484939        -0.0161846340         2.0454597802         4.9613050402         1.4043252250 
        3.1000000000         2.8200000000         1.2056095777        -0.2151760351         2.0422568366         4.7622515148         1.3966839240 
        3.1050001000         2.8200000000         1.2056095777        -0.2151760351         2.0390538930         4.7622515148         1.3966839240 
        3.1100001000         2.8200000000         1.2157947993         0.0501458331         2.0486627239         4.6295491646         1.3915897233 
        3.1150000000         2.8200000000         1.2157947993         0.0501458331         2.0518656675         4.9613050402         1.4043252250 
        3.1200000000         2.8200000000         1.2132484939        -0.0161846340         2.0486627239         4.9613050402         1.4043252250 
        3.1250000000         2.8200000000         1.2208874101         0.1828067672         2.0582715547         4.7622515148         1.3966839240 
        3.1300001000         2.8200000000         1.2183411047         0.1164763002         2.0582715547         4.7622515148         1.3966839240 
        3.1350000000         2.8200000000         1.2081558831        -0.1488455681         2.0486627239         4.6295491646         1.3915897233 
        3.1400001000         2.8200000000         1.2234337155         0.2491372343         2.0550686111         4.7622515148         1.3966839240 
        3.1450000000         2.8200000000         1.2107021885        -0.0825151010         2.0486627239         4.9613050402         1.4043252250 
        3.1500001000         2.8200000000         1.2081558831        -0.1488455681         2.0454597802         4.3641444641         1.3814013219 
        3.1550000000         2.8200000000         1.2132484939        -0.0161846340         2.0486627239         4.9613050402         1.4043252250 
        3.1600001000         2.8200000000         1.2081558831        -0.1488455681         2.0390538930         4.7622515148         1.3966839240 
        3.1650000000         2.8200000000         1.2132484939        -0.0161846340         2.0486627239         4.6295491646         1.3915897233 
        3.1700001000         2.8200000000         1.2132484939        -0.0161846340         2.0614744984         4.8286026899         1.3992310243 
        3.1750000000         2.8200000000         1.2132484939        -0.0161846340         2.0454597802         4.9613050402         1.4043252250 
        3.1800001000         2.8200000000         1.2208874101         0.1828067672         2.0550686111         4.8286026899         1.3992310243 
        3.1850000000         2.8200000000         1.2208874101         0.1828067672         2.0550686111         4.7622515148         1.3966839240 
        3.1900040000         2.8200000000         1.2234337155         0.2491372343         2.0550686111         4.7622515148         1.3966839240 
        3.1950001000         2.8200000000         1.2157947993         0.0501458331         2.0454597802         4.9613050402         1.4043252250 
        3.2000001000         2.8200000000         1.2132484939        -0.0161846340         2.0518656675         4.5631979895         1.3890426230 
        3.2050000000         2.8200000000         1.2208874101         0.1828067672         2.0550686111         4.4304956392         1.3839484223 
        3.2100001000         2.8200000000         1.2157947993         0.0501458331         2.0486627239         4.6295491646         1.3915897233 
        3.2150001000         2.8200000000         1.2132484939        -0.0161846340         2.0486627239         5.0276562153         1.4068723253 
        3.2200000000         2.8200000000         1.2081558831        -0.1488455681         2.0454597802         4.7622515148         1.3966839240 
        3.2250000000         2.8200000000         1.2208874101         0.1828067672         2.0582715547         4.7622515148         1.3966839240 
        3.2300001000         2.8200000000         1.2056095777        -0.2151760351         2.0390538930         4.4304956392         1.3839484223 
        3.2350001000         2.8200000000         1.2183411047         0.1164763002         2.0518656675         4.5631979895         1.3890426230 
        3.2400000000         2.8200000000         1.2208874101         0.1828067672         2.0550686111         4.4304956392         1.3839484223 
        3.2450000000         2.8200000000         1.2208874101         0.1828067672         2.0550686111         4.7622515148         1.3966839240 
        3.2500000000         2.8200000000         1.2208874101         0.1828067672         2.0614744984         4.4304956392         1.3839484223 
        3.2550001000         2.8200000000         1.2081558831        -0.1488455681         2.0422568366         4.8286026899         1.3992310243 
        3.2600000000         2.8200000000         1.2081558831        -0.1488455681         2.0422568366         4.7622515148         1.3966839240 
        3.2650001000         2.8200000000         1.2081558831        -0.1488455681         2.0422568366         4.7622515148         1.3966839240 
        3.2700000000         2.8200000000         1.2081558831        -0.1488455681         2.0454597802         4.4304956392         1.3839484223 
        3.2750001000         2.8200000000         1.2208874101         0.1828067672         2.0582715547         4.7622515148         1.3966839240 
        3.2800000000         2.8200000000         1.2183411047         0.1164763002         2.0486627239         4.6295491646         1.3915897233 
        3.2850001000         2.8200000000         1.2208874101         0.1828067672         2.0486627239         4.7622515148         1.3966839240 
        3.2900000000         2.8200000000         1.2183411047         0.1164763002         2.0582715547         4.8286026899         1.3992310243 
        3.2950001000         2.8200000000         1.2132484939        -0.0161846340         2.0390538930         4.7622515148         1.3966839240 
        3.3000000000         2.8200000000         1.2132484939        -0.0161846340         2.0486627239         4.9613050402         1.4043252250 
        3.3050001000         2.8200000000         1.2081558831        -0.1488455681         2.0390538930         4.5631979895         1.3890426230 
        3.3100000000         2.8200000000         1.2132484939        -0.0161846340         2.0486627239         4.9613050402         1.4043252250 
        3.3150001000         2.8200000000         1.2208874101         0.1828067672         2.0582715547         4.8286026899         1.3992310243 
        3.3200001000         2.8200000000         1.2183411047         0.1164763002         2.0550686111         4.7622515148         1.3966839240 
        3.3250001000         2.8200000000         1.2132484939        -0.0161846340         2.0582715547         4.8286026899         1.3992310243 
        3.3300000000         2.8200000000         1.2132484939        -0.0161846340         2.0518656675         4.6959003397         1.3941368236 
        3.3350001000         2.8200000000         1.2132484939        -0.0161846340         2.0486627239         4.9613050402         1.4043252250 
        3.3400001000         2.8200000000         1.2208874101         0.1828067672         2.0582715547         4.8286026899         1.3992310243 
        3.3450000000         2.8200000000         1.2081558831        -0.1488455681         2.0486627239         5.0276562153         1.4068723253 
        3.3500000000         2.8200000000         1.2132484939        -0.0161846340         2.0486627239         4.9613050402         1.4043252250 
        3.3550001000         2.8200000000         1.2234337155         0.2491372343         2.0550686111         4.7622515148         1.3966839240 
        3.3600001000         2.8200000000         1.2132484939        -0.0161846340         2.0486627239         4.2314421139         1.3763071212 
        3.3650000000         2.8200000000         1.2132484939        -0.0161846340         2.0518656675         5.0276562153         1.4068723253 
        3.3700000000         2.8200000000         1.2132484939        -0.0161846340         2.0486627239         5.0276562153         1.4068723253 
        3.3750000000         2.8200000000         1.2132484939        -0.0161846340         2.0486627239         4.2314421139         1.3763071212 
        3.3800001000         2.8200000000         1.2132484939        -0.0161846340         2.0486627239         4.6295491646         1.3915897233 
        3.3850000000         2.8200000000         1.2132484939        -0.0161846340         2.0550686111         5.0276562153         1.4068723253 
        3.3900001000         2.8200000000         1.2132484939        -0.0161846340         2.0486627239         4.6295491646         1.3915897233 
        3.3950000000         2.8200000000         1.2132484939        -0.0161846340         2.0486627239         4.6959003397         1.3941368236 
        3.4000001000         2.8200000000         1.2132484939        -0.0161846340         2.0486627239         4.2977932890         1.3788542216 
        3.4050000000         2.8200000000         1.2157947993         0.0501458331         2.0550686111         4.7622515148         1.3966839240 
        3.4100001000         2.8200000000         1.2208874101         0.1828067672         2.0486627239         4.6295491646         1.3915897233 
        3.4150000000         2.8200000000         1.2208874101         0.1828067672         2.0582715547         4.8286026899         1.3992310243 
        3.4200001000         2.8200000000         1.2081558831        -0.1488455681         2.0390538930         4.7622515148         1.3966839240 
        3.4250000000         2.8200000000         1.2132484939        -0.0161846340         2.0518656675         4.9613050402         1.4043252250 
        3.4300001000         2.8200000000         1.2132484939        -0.0161846340         2.0486627239         4.9613050402         1.4043252250 
        3.4350000000         2.8200000000         1.2107021885        -0.0825151010         2.0486627239         4.6295491646         1.3915897233 
        3.4400001000         2.8200000000         1.2081558831        -0.1488455681         2.0390538930         4.4304956392         1.3839484223 
        3.4450001000         2.8200000000         1.2081558831        -0.1488455681         2.0422568366         4.7622515148         1.3966839240 
        3.4500001000         2.8200000000         1.2132484939        -0.0161846340         2.0454597802         4.6959003397         1.3941368236 
        3.4550000000         2.8200000000         1.2157947993         0.0501458331         2.0550686111         4.9613050402         1.4043252250 
        3.4600001000         2.8200000000         1.2081558831        -0.1488455681         2.0422568366         4.8286026899         1.3992310243 
        3.4650001000         2.8200000000         1.2208874101         0.1828067672         2.0518656675         4.7622515148         1.3966839240 
        3.4700000000         2.8200000000         1.2132484939        -0.0161846340         2.0486627239         4.8949538651         1.4017781247 
        3.4750000000         2.8200000000         1.2208874101         0.1828067672         2.0582715547         4.8286026899         1.3992310243 
        3.4800001000         2.8200000000         1.2132484939        -0.0161846340         2.0486627239         4.8949538651         1.4017781247 
        3.4850001000         2.8200000000         1.2157947993         0.0501458331         2.0486627239         4.9613050402         1.4043252250 
        3.4900000000         2.8200000000         1.2081558831        -0.1488455681         2.0390538930         4.8286026899         1.3992310243 
        3.4950000000         2.8200000000         1.2132484939        -0.0161846340         2.0486627239         4.9613050402         1.4043252250 
        3.5000000000         2.8200000000         1.2132484939        -0.0161846340         2.0486627239         4.9613050402         1.4043252250 
        3.5050001000         2.8200000000         1.2081558831        -0.1488455681         2.0422568366         4.8286026899         1.3992310243 
        3.5100000000         2.8200000000         1.2132484939        -0.0161846340         2.0486627239         4.9613050402         1.4043252250 
        3.5150001000         2.8200000000         1.2132484939        -0.0161846340         2.0486627239         4.9613050402         1.4043252250 
        3.5200000000         2.8200000000         1.2056095777        -0.2151760351         2.0390538930         4.7622515148         1.3966839240 
        3.5250001000         2.8200000000         1.2132484939        -0.0161846340         2.0486627239         4.5631979895         1.3890426230 
        3.5300000000         2.8200000000         1.2081558831        -0.1488455681         2.0390538930         4.8286026899         1.3992310243 
        3.5350001000         2.8200000000         1.2132484939        -0.0161846340         2.0486627239         4.6959003397         1.3941368236 
        3.5400000000         2.8200000000         1.2107021885        -0.0825151010         2.0486627239         4.9613050402         1.4043252250 
        3.5450001000         2.8200000000         1.2081558831        -0.1488455681         2.0390538930         4.7622515148         1.3966839240 
        3.5500000000         2.8200000000         1.2157947993         0.0501458331         2.0486627239         4.8949538651         1.4017781247 
        3.5550001000         2.8200000000         1.2107021885        -0.0825151010         2.0390538930         4.7622515148         1.3966839240 
        3.5600000000         2.8200000000         1.2081558831        -0.1488455681         2.0390538930         4.7622515148         1.3966839240 
        3.5650001000         2.8200000000         1.2208874101         0.1828067672         2.0582715547         4.8286026899         1.3992310243 
        3.5700001000         2.8200000000         1.2132484939        -0.0161846340         2.0486627239         4.9613050402         1.4043252250 
        3.5750001000         2.8200000000         1.2208874101         0.1828067672         2.0582715547         4.7622515148         1.3966839240 
        3.5800000000         2.8200000000         1.2081558831        -0.1488455681         2.0422568366         4.7622515148         1.3966839240 
        3.5850001000         2.8200000000         1.2132484939        -0.0161846340         2.0518656675         4.9613050402         1.4043252250 
        3.5900001000         2.8200000000         1.2208874101         0.1828067672         2.0550686111         4.8286026899         1.3992310243 
        3.5950000000         2.8200000000         1.2208874101         0.1828067672         2.0550686111         4.4304956392         1.3839484223 
        3.6000000000         2.8200000000         1.2056095777        -0.2151760351         2.0390538930         4.8286026899         1.3992310243 
        3.6050001000         2.8200000000         1.2081558831        -0.1488455681         2.0454597802         4.4304956392         1.3839484223 
        3.6100001000         2.8200000000         1.2132484939        -0.0161846340         2.0486627239         4.9613050402         1.4043252250 
        3.6150000000         2.8200000000         1.2081558831        -0.1488455681         2.0422568366         4.7622515148         1.3966839240 
        3.6200000000         2.8200000000         1.2208874101         0.1828067672         2.0614744984         4.4304956392         1.3839484223 
        3.6250000000         2.8200000000         1.2183411047         0.1164763002         2.0582715547         4.7622515148         1.3966839240 
        3.6300001000         2.8200000000         1.2132484939        -0.0161846340         2.0486627239         4.5631979895         1.3890426230 
        3.6350000000         2.8200000000         1.2132484939        -0.0161846340         2.0582715547         4.8286026899         1.3992310243 
        3.6400001000         2.8200000000         1.2081558831        -0.1488455681         2.0390538930         4.7622515148         1.3966839240 
        3.6450000000         2.8200000000         1.2081558831        -0.1488455681         2.0454597802         4.7622515148         1.3966839240 
        3.6500001000         2.8200000000         1.2132484939        -0.0161846340         2.0486627239         4.6295491646         1.3915897233 
        3.6550000000         2.8200000000         1.2208874101         0.1828067672         2.0582715547         4.8286026899         1.3992310243 
        3.6600001000         2.8200000000         1.2132484939        -0.0161846340         2.0486627239         4.4968468143         1.3864955226 
        3.6650000000         2.8200000000         1.2081558831        -0.1488455681         2.0454597802         4.6959003397         1.3941368236 
        3.6700001000         2.8200000000         1.2183411047         0.1164763002         2.0518656675         4.4304956392         1.3839484223 
        3.6750000000         2.8200000000         1.2081558831        -0.1488455681         2.0390538930         4.8286026899         1.3992310243 
        3.6800001000         2.8200000000         1.2208874101         0.1828067672         2.0486627239         4.7622515148         1.3966839240 
        3.6850000000         2.8200000000         1.2107021885        -0.0825151010         2.0486627239         4.5631979895         1.3890426230 
        3.6900001000         2.8200000000         1.2183411047         0.1164763002         2.0550686111         4.7622515148         1.3966839240 
        3.6950001000         2.8200000000         1.2132484939        -0.0161846340         2.0486627239         4.6295491646         1.3915897233 
        3.7000001000         2.8200000000         1.2081558831        -0.1488455681         2.0422568366         4.4304956392         1.3839484223 
        3.7050000000         2.8200000000         1.2081558831        -0.1488455681         2.0422568366         4.8286026899         1.3992310243 
        3.7100001000         2.8200000000         1.2132484939        -0.0161846340         2.0486627239         4.2314421139         1.3763071212 
        3.7150001000         2.8200000000         1.2208874101         0.1828067672         2.0614744984         4.4304956392         1.3839484223 
        3.7200000000         2.8200000000         1.2132484939        -0.0161846340         2.0582715547         4.8949538651         1.4017781247 
        3.7250000000         2.8200000000         1.2132484939        -0.0161846340         2.0454597802         5.0276562153         1.4068723253 
        3.7300001000         2.8200000000         1.2183411047         0.1164763002         2.0486627239         4.5631979895         1.3890426230 
        3.7350001000         2.8200000000         1.2132484939        -0.0161846340         2.0486627239         4.9613050402         1.4043252250 
        3.7400000000         2.8200000000         1.2056095777        -0.2151760351         2.0422568366         4.7622515148         1.3966839240 
        3.7450000000         2.8200000000         1.2056095777        -0.2151760351         2.0390538930         4.7622515148         1.3966839240 
        3.7500000000         2.8200000000         1.2056095777        -0.2151760351         2.0486627239         4.9613050402         1.4043252250 
        3.7550001000         2.8200000000         1.2132484939        -0.0161846340         2.0486627239         4.6295491646         1.3915897233 
        3.7600000000         2.8200000000         1.2081558831        -0.1488455681         2.0486627239         4.9613050402         1.4043252250 
        3.7650001000         2.8200000000         1.2208874101         0.1828067672         2.0582715547         4.4304956392         1.3839484223 
        3.7700000000         2.8200000000         1.2132484939        -0.0161846340         2.0486627239         4.6295491646         1.3915897233 
        3.7750001000         2.8200000000         1.2132484939        -0.0161846340         2.0486627239         4.3641444641         1.3814013219 
        3.7800000000         2.8200000000         1.2107021885        -0.0825151010         2.0422568366         4.7622515148         1.3966839240 
        3.7850001000         2.8200000000         1.2132484939        -0.0161846340         2.0390538930         4.7622515148         1.3966839240 
        3.7900017000         2.8200000000         1.2183411047         0.1164763002         2.0582715547         4.7622515148         1.3966839240 
        3.7950001000         2.8200000000         1.2132484939        -0.0161846340         2.0614744984         4.4304956392         1.3839484223 
        3.8000000000         2.8200000000         1.2208874101         0.1828067672         2.0550686111         4.7622515148         1.3966839240 
        3.8050001000         2.8200000000         1.2157947993         0.0501458331         2.0390538930         4.7622515148         1.3966839240 
        3.8100000000         2.8200000000         1.2157947993         0.0501458331         2.0486627239         5.0276562153         1.4068723253 
        3.8150001000         2.8200000000         1.2132484939        -0.0161846340         2.0486627239         4.9613050402         1.4043252250 
        3.8200001000         2.8200000000         1.2132484939        -0.0161846340         2.0486627239         4.6295491646         1.3915897233 
        3.8250001000         2.8200000000         1.2208874101         0.1828067672         2.0582715547         4.8286026899         1.3992310243 
        3.8300000000         2.8200000000         1.2081558831        -0.1488455681         2.0422568366         4.6295491646         1.3915897233 
        3.8350001000         2.8200000000         1.2081558831        -0.1488455681         2.0390538930         4.7622515148         1.3966839240 
        3.8400001000         2.8200000000         1.2132484939        -0.0161846340         2.0486627239         4.6295491646         1.3915897233 
        3.8450025000         2.8200000000         1.2157947993         0.0501458331         2.0486627239         4.6295491646         1.3915897233 
        3.8500000000         2.8200000000         1.2081558831        -0.1488455681         2.0390538930         4.7622515148         1.3966839240 
        3.8550001000         2.8200000000         1.2056095777        -0.2151760351         2.0422568366         4.7622515148         1.3966839240 
        3.8600001000         2.8200000000         1.2132484939        -0.0161846340         2.0518656675         5.0276562153         1.4068723253 
        3.8650000000         2.8200000000         1.2132484939        -0.0161846340         2.0486627239         4.8949538651         1.4017781247 
        3.8700000000         2.8200000000         1.2132484939        -0.0161846340         2.0518656675         4.8949538651         1.4017781247 
        3.8750000000         2.8200000000         1.2234337155         0.2491372343         2.0550686111         4.7622515148         1.3966839240 
        3.8800001000         2.8200000000         1.2208874101         0.1828067672         2.0550686111         4.8286026899         1.3992310243 
        3.8850000000         2.8200000000         1.2234337155         0.2491372343         2.0518656675         4.2314421139         1.3763071212 
        3.8900001000         2.8200000000         1.2132484939        -0.0161846340         2.0518656675         4.6295491646         1.3915897233 
        3.8950000000         2.8200000000         1.2132484939        -0.0161846340         2.0486627239         4.9613050402         1.4043252250 
        3.9000001000         2.8200000000         1.2208874101         0.1828067672         2.0582715547         4.6295491646         1.3915897233 
        3.9050000000         2.8200000000         1.2132484939        -0.0161846340         2.0486627239         4.5631979895         1.3890426230 
        3.9100001000         2.8200000000         1.2157947993         0.0501458331         2.0550686111         4.8286026899         1.3992310243 
        3.9150000000         2.8200000000         1.2208874101         0.1828067672         2.0550686111         4.7622515148         1.3966839240 
        3.9200001000         2.8200000000         1.2132484939        -0.0161846340         2.0486627239         4.6295491646         1.3915897233 
        3.9250000000         2.8200000000         1.2132484939        -0.0161846340         2.0486627239         4.9613050402         1.4043252250 
        3.9300001000         2.8200000000         1.2132484939        -0.0161846340         2.0486627239         4.9613050402         1.4043252250 
        3.9350000000         2.8200000000         1.2056095777        -0.2151760351         2.0422568366         4.7622515148         1.3966839240 
        3.9400001000         2.8200000000         1.2132484939        -0.0161846340         2.0486627239         4.1650909387         1.3737600209 
        3.9450001000         2.8200000000         1.2132484939        -0.0161846340         2.0486627239         4.6295491646         1.3915897233 
        3.9500001000         2.8200000000         1.2208874101         0.1828067672         2.0550686111         4.4968468143         1.3864955226 
        3.9550000000         2.8200000000         1.2081558831        -0.1488455681         2.0390538930         4.7622515148         1.3966839240 
        3.9600001000         2.8200000000         1.2132484939        -0.0161846340         2.0486627239         4.8949538651         1.4017781247 
        3.9650001000         2.8200000000         1.2132484939        -0.0161846340         2.0390538930         4.7622515148         1.3966839240 
        3.9700001000         2.8200000000         1.2056095777        -0.2151760351         2.0454597802         4.4304956392         1.3839484223 
        3.9750000000         2.8200000000         1.2132484939        -0.0161846340         2.0518656675         4.6959003397         1.3941368236 
        3.9800001000         2.8200000000         1.2183411047         0.1164763002         2.0582715547         4.7622515148         1.3966839240 
        3.9850001000         2.8200000000         1.2132484939        -0.0161846340         2.0486627239         4.6959003397         1.3941368236 
        3.9900000000         2.8200000000         1.2081558831        -0.1488455681         2.0422568366         4.4304956392         1.3839484223 
        3.9950000000         2.8200000000         1.2132484939        -0.0161846340         2.0518656675         4.6959003397         1.3941368236 
