           Time[sec]  \omega_{cmd}[rad/s]          V_{gyro}[V] \omega_{gyro}[rad/s]          \theta[rad] \omega_{dist}[rad/s]  \omega_{distRaw}[V] 
        0.0000000000         3.2800000000         1.2116989073        -0.0006640385         0.9324558156         4.7489013039         1.3940260399 
        0.0050000000         3.2800000000         1.2218953969         0.2649513577         0.9452735523         4.4169036827         1.3812812580 
        0.0100000000         3.2800000000         1.2142480297         0.0657398106         0.9420691181         5.0144994009         1.4042218654 
        0.0150000000         3.2800000000         1.2193462745         0.1985475086         0.9356602498         4.5497027312         1.3863791708 
        0.0200000000         3.2800000000         1.2652304777         1.3938167914         0.9356602498         4.4833032069         1.3838302144 
        0.0250000000         3.2800000000         1.3952357199         4.7804130925         0.9612957231         4.6161022554         1.3889281272 
        0.0300001000         3.2800000000         1.3213111704         2.8547014703         0.9741134597         4.6825017797         1.3914770835 
        0.0350001000         3.2800000000         1.3595480063         3.8507592059         0.9837267622         4.6825017797         1.3914770835 
        0.0400000000         3.2800000000         1.4079813319         5.1124323377         1.0093622356         4.5497027312         1.3863791708 
        0.0450000000         3.2800000000         1.3901374751         4.6476053944         1.0446110114         4.3505041584         1.3787323017 
        0.0500000000         3.2800000000         1.3952357199         4.7804130925         1.0670420505         4.5497027312         1.3863791708 
        0.0550000000         3.2800000000         1.4258251886         5.5772592810         1.0958819580         4.7489013039         1.3940260399 
        0.0600000000         3.2800000000         1.4207269438         5.4444515829         1.1119041289         4.8153008282         1.3965749963 
        0.0650000000         3.2800000000         1.4385708006         5.9092785262         1.1439484705         4.8153008282         1.3965749963 
        0.0700001000         3.2800000000         1.4283743110         5.6436631300         1.1695839438         4.5497027312         1.3863791708 
        0.0750001000         3.2800000000         1.4360216782         5.8428746771         1.2016282855         4.6825017797         1.3914770835 
        0.0800000000         3.2800000000         1.4283743110         5.6436631300         1.2208548905         4.7489013039         1.3940260399 
        0.0850000000         3.2800000000         1.4564146574         6.3741054694         1.2561036663         4.8153008282         1.3965749963 
        0.0900000000         3.2800000000         1.4436690454         6.0420862242         1.2817391396         4.7489013039         1.3940260399 
        0.0950000000         3.2800000000         1.4666111470         6.6397208656         1.3201923496         4.8153008282         1.3965749963 
        0.1000000000         3.2800000000         1.4564146574         6.3741054694         1.3554411254         4.5497027312         1.3863791708 
        0.1050000000         3.2800000000         1.4717093918         6.7725285637         1.3938943354         4.6825017797         1.3914770835 
        0.1100000000         3.2800000000         1.4768076366         6.9053362618         1.4227342429         4.8153008282         1.3965749963 
        0.1150001000         3.2800000000         1.4768076366         6.9053362618         1.4515741504         4.9480998767         1.4016729090 
        0.1200000000         3.2800000000         1.4819058814         7.0381439599         1.4900273604         4.8153008282         1.3965749963 
        0.1250000000         3.2800000000         1.4487672902         6.1748939223         1.5188672679         5.0144994009         1.4042218654 
        0.1300000000         3.2800000000         1.4819058814         7.0381439599         1.5509116095         4.9480998767         1.4016729090 
        0.1350000000         3.2800000000         1.4870041262         7.1709516579         1.5989781220         4.8153008282         1.3965749963 
        0.1400000000         3.2800000000         1.5073971053         7.7021824503         1.6278180295         4.8153008282         1.3965749963 
        0.1450000000         3.2800000000         1.4793567590         6.9717401108         1.6566579370         5.0808989252         1.4067708218 
        0.1500000000         3.2800000000         1.4946514934         7.3701632051         1.7015200153         4.8153008282         1.3965749963 
        0.1550001000         3.2800000000         1.4972006157         7.4365670541         1.7303599228         5.0144994009         1.4042218654 
        0.1600001000         3.2800000000         1.5099462277         7.7685862993         1.7784264353         4.9480998767         1.4016729090 
        0.1650000000         3.2800000000         1.5099462277         7.7685862993         1.8168796453         4.8153008282         1.3965749963 
        0.1700000000         3.2800000000         1.5124953501         7.8349901484         1.8585372894         4.7489013039         1.3940260399 
        0.1750000000         3.2800000000         1.4946514934         7.3701632051         1.8809683286         5.0808989252         1.4067708218 
        0.1800001000         3.2800000000         1.5201427173         8.0342016955         1.9258304069         4.7489013039         1.3940260399 
        0.1850000000         3.2800000000         1.4972006157         7.4365670541         1.9642836169         5.0808989252         1.4067708218 
        0.1900000000         3.2800000000         1.5175935949         7.9677978464         2.0091456952         4.6161022554         1.3889281272 
        0.1950001000         3.2800000000         1.5099462277         7.7685862993         2.0443944710         4.8153008282         1.3965749963 
        0.2000001000         3.2800000000         1.4972006157         7.4365670541         2.0828476810         5.0144994009         1.4042218654 
        0.2050000000         3.2800000000         1.5175935949         7.9677978464         2.1277097593         4.8817003524         1.3991239527 
        0.2100001000         3.2800000000         1.5328883293         8.3662209407         2.1757762718         4.8153008282         1.3965749963 
        0.2150000000         3.2800000000         1.5175935949         7.9677978464         2.2078206135         4.6825017797         1.3914770835 
        0.2200000000         3.2800000000         1.4997497381         7.5029709031         2.2366605210         4.7489013039         1.3940260399 
        0.2250000000         3.2800000000         1.5277900845         8.2334132426         2.2847270334         4.9480998767         1.4016729090 
        0.2300000000         3.2800000000         1.5150444725         7.9013939974         2.3231802434         4.8153008282         1.3965749963 
        0.2350000000         3.2800000000         1.5277900845         8.2334132426         2.3744511901         5.0144994009         1.4042218654 
        0.2400001000         3.2800000000         1.5354374517         8.4326247897         2.4225177026         4.7489013039         1.3940260399 
        0.2450000000         3.2800000000         1.5277900845         8.2334132426         2.4545620442         4.9480998767         1.4016729090 
        0.2500000000         3.2800000000         1.5201427173         8.0342016955         2.4866063859         4.8153008282         1.3965749963 
        0.2550000000         3.2800000000         1.5354374517         8.4326247897         2.5474906350         4.4169036827         1.3812812580 
        0.2600000000         3.2800000000         1.5201427173         8.0342016955         2.5859438450         4.8153008282         1.3965749963 
        0.2650000000         3.2800000000         1.5277900845         8.2334132426         2.6243970550         4.6825017797         1.3914770835 
        0.2700000000         3.2800000000         1.5354374517         8.4326247897         2.6596458308         4.9480998767         1.4016729090 
        0.2750000000         3.2800000000         1.5354374517         8.4326247897         2.7141212116         4.8153008282         1.3965749963 
        0.2800001000         3.2800000000         1.5354374517         8.4326247897         2.7525744216         4.8817003524         1.3991239527 
        0.2850001000         3.2800000000         1.5354374517         8.4326247897         2.7910276316         4.7489013039         1.3940260399 
        0.2900001000         3.2800000000         1.5379865741         8.4990286388         2.8390941441         4.8153008282         1.3965749963 
        0.2950000000         3.2800000000         1.5507321861         8.8310478840         2.8839562224         4.6161022554         1.3889281272 
        0.3000000000         3.2800000000         1.5379865741         8.4990286388         2.9192049982         4.8153008282         1.3965749963 
        0.3050000000         3.2800000000         1.5583795533         9.0302594311         2.9832936815         4.4169036827         1.3812812580 
        0.3100000000         3.2800000000         1.5532813085         8.8974517330         3.0185424573         4.8153008282         1.3965749963 
        0.3150000000         3.2800000000         1.5481830637         8.7646440349         3.0634045357         4.8153008282         1.3965749963 
        0.3200001000         3.2800000000         1.5481830637         8.7646440349         3.1082666140         4.6161022554         1.3889281272 
        0.3250001000         3.2800000000         1.5481830637         8.7646440349         3.1306976531         4.9480998767         1.4016729090 
        0.3300000000         3.2800000000         1.5481830637         8.7646440349         3.1435153898         4.4169036827         1.3812812580 
        0.3350000000         3.2800000000         1.5787725324         9.5614902234         3.1403109556         4.8153008282         1.3965749963 
        0.3400000000         3.2800000000         1.5456339413         8.6982401859        -1.7464511468         4.8153008282         1.3965749963 
        0.3450000000         3.2800000000         1.5583795533         9.0302594311        -1.7400422785         4.6825017797         1.3914770835 
        0.3500001000         3.2800000000         1.5558304309         8.9638555820        -3.1371755746         4.9480998767         1.4016729090 
        0.3550001000         3.2800000000         1.5660269205         9.2294709782        -3.1467888771         4.6161022554         1.3889281272 
        0.3600000000         3.2800000000         1.5736742876         9.4286825253        -3.1403800088         4.8153008282         1.3965749963 
        0.3650001000         3.2800000000         1.5685760429         9.2958748273        -3.1307667063         4.6161022554         1.3889281272 
        0.3700000000         3.2800000000         1.5736742876         9.4286825253        -3.0955179305         4.8153008282         1.3965749963 
        0.3750000000         3.2800000000         1.5660269205         9.2294709782        -3.0474514180         4.8153008282         1.3965749963 
        0.3800000000         3.2800000000         1.5711251653         9.3622786763        -3.0025893397         4.8153008282         1.3965749963 
        0.3850000000         3.2800000000         1.5813216548         9.6278940725        -2.9417050905         4.6161022554         1.3889281272 
        0.3900000000         3.2800000000         1.5583795533         9.0302594311        -2.9032518805         5.0144994009         1.4042218654 
        0.3950000000         3.2800000000         1.5813216548         9.6278940725        -2.8487764997         4.7489013039         1.3940260399 
        0.4000000000         3.2800000000         1.5736742876         9.4286825253        -2.8103232897         5.0144994009         1.4042218654 
        0.4050001000         3.2800000000         1.5787725324         9.5614902234        -2.7558479089         4.9480998767         1.4016729090 
        0.4100001000         3.2800000000         1.5915181444         9.8935094686        -2.7077813964         4.8153008282         1.3965749963 
        0.4150001000         3.2800000000         1.5787725324         9.5614902234        -2.6565104498         4.7489013039         1.3940260399 
        0.4200001000         3.2800000000         1.5889690220         9.8271056196        -2.6020350690         4.7489013039         1.3940260399 
        0.4250000000         3.2800000000         1.5813216548         9.6278940725        -2.5635818590         4.8153008282         1.3965749963 
        0.4300000000         3.2800000000         1.5940672668         9.9599133177        -2.5155153465         4.7489013039         1.3940260399 
        0.4350000000         3.2800000000         1.5889690220         9.8271056196        -2.4546310974         4.6825017797         1.3914770835 
        0.4400000000         3.2800000000         1.5889690220         9.8271056196        -2.4225867557         4.9480998767         1.4016729090 
        0.4450001000         3.2800000000         1.5966163892        10.0263171667        -2.3617025066         4.6825017797         1.3914770835 
        0.4500001000         3.2800000000         1.5991655116        10.0927210157        -2.3040226916         4.9480998767         1.4016729090 
        0.4550000000         3.2800000000         1.5915181444         9.8935094686        -2.2623650474         4.8817003524         1.3991239527 
        0.4600000000         3.2800000000         1.5889690220         9.8271056196        -2.2142985350         4.8817003524         1.3991239527 
        0.4650000000         3.2800000000         1.6042637564        10.2255287138        -2.1694364566         5.0144994009         1.4042218654 
        0.4700000000         3.2800000000         1.5864198996         9.7607017705        -2.1245743783         4.8153008282         1.3965749963 
        0.4750001000         3.2800000000         1.6170093684        10.5575479590        -2.0668945633         4.9480998767         1.4016729090 
        0.4800001000         3.2800000000         1.5966163892        10.0263171667        -2.0092147484         4.7489013039         1.3940260399 
        0.4850000000         3.2800000000         1.5915181444         9.8935094686        -1.9771704067         5.0144994009         1.4042218654 
        0.4900001000         3.2800000000         1.6093620012        10.3583364119        -1.9258994601         4.9480998767         1.4016729090 
        0.4950000000         3.2800000000         1.6119111236        10.4247402610        -1.8714240792         4.6825017797         1.3914770835 
        0.5000000000         3.2800000000         1.6042637564        10.2255287138        -1.8105398301         4.4833032069         1.3838302144 
        0.5050000000         3.2800000000         1.6170093684        10.5575479590        -1.7592688834         4.7489013039         1.3940260399 
        0.5100000000         3.2800000000         1.6195584908        10.6239518081        -1.7112023710         4.4833032069         1.3838302144 
        0.5150000000         3.2800000000         1.6093620012        10.3583364119        -1.6663402926         4.6825017797         1.3914770835 
        0.5200000000         3.2800000000         1.6119111236        10.4247402610        -1.6246826485         4.6825017797         1.3914770835 
        0.5250000000         3.2800000000         1.6246567356        10.7567595062        -1.5605939652         4.4833032069         1.3838302144 
        0.5300001000         3.2800000000         1.6221076132        10.6903556571        -1.5061185844         4.6825017797         1.3914770835 
        0.5350001000         3.2800000000         1.6119111236        10.4247402610        -1.4516432036         4.4833032069         1.3838302144 
        0.5400000000         3.2800000000         1.6093620012        10.3583364119        -1.4195988619         4.8153008282         1.3965749963 
        0.5450000000         3.2800000000         1.6195584908        10.6239518081        -1.3587146128         4.6161022554         1.3889281272 
        0.5500000000         3.2800000000         1.6144602460        10.4911441100        -1.3106481003         4.7489013039         1.3940260399 
        0.5550000000         3.2800000000         1.6093620012        10.3583364119        -1.2689904561         4.8153008282         1.3965749963 
        0.5600000000         3.2800000000         1.6323041028        10.9559710533        -1.1952884703         4.6825017797         1.3914770835 
        0.5650000000         3.2800000000         1.6246567356        10.7567595062        -1.1440175237         4.4833032069         1.3838302144 
        0.5700001000         3.2800000000         1.6221076132        10.6903556571        -1.1087687478         4.6161022554         1.3889281272 
        0.5750001000         3.2800000000         1.6272058580        10.8231633552        -1.0542933670         5.0144994009         1.4042218654 
        0.5800001000         3.2800000000         1.6246567356        10.7567595062        -0.9998179862         4.8153008282         1.3965749963 
        0.5850000000         3.2800000000         1.6297549804        10.8895672042        -0.9453426054         4.8153008282         1.3965749963 
        0.5900000000         3.2800000000         1.6246567356        10.7567595062        -0.8940716588         5.0808989252         1.4067708218 
        0.5950000000         3.2800000000         1.6221076132        10.6903556571        -0.8492095804         4.8817003524         1.3991239527 
        0.6000000000         3.2800000000         1.6246567356        10.7567595062        -0.7819164630         4.6161022554         1.3889281272 
        0.6050000000         3.2800000000         1.6374023476        11.0887787514        -0.7402588188         4.8153008282         1.3965749963 
        0.6100000000         3.2800000000         1.6374023476        11.0887787514        -0.6889878722         4.6825017797         1.3914770835 
        0.6150001000         3.2800000000         1.6348532252        11.0223749023        -0.6345124914         4.8153008282         1.3965749963 
        0.6200000000         3.2800000000         1.6221076132        10.6903556571        -0.5800371105         4.8153008282         1.3965749963 
        0.6250000000         3.2800000000         1.6195584908        10.6239518081        -0.5351750322         5.0144994009         1.4042218654 
        0.6300000000         3.2800000000         1.6374023476        11.0887787514        -0.4710863489         4.8817003524         1.3991239527 
        0.6350000000         3.2800000000         1.6450497148        11.2879902985        -0.4102020998         4.8153008282         1.3965749963 
        0.6400000000         3.2800000000         1.6246567356        10.7567595062        -0.3653400214         4.8153008282         1.3965749963 
        0.6450000000         3.2800000000         1.6475988371        11.3543941475        -0.3108646406         4.8817003524         1.3991239527 
        0.6500000000         3.2800000000         1.6297549804        10.8895672042        -0.2595936940         4.8153008282         1.3965749963 
        0.6550001000         3.2800000000         1.6221076132        10.6903556571        -0.2083227473         4.8817003524         1.3991239527 
        0.6600001000         3.2800000000         1.6425005924        11.2215864494        -0.1506429324         4.8153008282         1.3965749963 
        0.6650000000         3.2800000000         1.6374023476        11.0887787514        -0.0961675515         4.8153008282         1.3965749963 
        0.6700000000         3.2800000000         1.6399514700        11.1551826004        -0.0384877366         4.6161022554         1.3889281272 
        0.6750000000         3.2800000000         1.6374023476        11.0887787514         0.0031699076         5.0144994009         1.4042218654 
        0.6800000000         3.2800000000         1.6348532252        11.0223749023         0.0576452884         4.8153008282         1.3965749963 
        0.6850000000         3.2800000000         1.6144602460        10.4911441100         0.1057118009         4.9480998767         1.4016729090 
        0.6900000000         3.2800000000         1.6399514700        11.1551826004         0.1665960500         4.8153008282         1.3965749963 
        0.6950001000         3.2800000000         1.6246567356        10.7567595062         0.2210714308         4.8153008282         1.3965749963 
        0.7000001000         3.2800000000         1.6425005924        11.2215864494         0.2723423775         5.0808989252         1.4067708218 
        0.7050001000         3.2800000000         1.6221076132        10.6903556571         0.3300221925         4.8153008282         1.3965749963 
        0.7100000000         3.2800000000         1.6374023476        11.0887787514         0.3780887050         5.0808989252         1.4067708218 
        0.7150000000         3.2800000000         1.6246567356        10.7567595062         0.4261552174         5.0808989252         1.4067708218 
        0.7200000000         3.2800000000         1.6195584908        10.6239518081         0.4934483349         4.8817003524         1.3991239527 
        0.7250000000         3.2800000000         1.6348532252        11.0223749023         0.5383104132         4.8817003524         1.3991239527 
        0.7300000000         3.2800000000         1.6272058580        10.8231633552         0.5895813599         4.5497027312         1.3863791708 
        0.7350000000         3.2800000000         1.6297549804        10.8895672042         0.6440567407         4.8153008282         1.3965749963 
        0.7400001000         3.2800000000         1.6119111236        10.4247402610         0.6889188190         4.7489013039         1.3940260399 
        0.7450000000         3.2800000000         1.6399514700        11.1551826004         0.7626208048         4.8153008282         1.3965749963 
        0.7500000000         3.2800000000         1.6144602460        10.4911441100         0.8042784490         4.6161022554         1.3889281272 
        0.7550000000         3.2800000000         1.6323041028        10.9559710533         0.8619582640         4.8153008282         1.3965749963 
        0.7600000000         3.2800000000         1.6144602460        10.4911441100         0.9164336448         4.5497027312         1.3863791708 
        0.7650000000         3.2800000000         1.6323041028        10.9559710533         0.9580912889         4.7489013039         1.3940260399 
        0.7700000000         3.2800000000         1.6374023476        11.0887787514         1.0317932747         4.8153008282         1.3965749963 
        0.7750000000         3.2800000000         1.6170093684        10.5575479590         1.0734509189         4.6825017797         1.3914770835 
        0.7800001000         3.2800000000         1.6195584908        10.6239518081         1.1151085630         4.7489013039         1.3940260399 
        0.7850001000         3.2800000000         1.6323041028        10.9559710533         1.1791972463         4.8153008282         1.3965749963 
        0.7900000000         3.2800000000         1.6170093684        10.5575479590         1.2304681930         4.8817003524         1.3991239527 
        0.7950000000         3.2800000000         1.6348532252        11.0223749023         1.2913524421         4.5497027312         1.3863791708 
        0.8000000000         3.2800000000         1.6221076132        10.6903556571         1.3394189546         4.7489013039         1.3940260399 
        0.8050000000         3.2800000000         1.6272058580        10.8231633552         1.3906899013         4.6825017797         1.3914770835 
        0.8100000000         3.2800000000         1.6221076132        10.6903556571         1.4515741504         4.6825017797         1.3914770835 
        0.8150000000         3.2800000000         1.6170093684        10.5575479590         1.4900273604         4.8153008282         1.3965749963 
        0.8200001000         3.2800000000         1.6246567356        10.7567595062         1.5605249120         4.4833032069         1.3838302144 
        0.8250001000         3.2800000000         1.6119111236        10.4247402610         1.5893648195         4.6161022554         1.3889281272 
        0.8300001000         3.2800000000         1.6170093684        10.5575479590         1.6406357662         5.0808989252         1.4067708218 
        0.8350001000         3.2800000000         1.6144602460        10.4911441100         1.7015200153         4.6825017797         1.3914770835 
        0.8400000000         3.2800000000         1.6221076132        10.6903556571         1.7527909620         4.8153008282         1.3965749963 
        0.8450000000         3.2800000000         1.5991655116        10.0927210157         1.7976530403         4.8153008282         1.3965749963 
        0.8500000000         3.2800000000         1.5915181444         9.8935094686         1.8521284211         4.8153008282         1.3965749963 
        0.8550000000         3.2800000000         1.6093620012        10.3583364119         1.8937860652         4.9480998767         1.4016729090 
        0.8600000000         3.2800000000         1.5864198996         9.7607017705         1.9578747486         4.8153008282         1.3965749963 
        0.8650001000         3.2800000000         1.6246567356        10.7567595062         2.0123501294         4.8153008282         1.3965749963 
        0.8700000000         3.2800000000         1.5813216548         9.6278940725         2.0604166419         4.8153008282         1.3965749963 
        0.8750000000         3.2800000000         1.6272058580        10.8231633552         2.1116875885         4.6825017797         1.3914770835 
        0.8800000000         3.2800000000         1.5838707772         9.6942979215         2.1693674035         4.8153008282         1.3965749963 
        0.8850000000         3.2800000000         1.5991655116        10.0927210157         2.2238427843         4.8153008282         1.3965749963 
        0.8900000000         3.2800000000         1.6093620012        10.3583364119         2.2751137309         4.6825017797         1.3914770835 
        0.8950000000         3.2800000000         1.5991655116        10.0927210157         2.3231802434         4.5497027312         1.3863791708 
        0.9000000000         3.2800000000         1.6068128788        10.2919325629         2.3648378876         4.6161022554         1.3889281272 
        0.9050001000         3.2800000000         1.5940672668         9.9599133177         2.4096999659         4.9480998767         1.4016729090 
        0.9100001000         3.2800000000         1.6017146340        10.1591248648         2.4769930834         4.6825017797         1.3914770835 
        0.9150000000         3.2800000000         1.5889690220         9.8271056196         2.5090374250         4.9480998767         1.4016729090 
        0.9200000000         3.2800000000         1.6017146340        10.1591248648         2.5699216742         4.8817003524         1.3991239527 
        0.9250000000         3.2800000000         1.5940672668         9.9599133177         2.6211926208         4.9480998767         1.4016729090 
        0.9300000000         3.2800000000         1.6068128788        10.2919325629         2.6660546991         5.0144994009         1.4042218654 
        0.9350000000         3.2800000000         1.6017146340        10.1591248648         2.7365522508         4.8153008282         1.3965749963 
        0.9400000000         3.2800000000         1.6017146340        10.1591248648         2.7814143291         4.8817003524         1.3991239527 
        0.9450001000         3.2800000000         1.5940672668         9.9599133177         2.8230719733         5.0144994009         1.4042218654 
        0.9500001000         3.2800000000         1.6017146340        10.1591248648         2.8903650907         4.8153008282         1.3965749963 
        0.9550001000         3.2800000000         1.6042637564        10.2255287138         2.9384316032         4.8817003524         1.3991239527 
        0.9600001000         3.2800000000         1.6068128788        10.2919325629         2.9961114182         4.7489013039         1.3940260399 
        0.9650000000         3.2800000000         1.6042637564        10.2255287138         3.0441779307         4.8817003524         1.3991239527 
        0.9700000000         3.2800000000         1.6042637564        10.2255287138         3.0954488773         4.6825017797         1.3914770835 
        0.9750000000         3.2800000000         1.6093620012        10.3583364119         3.1403109556         5.0144994009         1.4042218654 
        0.9800000000         3.2800000000         1.5889690220         9.8271056196         3.1339020873         5.0808989252         1.4067708218 
        0.9850000000         3.2800000000         1.6119111236        10.4247402610         3.1499242581         4.5497027312         1.3863791708 
        0.9900001000         3.2800000000         1.6119111236        10.4247402610        -1.7400422785         5.0144994009         1.4042218654 
        0.9950000000         3.2800000000         1.5915181444         9.8935094686        -1.7464511468         5.0144994009         1.4042218654 
        1.0000000000         3.2800000000         1.6170093684        10.5575479590        -3.1467888771         4.7489013039         1.3940260399 
        1.0050000000         3.2800000000         1.6017146340        10.1591248648        -3.1275622721         4.4833032069         1.3838302144 
        1.0100001000         3.2800000000         1.6119111236        10.4247402610        -3.1403800088         4.6161022554         1.3889281272 
        1.0150000000         3.2800000000         1.6093620012        10.3583364119        -3.1051312330         4.6825017797         1.3914770835 
        1.0200001000         3.2800000000         1.6017146340        10.1591248648        -3.0442469838         4.4833032069         1.3838302144 
        1.0250000000         3.2800000000         1.6042637564        10.2255287138        -3.0089982080         4.8153008282         1.3965749963 
        1.0300001000         3.2800000000         1.5991655116        10.0927210157        -2.9481139589         4.7489013039         1.3940260399 
        1.0350059000         3.2800000000         1.6068128788        10.2919325629        -2.8904341439         4.6161022554         1.3889281272 
        1.0400000000         3.2800000000         1.6221076132        10.6903556571        -2.8359587631         4.6161022554         1.3889281272 
        1.0450000000         3.2800000000         1.6042637564        10.2255287138        -2.7782789481         4.4169036827         1.3812812580 
        1.0500000000         3.2800000000         1.6119111236        10.4247402610        -2.7334168698         4.8153008282         1.3965749963 
        1.0550000000         3.2800000000         1.6068128788        10.2919325629        -2.6821459231         4.6825017797         1.3914770835 
        1.0600000000         3.2800000000         1.6093620012        10.3583364119        -2.6436927131         4.8153008282         1.3965749963 
        1.0650000000         3.2800000000         1.6017146340        10.1591248648        -2.5796040298         4.8153008282         1.3965749963 
        1.0700001000         3.2800000000         1.7827023242        14.8737981467        -2.5187197807         4.6825017797         1.3914770835 
        1.0750001000         3.2800000000         1.6042637564        10.2255287138        -2.4738577024         4.8153008282         1.3965749963 
        1.0800000000         3.2800000000         1.6144602460        10.4911441100        -2.4161778874         4.8153008282         1.3965749963 
        1.0850000000         3.2800000000         1.6221076132        10.6903556571        -2.3745202432         5.0144994009         1.4042218654 
        1.0900000000         3.2800000000         1.6093620012        10.3583364119        -2.3168404283         4.8153008282         1.3965749963 
        1.0950000000         3.2800000000         1.6144602460        10.4911441100        -2.2655694816         4.6161022554         1.3889281272 
        1.1000000000         3.2800000000         1.6195584908        10.6239518081        -2.2046852325         4.8153008282         1.3965749963 
        1.1050000000         3.2800000000         1.6246567356        10.7567595062        -2.1598231541         4.8153008282         1.3965749963 
        1.1100000000         3.2800000000         1.6195584908        10.6239518081        -2.1053477733         4.8153008282         1.3965749963 
        1.1150001000         3.2800000000         1.6195584908        10.6239518081        -2.0508723925         4.6825017797         1.3914770835 
        1.1200000000         3.2800000000         1.6093620012        10.3583364119        -2.0060103142         4.8153008282         1.3965749963 
        1.1250000000         3.2800000000         1.6221076132        10.6903556571        -1.9547393675         4.8153008282         1.3965749963 
        1.1300000000         3.2800000000         1.6425005924        11.2215864494        -1.9002639867         4.6825017797         1.3914770835 
        1.1350001000         3.2800000000         1.6221076132        10.6903556571        -1.8521974743         4.8153008282         1.3965749963 
        1.1400000000         3.2800000000         1.6221076132        10.6903556571        -1.7913132251         4.6161022554         1.3889281272 
        1.1450001000         3.2800000000         1.6297549804        10.8895672042        -1.7496555810         4.8817003524         1.3991239527 
        1.1500000000         3.2800000000         1.6170093684        10.5575479590        -1.6951802001         4.6825017797         1.3914770835 
        1.1550001000         3.2800000000         1.6221076132        10.6903556571        -1.6503181218         4.6161022554         1.3889281272 
        1.1600001000         3.2800000000         1.6246567356        10.7567595062        -1.5990471752         5.0144994009         1.4042218654 
        1.1650000000         3.2800000000         1.6042637564        10.2255287138        -1.5413673602         5.0144994009         1.4042218654 
        1.1700000000         3.2800000000         1.6272058580        10.8231633552        -1.4836875452         4.8817003524         1.3991239527 
        1.1750000000         3.2800000000         1.6246567356        10.7567595062        -1.4324165986         4.8153008282         1.3965749963 
        1.1800000000         3.2800000000         1.6246567356        10.7567595062        -1.3715323494         4.7489013039         1.3940260399 
        1.1850000000         3.2800000000         1.6348532252        11.0223749023        -1.3234658369         4.6161022554         1.3889281272 
        1.1900000000         3.2800000000         1.6246567356        10.7567595062        -1.2753993245         4.9480998767         1.4016729090 
        1.1950001000         3.2800000000         1.6450497148        11.2879902985        -1.2113106411         4.4833032069         1.3838302144 
        1.2000001000         3.2800000000         1.6323041028        10.9559710533        -1.1696529970         5.0808989252         1.4067708218 
        1.2050000000         3.2800000000         1.6195584908        10.6239518081        -1.1151776162         4.8817003524         1.3991239527 
        1.2100000000         3.2800000000         1.6348532252        11.0223749023        -1.0671111037         5.0808989252         1.4067708218 
        1.2150000000         3.2800000000         1.6374023476        11.0887787514        -1.0094312887         4.9480998767         1.4016729090 
        1.2200000000         3.2800000000         1.6119111236        10.4247402610        -0.9581603421         4.6825017797         1.3914770835 
        1.2250000000         3.2800000000         1.6323041028        10.9559710533        -0.9100938296         5.0808989252         1.4067708218 
        1.2300000000         3.2800000000         1.5813216548         9.6278940725        -0.8492095804         4.8153008282         1.3965749963 
        1.2350000000         3.2800000000         1.6272058580        10.8231633552        -0.7915297655         5.0144994009         1.4042218654 
        1.2400001000         3.2800000000         1.6221076132        10.6903556571        -0.7402588188         4.6825017797         1.3914770835 
        1.2450000000         3.2800000000         1.6501479595        11.4207979966        -0.6921923063         4.4169036827         1.3812812580 
        1.2500000000         3.2800000000         1.6221076132        10.6903556571        -0.6313080572         4.6161022554         1.3889281272 
        1.2550000000         3.2800000000         1.6170093684        10.5575479590        -0.5832415447         4.6825017797         1.3914770835 
        1.2600001000         3.2800000000         1.5915181444         9.8935094686        -0.5287661639         4.6161022554         1.3889281272 
        1.2650000000         3.2800000000         1.5762234100         9.4950863744        -0.4710863489         4.9480998767         1.4016729090 
        1.2700001000         3.2800000000         1.6144602460        10.4911441100        -0.4198154023         4.6161022554         1.3889281272 
        1.2750000000         3.2800000000         1.6348532252        11.0223749023        -0.3653400214         4.8153008282         1.3965749963 
        1.2800001000         3.2800000000         1.6297549804        10.8895672042        -0.3108646406         4.6825017797         1.3914770835 
        1.2850001000         3.2800000000         1.6526970819        11.4872018456        -0.2627981281         5.1472984494         1.4093197782 
        1.2900000000         3.2800000000         1.6246567356        10.7567595062        -0.2115271815         4.9480998767         1.4016729090 
        1.2950000000         3.2800000000         1.6399514700        11.1551826004        -0.1474384982         4.8153008282         1.3965749963 
        1.3000000000         3.2800000000         1.6374023476        11.0887787514        -0.0833498149         4.6825017797         1.3914770835 
        1.3050000000         3.2800000000         1.6374023476        11.0887787514        -0.0448966049         4.9480998767         1.4016729090 
        1.3100000000         3.2800000000         1.6374023476        11.0887787514         0.0159876443         4.9480998767         1.4016729090 
        1.3150000000         3.2800000000         1.6297549804        10.8895672042         0.0576452884         4.9480998767         1.4016729090 
        1.3200001000         3.2800000000         1.6450497148        11.2879902985         0.1185295375         4.6161022554         1.3889281272 
        1.3250001000         3.2800000000         1.6323041028        10.9559710533         0.1665960500         4.9480998767         1.4016729090 
        1.3300000000         3.2800000000         1.6501479595        11.4207979966         0.2274802992         4.5497027312         1.3863791708 
        1.3350000000         3.2800000000         1.6323041028        10.9559710533         0.2819556800         4.8153008282         1.3965749963 
        1.3400000000         3.2800000000         1.6348532252        11.0223749023         0.3332266266         4.6825017797         1.3914770835 
        1.3450000000         3.2800000000         1.6323041028        10.9559710533         0.3909064416         4.8153008282         1.3965749963 
        1.3500000000         3.2800000000         1.6425005924        11.2215864494         0.4421773883         4.8153008282         1.3965749963 
        1.3550000000         3.2800000000         1.6195584908        10.6239518081         0.4934483349         4.9480998767         1.4016729090 
        1.3600000000         3.2800000000         1.6425005924        11.2215864494         0.5543325841         4.8153008282         1.3965749963 
        1.3650001000         3.2800000000         1.6323041028        10.9559710533         0.5991946624         4.7489013039         1.3940260399 
        1.3700000000         3.2800000000         1.6501479595        11.4207979966         0.6728966482         4.6825017797         1.3914770835 
        1.3750000000         3.2800000000         1.6272058580        10.8231633552         0.7145542923         4.8153008282         1.3965749963 
        1.3800000000         3.2800000000         1.6475988371        11.3543941475         0.7786429756         4.6825017797         1.3914770835 
        1.3850001000         3.2800000000         1.6297549804        10.8895672042         0.8267094881         4.9480998767         1.4016729090 
        1.3900000000         3.2800000000         1.6425005924        11.2215864494         0.8843893031         4.8153008282         1.3965749963 
        1.3950001000         3.2800000000         1.6399514700        11.1551826004         0.9452735523         4.6825017797         1.3914770835 
        1.4000000000         3.2800000000         1.6399514700        11.1551826004         0.9901356306         4.8153008282         1.3965749963 
        1.4050001000         3.2800000000         1.6221076132        10.6903556571         1.0349977089         5.0808989252         1.4067708218 
        1.4100001000         3.2800000000         1.6450497148        11.2879902985         1.1022908264         4.7489013039         1.3940260399 
        1.4150000000         3.2800000000         1.6374023476        11.0887787514         1.1567662072         5.0144994009         1.4042218654 
        1.4200000000         3.2800000000         1.6399514700        11.1551826004         1.2112415880         4.8153008282         1.3965749963 
        1.4250000000         3.2800000000         1.6323041028        10.9559710533         1.2657169688         4.8153008282         1.3965749963 
        1.4300000000         3.2800000000         1.6425005924        11.2215864494         1.3169879155         4.8153008282         1.3965749963 
        1.4350000000         3.2800000000         1.6323041028        10.9559710533         1.3682588621         4.8153008282         1.3965749963 
        1.4400000000         3.2800000000         1.6119111236        10.4247402610         1.4355519796         4.6825017797         1.3914770835 
        1.4450001000         3.2800000000         1.6501479595        11.4207979966         1.4740051896         5.0144994009         1.4042218654 
        1.4500001000         3.2800000000         1.6119111236        10.4247402610         1.5348894387         4.8817003524         1.3991239527 
        1.4550000000         3.2800000000         1.6272058580        10.8231633552         1.5829559512         4.8817003524         1.3991239527 
        1.4600000000         3.2800000000         1.6195584908        10.6239518081         1.6342268978         5.1472984494         1.4093197782 
        1.4650000000         3.2800000000         1.6425005924        11.2215864494         1.6983155812         4.6825017797         1.3914770835 
        1.4700000000         3.2800000000         1.6017146340        10.1591248648         1.7335643570         5.0144994009         1.4042218654 
        1.4750000000         3.2800000000         1.6170093684        10.5575479590         1.7944486061         4.9480998767         1.4016729090 
        1.4800000000         3.2800000000         1.6246567356        10.7567595062         1.8425151186         4.8153008282         1.3965749963 
        1.4850000000         3.2800000000         1.6093620012        10.3583364119         1.8937860652         5.0808989252         1.4067708218 
        1.4900001000         3.2800000000         1.6297549804        10.8895672042         1.9546703144         4.6161022554         1.3889281272 
        1.4950000000         3.2800000000         1.6017146340        10.1591248648         2.0027368269         5.0808989252         1.4067708218 
        1.5000000000         3.2800000000         1.6246567356        10.7567595062         2.0732343785         4.7489013039         1.3940260399 
        1.5050000000         3.2800000000         1.5864198996         9.7607017705         2.1148920227         4.8817003524         1.3991239527 
        1.5100001000         3.2800000000         1.6297549804        10.8895672042         2.1661629693         4.6825017797         1.3914770835 
        1.5150000000         3.2800000000         1.6042637564        10.2255287138         2.2270472185         4.4833032069         1.3838302144 
        1.5200001000         3.2800000000         1.6195584908        10.6239518081         2.2783181651         4.8153008282         1.3965749963 
        1.5250000000         3.2800000000         1.5966163892        10.0263171667         2.3263846776         5.0808989252         1.4067708218 
        1.5300001000         3.2800000000         1.6297549804        10.8895672042         2.3808600584         4.6825017797         1.3914770835 
        1.5350001000         3.2800000000         1.5966163892        10.0263171667         2.4257221367         4.6161022554         1.3889281272 
        1.5400001000         3.2800000000         1.6093620012        10.3583364119         2.4866063859         4.4833032069         1.3838302144 
        1.5450000000         3.2800000000         1.6119111236        10.4247402610         2.5314684642         4.6161022554         1.3889281272 
        1.5500000000         3.2800000000         1.6017146340        10.1591248648         2.5827394108         4.6161022554         1.3889281272 
        1.5550000000         3.2800000000         1.6323041028        10.9559710533         2.6468280941         4.4833032069         1.3838302144 
        1.5600000000         3.2800000000         1.6017146340        10.1591248648         2.6916901725         4.6825017797         1.3914770835 
        1.5650000000         3.2800000000         1.6195584908        10.6239518081         2.7429611191         4.6161022554         1.3889281272 
        1.5700001000         3.2800000000         1.5915181444         9.8935094686         2.7974364999         4.7489013039         1.3940260399 
        1.5750001000         3.2800000000         1.6195584908        10.6239518081         2.8487074466         4.7489013039         1.3940260399 
        1.5800000000         3.2800000000         1.6042637564        10.2255287138         2.9031828274         4.8153008282         1.3965749963 
        1.5850000000         3.2800000000         1.6170093684        10.5575479590         2.9512493399         4.9480998767         1.4016729090 
        1.5900000000         3.2800000000         1.6246567356        10.7567595062         3.0185424573         4.4833032069         1.3838302144 
        1.5950000000         3.2800000000         1.5864198996         9.7607017705         3.0569956673         4.8153008282         1.3965749963 
        1.6000000000         3.2800000000         1.6144602460        10.4911441100         3.1146754823         4.8153008282         1.3965749963 
        1.6050000000         3.2800000000         1.6068128788        10.2919325629         3.1435153898         4.6161022554         1.3889281272 
        1.6100000000         3.2800000000         1.5838707772         9.6942979215         3.1499242581         4.6161022554         1.3889281272 
        1.6150001000         3.2800000000         1.6374023476        11.0887787514         3.1371065215         4.8153008282         1.3965749963 
        1.6200000000         3.2800000000         1.5940672668         9.9599133177        -1.7464511468         4.8153008282         1.3965749963 
        1.6250000000         3.2800000000         1.6170093684        10.5575479590        -3.1307667063         4.6825017797         1.3914770835 
        1.6300000000         3.2800000000         1.5940672668         9.9599133177        -3.1467888771         5.0144994009         1.4042218654 
        1.6350001000         3.2800000000         1.6119111236        10.4247402610        -3.1467888771         5.0808989252         1.4067708218 
        1.6400000000         3.2800000000         1.6119111236        10.4247402610        -3.1179489696         4.6825017797         1.3914770835 
        1.6450001000         3.2800000000         1.6221076132        10.6903556571        -3.0794957596         4.8153008282         1.3965749963 
        1.6500000000         3.2800000000         1.6068128788        10.2919325629        -3.0282248130         4.9480998767         1.4016729090 
        1.6550001000         3.2800000000         1.6119111236        10.4247402610        -2.9769538663         4.9480998767         1.4016729090 
        1.6600001000         3.2800000000         1.6119111236        10.4247402610        -2.9064563147         4.8817003524         1.3991239527 
        1.6650001000         3.2800000000         1.6119111236        10.4247402610        -2.8583898022         4.6161022554         1.3889281272 
        1.6700000000         3.2800000000         1.6093620012        10.3583364119        -2.8039144214         4.6161022554         1.3889281272 
        1.6750000000         3.2800000000         1.6093620012        10.3583364119        -2.7462346064         4.6825017797         1.3914770835 
        1.6800000000         3.2800000000         1.6195584908        10.6239518081        -2.7013725281         4.8817003524         1.3991239527 
        1.6850000000         3.2800000000         1.6093620012        10.3583364119        -2.6565104498         5.0808989252         1.4067708218 
        1.6900000000         3.2800000000         1.6246567356        10.7567595062        -2.5924217665         4.8153008282         1.3965749963 
        1.6950001000         3.2800000000         1.6170093684        10.5575479590        -2.5379463857         4.8153008282         1.3965749963 
        1.7000001000         3.2800000000         1.6297549804        10.8895672042        -2.4834710049         4.7489013039         1.3940260399 
        1.7050000000         3.2800000000         1.6017146340        10.1591248648        -2.4482222290         5.0144994009         1.4042218654 
        1.7100000000         3.2800000000         1.4819058814         7.0381439599        -2.3841335457         4.8817003524         1.3991239527 
        1.7150000000         3.2800000000         1.6323041028        10.9559710533        -2.3232492966         4.5497027312         1.3863791708 
        1.7200000000         3.2800000000         1.6093620012        10.3583364119        -2.2847960866         5.1472984494         1.4093197782 
        1.7250000000         3.2800000000         1.6297549804        10.8895672042        -2.2207074033         4.7489013039         1.3940260399 
        1.7300000000         3.2800000000         1.6374023476        11.0887787514        -2.1662320225         4.8817003524         1.3991239527 
        1.7350000000         3.2800000000         1.6246567356        10.7567595062        -2.1117566417         4.4833032069         1.3838302144 
        1.7400001000         3.2800000000         1.6170093684        10.5575479590        -2.0604856950         4.6825017797         1.3914770835 
        1.7450000000         3.2800000000         1.6221076132        10.6903556571        -2.0188280509         4.9480998767         1.4016729090 
        1.7500000000         3.2800000000         1.6272058580        10.8231633552        -1.9675571042         4.6825017797         1.3914770835 
        1.7550000000         3.2800000000         1.6246567356        10.7567595062        -1.9162861576         5.0144994009         1.4042218654 
        1.7600001000         3.2800000000         1.6246567356        10.7567595062        -1.8650152109         4.8153008282         1.3965749963 
        1.7650000000         3.2800000000         1.6297549804        10.8895672042        -1.8105398301         4.6825017797         1.3914770835 
        1.7700001000         3.2800000000         1.4691602694         6.7061247147        -1.7560644493         5.0808989252         1.4067708218 
        1.7750000000         3.2800000000         1.6221076132        10.6903556571        -1.6951802001         4.4833032069         1.3838302144 
        1.7800001000         3.2800000000         1.5711251653         9.3622786763        -1.6439092535         5.0144994009         1.4042218654 
        1.7850001000         3.2800000000         1.6348532252        11.0223749023        -1.5990471752         4.9480998767         1.4016729090 
        1.7900001000         3.2800000000         1.6323041028        10.9559710533        -1.5445717944         4.8153008282         1.3965749963 
        1.7950000000         3.2800000000         1.6297549804        10.8895672042        -1.4965052819         4.8153008282         1.3965749963 
        1.8000000000         3.2800000000         1.6297549804        10.8895672042        -1.4260077302         4.4833032069         1.3838302144 
        1.8050000000         3.2800000000         1.6272058580        10.8231633552        -1.3811456519         5.0808989252         1.4067708218 
        1.8100000000         3.2800000000         1.4946514934         7.3701632051        -1.3330791394         4.8817003524         1.3991239527 
        1.8150000000         3.2800000000         1.5864198996         9.7607017705        -1.2818081928         4.7489013039         1.3940260399 
        1.8200001000         3.2800000000         1.6552462043        11.5536056946        -1.2081062070         4.4833032069         1.3838302144 
        1.8250001000         3.2800000000         1.6221076132        10.6903556571        -1.1664485628         4.8153008282         1.3965749963 
        1.8300000000         3.2800000000         1.6068128788        10.2919325629        -1.1183820503         4.8153008282         1.3965749963 
        1.8350000000         3.2800000000         1.6425005924        11.2215864494        -1.0607022354         4.9480998767         1.4016729090 
        1.8400000000         3.2800000000         1.5966163892        10.0263171667        -1.0030224204         5.1472984494         1.4093197782 
        1.8450000000         3.2800000000         1.6323041028        10.9559710533        -0.9421381712         4.6161022554         1.3889281272 
        1.8500000000         3.2800000000         1.6119111236        10.4247402610        -0.9004805271         4.7489013039         1.3940260399 
        1.8550000000         3.2800000000         1.6450497148        11.2879902985        -0.8299829754         4.4833032069         1.3838302144 
        1.8600000000         3.2800000000         1.6425005924        11.2215864494        -0.7755075946         4.8817003524         1.3991239527 
        1.8650001000         3.2800000000         1.6425005924        11.2215864494        -0.7338499505         4.8153008282         1.3965749963 
        1.8700000000         3.2800000000         1.6552462043        11.5536056946        -0.6825790038         4.6825017797         1.3914770835 
        1.8750000000         3.2800000000         1.6425005924        11.2215864494        -0.6281036230         4.6825017797         1.3914770835 
        1.8800000000         3.2800000000         1.6552462043        11.5536056946        -0.5672193739         4.8153008282         1.3965749963 
        1.8850001000         3.2800000000         1.6425005924        11.2215864494        -0.5063351247         4.6825017797         1.3914770835 
        1.8900000000         3.2800000000         1.6552462043        11.5536056946        -0.4582686122         4.8153008282         1.3965749963 
        1.8950001000         3.2800000000         1.6399514700        11.1551826004        -0.4102020998         5.0144994009         1.4042218654 
        1.9000000000         3.2800000000         1.6348532252        11.0223749023        -0.3397045481         4.6825017797         1.3914770835 
        1.9050001000         3.2800000000         1.6628935715        11.7528172418        -0.2852291673         4.4833032069         1.3838302144 
        1.9100001000         3.2800000000         1.6501479595        11.4207979966        -0.2339582207         4.6161022554         1.3889281272 
        1.9150001000         3.2800000000         1.6475988371        11.3543941475        -0.1794828398         4.8153008282         1.3965749963 
        1.9200000000         3.2800000000         1.6603444491        11.6864133927        -0.1185985907         4.8153008282         1.3965749963 
        1.9250000000         3.2800000000         1.6501479595        11.4207979966        -0.0673276441         4.6161022554         1.3889281272 
        1.9300000000         3.2800000000         1.6425005924        11.2215864494        -0.0256699999         5.0144994009         1.4042218654 
        1.9350000000         3.2800000000         1.6526970819        11.4872018456         0.0288053809         4.7489013039         1.3940260399 
        1.9400000000         3.2800000000         1.6425005924        11.2215864494         0.0832807617         4.8817003524         1.3991239527 
        1.9450001000         3.2800000000         1.6475988371        11.3543941475         0.1473694450         4.8153008282         1.3965749963 
        1.9500001000         3.2800000000         1.6501479595        11.4207979966         0.1954359575         5.0144994009         1.4042218654 
        1.9550000000         3.2800000000         1.6068128788        10.2919325629         0.2659335092         5.0808989252         1.4067708218 
        1.9600000000         3.2800000000         1.6374023476        11.0887787514         0.3107955875         4.8153008282         1.3965749963 
        1.9650000000         3.2800000000         1.6425005924        11.2215864494         0.3652709683         4.8817003524         1.3991239527 
        1.9700000000         3.2800000000         1.6297549804        10.8895672042         0.4261552174         5.0144994009         1.4042218654 
        1.9750000000         3.2800000000         1.6425005924        11.2215864494         0.4710172958         4.9480998767         1.4016729090 
        1.9800000000         3.2800000000         1.6297549804        10.8895672042         0.5351059791         5.1472984494         1.4093197782 
        1.9850000000         3.2800000000         1.6526970819        11.4872018456         0.5831724915         5.1472984494         1.4093197782 
        1.9900001000         3.2800000000         1.6297549804        10.8895672042         0.6440567407         4.6161022554         1.3889281272 
        1.9950000000         3.2800000000         1.6475988371        11.3543941475         0.7017365557         4.8153008282         1.3965749963 
        2.0000000000         3.2800000000         1.6119111236        10.4247402610         0.7722341073         4.8153008282         1.3965749963 
        2.0050000000         3.2800000000         1.6501479595        11.4207979966         0.8106873173         5.0144994009         1.4042218654 
        2.0100000000         3.2800000000         1.6348532252        11.0223749023         0.8779804348         4.5497027312         1.3863791708 
        2.0150001000         3.2800000000         1.6526970819        11.4872018456         0.9324558156         4.6825017797         1.3914770835 
        2.0200001000         3.2800000000         1.6272058580        10.8231633552         0.9901356306         5.0144994009         1.4042218654 
        2.0250000000         3.2800000000         1.6577953267        11.6200095437         1.0253844064         4.6825017797         1.3914770835 
        2.0300001000         3.2800000000         1.6272058580        10.8231633552         1.0798597872         4.9480998767         1.4016729090 
        2.0350001000         3.2800000000         1.6323041028        10.9559710533         1.1407440364         4.8153008282         1.3965749963 
        2.0400001000         3.2800000000         1.6577953267        11.6200095437         1.2016282855         4.8153008282         1.3965749963 
        2.0450000000         3.2800000000         1.6323041028        10.9559710533         1.2496947980         4.8153008282         1.3965749963 
        2.0500000000         3.2800000000         1.6246567356        10.7567595062         1.3169879155         4.7489013039         1.3940260399 
        2.0550000000         3.2800000000         1.6323041028        10.9559710533         1.3650544279         4.6161022554         1.3889281272 
        2.0600000000         3.2800000000         1.6501479595        11.4207979966         1.4195298088         4.8153008282         1.3965749963 
        2.0650000000         3.2800000000         1.6246567356        10.7567595062         1.4772096237         4.6825017797         1.3914770835 
        2.0700001000         3.2800000000         1.6374023476        11.0887787514         1.5252761362         4.6825017797         1.3914770835 
        2.0750001000         3.2800000000         1.6195584908        10.6239518081         1.5861603854         4.6825017797         1.3914770835 
        2.0800000000         3.2800000000         1.6297549804        10.8895672042         1.6246135953         5.0144994009         1.4042218654 
        2.0850000000         3.2800000000         1.6170093684        10.5575479590         1.6790889762         4.8153008282         1.3965749963 
        2.0900000000         3.2800000000         1.6475988371        11.3543941475         1.7431776595         4.6161022554         1.3889281272 
        2.0950000000         3.2800000000         1.6093620012        10.3583364119         1.7880397378         4.6161022554         1.3889281272 
        2.1000000000         3.2800000000         1.6323041028        10.9559710533         1.8393106844         4.8153008282         1.3965749963 
        2.1050000000         3.2800000000         1.6093620012        10.3583364119         1.8873771969         4.9480998767         1.4016729090 
        2.1100000000         3.2800000000         1.6323041028        10.9559710533         1.9482614461         4.7489013039         1.3940260399 
        2.1150001000         3.2800000000         1.6093620012        10.3583364119         1.9995323927         4.8153008282         1.3965749963 
        2.1200000000         3.2800000000         1.6348532252        11.0223749023         2.0668255102         4.6161022554         1.3889281272 
        2.1250000000         3.2800000000         1.6042637564        10.2255287138         2.1020742860         4.9480998767         1.4016729090 
        2.1300000000         3.2800000000         1.6272058580        10.8231633552         2.1661629693         4.5497027312         1.3863791708 
        2.1350000000         3.2800000000         1.6297549804        10.8895672042         2.2174339160         4.8153008282         1.3965749963 
        2.1400001000         3.2800000000         1.6144602460        10.4911441100         2.2719092968         4.8153008282         1.3965749963 
        2.1450000000         3.2800000000         1.6221076132        10.6903556571         2.3231802434         4.8817003524         1.3991239527 
        2.1500000000         3.2800000000         1.6068128788        10.2919325629         2.3776556242         4.8153008282         1.3965749963 
        2.1550001000         3.2800000000         1.6144602460        10.4911441100         2.4257221367         4.8153008282         1.3965749963 
        2.1600001000         3.2800000000         1.6246567356        10.7567595062         2.4834019517         4.6825017797         1.3914770835 
        2.1650000000         3.2800000000         1.6323041028        10.9559710533         2.5346728984         4.8153008282         1.3965749963 
        2.1700000000         3.2800000000         1.6042637564        10.2255287138         2.5923527133         4.8817003524         1.3991239527 
        2.1750000000         3.2800000000         1.6323041028        10.9559710533         2.6436236600         4.8153008282         1.3965749963 
        2.1800001000         3.2800000000         1.6195584908        10.6239518081         2.7013034750         4.8817003524         1.3991239527 
        2.1850000000         3.2800000000         1.5991655116        10.0927210157         2.7557788558         5.0144994009         1.4042218654 
        2.1900000000         3.2800000000         1.6399514700        11.1551826004         2.8166631049         4.7489013039         1.3940260399 
        2.1950001000         3.2800000000         1.5966163892        10.0263171667         2.8551163149         4.8153008282         1.3965749963 
        2.2000001000         3.2800000000         1.6272058580        10.8231633552         2.9192049982         4.8153008282         1.3965749963 
        2.2050000000         3.2800000000         1.6119111236        10.4247402610         2.9736803790         4.8153008282         1.3965749963 
        2.2100000000         3.2800000000         1.6093620012        10.3583364119         3.0217468915         5.0808989252         1.4067708218 
        2.2150000000         3.2800000000         1.6195584908        10.6239518081         3.0826311407         4.9480998767         1.4016729090 
        2.2200000000         3.2800000000         1.6195584908        10.6239518081         3.1306976531         4.6825017797         1.3914770835 
        2.2250000000         3.2800000000         1.6144602460        10.4911441100         3.1339020873         5.1472984494         1.4093197782 
        2.2300000000         3.2800000000         1.6042637564        10.2255287138         3.1403109556         4.6825017797         1.3914770835 
        2.2350000000         3.2800000000         1.6119111236        10.4247402610        -1.7592688834         4.9480998767         1.4016729090 
        2.2400001000         3.2800000000         1.6068128788        10.2919325629        -1.7720866201         4.8153008282         1.3965749963 
        2.2450000000         3.2800000000         1.6195584908        10.6239518081        -3.1403800088         4.8153008282         1.3965749963 
        2.2500000000         3.2800000000         1.6068128788        10.2919325629        -3.1499933113         5.0808989252         1.4067708218 
        2.2550000000         3.2800000000         1.6221076132        10.6903556571        -3.1403800088         4.6825017797         1.3914770835 
        2.2600000000         3.2800000000         1.6272058580        10.8231633552        -3.0955179305         4.4833032069         1.3838302144 
        2.2650001000         3.2800000000         1.6093620012        10.3583364119        -3.0570647205         4.8153008282         1.3965749963 
        2.2700000000         3.2800000000         1.6272058580        10.8231633552        -2.9961804713         4.8153008282         1.3965749963 
        2.2750000000         3.2800000000         1.6246567356        10.7567595062        -2.9385006564         4.6161022554         1.3889281272 
        2.2800001000         3.2800000000         1.5991655116        10.0927210157        -2.8872297097         4.8817003524         1.3991239527 
        2.2850001000         3.2800000000         1.6323041028        10.9559710533        -2.8295498947         4.6825017797         1.3914770835 
        2.2900000000         3.2800000000         1.6042637564        10.2255287138        -2.7846878164         4.9480998767         1.4016729090 
        2.2950000000         3.2800000000         1.6246567356        10.7567595062        -2.7205991331         4.8153008282         1.3965749963 
        2.3000000000         3.2800000000         1.6221076132        10.6903556571        -2.6757370548         5.0144994009         1.4042218654 
        2.3050001000         3.2800000000         1.6246567356        10.7567595062        -2.6180572398         4.6161022554         1.3889281272 
        2.3100000000         3.2800000000         1.6144602460        10.4911441100        -2.5507641223         4.5497027312         1.3863791708 
        2.3150000000         3.2800000000         1.5966163892        10.0263171667        -2.5091064782         4.5497027312         1.3863791708 
        2.3200001000         3.2800000000         1.6195584908        10.6239518081        -2.4418133607         4.4833032069         1.3838302144 
        2.3250001000         3.2800000000         1.6221076132        10.6903556571        -2.4033601507         4.8153008282         1.3965749963 
        2.3300000000         3.2800000000         1.6272058580        10.8231633552        -2.3552936382         5.0144994009         1.4042218654 
        2.3350000000         3.2800000000         1.6272058580        10.8231633552        -2.2912049549         4.8153008282         1.3965749963 
        2.3400000000         3.2800000000         1.6170093684        10.5575479590        -2.2431384424         4.9480998767         1.4016729090 
        2.3450000000         3.2800000000         1.6323041028        10.9559710533        -2.1854586275         4.8153008282         1.3965749963 
        2.3500000000         3.2800000000         1.6297549804        10.8895672042        -2.1277788125         4.6825017797         1.3914770835 
        2.3550000000         3.2800000000         1.6374023476        11.0887787514        -2.0861211683         4.9480998767         1.4016729090 
        2.3600000000         3.2800000000         1.6195584908        10.6239518081        -2.0252369192         4.8817003524         1.3991239527 
        2.3650001000         3.2800000000         1.6399514700        11.1551826004        -1.9675571042         4.6161022554         1.3889281272 
        2.3700000000         3.2800000000         1.6450497148        11.2879902985        -1.9194905917         4.8153008282         1.3965749963 
        2.3750000000         3.2800000000         1.6144602460        10.4911441100        -1.8682196451         4.8817003524         1.3991239527 
        2.3800000000         3.2800000000         1.6374023476        11.0887787514        -1.8041309618         4.6161022554         1.3889281272 
        2.3850000000         3.2800000000         1.6399514700        11.1551826004        -1.7592688834         4.8153008282         1.3965749963 
        2.3900001000         3.2800000000         1.6093620012        10.3583364119        -1.7144068051         4.8153008282         1.3965749963 
        2.3950000000         3.2800000000         1.6272058580        10.8231633552        -1.6599314243         5.0144994009         1.4042218654 
        2.4000000000         3.2800000000         1.6348532252        11.0223749023        -1.6054560435         4.8153008282         1.3965749963 
        2.4050001000         3.2800000000         1.6450497148        11.2879902985        -1.5445717944         4.8817003524         1.3991239527 
        2.4100001000         3.2800000000         1.6323041028        10.9559710533        -1.4900964135         4.8153008282         1.3965749963 
        2.4150000000         3.2800000000         1.6272058580        10.8231633552        -1.4388254669         4.8153008282         1.3965749963 
        2.4200000000         3.2800000000         1.6399514700        11.1551826004        -1.3811456519         4.8153008282         1.3965749963 
        2.4250000000         3.2800000000         1.6450497148        11.2879902985        -1.3266702711         4.6161022554         1.3889281272 
        2.4300001000         3.2800000000         1.6425005924        11.2215864494        -1.2657860220         4.6825017797         1.3914770835 
        2.4350000000         3.2800000000         1.6475988371        11.3543941475        -1.2177195095         4.8153008282         1.3965749963 
        2.4400000000         3.2800000000         1.6399514700        11.1551826004        -1.1728574312         5.0808989252         1.4067708218 
        2.4450001000         3.2800000000         1.6323041028        10.9559710533        -1.1119731820         4.6825017797         1.3914770835 
        2.4500001000         3.2800000000         1.6450497148        11.2879902985        -1.0542933670         4.8817003524         1.3991239527 
        2.4550000000         3.2800000000         1.6552462043        11.5536056946        -1.0030224204         4.8153008282         1.3965749963 
        2.4600000000         3.2800000000         1.4972006157         7.4365670541        -0.9389337371         5.0144994009         1.4042218654 
        2.4650000000         3.2800000000         1.6374023476        11.0887787514        -0.8972760929         4.8153008282         1.3965749963 
        2.4700000000         3.2800000000         1.6577953267        11.6200095437        -0.8331874096         4.8817003524         1.3991239527 
        2.4750000000         3.2800000000         1.6221076132        10.6903556571        -0.7883253313         5.0808989252         1.4067708218 
        2.4800000000         3.2800000000         1.6450497148        11.2879902985        -0.7338499505         4.9480998767         1.4016729090 
        2.4850000000         3.2800000000         1.6501479595        11.4207979966        -0.6921923063         4.8153008282         1.3965749963 
        2.4900001000         3.2800000000         1.5634777981         9.1630671292        -0.6313080572         4.8153008282         1.3965749963 
        2.4950000000         3.2800000000         1.6297549804        10.8895672042        -0.5704238080         5.0144994009         1.4042218654 
        2.5000000000         3.2800000000         1.6526970819        11.4872018456        -0.5127439931         4.6825017797         1.3914770835 
        2.5050000000         3.2800000000         1.6323041028        10.9559710533        -0.4646774806         4.8153008282         1.3965749963 
        2.5100000000         3.2800000000         1.6501479595        11.4207979966        -0.4005887973         4.6825017797         1.3914770835 
        2.5150001000         3.2800000000         1.6348532252        11.0223749023        -0.3461134165         4.8153008282         1.3965749963 
        2.5200000000         3.2800000000         1.6577953267        11.6200095437        -0.2948424698         5.1472984494         1.4093197782 
        2.5250000000         3.2800000000         1.6399514700        11.1551826004        -0.2371626548         4.6161022554         1.3889281272 
        2.5300001000         3.2800000000         1.6501479595        11.4207979966        -0.1826872740         4.6161022554         1.3889281272 
        2.5350001000         3.2800000000         1.6526970819        11.4872018456        -0.1282118932         4.8153008282         1.3965749963 
        2.5400000000         3.2800000000         1.6399514700        11.1551826004        -0.0705320782         4.6825017797         1.3914770835 
        2.5450000000         3.2800000000         1.6526970819        11.4872018456        -0.0096478291         4.4833032069         1.3838302144 
        2.5500000000         3.2800000000         1.6425005924        11.2215864494         0.0384186834         4.6161022554         1.3889281272 
        2.5550001000         3.2800000000         1.6068128788        10.2919325629         0.0896896301         4.6825017797         1.3914770835 
        2.5600000000         3.2800000000         1.6552462043        11.5536056946         0.1473694450         4.8817003524         1.3991239527 
        2.5650000000         3.2800000000         1.6399514700        11.1551826004         0.1954359575         4.8153008282         1.3965749963 
        2.5700001000         3.2800000000         1.6297549804        10.8895672042         0.2659335092         4.6161022554         1.3889281272 
        2.5750001000         3.2800000000         1.6628935715        11.7528172418         0.3140000216         4.6825017797         1.3914770835 
        2.5800000000         3.2800000000         1.6323041028        10.9559710533         0.3588621000         4.9480998767         1.4016729090 
        2.5850000000         3.2800000000         1.6526970819        11.4872018456         0.4229507833         4.7489013039         1.3940260399 
        2.5900000000         3.2800000000         1.6399514700        11.1551826004         0.4774261641         4.6825017797         1.3914770835 
        2.5950000000         3.2800000000         1.6374023476        11.0887787514         0.5351059791         4.8153008282         1.3965749963 
        2.6000000000         3.2800000000         1.6399514700        11.1551826004         0.5799680574         4.9480998767         1.4016729090 
        2.6050000000         3.2800000000         1.6501479595        11.4207979966         0.6408523065         4.6161022554         1.3889281272 
        2.6100000000         3.2800000000         1.6399514700        11.1551826004         0.6953276873         4.7489013039         1.3940260399 
        2.6150001000         3.2800000000         1.6603444491        11.6864133927         0.7530075023         4.4833032069         1.3838302144 
        2.6200000000         3.2800000000         1.6399514700        11.1551826004         0.8074828831         5.1472984494         1.4093197782 
        2.6250000000         3.2800000000         1.6399514700        11.1551826004         0.8587538298         5.0144994009         1.4042218654 
        2.6300000000         3.2800000000         1.6374023476        11.0887787514         0.9196380789         4.6825017797         1.3914770835 
        2.6350000000         3.2800000000         1.6425005924        11.2215864494         0.9741134597         4.8153008282         1.3965749963 
        2.6400001000         3.2800000000         1.6399514700        11.1551826004         1.0317932747         4.8153008282         1.3965749963 
        2.6450000000         3.2800000000         1.6552462043        11.5536056946         1.0830642214         4.8153008282         1.3965749963 
        2.6500000000         3.2800000000         1.6501479595        11.4207979966         1.1535617730         4.6825017797         1.3914770835 
        2.6550001000         3.2800000000         1.6475988371        11.3543941475         1.2080371538         4.6161022554         1.3889281272 
        2.6600001000         3.2800000000         1.6221076132        10.6903556571         1.2464903638         5.0144994009         1.4042218654 
        2.6650000000         3.2800000000         1.6425005924        11.2215864494         1.3073746130         4.8153008282         1.3965749963 
        2.6700000000         3.2800000000         1.6450497148        11.2879902985         1.3682588621         4.6161022554         1.3889281272 
        2.6750000000         3.2800000000         1.6272058580        10.8231633552         1.4291431112         4.7489013039         1.3940260399 
        2.6800001000         3.2800000000         1.6450497148        11.2879902985         1.4740051896         4.8817003524         1.3991239527 
        2.6850000000         3.2800000000         1.6246567356        10.7567595062         1.5284805704         4.8817003524         1.3991239527 
        2.6900000000         3.2800000000         1.6475988371        11.3543941475         1.5893648195         4.7489013039         1.3940260399 
        2.6950001000         3.2800000000         1.6119111236        10.4247402610         1.6374313320         4.4833032069         1.3838302144 
        2.7000001000         3.2800000000         1.6374023476        11.0887787514         1.6854978445         4.8817003524         1.3991239527 
        2.7050000000         3.2800000000         1.6297549804        10.8895672042         1.7399732253         5.0144994009         1.4042218654 
        2.7100000000         3.2800000000         1.6297549804        10.8895672042         1.7848353036         5.0808989252         1.4067708218 
        2.7150000000         3.2800000000         1.6042637564        10.2255287138         1.8425151186         4.9480998767         1.4016729090 
        2.7200000000         3.2800000000         1.6348532252        11.0223749023         1.9066038019         4.8153008282         1.3965749963 
        2.7250000000         3.2800000000         1.6042637564        10.2255287138         1.9482614461         4.6825017797         1.3914770835 
        2.7300000000         3.2800000000         1.6119111236        10.4247402610         2.0091456952         5.0144994009         1.4042218654 
        2.7350000000         3.2800000000         1.6170093684        10.5575479590         2.0540077735         4.8153008282         1.3965749963 
        2.7400001000         3.2800000000         1.6246567356        10.7567595062         2.1180964568         4.8153008282         1.3965749963 
        2.7450000000         3.2800000000         1.6170093684        10.5575479590         2.1693674035         4.6825017797         1.3914770835 
        2.7500000000         3.2800000000         1.6425005924        11.2215864494         2.2270472185         4.4833032069         1.3838302144 
        2.7550000000         3.2800000000         1.5991655116        10.0927210157         2.2719092968         5.1472984494         1.4093197782 
        2.7600000000         3.2800000000         1.6093620012        10.3583364119         2.3263846776         4.6161022554         1.3889281272 
        2.7650001000         3.2800000000         1.6272058580        10.8231633552         2.3744511901         5.0144994009         1.4042218654 
        2.7700000000         3.2800000000         1.6017146340        10.1591248648         2.4417443076         4.6161022554         1.3889281272 
        2.7750000000         3.2800000000         1.6272058580        10.8231633552         2.4866063859         4.6825017797         1.3914770835 
        2.7800001000         3.2800000000         1.6195584908        10.6239518081         2.5346728984         4.6161022554         1.3889281272 
        2.7850001000         3.2800000000         1.6297549804        10.8895672042         2.6019660158         4.4833032069         1.3838302144 
        2.7900000000         3.2800000000         1.6093620012        10.3583364119         2.6500325283         4.7489013039         1.3940260399 
        2.7950000000         3.2800000000         1.6399514700        11.1551826004         2.7109167775         4.8153008282         1.3965749963 
        2.8000000000         3.2800000000         1.6119111236        10.4247402610         2.7653921583         4.6161022554         1.3889281272 
        2.8050001000         3.2800000000         1.6221076132        10.6903556571         2.8134586708         4.6161022554         1.3889281272 
        2.8100000000         3.2800000000         1.6246567356        10.7567595062         2.8711384857         4.6825017797         1.3914770835 
        2.8150000000         3.2800000000         1.5915181444         9.8935094686         2.9192049982         4.8153008282         1.3965749963 
        2.8200001000         3.2800000000         1.6195584908        10.6239518081         2.9800892474         4.8153008282         1.3965749963 
        2.8250001000         3.2800000000         1.6093620012        10.3583364119         3.0281557598         4.6161022554         1.3889281272 
        2.8300000000         3.2800000000         1.6297549804        10.8895672042         3.0826311407         4.8153008282         1.3965749963 
        2.8350000000         3.2800000000         1.6068128788        10.2919325629         3.1274932190         4.8153008282         1.3965749963 
        2.8400000000         3.2800000000         1.6297549804        10.8895672042         3.1467198240         4.4169036827         1.3812812580 
        2.8450000000         3.2800000000         1.6119111236        10.4247402610         3.1339020873         4.9480998767         1.4016729090 
        2.8500000000         3.2800000000         1.6170093684        10.5575479590        -1.7624733176         4.6825017797         1.3914770835 
        2.8550000000         3.2800000000         1.6221076132        10.6903556571        -1.7400422785         4.6825017797         1.3914770835 
        2.8600000000         3.2800000000         1.6297549804        10.8895672042        -3.1307667063         4.8153008282         1.3965749963 
        2.8650001000         3.2800000000         1.6195584908        10.6239518081        -3.1339711405         4.5497027312         1.3863791708 
        2.8700000000         3.2800000000         1.6093620012        10.3583364119        -3.1435844430         5.0808989252         1.4067708218 
        2.8750000000         3.2800000000         1.6323041028        10.9559710533        -3.0923134963         4.6825017797         1.3914770835 
        2.8800000000         3.2800000000         1.6119111236        10.4247402610        -3.0538602863         5.0144994009         1.4042218654 
        2.8850000000         3.2800000000         1.6221076132        10.6903556571        -2.9865671688         4.8153008282         1.3965749963 
        2.8900001000         3.2800000000         1.6144602460        10.4911441100        -2.9385006564         4.7489013039         1.3940260399 
        2.8950000000         3.2800000000         1.6068128788        10.2919325629        -2.8776164072         4.8817003524         1.3991239527 
        2.9000000000         3.2800000000         1.6272058580        10.8231633552        -2.8327543289         5.0144994009         1.4042218654 
        2.9050001000         3.2800000000         1.6144602460        10.4911441100        -2.7686656456         5.0144994009         1.4042218654 
        2.9100001000         3.2800000000         1.6323041028        10.9559710533        -2.7173946989         4.8153008282         1.3965749963 
        2.9150000000         3.2800000000         1.6093620012        10.3583364119        -2.6725326206         4.8153008282         1.3965749963 
        2.9200000000         3.2800000000         1.6170093684        10.5575479590        -2.6020350690         4.6825017797         1.3914770835 
        2.9250000000         3.2800000000         1.6272058580        10.8231633552        -2.5507641223         4.8817003524         1.3991239527 
        2.9300001000         3.2800000000         1.6399514700        11.1551826004        -2.5059020440         4.6161022554         1.3889281272 
        2.9350000000         3.2800000000         1.6246567356        10.7567595062        -2.4418133607         4.4833032069         1.3838302144 
        2.9400000000         3.2800000000         1.6195584908        10.6239518081        -2.3969512824         4.9480998767         1.4016729090 
        2.9450001000         3.2800000000         1.6246567356        10.7567595062        -2.3520892041         5.0808989252         1.4067708218 
        2.9500001000         3.2800000000         1.6246567356        10.7567595062        -2.2912049549         4.8817003524         1.3991239527 
        2.9550000000         3.2800000000         1.6221076132        10.6903556571        -2.2367295741         4.9480998767         1.4016729090 
        2.9600000000         3.2800000000         1.6221076132        10.6903556571        -2.1854586275         4.6161022554         1.3889281272 
        2.9650000000         3.2800000000         1.6399514700        11.1551826004        -2.1181655100         4.8153008282         1.3965749963 
        2.9700000000         3.2800000000         1.6272058580        10.8231633552        -2.0861211683         4.8153008282         1.3965749963 
        2.9750000000         3.2800000000         1.6170093684        10.5575479590        -2.0316457875         5.0144994009         1.4042218654 
        2.9800000000         3.2800000000         1.6399514700        11.1551826004        -1.9803748409         4.6161022554         1.3889281272 
        2.9850000000         3.2800000000         1.6195584908        10.6239518081        -1.9226950259         4.6161022554         1.3889281272 
        2.9900001000         3.2800000000         1.6399514700        11.1551826004        -1.8682196451         4.8153008282         1.3965749963 
        2.9950000000         3.2800000000         1.6323041028        10.9559710533        -1.8041309618         4.4833032069         1.3838302144 
        3.0000000000         3.2800000000         1.6374023476        11.0887787514        -1.7592688834         4.9480998767         1.4016729090 
        3.0050000000         3.2800000000         1.6297549804        10.8895672042        -1.7047935026         4.6161022554         1.3889281272 
        3.0100000000         3.2800000000         1.6144602460        10.4911441100        -1.6567269902         4.8153008282         1.3965749963 
        3.0150001000         3.2800000000         1.6399514700        11.1551826004        -1.5926383068         4.6825017797         1.3914770835 
        3.0200000000         3.2800000000         1.6246567356        10.7567595062        -1.5477762285         4.6161022554         1.3889281272 
        3.0250000000         3.2800000000         1.6323041028        10.9559710533        -1.4933008477         4.8153008282         1.3965749963 
        3.0300001000         3.2800000000         1.6348532252        11.0223749023        -1.4388254669         4.6825017797         1.3914770835 
        3.0350001000         3.2800000000         1.6272058580        10.8231633552        -1.3747367836         4.6825017797         1.3914770835 
        3.0400000000         3.2800000000         1.6399514700        11.1551826004        -1.3362835736         4.6161022554         1.3889281272 
        3.0450000000         3.2800000000         1.6348532252        11.0223749023        -1.2753993245         4.6825017797         1.3914770835 
        3.0500000000         3.2800000000         1.5507321861         8.8310478840        -1.2241283778         4.8153008282         1.3965749963 
        3.0550001000         3.2800000000         1.6603444491        11.6864133927        -1.1568352603         4.6825017797         1.3914770835 
        3.0600000000         3.2800000000         1.6093620012        10.3583364119        -1.1087687478         4.7489013039         1.3940260399 
        3.0650000000         3.2800000000         1.6323041028        10.9559710533        -1.0639066695         4.8153008282         1.3965749963 
        3.0700001000         3.2800000000         1.6374023476        11.0887787514        -0.9966135521         4.6161022554         1.3889281272 
        3.0750001000         3.2800000000         1.6501479595        11.4207979966        -0.9421381712         4.6825017797         1.3914770835 
        3.0800000000         3.2800000000         1.6425005924        11.2215864494        -0.8908672246         4.6825017797         1.3914770835 
        3.0850000000         3.2800000000         1.6450497148        11.2879902985        -0.8460051463         4.5497027312         1.3863791708 
        3.0900000000         3.2800000000         1.6425005924        11.2215864494        -0.7787120288         4.9480998767         1.4016729090 
        3.0950000000         3.2800000000         1.6374023476        11.0887787514        -0.7370543846         4.8153008282         1.3965749963 
        3.1000000000         3.2800000000         1.7011304075        12.7488749774        -0.6729657013         4.6825017797         1.3914770835 
        3.1050000000         3.2800000000         1.6374023476        11.0887787514        -0.6409213597         5.0144994009         1.4042218654 
        3.1100000000         3.2800000000         1.6475988371        11.3543941475        -0.5736282422         4.8153008282         1.3965749963 
        3.1150001000         3.2800000000         1.6246567356        10.7567595062        -0.5287661639         5.0144994009         1.4042218654 
        3.1200000000         3.2800000000         1.6705409387        11.9520287889        -0.4518597439         4.6825017797         1.3914770835 
        3.1250000000         3.2800000000         1.6374023476        11.0887787514        -0.4069976656         4.8817003524         1.3991239527 
        3.1300000000         3.2800000000         1.6475988371        11.3543941475        -0.3525222848         4.8817003524         1.3991239527 
        3.1350000000         3.2800000000         1.6450497148        11.2879902985        -0.3012513381         4.6825017797         1.3914770835 
        3.1400001000         3.2800000000         1.6603444491        11.6864133927        -0.2339582207         4.6825017797         1.3914770835 
        3.1450000000         3.2800000000         1.6425005924        11.2215864494        -0.1794828398         4.8153008282         1.3965749963 
        3.1500000000         3.2800000000         1.6425005924        11.2215864494        -0.1410296299         5.0144994009         1.4042218654 
        3.1550001000         3.2800000000         1.6399514700        11.1551826004        -0.0801453807         4.8153008282         1.3965749963 
        3.1600001000         3.2800000000         1.6526970819        11.4872018456        -0.0320788682         5.0808989252         1.4067708218 
        3.1650000000         3.2800000000         1.6042637564        10.2255287138         0.0288053809         4.8817003524         1.3991239527 
        3.1700000000         3.2800000000         1.5303392069         8.2998170916         0.0736674592         5.0808989252         1.4067708218 
        3.1750000000         3.2800000000         1.6246567356        10.7567595062         0.1313472742         4.9480998767         1.4016729090 
        3.1800001000         3.2800000000         1.6272058580        10.8231633552         0.1858226550         5.0808989252         1.4067708218 
        3.1850000000         3.2800000000         1.6348532252        11.0223749023         0.2467069042         4.6161022554         1.3889281272 
        3.1900000000         3.2800000000         1.6526970819        11.4872018456         0.2915689825         5.0144994009         1.4042218654 
        3.1950001000         3.2800000000         1.6297549804        10.8895672042         0.3620665341         4.4833032069         1.3838302144 
        3.2000001000         3.2800000000         1.6679918163        11.8856249399         0.4165419149         4.6825017797         1.3914770835 
        3.2050000000         3.2800000000         1.6272058580        10.8231633552         0.4710172958         4.8153008282         1.3965749963 
        3.2100000000         3.2800000000         1.5915181444         9.8935094686         0.5286971107         4.6161022554         1.3889281272 
        3.2150000000         3.2800000000         1.6679918163        11.8856249399         0.5767636232         4.6825017797         1.3914770835 
        3.2200000000         3.2800000000         1.6348532252        11.0223749023         0.6376478724         4.4833032069         1.3838302144 
        3.2250000000         3.2800000000         1.6425005924        11.2215864494         0.6825099507         4.6825017797         1.3914770835 
        3.2300000000         3.2800000000         1.6425005924        11.2215864494         0.7433941998         4.4833032069         1.3838302144 
        3.2350000000         3.2800000000         1.6297549804        10.8895672042         0.7850518440         4.8153008282         1.3965749963 
        3.2400001000         3.2800000000         1.6323041028        10.9559710533         0.8555493956         4.4833032069         1.3838302144 
        3.2450000000         3.2800000000         1.6425005924        11.2215864494         0.9036159081         4.6161022554         1.3889281272 
        3.2500000000         3.2800000000         1.6272058580        10.8231633552         0.9516824206         4.8817003524         1.3991239527 
        3.2550000000         3.2800000000         1.6450497148        11.2879902985         1.0221799722         4.4833032069         1.3838302144 
        3.2600000000         3.2800000000         1.6323041028        10.9559710533         1.0606331822         4.9480998767         1.4016729090 
        3.2650001000         3.2800000000         1.6425005924        11.2215864494         1.1247218655         4.6161022554         1.3889281272 
        3.2700000000         3.2800000000         1.6144602460        10.4911441100         1.1695839438         5.0144994009         1.4042218654 
        3.2750000000         3.2800000000         1.6399514700        11.1551826004         1.2272637588         4.6825017797         1.3914770835 
        3.2800001000         3.2800000000         1.6475988371        11.3543941475         1.2913524421         4.4833032069         1.3838302144 
        3.2850001000         3.2800000000         1.6297549804        10.8895672042         1.3298056521         4.8817003524         1.3991239527 
        3.2900000000         3.2800000000         1.6272058580        10.8231633552         1.3938943354         5.1472984494         1.4093197782 
        3.2950000000         3.2800000000         1.6348532252        11.0223749023         1.4515741504         4.6825017797         1.3914770835 
        3.3000000000         3.2800000000         1.6374023476        11.0887787514         1.5028450971         4.8153008282         1.3965749963 
        3.3050001000         3.2800000000         1.5889690220         9.8271056196         1.5445027412         4.9480998767         1.4016729090 
        3.3100000000         3.2800000000         1.6501479595        11.4207979966         1.6053869904         4.8153008282         1.3965749963 
        3.3150000000         3.2800000000         1.6017146340        10.1591248648         1.6470446345         4.9480998767         1.4016729090 
        3.3200001000         3.2800000000         1.6450497148        11.2879902985         1.7047244495         4.8153008282         1.3965749963 
        3.3250001000         3.2800000000         1.6093620012        10.3583364119         1.7559953961         5.1472984494         1.4093197782 
        3.3300000000         3.2800000000         1.6170093684        10.5575479590         1.8232885136         4.6825017797         1.3914770835 
        3.3350000000         3.2800000000         1.6246567356        10.7567595062         1.8681505919         4.6825017797         1.3914770835 
        3.3400000000         3.2800000000         1.6221076132        10.6903556571         1.9130126702         5.0144994009         1.4042218654 
        3.3450000000         3.2800000000         1.5915181444         9.8935094686         1.9771013536         4.9480998767         1.4016729090 
        3.3500000000         3.2800000000         1.6501479595        11.4207979966         2.0411900369         4.4833032069         1.3838302144 
        3.3550000000         3.2800000000         1.5991655116        10.0927210157         2.0828476810         4.8153008282         1.3965749963 
        3.3600000000         3.2800000000         1.6221076132        10.6903556571         2.1373230618         4.7489013039         1.3940260399 
        3.3650001000         3.2800000000         1.6017146340        10.1591248648         2.1853895743         4.8153008282         1.3965749963 
        3.3700000000         3.2800000000         1.6017146340        10.1591248648         2.2366605210         4.6825017797         1.3914770835 
        3.3750000000         3.2800000000         1.6170093684        10.5575479590         2.2879314676         4.8153008282         1.3965749963 
        3.3800000000         3.2800000000         1.6144602460        10.4911441100         2.3424068484         4.8153008282         1.3965749963 
        3.3850000000         3.2800000000         1.6017146340        10.1591248648         2.3840644926         4.9480998767         1.4016729090 
        3.3900001000         3.2800000000         1.6042637564        10.2255287138         2.4545620442         4.8153008282         1.3965749963 
        3.3950000000         3.2800000000         1.6272058580        10.8231633552         2.5026285567         4.9480998767         1.4016729090 
        3.4000000000         3.2800000000         1.6093620012        10.3583364119         2.5603083717         4.8153008282         1.3965749963 
        3.4050001000         3.2800000000         1.5915181444         9.8935094686         2.6083748842         4.9480998767         1.4016729090 
        3.4100001000         3.2800000000         1.6221076132        10.6903556571         2.6596458308         4.9480998767         1.4016729090 
        3.4150000000         3.2800000000         1.6017146340        10.1591248648         2.7045079091         5.0144994009         1.4042218654 
        3.4200000000         3.2800000000         1.6246567356        10.7567595062         2.7718010266         4.7489013039         1.3940260399 
        3.4250000000         3.2800000000         1.6093620012        10.3583364119         2.8262764074         4.6825017797         1.3914770835 
        3.4300001000         3.2800000000         1.6042637564        10.2255287138         2.8679340516         4.8153008282         1.3965749963 
        3.4350000000         3.2800000000         1.5991655116        10.0927210157         2.9192049982         4.8153008282         1.3965749963 
        3.4400000000         3.2800000000         1.5966163892        10.0263171667         2.9672715107         5.0144994009         1.4042218654 
        3.4450001000         3.2800000000         1.6068128788        10.2919325629         3.0281557598         4.6161022554         1.3889281272 
        3.4500001000         3.2800000000         1.6017146340        10.1591248648         3.0762222723         4.8817003524         1.3991239527 
        3.4550000000         3.2800000000         1.5991655116        10.0927210157         3.1306976531         4.9480998767         1.4016729090 
        3.4600000000         3.2800000000         1.6144602460        10.4911441100         3.1339020873         4.6161022554         1.3889281272 
        3.4650017000         3.2800000000         1.5940672668         9.9599133177         3.1339020873         5.0808989252         1.4067708218 
        3.4700012000         3.2800000000         1.6042637564        10.2255287138        -1.7592688834         4.6825017797         1.3914770835 
        3.4750000000         3.2800000000         1.5966163892        10.0263171667        -1.7688821859         5.1472984494         1.4093197782 
        3.4800000000         3.2800000000         1.6144602460        10.4911441100        -3.1371755746         4.6825017797         1.3914770835 
        3.4850000000         3.2800000000         1.5991655116        10.0927210157        -3.1467888771         4.8153008282         1.3965749963 
        3.4900001000         3.2800000000         1.6144602460        10.4911441100        -3.1371755746         4.4833032069         1.3838302144 
        3.4950000000         3.2800000000         1.6042637564        10.2255287138        -3.1243578380         5.0808989252         1.4067708218 
        3.5000000000         3.2800000000         1.6017146340        10.1591248648        -3.0634735888         4.5497027312         1.3863791708 
        3.5050000000         3.2800000000         1.6119111236        10.4247402610        -3.0154070763         4.7489013039         1.3940260399 
        3.5100000000         3.2800000000         1.6170093684        10.5575479590        -2.9481139589         4.6825017797         1.3914770835 
        3.5150001000         3.2800000000         1.6017146340        10.1591248648        -2.9096607489         5.0144994009         1.4042218654 
        3.5200000000         3.2800000000         1.6144602460        10.4911441100        -2.8519809339         4.9480998767         1.4016729090 
        3.5250000000         3.2800000000         1.6042637564        10.2255287138        -2.8007099872         4.8153008282         1.3965749963 
        3.5300001000         3.2800000000         1.6195584908        10.6239518081        -2.7366213039         4.6825017797         1.3914770835 
        3.5350001000         3.2800000000         1.6144602460        10.4911441100        -2.6917592256         4.6825017797         1.3914770835 
        3.5400000000         3.2800000000         1.6093620012        10.3583364119        -2.6372838448         4.8153008282         1.3965749963 
        3.5450000000         3.2800000000         1.6221076132        10.6903556571        -2.5796040298         4.6825017797         1.3914770835 
        3.5500000000         3.2800000000         1.6934830403        12.5496634303        -2.5283330832         4.9480998767         1.4016729090 
        3.5550001000         3.2800000000         1.6119111236        10.4247402610        -2.4770621365         4.8153008282         1.3965749963 
        3.5600000000         3.2800000000         1.6221076132        10.6903556571        -2.4161778874         4.5497027312         1.3863791708 
        3.5650000000         3.2800000000         1.6246567356        10.7567595062        -2.3745202432         4.8153008282         1.3965749963 
        3.5700001000         3.2800000000         1.6144602460        10.4911441100        -2.3136359941         4.6825017797         1.3914770835 
        3.5750001000         3.2800000000         1.6246567356        10.7567595062        -2.2719783499         4.9480998767         1.4016729090 
        3.5800000000         3.2800000000         1.6119111236        10.4247402610        -2.2142985350         4.8153008282         1.3965749963 
        3.5850000000         3.2800000000         1.6323041028        10.9559710533        -2.1566187200         4.4169036827         1.3812812580 
        3.5900000000         3.2800000000         1.6119111236        10.4247402610        -2.1181655100         4.9480998767         1.4016729090 
        3.5950000000         3.2800000000         1.6399514700        11.1551826004        -2.0572812608         4.8153008282         1.3965749963 
        3.6000000000         3.2800000000         1.6017146340        10.1591248648        -2.0060103142         4.8153008282         1.3965749963 
        3.6050000000         3.2800000000         1.6297549804        10.8895672042        -1.9547393675         4.8153008282         1.3965749963 
        3.6100000000         3.2800000000         1.6374023476        11.0887787514        -1.9066728551         4.9480998767         1.4016729090 
        3.6150001000         3.2800000000         1.6195584908        10.6239518081        -1.8489930401         4.8153008282         1.3965749963 
        3.6200000000         3.2800000000         1.6374023476        11.0887787514        -1.7913132251         4.9480998767         1.4016729090 
        3.6250000000         3.2800000000         1.6221076132        10.6903556571        -1.7400422785         4.4833032069         1.3838302144 
        3.6300000000         3.2800000000         1.6425005924        11.2215864494        -1.6951802001         5.0144994009         1.4042218654 
        3.6350000000         3.2800000000         1.6119111236        10.4247402610        -1.6439092535         4.8153008282         1.3965749963 
        3.6400001000         3.2800000000         1.6042637564        10.2255287138        -1.5958427410         5.0144994009         1.4042218654 
        3.6450000000         3.2800000000         1.6017146340        10.1591248648        -1.5317540577         4.8817003524         1.3991239527 
        3.6500000000         3.2800000000         1.6093620012        10.3583364119        -1.4868919794         4.9480998767         1.4016729090 
        3.6550001000         3.2800000000         1.7903496914        15.0730096938        -1.4195988619         4.8153008282         1.3965749963 
        3.6600001000         3.2800000000         1.6501479595        11.4207979966        -1.3587146128         4.6825017797         1.3914770835 
        3.6650000000         3.2800000000         1.5813216548         9.6278940725        -1.3138525344         4.6825017797         1.3914770835 
        3.6700000000         3.2800000000         1.6374023476        11.0887787514        -1.2529682853         4.8153008282         1.3965749963 
        3.6750000000         3.2800000000         1.6374023476        11.0887787514        -1.2049017728         5.0144994009         1.4042218654 
        3.6800001000         3.2800000000         1.6399514700        11.1551826004        -1.1472219578         4.8153008282         1.3965749963 
        3.6850000000         3.2800000000         1.6399514700        11.1551826004        -1.0895421429         4.6825017797         1.3914770835 
        3.6900000000         3.2800000000         1.6450497148        11.2879902985        -1.0318623279         4.8817003524         1.3991239527 
        3.6950001000         3.2800000000         1.6374023476        11.0887787514        -0.9837958154         4.6825017797         1.3914770835 
        3.7000001000         3.2800000000         1.6297549804        10.8895672042        -0.9325248687         4.8817003524         1.3991239527 
        3.7050000000         3.2800000000         1.6526970819        11.4872018456        -0.8972760929         5.0808989252         1.4067708218 
        3.7100000000         3.2800000000         1.6323041028        10.9559710533        -0.8299829754         4.9480998767         1.4016729090 
        3.7150000000         3.2800000000         1.6475988371        11.3543941475        -0.7690987263         4.6825017797         1.3914770835 
        3.7200000000         3.2800000000         1.6526970819        11.4872018456        -0.7178277797         4.4833032069         1.3838302144 
        3.7250000000         3.2800000000         1.6323041028        10.9559710533        -0.6697612672         5.0808989252         1.4067708218 
        3.7300000000         3.2800000000         1.6323041028        10.9559710533        -0.6184903205         4.6825017797         1.3914770835 
        3.7350000000         3.2800000000         1.6603444491        11.6864133927        -0.5544016372         4.4833032069         1.3838302144 
        3.7400001000         3.2800000000         1.6068128788        10.2919325629        -0.5095395589         4.8153008282         1.3965749963 
        3.7450000000         3.2800000000         1.6425005924        11.2215864494        -0.4518597439         4.6825017797         1.3914770835 
        3.7500000000         3.2800000000         1.6425005924        11.2215864494        -0.4037932314         4.8153008282         1.3965749963 
        3.7550000000         3.2800000000         1.6425005924        11.2215864494        -0.3493178506         4.9480998767         1.4016729090 
        3.7600000000         3.2800000000         1.6399514700        11.1551826004        -0.2884336015         4.5497027312         1.3863791708 
        3.7650001000         3.2800000000         1.6323041028        10.9559710533        -0.2403670890         4.8153008282         1.3965749963 
        3.7700000000         3.2800000000         1.6552462043        11.5536056946        -0.1762784057         4.6825017797         1.3914770835 
        3.7750000000         3.2800000000         1.6577953267        11.6200095437        -0.1121897224         4.8153008282         1.3965749963 
        3.7800001000         3.2800000000         1.6526970819        11.4872018456        -0.0673276441         4.6825017797         1.3914770835 
        3.7850001000         3.2800000000         1.6654426939        11.8192210908        -0.0064433949         4.4833032069         1.3838302144 
        3.7900000000         3.2800000000         1.6450497148        11.2879902985         0.0448275517         4.6825017797         1.3914770835 
        3.7950000000         3.2800000000         1.6450497148        11.2879902985         0.0960984984         4.7489013039         1.3940260399 
        3.8000000000         3.2800000000         1.6526970819        11.4872018456         0.1537783134         4.8153008282         1.3965749963 
        3.8050001000         3.2800000000         1.6450497148        11.2879902985         0.2018448259         4.9480998767         1.4016729090 
        3.8100000000         3.2800000000         1.6577953267        11.6200095437         0.2627290750         4.8153008282         1.3965749963 
        3.8150000000         3.2800000000         1.6501479595        11.4207979966         0.3236133241         4.9480998767         1.4016729090 
        3.8200001000         3.2800000000         1.6399514700        11.1551826004         0.3844975733         4.6825017797         1.3914770835 
        3.8250001000         3.2800000000         1.6425005924        11.2215864494         0.4325640858         4.6161022554         1.3889281272 
        3.8300000000         3.2800000000         1.6501479595        11.4207979966         0.4870394666         4.8153008282         1.3965749963 
        3.8350000000         3.2800000000         1.6297549804        10.8895672042         0.5447192816         4.6825017797         1.3914770835 
        3.8400000000         3.2800000000         1.6628935715        11.7528172418         0.5991946624         4.6825017797         1.3914770835 
        3.8450000000         3.2800000000         1.6399514700        11.1551826004         0.6504656090         4.8153008282         1.3965749963 
        3.8500000000         3.2800000000         1.6399514700        11.1551826004         0.6985321215         4.9480998767         1.4016729090 
        3.8550000000         3.2800000000         1.6450497148        11.2879902985         0.7690296731         4.6161022554         1.3889281272 
        3.8600000000         3.2800000000         1.6475988371        11.3543941475         0.8203006198         4.8153008282         1.3965749963 
        3.8650001000         3.2800000000         1.6323041028        10.9559710533         0.8811848689         4.6825017797         1.3914770835 
        3.8700000000         3.2800000000         1.6526970819        11.4872018456         0.9260469473         5.0144994009         1.4042218654 
        3.8750000000         3.2800000000         1.6399514700        11.1551826004         0.9837267622         4.8153008282         1.3965749963 
        3.8800000000         3.2800000000         1.6526970819        11.4872018456         1.0317932747         4.9480998767         1.4016729090 
        3.8850000000         3.2800000000         1.6323041028        10.9559710533         1.1054952605         4.7489013039         1.3940260399 
        3.8900001000         3.2800000000         1.6450497148        11.2879902985         1.1535617730         4.8153008282         1.3965749963 
        3.8950000000         3.2800000000         1.6425005924        11.2215864494         1.2080371538         4.8817003524         1.3991239527 
        3.9000000000         3.2800000000         1.6450497148        11.2879902985         1.2625125346         4.8817003524         1.3991239527 
        3.9050001000         3.2800000000         1.6501479595        11.4207979966         1.3233967838         4.9480998767         1.4016729090 
        3.9100001000         3.2800000000         1.6221076132        10.6903556571         1.3682588621         5.0144994009         1.4042218654 
        3.9150000000         3.2800000000         1.6399514700        11.1551826004         1.4291431112         4.8153008282         1.3965749963 
        3.9200000000         3.2800000000         1.6501479595        11.4207979966         1.4868229262         4.6161022554         1.3889281272 
        3.9250000000         3.2800000000         1.6297549804        10.8895672042         1.5477071754         4.4833032069         1.3838302144 
        3.9300001000         3.2800000000         1.6399514700        11.1551826004         1.5829559512         5.0808989252         1.4067708218 
        3.9350000000         3.2800000000         1.6144602460        10.4911441100         1.6374313320         4.9480998767         1.4016729090 
        3.9400000000         3.2800000000         1.6425005924        11.2215864494         1.6919067128         5.1472984494         1.4093197782 
        3.9450001000         3.2800000000         1.6323041028        10.9559710533         1.7495865278         4.8817003524         1.3991239527 
        3.9500001000         3.2800000000         1.6144602460        10.4911441100         1.8040619086         4.9480998767         1.4016729090 
        3.9550000000         3.2800000000         1.6425005924        11.2215864494         1.8649461578         4.9480998767         1.4016729090 
        3.9600000000         3.2800000000         1.6272058580        10.8231633552         1.9194215386         4.6825017797         1.3914770835 
        3.9650000000         3.2800000000         1.6272058580        10.8231633552         1.9674880511         5.0144994009         1.4042218654 
        3.9700001000         3.2800000000         1.6195584908        10.6239518081         2.0155545635         4.8153008282         1.3965749963 
        3.9750000000         3.2800000000         1.6272058580        10.8231633552         2.0700299444         4.8153008282         1.3965749963 
        3.9800000000         3.2800000000         1.6093620012        10.3583364119         2.1405274960         4.4833032069         1.3838302144 
        3.9850000000         3.2800000000         1.6195584908        10.6239518081         2.1917984426         4.4169036827         1.3812812580 
        3.9900001000         3.2800000000         1.6221076132        10.6903556571         2.2302516526         4.7489013039         1.3940260399 
        3.9950000000         3.2800000000         1.6093620012        10.3583364119         2.2975447701         4.6825017797         1.3914770835 
