           Time[sec]  \omega_{cmd}[rad/s]          V_{gyro}[V] \omega_{gyro}[rad/s]          \theta[rad] \omega_{dist}[rad/s]  \omega_{distRaw}[V] 
        0.0000000000         0.3600000000         1.3354711529         3.1676777850         1.5265829120         4.8949538651         1.4017781247 
        0.0050000000         0.3600000000         1.2972765720         2.1727207791         1.5361917429         4.6959003397         1.3941368236 
        0.0100000000         0.3600000000         1.2539893802         1.0451028390         1.5393946865         4.6959003397         1.3941368236 
        0.0150000000         0.3600000000         1.1750539129        -1.0111416399         1.5458005738         4.4304956392         1.3839484223 
        0.0200000000         0.3600000000         1.0604701701        -3.9960126577         1.5393946865         4.7622515148         1.3966839240 
        0.0250000000         0.3600000000         0.9611642596        -6.5829008731         1.4945534757         4.7622515148         1.3966839240 
        0.0300000000         0.3600000000         0.9051455409        -8.0421711485         1.4721328703         4.8949538651         1.4017781247 
        0.0350027000         0.3600000000         0.8465805168        -9.5677718909         1.4240887158         4.8286026899         1.3992310243 
        0.0400000000         0.3600000000         0.7549135225       -11.9556687051         1.3728416177         4.8286026899         1.3992310243 
        0.0450000000         0.3600000000         0.6988948038       -13.4149389805         1.3055798015         4.8286026899         1.3992310243 
        0.0500000000         0.3600000000         0.6785243606       -13.9455827170         1.2479268161         4.8949538651         1.4017781247 
        0.0550000000         0.3600000000         0.6275982527       -15.2721920582         1.1646502817         5.0276562153         1.4068723253 
        0.0600000000         0.3600000000         0.6097741149       -15.7365053276         1.0845766910         4.6295491646         1.3915897233 
        0.0650000000         0.3600000000         0.5894036717       -16.2671490641         1.0013001566         5.0276562153         1.4068723253 
        0.0700000000         0.3600000000         0.5639406178       -16.9304537348         0.9276324531         4.7622515148         1.3966839240 
        0.0750000000         0.3600000000         0.5537553962       -17.1957756030         0.8571676932         4.7622515148         1.3966839240 
        0.0800000000         0.3600000000         0.5333849530       -17.7264193395         0.7578764406         4.5631979895         1.3890426230 
        0.0850000000         0.3600000000         0.4951903721       -18.7213763454         0.6649910753         4.6959003397         1.3941368236 
        0.0900000000         0.3600000000         0.5181071206       -18.1244021419         0.5785115973         4.4968468143         1.3864955226 
        0.0950000000         0.3600000000         0.4951903721       -18.7213763454         0.5016409501         4.6959003397         1.3941368236 
        0.1000000000         0.3600000000         0.4900977613       -18.8540372796         0.3959438103         4.7622515148         1.3966839240 
        0.1050000000         0.3600000000         0.4799125397       -19.1193591478         0.3094643323         4.9613050402         1.4043252250 
        0.1100000000         0.3600000000         0.4799125397       -19.1193591478         0.2197819106         4.7622515148         1.3966839240 
        0.1150000000         0.3600000000         0.4646347073       -19.5173419502         0.1204906581         4.6959003397         1.3941368236 
        0.1200000000         0.3600000000         0.4366253479       -20.2469770879         0.0083876310         4.6959003397         1.3941368236 
        0.1250000000         0.3600000000         0.4519031803       -19.8489942855        -0.0812947907         4.7622515148         1.3966839240 
        0.1300000000         0.3600000000         0.4137085994       -20.8439512914        -0.1741801560         4.5631979895         1.3890426230 
        0.1350000000         0.3600000000         0.4340790425       -20.3133075549        -0.2734714085         4.5631979895         1.3890426230 
        0.1400000000         0.3600000000         0.4137085994       -20.8439512914        -0.3823714920         4.5631979895         1.3890426230 
        0.1450000000         0.3600000000         0.4162549048       -20.7776208244        -0.4784598009         4.6959003397         1.3941368236 
        0.1500000000         0.3600000000         0.3958844616       -21.3082645608        -0.5841569407         4.6959003397         1.3941368236 
        0.1550000000         0.3600000000         0.4009770724       -21.1756036267        -0.6834481933         4.6959003397         1.3941368236 
        0.1600000000         0.3600000000         0.3958844616       -21.3082645608        -0.7827394458         4.6959003397         1.3941368236 
        0.1650000000         0.3600000000         0.3958844616       -21.3082645608        -0.8884365856         4.6959003397         1.3941368236 
        0.1700000000         0.3600000000         0.3856992400       -21.5735864291        -0.9909307818         4.6959003397         1.3941368236 
        0.1750000000         0.3600000000         0.3984307670       -21.2419340938        -1.0838161471         4.6295491646         1.3915897233 
        0.1800001000         0.3600000000         0.3958844616       -21.3082645608        -1.1799044561         4.7622515148         1.3966839240 
        0.1850000000         0.3600000000         0.3856992400       -21.5735864291        -1.2856015959         4.7622515148         1.3966839240 
        0.1900000000         0.3600000000         0.3933381562       -21.3745950279        -1.3880957921         4.6959003397         1.3941368236 
        0.1950000000         0.3600000000         0.3831529346       -21.6399168962        -1.5098076500         4.8949538651         1.4017781247 
        0.2000000000         0.3600000000         0.3831529346       -21.6399168962        -1.6155047899         4.9613050402         1.4043252250 
        0.2050000000         0.3600000000         0.3551435753       -22.3695520338        -1.7244048733         4.7622515148         1.3966839240 
        0.2100001000         0.3600000000         0.3806066292       -21.7062473632        -1.8365079004         4.8949538651         1.4017781247 
        0.2150000000         0.3600000000         0.3780603238       -21.7725778303        -1.9325962093         4.5631979895         1.3890426230 
        0.2200000000         0.3600000000         0.3678751022       -22.0378996985        -2.0350904055         4.6959003397         1.3941368236 
        0.2250000000         0.3600000000         0.3856992400       -21.5735864291        -2.1407875453         4.8949538651         1.4017781247 
        0.2300000000         0.3600000000         0.3576898806       -22.3032215668        -2.2592964597         4.8949538651         1.4017781247 
        0.2350000000         0.3600000000         0.3704214076       -21.9715692315        -2.3617906558         4.7622515148         1.3966839240 
        0.2400001000         0.3600000000         0.3856992400       -21.5735864291        -2.4706907393         4.8286026899         1.3992310243 
        0.2450000000         0.3600000000         0.3602361860       -22.2368910997        -2.5827937664         4.6959003397         1.3941368236 
        0.2500000000         0.3600000000         0.3627824914       -22.1705606327        -2.6916938498         4.8286026899         1.3992310243 
        0.2550000000         0.3600000000         0.3831529346       -21.6399168962        -2.8069998205         4.7622515148         1.3966839240 
        0.2600000000         0.3600000000         0.3551435753       -22.3695520338        -2.9287116785         4.8949538651         1.4017781247 
        0.2650000000         0.3600000000         0.3602361860       -22.2368910997        -3.0472205928         4.8286026899         1.3992310243 
        0.2700000000         0.3600000000         0.3576898806       -22.3032215668        -3.1465118454         4.7622515148         1.3966839240 
        0.2750000000         0.3600000000         0.3475046591       -22.5685434350        -3.1369030145         4.8949538651         1.4017781247 
        0.2800000000         0.3600000000         0.3576898806       -22.3032215668         3.1472723892         4.6959003397         1.3941368236 
        0.2850000000         0.3600000000         0.3627824914       -22.1705606327         3.1408665020         4.5631979895         1.3890426230 
        0.2900001000         0.3600000000         0.3373194375       -22.8338653033         3.0287634749         4.6959003397         1.3941368236 
        0.2950000000         0.3600000000         0.3500509645       -22.5022129680         2.9134575042         4.7622515148         1.3966839240 
        0.3000022000         0.3600000000         0.3398657429       -22.7675348362         2.7949485898         4.7622515148         1.3966839240 
        0.3050000000         0.3600000000         0.3424120483       -22.7012043691         2.6828455628         4.6959003397         1.3941368236 
        0.3100000000         0.3600000000         0.3373194375       -22.8338653033         2.5643366484         4.6959003397         1.3941368236 
        0.3150000000         0.3600000000         0.3449583537       -22.6348739021         2.4586395086         4.4968468143         1.3864955226 
        0.3200000000         0.3600000000         0.3551435753       -22.3695520338         2.3465364815         4.8286026899         1.3992310243 
        0.3250000000         0.3600000000         0.3194952997       -23.2981785727         2.2216216799         4.7622515148         1.3966839240 
        0.3300000000         0.3600000000         0.3271342159       -23.0991871715         2.1031127656         4.6959003397         1.3941368236 
        0.3350000000         0.3600000000         0.3576898806       -22.3032215668         2.0006185694         4.4968468143         1.3864955226 
        0.3400000000         0.3600000000         0.3347731321       -22.9001957703         1.8885155423         4.6959003397         1.3941368236 
        0.3450000000         0.3600000000         0.3373194375       -22.8338653033         1.7668036843         4.8286026899         1.3992310243 
        0.3500001000         0.3600000000         0.3373194375       -22.8338653033         1.6611065445         4.8286026899         1.3992310243 
        0.3550001000         0.3600000000         0.3398657429       -22.7675348362         1.5490035174         4.8949538651         1.4017781247 
        0.3600000000         0.3600000000         0.3398657429       -22.7675348362         1.4369004904         4.9613050402         1.4043252250 
        0.3650000000         0.3600000000         0.3398657429       -22.7675348362         1.3119856888         4.7622515148         1.3966839240 
        0.3700000000         0.3600000000         0.3449583537       -22.6348739021         1.2030856053         4.5631979895         1.3890426230 
        0.3750000000         0.3600000000         0.3424120483       -22.7012043691         1.1005914091         4.8949538651         1.4017781247 
        0.3800000000         0.3600000000         0.3449583537       -22.6348739021         0.9788795511         4.6959003397         1.3941368236 
        0.3850000000         0.3600000000         0.3245879105       -23.1655176386         0.8699794677         4.6959003397         1.3941368236 
        0.3900000000         0.3600000000         0.3373194375       -22.8338653033         0.7610793842         4.7622515148         1.3966839240 
        0.3950000000         0.3600000000         0.3602361860       -22.2368910997         0.6521793008         4.6295491646         1.3915897233 
        0.4000000000         0.3600000000         0.3424120483       -22.7012043691         0.5528880482         4.7622515148         1.3966839240 
        0.4050000000         0.3600000000         0.3398657429       -22.7675348362         0.4311761903         4.4968468143         1.3864955226 
        0.4100000000         0.3600000000         0.3653287968       -22.1042301656         0.3350878813         4.8286026899         1.3992310243 
        0.4150001000         0.3600000000         0.3398657429       -22.7675348362         0.2229848543         4.7622515148         1.3966839240 
        0.4200001000         0.3600000000         0.3322268267       -22.9665262374         0.0916641654         4.7622515148         1.3966839240 
        0.4250000000         0.3600000000         0.3322268267       -22.9665262374        -0.0172359181         4.6959003397         1.3941368236 
        0.4300000000         0.3600000000         0.3500509645       -22.5022129680        -0.1133242270         4.6295491646         1.3915897233 
        0.4350000000         0.3600000000         0.3373194375       -22.8338653033        -0.2254272541         4.5631979895         1.3890426230 
        0.4400000000         0.3600000000         0.3424120483       -22.7012043691        -0.3311243939         4.7622515148         1.3966839240 
        0.4450000000         0.3600000000         0.3398657429       -22.7675348362        -0.4368215337         4.7622515148         1.3966839240 
        0.4500025000         0.3600000000         0.3296805213       -23.0328567045        -0.5681422226         4.7622515148         1.3966839240 
        0.4550000000         0.3600000000         0.3449583537       -22.6348739021        -0.6674334751         4.9613050402         1.4043252250 
        0.4600000000         0.3600000000         0.3144026889       -23.4308395068        -0.7859423895         4.7622515148         1.3966839240 
        0.4650000000         0.3600000000         0.3398657429       -22.7675348362        -0.8916395293         4.8949538651         1.4017781247 
        0.4700000000         0.3600000000         0.3296805213       -23.0328567045        -0.9877278382         4.6959003397         1.3941368236 
        0.4750001000         0.3600000000         0.3373194375       -22.8338653033        -1.1126426398         4.8949538651         1.4017781247 
        0.4800001000         0.3600000000         0.3373194375       -22.8338653033        -1.2151368360         4.6959003397         1.3941368236 
        0.4850000000         0.3600000000         0.3347731321       -22.9001957703        -1.3432545812         4.6959003397         1.3941368236 
        0.4900000000         0.3600000000         0.3144026889       -23.4308395068        -1.4553576083         4.7622515148         1.3966839240 
        0.4950000000         0.3600000000         0.3347731321       -22.9001957703        -1.5610547481         4.8949538651         1.4017781247 
        0.5000000000         0.3600000000         0.3271342159       -23.0991871715        -1.6763607188         4.6959003397         1.3941368236 
        0.5050000000         0.3600000000         0.3347731321       -22.9001957703        -1.7820578587         4.5631979895         1.3890426230 
        0.5100000000         0.3600000000         0.3322268267       -22.9665262374        -1.8909579421         4.7622515148         1.3966839240 
        0.5150000000         0.3600000000         0.3373194375       -22.8338653033        -2.0094668564         4.8949538651         1.4017781247 
        0.5200000000         0.3600000000         0.3271342159       -23.0991871715        -2.1279757708         4.6959003397         1.3941368236 
        0.5250000000         0.3600000000         0.3347731321       -22.9001957703        -2.2336729106         4.5631979895         1.3890426230 
        0.5300000000         0.3600000000         0.3144026889       -23.4308395068        -2.3425729941         4.6959003397         1.3941368236 
        0.5350000000         0.3600000000         0.3449583537       -22.6348739021        -2.4642848520         5.0276562153         1.4068723253 
        0.5400000000         0.3600000000         0.3373194375       -22.8338653033        -2.5924025973         4.7622515148         1.3966839240 
        0.5450000000         0.3600000000         0.3118563835       -23.4971699739        -2.7109115116         4.8286026899         1.3992310243 
        0.5500000000         0.3600000000         0.3475046591       -22.5685434350        -2.8166086514         4.6295491646         1.3915897233 
        0.5550000000         0.3600000000         0.3296805213       -23.0328567045        -2.9255087349         4.6959003397         1.3941368236 
        0.5600000000         0.3600000000         0.3347731321       -22.9001957703        -3.0536264801         5.0276562153         1.4068723253 
        0.5650000000         0.3600000000         0.3347731321       -22.9001957703        -3.1401059581         4.8286026899         1.3992310243 
        0.5700001000         0.3600000000         0.3373194375       -22.8338653033        -3.1272941836         4.8286026899         1.3992310243 
        0.5750001000         0.3600000000         0.3347731321       -22.9001957703         3.1472723892         4.7622515148         1.3966839240 
        0.5800001000         0.3600000000         0.3449583537       -22.6348739021         3.1312576711         4.8949538651         1.4017781247 
        0.5850018000         0.3600000000         0.3169489943       -23.3645090398         3.0191546440         4.8949538651         1.4017781247 
        0.5900000000         0.3600000000         0.3449583537       -22.6348739021         2.8942398424         4.7622515148         1.3966839240 
        0.5950000000         0.3600000000         0.3322268267       -22.9665262374         2.7725279844         4.7622515148         1.3966839240 
        0.6000000000         0.3600000000         0.3169489943       -23.3645090398         2.6668308446         4.5631979895         1.3890426230 
        0.6050000000         0.3600000000         0.3449583537       -22.6348739021         2.5419160430         4.5631979895         1.3890426230 
        0.6100000000         0.3600000000         0.3449583537       -22.6348739021         2.4362189032         4.7622515148         1.3966839240 
        0.6150000000         0.3600000000         0.3220416051       -23.2318481056         2.3048982143         4.7622515148         1.3966839240 
        0.6200000000         0.3600000000         0.3245879105       -23.1655176386         2.1895922436         4.7622515148         1.3966839240 
        0.6250000000         0.3600000000         0.3449583537       -22.6348739021         2.0903009911         4.6959003397         1.3941368236 
        0.6300000000         0.3600000000         0.3475046591       -22.5685434350         1.9749950203         4.7622515148         1.3966839240 
        0.6350000000         0.3600000000         0.3194952997       -23.2981785727         1.8468772751         4.8949538651         1.4017781247 
        0.6400000000         0.3600000000         0.3602361860       -22.2368910997         1.7347742480         4.8286026899         1.3992310243 
        0.6450000000         0.3600000000         0.3194952997       -23.2981785727         1.6162653337         4.6959003397         1.3941368236 
        0.6500000000         0.3600000000         0.3602361860       -22.2368910997         1.5169740811         4.6295491646         1.3915897233 
        0.6550000000         0.3600000000         0.3475046591       -22.5685434350         1.4176828286         4.6959003397         1.3941368236 
        0.6600000000         0.3600000000         0.3271342159       -23.0991871715         1.3023768579         4.6959003397         1.3941368236 
        0.6650000000         0.3600000000         0.3551435753       -22.3695520338         1.1806649999         4.8286026899         1.3992310243 
        0.6700000000         0.3600000000         0.3373194375       -22.8338653033         1.0621560855         4.7622515148         1.3966839240 
        0.6750000000         0.3600000000         0.3398657429       -22.7675348362         0.9532560021         4.6295491646         1.3915897233 
        0.6800000000         0.3600000000         0.3373194375       -22.8338653033         0.8475588623         4.5631979895         1.3890426230 
        0.6850000000         0.3600000000         0.3449583537       -22.6348739021         0.7258470043         4.6959003397         1.3941368236 
        0.6900000000         0.3600000000         0.3576898806       -22.3032215668         0.6297586954         4.7622515148         1.3966839240 
        0.6950001000         0.3600000000         0.3194952997       -23.2981785727         0.5016409501         4.8286026899         1.3992310243 
        0.7000001000         0.3600000000         0.3525972699       -22.4358825009         0.3991467540         4.8949538651         1.4017781247 
        0.7050001000         0.3600000000         0.3653287968       -22.1042301656         0.2902466705         4.8949538651         1.4017781247 
        0.7100007000         0.3600000000         0.3194952997       -23.2981785727         0.1685348125         4.7622515148         1.3966839240 
        0.7150000000         0.3600000000         0.3576898806       -22.3032215668         0.0788523909         4.7622515148         1.3966839240 
        0.7200000000         0.3600000000         0.3475046591       -22.5685434350        -0.0364535798         4.4968468143         1.3864955226 
        0.7250000000         0.3600000000         0.3373194375       -22.8338653033        -0.1517595505         4.6295491646         1.3915897233 
        0.7300000000         0.3600000000         0.3475046591       -22.5685434350        -0.2542537467         4.8949538651         1.4017781247 
        0.7350000000         0.3600000000         0.3525972699       -22.4358825009        -0.3535449993         4.6959003397         1.3941368236 
        0.7400000000         0.3600000000         0.3220416051       -23.2318481056        -0.4784598009         4.7622515148         1.3966839240 
        0.7450000000         0.3600000000         0.3525972699       -22.4358825009        -0.5841569407         4.5631979895         1.3890426230 
        0.7500000000         0.3600000000         0.3398657429       -22.7675348362        -0.6834481933         4.6959003397         1.3941368236 
        0.7550000000         0.3600000000         0.3322268267       -22.9665262374        -0.7987541640         4.8949538651         1.4017781247 
        0.7600000000         0.3600000000         0.3347731321       -22.9001957703        -0.9140601347         4.8949538651         1.4017781247 
        0.7650000000         0.3600000000         0.3322268267       -22.9665262374        -1.0261631618         4.7622515148         1.3966839240 
        0.7700000000         0.3600000000         0.3347731321       -22.9001957703        -1.1254544143         4.4968468143         1.3864955226 
        0.7750000000         0.3600000000         0.3500509645       -22.5022129680        -1.2439633287         4.6295491646         1.3915897233 
        0.7800000000         0.3600000000         0.3551435753       -22.3695520338        -1.3432545812         4.6959003397         1.3941368236 
        0.7850000000         0.3600000000         0.3271342159       -23.0991871715        -1.4649664392         4.6295491646         1.3915897233 
        0.7900000000         0.3600000000         0.3449583537       -22.6348739021        -1.5738665227         4.7622515148         1.3966839240 
        0.7950000000         0.3600000000         0.3373194375       -22.8338653033        -1.6891724934         4.4968468143         1.3864955226 
        0.8000000000         0.3600000000         0.3322268267       -22.9665262374        -1.8108843513         4.7622515148         1.3966839240 
        0.8050000000         0.3600000000         0.3347731321       -22.9001957703        -1.9069726603         4.6959003397         1.3941368236 
        0.8100000000         0.3600000000         0.3373194375       -22.8338653033        -2.0190756873         4.6959003397         1.3941368236 
        0.8150000000         0.3600000000         0.3296805213       -23.0328567045        -2.1375846017         4.8949538651         1.4017781247 
        0.8200001000         0.3600000000         0.3347731321       -22.9001957703        -2.2528905724         4.5631979895         1.3890426230 
        0.8250014000         0.3600000000         0.3322268267       -22.9665262374        -2.3617906558         4.7622515148         1.3966839240 
        0.8300001000         0.3600000000         0.3398657429       -22.7675348362        -2.4770966266         4.6959003397         1.3941368236 
        0.8350001000         0.3600000000         0.3347731321       -22.9001957703        -2.6020114282         4.8949538651         1.4017781247 
        0.8400000000         0.3600000000         0.3296805213       -23.0328567045        -2.7237232861         4.5631979895         1.3890426230 
        0.8450000000         0.3600000000         0.3271342159       -23.0991871715        -2.8390292568         4.7622515148         1.3966839240 
        0.8500000000         0.3600000000         0.3169489943       -23.3645090398        -2.9607411148         4.7622515148         1.3966839240 
        0.8550000000         0.3600000000         0.3245879105       -23.1655176386        -3.0792500292         4.8286026899         1.3992310243 
        0.8600000000         0.3600000000         0.3373194375       -22.8338653033        -3.1369030145         4.9613050402         1.4043252250 
        0.8650000000         0.3600000000         0.3144026889       -23.4308395068        -1.7436225351         4.7622515148         1.3966839240 
        0.8700000000         0.3600000000         0.3475046591       -22.5685434350         3.1472723892         4.7622515148         1.3966839240 
        0.8750000000         0.3600000000         0.3220416051       -23.2318481056         3.1248517838         4.8286026899         1.3992310243 
        0.8800000000         0.3600000000         0.3271342159       -23.0991871715         2.9871252077         4.4968468143         1.3864955226 
        0.8850000000         0.3600000000         0.3500509645       -22.5022129680         2.8846310115         4.7622515148         1.3966839240 
        0.8900000000         0.3600000000         0.3144026889       -23.4308395068         2.7565132663         4.8949538651         1.4017781247 
        0.8950000000         0.3600000000         0.3042174673       -23.6961613751         2.6315984647         4.6959003397         1.3941368236 
        0.9000000000         0.3600000000         0.3500509645       -22.5022129680         2.5291042685         4.7622515148         1.3966839240 
        0.9050000000         0.3600000000         0.3398657429       -22.7675348362         2.3945806360         4.6959003397         1.3941368236 
        0.9100000000         0.3600000000         0.2965785511       -23.8951527763         2.2792746653         4.7622515148         1.3966839240 
        0.9150046000         0.3600000000         0.3347731321       -22.9001957703         2.1703745818         4.5631979895         1.3890426230 
        0.9200000000         0.3600000000         0.3373194375       -22.8338653033         2.0486627239         4.6959003397         1.3941368236 
        0.9250000000         0.3600000000         0.3194952997       -23.2981785727         1.9301538095         4.7622515148         1.3966839240 
        0.9300000000         0.3600000000         0.3398657429       -22.7675348362         1.8308625570         4.6959003397         1.3941368236 
        0.9350000000         0.3600000000         0.3118563835       -23.4971699739         1.7027448117         4.7622515148         1.3966839240 
        0.9400000000         0.3600000000         0.3296805213       -23.0328567045         1.5906417846         4.7622515148         1.3966839240 
        0.9450001000         0.3600000000         0.3525972699       -22.4358825009         1.4849446448         4.7622515148         1.3966839240 
        0.9500001000         0.3600000000         0.3169489943       -23.3645090398         1.3792475050         4.5631979895         1.3890426230 
        0.9550001000         0.3600000000         0.3271342159       -23.0991871715         1.2703474216         4.7622515148         1.3966839240 
        0.9600001000         0.3600000000         0.3602361860       -22.2368910997         1.1550414508         4.6959003397         1.3941368236 
        0.9650000000         0.3600000000         0.3220416051       -23.2318481056         1.0269237056         4.7622515148         1.3966839240 
        0.9700000000         0.3600000000         0.3296805213       -23.0328567045         0.9148206785         4.7622515148         1.3966839240 
        0.9750000000         0.3600000000         0.3347731321       -22.9001957703         0.8155294260         4.5631979895         1.3890426230 
        0.9800000000         0.3600000000         0.3449583537       -22.6348739021         0.6938175680         4.6295491646         1.3915897233 
        0.9850000000         0.3600000000         0.3347731321       -22.9001957703         0.5913233718         4.6959003397         1.3941368236 
        0.9900000000         0.3600000000         0.3678751022       -22.0378996985         0.4856262320         4.7622515148         1.3966839240 
        0.9950000000         0.3600000000         0.3347731321       -22.9001957703         0.3639143740         4.4968468143         1.3864955226 
        1.0000000000         0.3600000000         0.3347731321       -22.9001957703         0.2550142906         4.5631979895         1.3890426230 
        1.0050000000         0.3600000000         0.3525972699       -22.4358825009         0.1429112635         4.5631979895         1.3890426230 
        1.0100001000         0.3600000000         0.3347731321       -22.9001957703         0.0308082364         4.8286026899         1.3992310243 
        1.0150000000         0.3600000000         0.3475046591       -22.5685434350        -0.0748889034         4.8949538651         1.4017781247 
        1.0200001000         0.3600000000         0.3322268267       -22.9665262374        -0.1837889869         4.8949538651         1.4017781247 
        1.0250000000         0.3600000000         0.3322268267       -22.9665262374        -0.3022979012         4.8286026899         1.3992310243 
        1.0300000000         0.3600000000         0.3398657429       -22.7675348362        -0.4015891538         4.5631979895         1.3890426230 
        1.0350000000         0.3600000000         0.3373194375       -22.8338653033        -0.5136921808         4.8949538651         1.4017781247 
        1.0400000000         0.3600000000         0.3322268267       -22.9665262374        -0.6289981515         4.6959003397         1.3941368236 
        1.0450000000         0.3600000000         0.3347731321       -22.9001957703        -0.7378982350         4.4968468143         1.3864955226 
        1.0500000000         0.3600000000         0.3525972699       -22.4358825009        -0.8435953748         4.8949538651         1.4017781247 
        1.0550000000         0.3600000000         0.3449583537       -22.6348739021        -0.9556984019         4.5631979895         1.3890426230 
        1.0600000000         0.3600000000         0.3347731321       -22.9001957703        -1.0613955417         4.5631979895         1.3890426230 
        1.0650000000         0.3600000000         0.3373194375       -22.8338653033        -1.1670926815         4.7622515148         1.3966839240 
        1.0700000000         0.3600000000         0.3475046591       -22.5685434350        -1.2856015959         4.8949538651         1.4017781247 
        1.0750000000         0.3600000000         0.3398657429       -22.7675348362        -1.3880957921         4.7622515148         1.3966839240 
        1.0800000000         0.3600000000         0.3245879105       -23.1655176386        -1.5098076500         4.8949538651         1.4017781247 
        1.0850000000         0.3600000000         0.3347731321       -22.9001957703        -1.6219106771         4.8949538651         1.4017781247 
        1.0900000000         0.3600000000         0.3271342159       -23.0991871715        -1.7372166478         4.8286026899         1.3992310243 
        1.0950000000         0.3600000000         0.3296805213       -23.0328567045        -1.8493196749         4.9613050402         1.4043252250 
        1.1000000000         0.3600000000         0.3424120483       -22.7012043691        -1.9486109275         4.7622515148         1.3966839240 
        1.1050000000         0.3600000000         0.3271342159       -23.0991871715        -2.0735257291         4.5631979895         1.3890426230 
        1.1100000000         0.3600000000         0.3347731321       -22.9001957703        -2.1824258125         4.5631979895         1.3890426230 
        1.1150000000         0.3600000000         0.3373194375       -22.8338653033        -2.2977317832         4.8949538651         1.4017781247 
        1.1200000000         0.3600000000         0.3245879105       -23.1655176386        -2.4162406976         4.8949538651         1.4017781247 
        1.1250000000         0.3600000000         0.3322268267       -22.9665262374        -2.5411554992         4.6959003397         1.3941368236 
        1.1300000000         0.3600000000         0.3296805213       -23.0328567045        -2.6532585263         4.7622515148         1.3966839240 
        1.1350001000         0.3600000000         0.3271342159       -23.0991871715        -2.7557527224         4.7622515148         1.3966839240 
        1.1400000000         0.3600000000         0.3424120483       -22.7012043691        -2.8774645804         4.8286026899         1.3992310243 
        1.1450001000         0.3600000000         0.3194952997       -23.2981785727        -3.0087852693         4.7622515148         1.3966839240 
        1.1500000000         0.3600000000         0.3322268267       -22.9665262374        -3.1272941836         4.7622515148         1.3966839240 
        1.1550001000         0.3600000000         0.3373194375       -22.8338653033        -3.1369030145         4.5631979895         1.3890426230 
        1.1600000000         0.3600000000         0.3271342159       -23.0991871715        -1.7404195915         4.4968468143         1.3864955226 
        1.1650000000         0.3600000000         0.3169489943       -23.3645090398         3.1408665020         4.7622515148         1.3966839240 
        1.1700000000         0.3600000000         0.3245879105       -23.1655176386         3.0768076294         4.8286026899         1.3992310243 
        1.1750000000         0.3600000000         0.3449583537       -22.6348739021         2.9518928278         4.8286026899         1.3992310243 
        1.1800000000         0.3600000000         0.3322268267       -22.9665262374         2.8301809698         4.6295491646         1.3915897233 
        1.1850041000         0.3600000000         0.3042174673       -23.6961613751         2.7020632246         4.7622515148         1.3966839240 
        1.1900000000         0.3600000000         0.3398657429       -22.7675348362         2.5899601975         4.8949538651         1.4017781247 
        1.1950000000         0.3600000000         0.3373194375       -22.8338653033         2.4810601140         4.5631979895         1.3890426230 
        1.2000000000         0.3600000000         0.3296805213       -23.0328567045         2.3529423688         4.6959003397         1.3941368236 
        1.2050000000         0.3600000000         0.3271342159       -23.0991871715         2.2440422853         4.5631979895         1.3890426230 
        1.2100000000         0.3600000000         0.3169489943       -23.3645090398         2.1287363146         4.5631979895         1.3890426230 
        1.2150000000         0.3600000000         0.3449583537       -22.6348739021         2.0166332875         4.5631979895         1.3890426230 
        1.2200051000         0.3600000000         0.3271342159       -23.0991871715         1.8949214296         4.4968468143         1.3864955226 
        1.2250000000         0.3600000000         0.3347731321       -22.9001957703         1.7892242898         4.6959003397         1.3941368236 
        1.2300000000         0.3600000000         0.3245879105       -23.1655176386         1.6803242063         4.7622515148         1.3966839240 
        1.2350000000         0.3600000000         0.3398657429       -22.7675348362         1.5490035174         4.7622515148         1.3966839240 
        1.2400000000         0.3600000000         0.3373194375       -22.8338653033         1.4465093213         4.5631979895         1.3890426230 
        1.2450000000         0.3600000000         0.3194952997       -23.2981785727         1.3312033505         4.5631979895         1.3890426230 
        1.2500000000         0.3600000000         0.3475046591       -22.5685434350         1.2287091544         4.6959003397         1.3941368236 
        1.2550000000         0.3600000000         0.3449583537       -22.6348739021         1.1134031836         4.7622515148         1.3966839240 
        1.2600001000         0.3600000000         0.3169489943       -23.3645090398         0.9916913257         4.8286026899         1.3992310243 
        1.2650000000         0.3600000000         0.3525972699       -22.4358825009         0.8731824113         4.6959003397         1.3941368236 
        1.2700001000         0.3600000000         0.3245879105       -23.1655176386         0.7738911588         4.9613050402         1.4043252250 
        1.2750000000         0.3600000000         0.3245879105       -23.1655176386         0.6425704699         4.6959003397         1.3941368236 
        1.2800001000         0.3600000000         0.3449583537       -22.6348739021         0.5432792173         4.8949538651         1.4017781247 
        1.2850000000         0.3600000000         0.3475046591       -22.5685434350         0.4311761903         4.9613050402         1.4043252250 
        1.2900000000         0.3600000000         0.3144026889       -23.4308395068         0.3190731632         4.8949538651         1.4017781247 
        1.2950000000         0.3600000000         0.3576898806       -22.3032215668         0.2101730797         4.8949538651         1.4017781247 
        1.3000000000         0.3600000000         0.3296805213       -23.0328567045         0.0980700527         4.6295491646         1.3915897233 
        1.3050000000         0.3600000000         0.3398657429       -22.7675348362        -0.0108300308         4.5631979895         1.3890426230 
        1.3100000000         0.3600000000         0.3449583537       -22.6348739021        -0.1261360015         4.6959003397         1.3941368236 
        1.3150000000         0.3600000000         0.3220416051       -23.2318481056        -0.2286301977         4.8949538651         1.4017781247 
        1.3200000000         0.3600000000         0.3347731321       -22.9001957703        -0.3439361684         4.6959003397         1.3941368236 
        1.3250000000         0.3600000000         0.3373194375       -22.8338653033        -0.4432274210         4.5631979895         1.3890426230 
        1.3300000000         0.3600000000         0.3296805213       -23.0328567045        -0.5681422226         4.7622515148         1.3966839240 
        1.3350000000         0.3600000000         0.3296805213       -23.0328567045        -0.6802452496         4.7622515148         1.3966839240 
        1.3400000000         0.3600000000         0.3296805213       -23.0328567045        -0.7763335586         4.8949538651         1.4017781247 
        1.3450000000         0.3600000000         0.3373194375       -22.8338653033        -0.8852336420         4.8949538651         1.4017781247 
        1.3500000000         0.3600000000         0.3296805213       -23.0328567045        -1.0037425564         4.6295491646         1.3915897233 
        1.3550042000         0.3600000000         0.3220416051       -23.2318481056        -1.1094396962         4.6295491646         1.3915897233 
        1.3600000000         0.3600000000         0.3398657429       -22.7675348362        -1.2151368360         4.7622515148         1.3966839240 
        1.3650000000         0.3600000000         0.3271342159       -23.0991871715        -1.3272398631         4.7622515148         1.3966839240 
        1.3700000000         0.3600000000         0.3347731321       -22.9001957703        -1.4361399465         4.7622515148         1.3966839240 
        1.3750000000         0.3600000000         0.3347731321       -22.9001957703        -1.5610547481         4.4968468143         1.3864955226 
        1.3800000000         0.3600000000         0.3169489943       -23.3645090398        -1.6699548316         4.6295491646         1.3915897233 
        1.3850001000         0.3600000000         0.3398657429       -22.7675348362        -1.7820578587         4.7622515148         1.3966839240 
        1.3900000000         0.3600000000         0.3271342159       -23.0991871715        -1.9005667730         4.8949538651         1.4017781247 
        1.3950001000         0.3600000000         0.3271342159       -23.0991871715        -2.0094668564         4.9613050402         1.4043252250 
        1.4000000000         0.3600000000         0.3245879105       -23.1655176386        -2.1311787144         4.7622515148         1.3966839240 
        1.4050001000         0.3600000000         0.3322268267       -22.9665262374        -2.2336729106         4.5631979895         1.3890426230 
        1.4100000000         0.3600000000         0.3194952997       -23.2981785727        -2.3617906558         4.6959003397         1.3941368236 
        1.4150000000         0.3600000000         0.3296805213       -23.0328567045        -2.4706907393         4.8286026899         1.3992310243 
        1.4200000000         0.3600000000         0.3271342159       -23.0991871715        -2.5859967100         4.5631979895         1.3890426230 
        1.4250000000         0.3600000000         0.3118563835       -23.4971699739        -2.7141144552         4.7622515148         1.3966839240 
        1.4300000000         0.3600000000         0.3449583537       -22.6348739021        -2.8198115951         4.4968468143         1.3864955226 
        1.4350000000         0.3600000000         0.3169489943       -23.3645090398        -2.9479293403         4.7622515148         1.3966839240 
        1.4400007000         0.3600000000         0.3169489943       -23.3645090398        -3.0696411983         4.7622515148         1.3966839240 
        1.4450000000         0.3600000000         0.3296805213       -23.0328567045        -3.1369030145         4.5631979895         1.3890426230 
        1.4500000000         0.3600000000         0.3347731321       -22.9001957703        -3.1080765218         4.5631979895         1.3890426230 
        1.4550000000         0.3600000000         0.3220416051       -23.2318481056         3.1376635583         4.8949538651         1.4017781247 
        1.4600014000         0.3600000000         0.3271342159       -23.0991871715         3.1184458966         4.6959003397         1.3941368236 
        1.4650000000         0.3600000000         0.3271342159       -23.0991871715         3.0159517004         4.7622515148         1.3966839240 
        1.4700000000         0.3600000000         0.3271342159       -23.0991871715         2.8878339551         4.9613050402         1.4043252250 
        1.4750000000         0.3600000000         0.3424120483       -22.7012043691         2.7693250408         4.5631979895         1.3890426230 
        1.4800000000         0.3600000000         0.3093100781       -23.5635004410         2.6380043519         4.7622515148         1.3966839240 
        1.4850000000         0.3600000000         0.3144026889       -23.4308395068         2.5226983812         4.6959003397         1.3941368236 
        1.4900000000         0.3600000000         0.3398657429       -22.7675348362         2.4234071287         4.6959003397         1.3941368236 
        1.4950000000         0.3600000000         0.3296805213       -23.0328567045         2.2984923271         4.5631979895         1.3890426230 
        1.5000000000         0.3600000000         0.3144026889       -23.4308395068         2.1767804691         4.9613050402         1.4043252250 
        1.5050000000         0.3600000000         0.3194952997       -23.2981785727         2.0614744984         4.8949538651         1.4017781247 
        1.5100001000         0.3600000000         0.3322268267       -22.9665262374         1.9365596968         4.8286026899         1.3992310243 
        1.5150000000         0.3600000000         0.3271342159       -23.0991871715         1.8340655006         4.7622515148         1.3966839240 
        1.5200001000         0.3600000000         0.3271342159       -23.0991871715         1.7027448117         4.6959003397         1.3941368236 
        1.5250000000         0.3600000000         0.3169489943       -23.3645090398         1.5906417846         4.7622515148         1.3966839240 
        1.5300001000         0.3600000000         0.3271342159       -23.0991871715         1.4881475885         4.8949538651         1.4017781247 
        1.5350009000         0.3600000000         0.3271342159       -23.0991871715         1.3760445614         4.9613050402         1.4043252250 
        1.5400174000         0.3600000000         0.3373194375       -22.8338653033         1.2543327034         4.7622515148         1.3966839240 
        1.5450000000         0.3600000000         0.3296805213       -23.0328567045         1.1454326200         4.6295491646         1.3915897233 
        1.5500000000         0.3600000000         0.3245879105       -23.1655176386         1.0301266492         4.8949538651         1.4017781247 
        1.5550000000         0.3600000000         0.3347731321       -22.9001957703         0.9148206785         4.7622515148         1.3966839240 
        1.5600000000         0.3600000000         0.3067637727       -23.6298309080         0.7995147078         4.7622515148         1.3966839240 
        1.5650000000         0.3600000000         0.3347731321       -22.9001957703         0.6906146244         4.5631979895         1.3890426230 
        1.5700000000         0.3600000000         0.3475046591       -22.5685434350         0.5817145409         4.8949538651         1.4017781247 
        1.5750000000         0.3600000000         0.3169489943       -23.3645090398         0.4696115138         4.4968468143         1.3864955226 
        1.5800000000         0.3600000000         0.3373194375       -22.8338653033         0.3639143740         4.6959003397         1.3941368236 
        1.5850000000         0.3600000000         0.3500509645       -22.5022129680         0.2550142906         4.7622515148         1.3966839240 
        1.5900000000         0.3600000000         0.3194952997       -23.2981785727         0.1268965453         4.6295491646         1.3915897233 
        1.5950000000         0.3600000000         0.3475046591       -22.5685434350         0.0372141237         4.8286026899         1.3992310243 
        1.6000000000         0.3600000000         0.3449583537       -22.6348739021        -0.0812947907         4.8949538651         1.4017781247 
        1.6050000000         0.3600000000         0.3067637727       -23.6298309080        -0.1998037050         4.7622515148         1.3966839240 
        1.6100000000         0.3600000000         0.3322268267       -22.9665262374        -0.3022979012         4.8949538651         1.4017781247 
        1.6150000000         0.3600000000         0.3602361860       -22.2368910997        -0.4015891538         4.7622515148         1.3966839240 
        1.6200000000         0.3600000000         0.3169489943       -23.3645090398        -0.5136921808         4.7622515148         1.3966839240 
        1.6250033000         0.3600000000         0.3500509645       -22.5022129680        -0.6289981515         4.7622515148         1.3966839240 
        1.6300000000         0.3600000000         0.3194952997       -23.2981785727        -0.7443041223         4.8949538651         1.4017781247 
        1.6350001000         0.3600000000         0.3296805213       -23.0328567045        -0.8660159802         4.7622515148         1.3966839240 
        1.6400000000         0.3600000000         0.3322268267       -22.9665262374        -0.9621042892         4.6959003397         1.3941368236 
        1.6450001000         0.3600000000         0.3373194375       -22.8338653033        -1.0742073162         4.4968468143         1.3864955226 
        1.6500000000         0.3600000000         0.3169489943       -23.3645090398        -1.1991221178         4.7622515148         1.3966839240 
        1.6550001000         0.3600000000         0.3271342159       -23.0991871715        -1.2984133704         5.0276562153         1.4068723253 
        1.6600000000         0.3600000000         0.3322268267       -22.9665262374        -1.4137193411         4.8949538651         1.4017781247 
        1.6650001000         0.3600000000         0.3322268267       -22.9665262374        -1.5354311991         4.5631979895         1.3890426230 
        1.6700000000         0.3600000000         0.3322268267       -22.9665262374        -1.6411283389         4.9613050402         1.4043252250 
        1.6750000000         0.3600000000         0.3322268267       -22.9665262374        -1.7500284223         5.0276562153         1.4068723253 
        1.6800000000         0.3600000000         0.3144026889       -23.4308395068        -1.8589285058         4.6959003397         1.3941368236 
        1.6850000000         0.3600000000         0.3347731321       -22.9001957703        -1.9838433074         4.8949538651         1.4017781247 
        1.6900000000         0.3600000000         0.3245879105       -23.1655176386        -2.0959463345         4.6959003397         1.3941368236 
        1.6950000000         0.3600000000         0.3194952997       -23.2981785727        -2.2144552488         4.7622515148         1.3966839240 
        1.7000000000         0.3600000000         0.3245879105       -23.1655176386        -2.3201523886         4.6295491646         1.3915897233 
        1.7050000000         0.3600000000         0.3398657429       -22.7675348362        -2.4418642466         4.4968468143         1.3864955226 
        1.7100008000         0.3600000000         0.3449583537       -22.6348739021        -2.5443584428         4.7622515148         1.3966839240 
        1.7150000000         0.3600000000         0.3118563835       -23.4971699739        -2.6788820753         4.8286026899         1.3992310243 
        1.7200000000         0.3600000000         0.3373194375       -22.8338653033        -2.7909851024         4.8949538651         1.4017781247 
        1.7250000000         0.3600000000         0.3271342159       -23.0991871715        -2.9062910731         4.5631979895         1.3890426230 
        1.7300000000         0.3600000000         0.3347731321       -22.9001957703        -3.0215970438         4.6959003397         1.3941368236 
        1.7350000000         0.3600000000         0.3398657429       -22.7675348362        -3.1369030145         4.5631979895         1.3890426230 
        1.7400000000         0.3600000000         0.3067637727       -23.6298309080        -3.1465118454         4.6959003397         1.3941368236 
        1.7450000000         0.3600000000         0.3194952997       -23.2981785727         3.1280547275         4.8949538651         1.4017781247 
        1.7500000000         0.3600000000         0.3551435753       -22.3695520338         3.1408665020         4.5631979895         1.3890426230 
        1.7550000000         0.3600000000         0.3144026889       -23.4308395068         3.0511840803         4.7622515148         1.3966839240 
        1.7600020000         0.3600000000         0.3245879105       -23.1655176386         2.9166604478         4.8286026899         1.3992310243 
        1.7650000000         0.3600000000         0.3373194375       -22.8338653033         2.8045574207         4.5631979895         1.3890426230 
        1.7700001000         0.3600000000         0.3194952997       -23.2981785727         2.6796426191         4.7622515148         1.3966839240 
        1.7750000000         0.3600000000         0.3347731321       -22.9001957703         2.5707425357         4.7622515148         1.3966839240 
        1.7800001000         0.3600000000         0.3398657429       -22.7675348362         2.4554365650         4.6959003397         1.3941368236 
        1.7850000000         0.3600000000         0.3271342159       -23.0991871715         2.3305217634         5.0276562153         1.4068723253 
        1.7900001000         0.3600000000         0.3220416051       -23.2318481056         2.2216216799         4.7622515148         1.3966839240 
        1.7950000000         0.3600000000         0.3347731321       -22.9001957703         2.0967068783         4.6295491646         1.3915897233 
        1.8000000000         0.3600000000         0.3398657429       -22.7675348362         1.9878067949         4.8286026899         1.3992310243 
        1.8050000000         0.3600000000         0.3271342159       -23.0991871715         1.8725008242         4.7622515148         1.3966839240 
        1.8100000000         0.3600000000         0.3398657429       -22.7675348362         1.7539919098         4.5631979895         1.3890426230 
        1.8150000000         0.3600000000         0.3067637727       -23.6298309080         1.6354829955         4.5631979895         1.3890426230 
        1.8200000000         0.3600000000         0.3296805213       -23.0328567045         1.5265829120         4.8949538651         1.4017781247 
        1.8250000000         0.3600000000         0.3347731321       -22.9001957703         1.4048710541         4.7622515148         1.3966839240 
        1.8300000000         0.3600000000         0.3194952997       -23.2981785727         1.2959709706         4.5631979895         1.3890426230 
        1.8350000000         0.3600000000         0.3271342159       -23.0991871715         1.1774620563         4.8286026899         1.3992310243 
        1.8400000000         0.3600000000         0.3449583537       -22.6348739021         1.0781708037         4.7622515148         1.3966839240 
        1.8450015000         0.3600000000         0.3322268267       -22.9665262374         0.9564589457         4.8949538651         1.4017781247 
        1.8500000000         0.3600000000         0.3271342159       -23.0991871715         0.8475588623         4.5631979895         1.3890426230 
        1.8550045000         0.3600000000         0.3347731321       -22.9001957703         0.7386587788         4.6959003397         1.3941368236 
        1.8600000000         0.3600000000         0.3525972699       -22.4358825009         0.6137439772         4.7622515148         1.3966839240 
        1.8650050000         0.3600000000         0.3118563835       -23.4971699739         0.5080468374         4.4968468143         1.3864955226 
        1.8700000000         0.3600000000         0.3398657429       -22.7675348362         0.3927408667         4.9613050402         1.4043252250 
        1.8750000000         0.3600000000         0.3576898806       -22.3032215668         0.2934496141         4.8286026899         1.3992310243 
        1.8800000000         0.3600000000         0.3093100781       -23.5635004410         0.1717377562         4.9613050402         1.4043252250 
        1.8850001000         0.3600000000         0.3551435753       -22.3695520338         0.0532288418         4.6959003397         1.3941368236 
        1.8900000000         0.3600000000         0.3271342159       -23.0991871715        -0.0492653544         4.7622515148         1.3966839240 
        1.8950004000         0.3600000000         0.3169489943       -23.3645090398        -0.1645713251         4.6959003397         1.3941368236 
        1.9000000000         0.3600000000         0.3398657429       -22.7675348362        -0.2734714085         4.4968468143         1.3864955226 
        1.9050001000         0.3600000000         0.3373194375       -22.8338653033        -0.3759656047         4.5631979895         1.3890426230 
        1.9100000000         0.3600000000         0.3016711619       -23.7624918421        -0.4880686318         4.8949538651         1.4017781247 
        1.9150001000         0.3600000000         0.3424120483       -22.7012043691        -0.5969687152         4.7622515148         1.3966839240 
        1.9200000000         0.3600000000         0.3475046591       -22.5685434350        -0.7058687987         4.7622515148         1.3966839240 
        1.9250022000         0.3600000000         0.3144026889       -23.4308395068        -0.8211747694         4.5631979895         1.3890426230 
        1.9300000000         0.3600000000         0.3271342159       -23.0991871715        -0.9428866274         4.5631979895         1.3890426230 
        1.9350000000         0.3600000000         0.3296805213       -23.0328567045        -1.0453808236         4.8949538651         1.4017781247 
        1.9400006000         0.3600000000         0.3245879105       -23.1655176386        -1.1574838506         4.6959003397         1.3941368236 
        1.9450000000         0.3600000000         0.3322268267       -22.9665262374        -1.2631809905         4.6959003397         1.3941368236 
        1.9500000000         0.3600000000         0.3322268267       -22.9665262374        -1.3784869612         4.8949538651         1.4017781247 
        1.9550000000         0.3600000000         0.3042174673       -23.6961613751        -1.5034017628         4.7622515148         1.3966839240 
        1.9600000000         0.3600000000         0.3398657429       -22.7675348362        -1.6155047899         4.6959003397         1.3941368236 
        1.9650000000         0.3600000000         0.3220416051       -23.2318481056        -1.7115930988         4.7622515148         1.3966839240 
        1.9700000000         0.3600000000         0.3194952997       -23.2981785727        -1.8333049568         4.5631979895         1.3890426230 
        1.9750000000         0.3600000000         0.3347731321       -22.9001957703        -1.9486109275         4.8949538651         1.4017781247 
        1.9800000000         0.3600000000         0.3322268267       -22.9665262374        -2.0575110109         4.5631979895         1.3890426230 
        1.9850000000         0.3600000000         0.3194952997       -23.2981785727        -2.1792228689         4.6959003397         1.3941368236 
        1.9900000000         0.3600000000         0.3220416051       -23.2318481056        -2.2849200087         4.8949538651         1.4017781247 
        1.9950000000         0.3600000000         0.3220416051       -23.2318481056        -2.4066318667         4.8949538651         1.4017781247 
        2.0000000000         0.3600000000         0.3322268267       -22.9665262374        -2.5155319501         4.6959003397         1.3941368236 
        2.0050000000         0.3600000000         0.3245879105       -23.1655176386        -2.6468526390         4.6959003397         1.3941368236 
        2.0100000000         0.3600000000         0.3220416051       -23.2318481056        -2.7557527224         4.5631979895         1.3890426230 
        2.0150001000         0.3600000000         0.3194952997       -23.2981785727        -2.8806675240         4.7622515148         1.3966839240 
        2.0200001000         0.3600000000         0.3144026889       -23.4308395068        -2.9991764384         4.8286026899         1.3992310243 
        2.0250000000         0.3600000000         0.3500509645       -22.5022129680        -3.1016706346         4.6959003397         1.3941368236 
        2.0300000000         0.3600000000         0.3220416051       -23.2318481056        -3.1337000709         4.6959003397         1.3941368236 
        2.0350001000         0.3600000000         0.3245879105       -23.1655176386        -1.7436225351         4.8286026899         1.3992310243 
        2.0400001000         0.3600000000         0.3373194375       -22.8338653033         3.1376635583         4.8286026899         1.3992310243 
        2.0450000000         0.3600000000         0.3169489943       -23.3645090398         3.0736046857         4.8286026899         1.3992310243 
        2.0500000000         0.3600000000         0.3245879105       -23.1655176386         2.9486898841         4.8286026899         1.3992310243 
        2.0550041000         0.3600000000         0.3322268267       -22.9665262374         2.8333839134         4.8949538651         1.4017781247 
        2.0600000000         0.3600000000         0.3042174673       -23.6961613751         2.7116720554         4.7622515148         1.3966839240 
        2.0650000000         0.3600000000         0.3373194375       -22.8338653033         2.6027719720         4.6959003397         1.3941368236 
        2.0700000000         0.3600000000         0.3245879105       -23.1655176386         2.4746542268         4.8949538651         1.4017781247 
        2.0750000000         0.3600000000         0.3296805213       -23.0328567045         2.3721600306         4.6959003397         1.3941368236 
        2.0800000000         0.3600000000         0.3220416051       -23.2318481056         2.2504481726         4.6959003397         1.3941368236 
        2.0850000000         0.3600000000         0.3220416051       -23.2318481056         2.1159245401         4.6959003397         1.3941368236 
        2.0900000000         0.3600000000         0.3449583537       -22.6348739021         2.0198362312         4.6959003397         1.3941368236 
        2.0950000000         0.3600000000         0.3093100781       -23.5635004410         1.8885155423         4.8286026899         1.3992310243 
        2.1000000000         0.3600000000         0.3373194375       -22.8338653033         1.7860213461         4.7622515148         1.3966839240 
        2.1050000000         0.3600000000         0.3144026889       -23.4308395068         1.6707153754         4.7622515148         1.3966839240 
        2.1100000000         0.3600000000         0.3220416051       -23.2318481056         1.5458005738         4.7622515148         1.3966839240 
        2.1150000000         0.3600000000         0.3500509645       -22.5022129680         1.4433063776         4.8949538651         1.4017781247 
        2.1200000000         0.3600000000         0.3093100781       -23.5635004410         1.3183915760         4.7622515148         1.3966839240 
        2.1250000000         0.3600000000         0.3296805213       -23.0328567045         1.2191003235         4.6959003397         1.3941368236 
        2.1300000000         0.3600000000         0.3551435753       -22.3695520338         1.1005914091         4.8286026899         1.3992310243 
        2.1350000000         0.3600000000         0.3144026889       -23.4308395068         0.9884883820         4.5631979895         1.3890426230 
        2.1400010000         0.3600000000         0.3347731321       -22.9001957703         0.8827912422         4.8286026899         1.3992310243 
        2.1450000000         0.3600000000         0.3398657429       -22.7675348362         0.7706882151         4.7622515148         1.3966839240 
        2.1500000000         0.3600000000         0.3373194375       -22.8338653033         0.6553822444         4.7622515148         1.3966839240 
        2.1550000000         0.3600000000         0.3245879105       -23.1655176386         0.5336703865         4.5631979895         1.3890426230 
        2.1600001000         0.3600000000         0.3398657429       -22.7675348362         0.4215673594         4.5631979895         1.3890426230 
        2.1650000000         0.3600000000         0.3296805213       -23.0328567045         0.3126672759         4.5631979895         1.3890426230 
        2.1700000000         0.3600000000         0.3347731321       -22.9001957703         0.2069701361         4.6959003397         1.3941368236 
        2.1750000000         0.3600000000         0.3576898806       -22.3032215668         0.0948671090         4.6959003397         1.3941368236 
        2.1800001000         0.3600000000         0.3245879105       -23.1655176386        -0.0236418053         4.8949538651         1.4017781247 
        2.1850000000         0.3600000000         0.3220416051       -23.2318481056        -0.1357448324         4.7622515148         1.3966839240 
        2.1900000000         0.3600000000         0.3373194375       -22.8338653033        -0.2318331413         4.6959003397         1.3941368236 
        2.1950000000         0.3600000000         0.3347731321       -22.9001957703        -0.3567479429         4.6959003397         1.3941368236 
        2.2000000000         0.3600000000         0.3144026889       -23.4308395068        -0.4592421391         4.8949538651         1.4017781247 
        2.2050000000         0.3600000000         0.3373194375       -22.8338653033        -0.5745481098         4.6295491646         1.3915897233 
        2.2100000000         0.3600000000         0.3347731321       -22.9001957703        -0.6770423060         4.8286026899         1.3992310243 
        2.2150000000         0.3600000000         0.3322268267       -22.9665262374        -0.7955512204         4.8949538651         1.4017781247 
        2.2200000000         0.3600000000         0.3347731321       -22.9001957703        -0.9140601347         4.5631979895         1.3890426230 
        2.2250000000         0.3600000000         0.3220416051       -23.2318481056        -1.0101484436         4.7622515148         1.3966839240 
        2.2300000000         0.3600000000         0.3347731321       -22.9001957703        -1.1158455834         4.6959003397         1.3941368236 
        2.2350000000         0.3600000000         0.3398657429       -22.7675348362        -1.2407603850         4.8286026899         1.3992310243 
        2.2400000000         0.3600000000         0.3296805213       -23.0328567045        -1.3432545812         4.7622515148         1.3966839240 
        2.2450000000         0.3600000000         0.3245879105       -23.1655176386        -1.4617634956         4.6295491646         1.3915897233 
        2.2500000000         0.3600000000         0.3296805213       -23.0328567045        -1.5866782972         4.8949538651         1.4017781247 
        2.2550000000         0.3600000000         0.3245879105       -23.1655176386        -1.6891724934         4.5631979895         1.3890426230 
        2.2600000000         0.3600000000         0.3373194375       -22.8338653033        -1.8044784641         4.5631979895         1.3890426230 
        2.2650001000         0.3600000000         0.3347731321       -22.9001957703        -1.9261903220         4.7622515148         1.3966839240 
        2.2700000000         0.3600000000         0.3169489943       -23.3645090398        -2.0222786310         4.6959003397         1.3941368236 
        2.2750000000         0.3600000000         0.3296805213       -23.0328567045        -2.1439904889         5.0276562153         1.4068723253 
        2.2800000000         0.3600000000         0.3296805213       -23.0328567045        -2.2657023469         4.7622515148         1.3966839240 
        2.2850001000         0.3600000000         0.3042174673       -23.6961613751        -2.3842112613         4.7622515148         1.3966839240 
        2.2900000000         0.3600000000         0.3194952997       -23.2981785727        -2.4995172320         4.7622515148         1.3966839240 
        2.2950000000         0.3600000000         0.3347731321       -22.9001957703        -2.6084173154         4.5631979895         1.3890426230 
        2.3000000000         0.3600000000         0.3194952997       -23.2981785727        -2.7173173989         4.7622515148         1.3966839240 
        2.3050001000         0.3600000000         0.3322268267       -22.9665262374        -2.8422322005         4.8949538651         1.4017781247 
        2.3100000000         0.3600000000         0.3347731321       -22.9001957703        -2.9575381712         4.6959003397         1.3941368236 
        2.3150000000         0.3600000000         0.3296805213       -23.0328567045        -3.0760470855         4.6959003397         1.3941368236 
        2.3200000000         0.3600000000         0.3322268267       -22.9665262374        -3.1369030145         4.6295491646         1.3915897233 
        2.3250000000         0.3600000000         0.3194952997       -23.2981785727        -1.7532313660         4.5631979895         1.3890426230 
        2.3300000000         0.3600000000         0.3296805213       -23.0328567045         3.1472723892         4.7622515148         1.3966839240 
        2.3350000000         0.3600000000         0.3194952997       -23.2981785727         3.0960252911         4.7622515148         1.3966839240 
        2.3400000000         0.3600000000         0.3296805213       -23.0328567045         2.9839222641         4.4968468143         1.3864955226 
        2.3450000000         0.3600000000         0.3271342159       -23.0991871715         2.8558045188         4.6959003397         1.3941368236 
        2.3500000000         0.3600000000         0.3169489943       -23.3645090398         2.7437014918         4.6295491646         1.3915897233 
        2.3550000000         0.3600000000         0.3322268267       -22.9665262374         2.6251925774         4.8949538651         1.4017781247 
        2.3600000000         0.3600000000         0.3296805213       -23.0328567045         2.5130895503         4.6959003397         1.3941368236 
        2.3650000000         0.3600000000         0.3194952997       -23.2981785727         2.3817688615         4.7622515148         1.3966839240 
        2.3700000000         0.3600000000         0.3194952997       -23.2981785727         2.2664628908         4.7622515148         1.3966839240 
        2.3750032000         0.3600000000         0.3220416051       -23.2318481056         2.1479539764         4.7622515148         1.3966839240 
        2.3800000000         0.3600000000         0.3347731321       -22.9001957703         2.0390538930         4.6295491646         1.3915897233 
        2.3850000000         0.3600000000         0.3347731321       -22.9001957703         1.9141390914         4.7622515148         1.3966839240 
        2.3900001000         0.3600000000         0.3169489943       -23.3645090398         1.8052390079         4.8949538651         1.4017781247 
        2.3950000000         0.3600000000         0.3271342159       -23.0991871715         1.6995418681         4.7622515148         1.3966839240 
        2.4000000000         0.3600000000         0.3296805213       -23.0328567045         1.5842358974         4.7622515148         1.3966839240 
        2.4050000000         0.3600000000         0.3551435753       -22.3695520338         1.4785387576         4.6959003397         1.3941368236 
        2.4100001000         0.3600000000         0.3296805213       -23.0328567045         1.3632327868         4.7622515148         1.3966839240 
        2.4150000000         0.3600000000         0.3194952997       -23.2981785727         1.2383179852         4.5631979895         1.3890426230 
        2.4200000000         0.3600000000         0.3576898806       -22.3032215668         1.1390267327         4.6959003397         1.3941368236 
        2.4250000000         0.3600000000         0.3220416051       -23.2318481056         1.0141119311         4.6295491646         1.3915897233 
        2.4300001000         0.3600000000         0.3525972699       -22.4358825009         0.9052118476         4.8949538651         1.4017781247 
        2.4350000000         0.3600000000         0.3194952997       -23.2981785727         0.8027176514         4.7622515148         1.3966839240 
        2.4400000000         0.3600000000         0.3373194375       -22.8338653033         0.6745999062         4.8286026899         1.3992310243 
        2.4450000000         0.3600000000         0.3525972699       -22.4358825009         0.5753086537         4.6959003397         1.3941368236 
        2.4500000000         0.3600000000         0.3475046591       -22.5685434350         0.4567997393         4.8286026899         1.3992310243 
        2.4550000000         0.3600000000         0.3194952997       -23.2981785727         0.3414937686         4.8286026899         1.3992310243 
        2.4600000000         0.3600000000         0.3322268267       -22.9665262374         0.2229848543         4.6959003397         1.3941368236 
        2.4650000000         0.3600000000         0.3373194375       -22.8338653033         0.1204906581         4.8949538651         1.4017781247 
        2.4700000000         0.3600000000         0.3475046591       -22.5685434350         0.0179964619         4.6959003397         1.3941368236 
        2.4750000000         0.3600000000         0.3424120483       -22.7012043691        -0.0909036216         4.6959003397         1.3941368236 
        2.4800000000         0.3600000000         0.3271342159       -23.0991871715        -0.2094125359         4.8949538651         1.4017781247 
        2.4850000000         0.3600000000         0.3347731321       -22.9001957703        -0.3055008448         4.7622515148         1.3966839240 
        2.4900000000         0.3600000000         0.3500509645       -22.5022129680        -0.4208068155         4.7622515148         1.3966839240 
        2.4950000000         0.3600000000         0.3245879105       -23.1655176386        -0.5393157299         4.8949538651         1.4017781247 
        2.5000000000         0.3600000000         0.3322268267       -22.9665262374        -0.6418099261         4.6959003397         1.3941368236 
        2.5050000000         0.3600000000         0.3245879105       -23.1655176386        -0.7699276713         4.7622515148         1.3966839240 
        2.5100000000         0.3600000000         0.3449583537       -22.6348739021        -0.8692189239         4.9613050402         1.4043252250 
        2.5150001000         0.3600000000         0.3245879105       -23.1655176386        -0.9749160637         4.6959003397         1.3941368236 
        2.5200000000         0.3600000000         0.3271342159       -23.0991871715        -1.0806132035         4.7622515148         1.3966839240 
        2.5250000000         0.3600000000         0.3398657429       -22.7675348362        -1.1959191742         4.7622515148         1.3966839240 
        2.5300000000         0.3600000000         0.3194952997       -23.2981785727        -1.3240369194         4.6959003397         1.3941368236 
        2.5350001000         0.3600000000         0.3398657429       -22.7675348362        -1.4201252284         4.7622515148         1.3966839240 
        2.5400000000         0.3600000000         0.3347731321       -22.9001957703        -1.5386341427         4.6959003397         1.3941368236 
        2.5450000000         0.3600000000         0.3220416051       -23.2318481056        -1.6571430571         4.8949538651         1.4017781247 
        2.5500000000         0.3600000000         0.3245879105       -23.1655176386        -1.7660431405         4.4968468143         1.3864955226 
        2.5550011000         0.3600000000         0.3398657429       -22.7675348362        -1.8717402803         4.8286026899         1.3992310243 
        2.5600021000         0.3600000000         0.3093100781       -23.5635004410        -2.0030609692         4.6959003397         1.3941368236 
        2.5650000000         0.3600000000         0.3169489943       -23.3645090398        -2.1055551654         4.6295491646         1.3915897233 
        2.5700000000         0.3600000000         0.3373194375       -22.8338653033        -2.2304699670         4.7622515148         1.3966839240 
        2.5750000000         0.3600000000         0.3042174673       -23.6961613751        -2.3457759377         4.7622515148         1.3966839240 
        2.5800011000         0.3600000000         0.3271342159       -23.0991871715        -2.4546760211         4.6295491646         1.3915897233 
        2.5850000000         0.3600000000         0.3271342159       -23.0991871715        -2.5731849355         4.8286026899         1.3992310243 
        2.5900000000         0.3600000000         0.3067637727       -23.6298309080        -2.7013026807         4.6959003397         1.3941368236 
        2.5950000000         0.3600000000         0.3373194375       -22.8338653033        -2.8069998205         4.8949538651         1.4017781247 
        2.6000000000         0.3600000000         0.3245879105       -23.1655176386        -2.9351175658         4.6959003397         1.3941368236 
        2.6050000000         0.3600000000         0.3067637727       -23.6298309080        -3.0472205928         4.5631979895         1.3890426230 
        2.6100000000         0.3600000000         0.3322268267       -22.9665262374        -3.1304971273         4.8286026899         1.3992310243 
        2.6150000000         0.3600000000         0.3322268267       -22.9665262374        -3.1369030145         4.5631979895         1.3890426230 
        2.6200026000         0.3600000000         0.3067637727       -23.6298309080         3.1408665020         5.0276562153         1.4068723253 
        2.6250000000         0.3600000000         0.3271342159       -23.0991871715         3.1376635583         4.8949538651         1.4017781247 
        2.6300000000         0.3600000000         0.3169489943       -23.3645090398         3.0191546440         4.8949538651         1.4017781247 
        2.6350000000         0.3600000000         0.3245879105       -23.1655176386         2.8878339551         4.6959003397         1.3941368236 
        2.6400001000         0.3600000000         0.3373194375       -22.8338653033         2.7885427026         4.7622515148         1.3966839240 
        2.6450000000         0.3600000000         0.3169489943       -23.3645090398         2.6572220137         4.8949538651         1.4017781247 
        2.6500000000         0.3600000000         0.3271342159       -23.0991871715         2.5419160430         4.5631979895         1.3890426230 
        2.6550000000         0.3600000000         0.3169489943       -23.3645090398         2.4202041850         4.8949538651         1.4017781247 
        2.6600001000         0.3600000000         0.3347731321       -22.9001957703         2.2952893834         4.7622515148         1.3966839240 
        2.6650000000         0.3600000000         0.3194952997       -23.2981785727         2.1927951872         4.7622515148         1.3966839240 
        2.6700000000         0.3600000000         0.3067637727       -23.6298309080         2.0614744984         4.8286026899         1.3992310243 
        2.6750000000         0.3600000000         0.3296805213       -23.0328567045         1.9461685277         4.7622515148         1.3966839240 
        2.6800001000         0.3600000000         0.3169489943       -23.3645090398         1.8340655006         4.8949538651         1.4017781247 
        2.6850000000         0.3600000000         0.3373194375       -22.8338653033         1.7187595299         4.7622515148         1.3966839240 
        2.6900000000         0.3600000000         0.3144026889       -23.4308395068         1.6098594464         4.8286026899         1.3992310243 
        2.6950000000         0.3600000000         0.3347731321       -22.9001957703         1.4945534757         4.4968468143         1.3864955226 
        2.7000000000         0.3600000000         0.3245879105       -23.1655176386         1.3728416177         4.7622515148         1.3966839240 
        2.7050000000         0.3600000000         0.3245879105       -23.1655176386         1.2671444779         4.5631979895         1.3890426230 
        2.7100000000         0.3600000000         0.3322268267       -22.9665262374         1.1550414508         4.5631979895         1.3890426230 
        2.7150000000         0.3600000000         0.3169489943       -23.3645090398         1.0397354801         4.9613050402         1.4043252250 
        2.7200000000         0.3600000000         0.3551435753       -22.3695520338         0.9276324531         4.4968468143         1.3864955226 
        2.7250000000         0.3600000000         0.3144026889       -23.4308395068         0.8091235387         4.6959003397         1.3941368236 
        2.7300000000         0.3600000000         0.3347731321       -22.9001957703         0.7034263989         4.9613050402         1.4043252250 
        2.7350000000         0.3600000000         0.3347731321       -22.9001957703         0.5881204282         4.8286026899         1.3992310243 
        2.7400000000         0.3600000000         0.3245879105       -23.1655176386         0.4760174011         4.5631979895         1.3890426230 
        2.7450000000         0.3600000000         0.3347731321       -22.9001957703         0.3703202613         4.7622515148         1.3966839240 
        2.7500000000         0.3600000000         0.3424120483       -22.7012043691         0.2454054597         4.6959003397         1.3941368236 
        2.7550000000         0.3600000000         0.3169489943       -23.3645090398         0.1333024326         4.7622515148         1.3966839240 
        2.7600000000         0.3600000000         0.3271342159       -23.0991871715         0.0308082364         4.8949538651         1.4017781247 
        2.7650001000         0.3600000000         0.3576898806       -22.3032215668        -0.0748889034         4.5631979895         1.3890426230 
        2.7700000000         0.3600000000         0.3144026889       -23.4308395068        -0.1837889869         4.6959003397         1.3941368236 
        2.7750000000         0.3600000000         0.3347731321       -22.9001957703        -0.2990949576         4.8949538651         1.4017781247 
        2.7800000000         0.3600000000         0.3475046591       -22.5685434350        -0.4015891538         4.8286026899         1.3992310243 
        2.7850001000         0.3600000000         0.3322268267       -22.9665262374        -0.5104892372         4.7622515148         1.3966839240 
        2.7900000000         0.3600000000         0.3271342159       -23.0991871715        -0.6418099261         4.7622515148         1.3966839240 
        2.7950000000         0.3600000000         0.3347731321       -22.9001957703        -0.7411011786         4.8286026899         1.3992310243 
        2.8000000000         0.3600000000         0.3220416051       -23.2318481056        -0.8596100930         4.7622515148         1.3966839240 
        2.8050001000         0.3600000000         0.3271342159       -23.0991871715        -0.9685101764         4.7622515148         1.3966839240 
        2.8100000000         0.3600000000         0.3398657429       -22.7675348362        -1.0710043726         4.5631979895         1.3890426230 
        2.8150000000         0.3600000000         0.3322268267       -22.9665262374        -1.1799044561         4.5631979895         1.3890426230 
        2.8200001000         0.3600000000         0.3322268267       -22.9665262374        -1.3048192577         4.6295491646         1.3915897233 
        2.8250000000         0.3600000000         0.3347731321       -22.9001957703        -1.3945016793         4.8286026899         1.3992310243 
        2.8300000000         0.3600000000         0.3271342159       -23.0991871715        -1.5098076500         4.7622515148         1.3966839240 
        2.8350000000         0.3600000000         0.3271342159       -23.0991871715        -1.6315195080         4.8949538651         1.4017781247 
        2.8400000000         0.3600000000         0.3194952997       -23.2981785727        -1.7500284223         4.7622515148         1.3966839240 
        2.8450000000         0.3600000000         0.3220416051       -23.2318481056        -1.8589285058         4.5631979895         1.3890426230 
        2.8500000000         0.3600000000         0.3373194375       -22.8338653033        -1.9710315329         4.5631979895         1.3890426230 
        2.8550000000         0.3600000000         0.3194952997       -23.2981785727        -2.0895404472         4.5631979895         1.3890426230 
        2.8600000000         0.3600000000         0.3220416051       -23.2318481056        -2.2080493616         4.7622515148         1.3966839240 
        2.8650000000         0.3600000000         0.3144026889       -23.4308395068        -2.3169494450         4.6959003397         1.3941368236 
        2.8700000000         0.3600000000         0.3271342159       -23.0991871715        -2.4354583594         4.8286026899         1.3992310243 
        2.8750000000         0.3600000000         0.3220416051       -23.2318481056        -2.5443584428         4.8949538651         1.4017781247 
        2.8800000000         0.3600000000         0.3093100781       -23.5635004410        -2.6692732444         4.6959003397         1.3941368236 
        2.8850000000         0.3600000000         0.3347731321       -22.9001957703        -2.7781733279         4.6295491646         1.3915897233 
        2.8900001000         0.3600000000         0.3245879105       -23.1655176386        -2.9062910731         4.6959003397         1.3941368236 
        2.8950000000         0.3600000000         0.3194952997       -23.2981785727        -3.0119882129         4.8286026899         1.3992310243 
        2.9000000000         0.3600000000         0.3449583537       -22.6348739021        -3.1272941836         4.7622515148         1.3966839240 
        2.9050000000         0.3600000000         0.3296805213       -23.0328567045        -3.1304971273         4.6959003397         1.3941368236 
        2.9100001000         0.3600000000         0.3169489943       -23.3645090398        -1.7532313660         4.8949538651         1.4017781247 
        2.9150000000         0.3600000000         0.3500509645       -22.5022129680         3.1376635583         4.5631979895         1.3890426230 
        2.9200000000         0.3600000000         0.3042174673       -23.6961613751         3.0479811367         4.5631979895         1.3890426230 
        2.9250000000         0.3600000000         0.3347731321       -22.9001957703         2.9262692787         4.5631979895         1.3890426230 
        2.9300001000         0.3600000000         0.3373194375       -22.8338653033         2.8205721389         4.7622515148         1.3966839240 
        2.9350000000         0.3600000000         0.3220416051       -23.2318481056         2.6796426191         4.7622515148         1.3966839240 
        2.9400000000         0.3600000000         0.3296805213       -23.0328567045         2.5771484229         4.8286026899         1.3992310243 
        2.9450000000         0.3600000000         0.3169489943       -23.3645090398         2.4522336213         4.5631979895         1.3890426230 
        2.9500000000         0.3600000000         0.3398657429       -22.7675348362         2.3433335379         4.6959003397         1.3941368236 
        2.9550000000         0.3600000000         0.3245879105       -23.1655176386         2.2152157927         4.5631979895         1.3890426230 
        2.9600000000         0.3600000000         0.3194952997       -23.2981785727         2.1031127656         4.5631979895         1.3890426230 
        2.9650000000         0.3600000000         0.3500509645       -22.5022129680         1.9910097385         4.6959003397         1.3941368236 
        2.9700000000         0.3600000000         0.3169489943       -23.3645090398         1.8725008242         4.6959003397         1.3941368236 
        2.9750000000         0.3600000000         0.3449583537       -22.6348739021         1.7539919098         4.6295491646         1.3915897233 
        2.9800000000         0.3600000000         0.3169489943       -23.3645090398         1.6482947700         4.6959003397         1.3941368236 
        2.9850000000         0.3600000000         0.3398657429       -22.7675348362         1.5393946865         4.6959003397         1.3941368236 
        2.9900000000         0.3600000000         0.3322268267       -22.9665262374         1.4080739977         4.6959003397         1.3941368236 
        2.9950000000         0.3600000000         0.3220416051       -23.2318481056         1.2927680270         4.6959003397         1.3941368236 
        3.0000000000         0.3600000000         0.3245879105       -23.1655176386         1.1806649999         4.6959003397         1.3941368236 
        3.0050000000         0.3600000000         0.3271342159       -23.0991871715         1.0749678601         4.6295491646         1.3915897233 
        3.0100000000         0.3600000000         0.3398657429       -22.7675348362         0.9692707203         4.7622515148         1.3966839240 
        3.0150001000         0.3600000000         0.3322268267       -22.9665262374         0.8603706368         4.7622515148         1.3966839240 
        3.0200000000         0.3600000000         0.3373194375       -22.8338653033         0.7418617225         4.6959003397         1.3941368236 
        3.0250000000         0.3600000000         0.3475046591       -22.5685434350         0.6297586954         4.6959003397         1.3941368236 
        3.0300000000         0.3600000000         0.3169489943       -23.3645090398         0.5016409501         4.6959003397         1.3941368236 
        3.0350001000         0.3600000000         0.3271342159       -23.0991871715         0.3895379231         4.6959003397         1.3941368236 
        3.0400037000         0.3600000000         0.3475046591       -22.5685434350         0.2806378396         4.7622515148         1.3966839240 
        3.0450000000         0.3600000000         0.3118563835       -23.4971699739         0.1685348125         4.8286026899         1.3992310243 
        3.0500000000         0.3600000000         0.3449583537       -22.6348739021         0.0660406164         4.8949538651         1.4017781247 
        3.0550001000         0.3600000000         0.3449583537       -22.6348739021        -0.0396565235         4.5631979895         1.3890426230 
        3.0600000000         0.3600000000         0.3347731321       -22.9001957703        -0.1485566069         4.5631979895         1.3890426230 
        3.0650000000         0.3600000000         0.3424120483       -22.7012043691        -0.2606596340         4.8949538651         1.4017781247 
        3.0700025000         0.3600000000         0.3424120483       -22.7012043691        -0.3695597174         4.6959003397         1.3941368236 
        3.0750001000         0.3600000000         0.3169489943       -23.3645090398        -0.4720539136         4.7622515148         1.3966839240 
        3.0800033000         0.3600000000         0.3424120483       -22.7012043691        -0.5937657716         4.8286026899         1.3992310243 
        3.0850000000         0.3600000000         0.3347731321       -22.9001957703        -0.7026658551         4.4968468143         1.3864955226 
        3.0900012000         0.3600000000         0.3296805213       -23.0328567045        -0.8019571076         4.7622515148         1.3966839240 
        3.0950000000         0.3600000000         0.3245879105       -23.1655176386        -0.9332777965         4.6959003397         1.3941368236 
        3.1000000000         0.3600000000         0.3424120483       -22.7012043691        -1.0389749363         4.7622515148         1.3966839240 
        3.1050000000         0.3600000000         0.3245879105       -23.1655176386        -1.1414691325         4.6295491646         1.3915897233 
        3.1100000000         0.3600000000         0.3347731321       -22.9001957703        -1.2503692159         4.8286026899         1.3992310243 
        3.1150000000         0.3600000000         0.3373194375       -22.8338653033        -1.3592692994         4.6959003397         1.3941368236 
        3.1200005000         0.3600000000         0.3220416051       -23.2318481056        -1.4809811574         4.8949538651         1.4017781247 
        3.1250000000         0.3600000000         0.3373194375       -22.8338653033        -1.5930841844         4.5631979895         1.3890426230 
        3.1300000000         0.3600000000         0.3296805213       -23.0328567045        -1.6955783806         4.6959003397         1.3941368236 
        3.1350000000         0.3600000000         0.3194952997       -23.2981785727        -1.8236961259         4.4968468143         1.3864955226 
        3.1400001000         0.3600000000         0.3322268267       -22.9665262374        -1.9357991529         4.6295491646         1.3915897233 
        3.1450000000         0.3600000000         0.3220416051       -23.2318481056        -2.0543080673         4.7622515148         1.3966839240 
        3.1500000000         0.3600000000         0.3144026889       -23.4308395068        -2.1600052071         4.8286026899         1.3992310243 
        3.1550000000         0.3600000000         0.3194952997       -23.2981785727        -2.2817170651         4.7622515148         1.3966839240 
        3.1600001000         0.3600000000         0.3373194375       -22.8338653033        -2.3842112613         4.6959003397         1.3941368236 
        3.1650000000         0.3600000000         0.3296805213       -23.0328567045        -2.4995172320         4.6959003397         1.3941368236 
        3.1700000000         0.3600000000         0.3347731321       -22.9001957703        -2.6148232027         4.7622515148         1.3966839240 
        3.1750000000         0.3600000000         0.3220416051       -23.2318481056        -2.7397380043         4.5631979895         1.3890426230 
        3.1800001000         0.3600000000         0.3296805213       -23.0328567045        -2.8582469186         4.5631979895         1.3890426230 
        3.1850000000         0.3600000000         0.3220416051       -23.2318481056        -2.9831617202         4.8949538651         1.4017781247 
        3.1900000000         0.3600000000         0.3424120483       -22.7012043691        -3.0984676909         5.0276562153         1.4068723253 
        3.1950000000         0.3600000000         0.3220416051       -23.2318481056        -3.1497147890         4.7622515148         1.3966839240 
        3.2000001000         0.3600000000         0.3067637727       -23.6298309080        -1.7596372532         4.6959003397         1.3941368236 
        3.2050031000         0.3600000000         0.3475046591       -22.5685434350         3.1504753329         4.7622515148         1.3966839240 
        3.2100000000         0.3600000000         0.3169489943       -23.3645090398         3.0896194039         4.8949538651         1.4017781247 
        3.2150000000         0.3600000000         0.3194952997       -23.2981785727         2.9711104895         4.4968468143         1.3864955226 
        3.2200000000         0.3600000000         0.3424120483       -22.7012043691         2.8526015752         4.8286026899         1.3992310243 
        3.2250000000         0.3600000000         0.3169489943       -23.3645090398         2.7308897172         4.5631979895         1.3890426230 
        3.2300000000         0.3600000000         0.3271342159       -23.0991871715         2.6091778593         4.8949538651         1.4017781247 
        3.2350000000         0.3600000000         0.3296805213       -23.0328567045         2.4906689449         4.7622515148         1.3966839240 
        3.2400000000         0.3600000000         0.3322268267       -22.9665262374         2.3785659178         4.8949538651         1.4017781247 
        3.2450000000         0.3600000000         0.3093100781       -23.5635004410         2.2568540599         4.5631979895         1.3890426230 
        3.2500000000         0.3600000000         0.3322268267       -22.9665262374         2.1415480891         4.5631979895         1.3890426230 
        3.2550000000         0.3600000000         0.3475046591       -22.5685434350         2.0262421184         4.6959003397         1.3941368236 
        3.2600000000         0.3600000000         0.3144026889       -23.4308395068         1.9077332041         4.8286026899         1.3992310243 
        3.2650001000         0.3600000000         0.3373194375       -22.8338653033         1.7860213461         4.6959003397         1.3941368236 
        3.2700043000         0.3600000000         0.3169489943       -23.3645090398         1.6867300936         4.6959003397         1.3941368236 
        3.2750000000         0.3600000000         0.3271342159       -23.0991871715         1.5682211792         4.5631979895         1.3890426230 
        3.2800000000         0.3600000000         0.3551435753       -22.3695520338         1.4625240394         4.5631979895         1.3890426230 
        3.2850001000         0.3600000000         0.3169489943       -23.3645090398         1.3408121814         4.8949538651         1.4017781247 
        3.2900000000         0.3600000000         0.3271342159       -23.0991871715         1.2223032671         4.7622515148         1.3966839240 
        3.2950000000         0.3600000000         0.3449583537       -22.6348739021         1.1102002400         4.6959003397         1.3941368236 
        3.3000000000         0.3600000000         0.3169489943       -23.3645090398         1.0013001566         4.6295491646         1.3915897233 
        3.3050014000         0.3600000000         0.3398657429       -22.7675348362         0.9020089040         4.7622515148         1.3966839240 
        3.3100000000         0.3600000000         0.3169489943       -23.3645090398         0.7674852715         4.6959003397         1.3941368236 
        3.3150000000         0.3600000000         0.3525972699       -22.4358825009         0.6521793008         4.6959003397         1.3941368236 
        3.3200000000         0.3600000000         0.3245879105       -23.1655176386         0.5528880482         4.8286026899         1.3992310243 
        3.3250001000         0.3600000000         0.3424120483       -22.7012043691         0.4375820775         4.5631979895         1.3890426230 
        3.3300000000         0.3600000000         0.3449583537       -22.6348739021         0.3286819941         4.4968468143         1.3864955226 
        3.3350000000         0.3600000000         0.3169489943       -23.3645090398         0.2101730797         4.6959003397         1.3941368236 
        3.3400000000         0.3600000000         0.3602361860       -22.2368910997         0.1172877144         4.7622515148         1.3966839240 
        3.3450000000         0.3600000000         0.3296805213       -23.0328567045         0.0019817437         4.7622515148         1.3966839240 
        3.3500000000         0.3600000000         0.3296805213       -23.0328567045        -0.1133242270         4.5631979895         1.3890426230 
        3.3550000000         0.3600000000         0.3347731321       -22.9001957703        -0.2318331413         4.7622515148         1.3966839240 
        3.3600000000         0.3600000000         0.3322268267       -22.9665262374        -0.3375302811         4.7622515148         1.3966839240 
        3.3650000000         0.3600000000         0.3118563835       -23.4971699739        -0.4496333082         4.7622515148         1.3966839240 
        3.3700000000         0.3600000000         0.3194952997       -23.2981785727        -0.5617363353         4.7622515148         1.3966839240 
        3.3750000000         0.3600000000         0.3500509645       -22.5022129680        -0.6706364187         4.7622515148         1.3966839240 
        3.3800000000         0.3600000000         0.3347731321       -22.9001957703        -0.7731306149         4.6295491646         1.3915897233 
        3.3850050000         0.3600000000         0.3296805213       -23.0328567045        -0.8756248111         4.7622515148         1.3966839240 
        3.3900001000         0.3600000000         0.3322268267       -22.9665262374        -1.0005396127         4.5631979895         1.3890426230 
        3.3950000000         0.3600000000         0.3144026889       -23.4308395068        -1.1062367525         4.9613050402         1.4043252250 
        3.4000000000         0.3600000000         0.3475046591       -22.5685434350        -1.2247456669         4.7622515148         1.3966839240 
        3.4050000000         0.3600000000         0.3271342159       -23.0991871715        -1.3208339758         4.6959003397         1.3941368236 
        3.4100001000         0.3600000000         0.3194952997       -23.2981785727        -1.4393428902         4.8949538651         1.4017781247 
        3.4150000000         0.3600000000         0.3245879105       -23.1655176386        -1.5578518045         4.8949538651         1.4017781247 
        3.4200000000         0.3600000000         0.3373194375       -22.8338653033        -1.6667518879         4.8949538651         1.4017781247 
        3.4250000000         0.3600000000         0.3118563835       -23.4971699739        -1.7884637459         4.6959003397         1.3941368236 
        3.4300001000         0.3600000000         0.3220416051       -23.2318481056        -1.8941608857         4.5631979895         1.3890426230 
        3.4350000000         0.3600000000         0.3322268267       -22.9665262374        -2.0126698001         4.7622515148         1.3966839240 
        3.4400000000         0.3600000000         0.3169489943       -23.3645090398        -2.1119610526         4.6959003397         1.3941368236 
        3.4450000000         0.3600000000         0.3373194375       -22.8338653033        -2.2336729106         4.5631979895         1.3890426230 
        3.4500001000         0.3600000000         0.3245879105       -23.1655176386        -2.3521818250         4.5631979895         1.3890426230 
        3.4550000000         0.3600000000         0.3169489943       -23.3645090398        -2.4738936829         4.7622515148         1.3966839240 
        3.4600000000         0.3600000000         0.3245879105       -23.1655176386        -2.5827937664         4.8949538651         1.4017781247 
        3.4650000000         0.3600000000         0.3271342159       -23.0991871715        -2.7109115116         4.7622515148         1.3966839240 
        3.4700000000         0.3600000000         0.3245879105       -23.1655176386        -2.8166086514         4.6295491646         1.3915897233 
        3.4750000000         0.3600000000         0.3271342159       -23.0991871715        -2.9383205094         4.4968468143         1.3864955226 
        3.4800000000         0.3600000000         0.3271342159       -23.0991871715        -3.0536264801         4.6959003397         1.3941368236 
        3.4850000000         0.3600000000         0.3347731321       -22.9001957703        -3.1304971273         4.6959003397         1.3941368236 
        3.4900000000         0.3600000000         0.3245879105       -23.1655176386        -3.1240912400         4.6959003397         1.3941368236 
        3.4950000000         0.3600000000         0.3271342159       -23.0991871715         3.1312576711         4.6959003397         1.3941368236 
        3.5000000000         0.3600000000         0.3245879105       -23.1655176386         3.1280547275         4.5631979895         1.3890426230 
        3.5050000000         0.3600000000         0.3220416051       -23.2318481056         3.0159517004         4.6959003397         1.3941368236 
        3.5100000000         0.3600000000         0.3449583537       -22.6348739021         2.8878339551         4.8949538651         1.4017781247 
        3.5150001000         0.3600000000         0.3194952997       -23.2981785727         2.7629191535         4.8286026899         1.3992310243 
        3.5200000000         0.3600000000         0.2965785511       -23.8951527763         2.6508161265         4.8286026899         1.3992310243 
        3.5250000000         0.3600000000         0.3373194375       -22.8338653033         2.5291042685         4.5631979895         1.3890426230 
        3.5300000000         0.3600000000         0.3500509645       -22.5022129680         2.4105953541         4.8949538651         1.4017781247 
        3.5350001000         0.3600000000         0.3042174673       -23.6961613751         2.2888834962         4.6959003397         1.3941368236 
        3.5400000000         0.3600000000         0.3322268267       -22.9665262374         2.1703745818         4.7622515148         1.3966839240 
        3.5450000000         0.3600000000         0.3245879105       -23.1655176386         2.0646774420         4.9613050402         1.4043252250 
        3.5500000000         0.3600000000         0.3118563835       -23.4971699739         1.9365596968         4.7622515148         1.3966839240 
        3.5550001000         0.3600000000         0.3475046591       -22.5685434350         1.8372684442         4.6959003397         1.3941368236 
        3.5600000000         0.3600000000         0.3194952997       -23.2981785727         1.7251654171         4.7622515148         1.3966839240 
        3.5650000000         0.3600000000         0.3118563835       -23.4971699739         1.6002506155         4.8949538651         1.4017781247 
        3.5700000000         0.3600000000         0.3475046591       -22.5685434350         1.4913505321         4.4968468143         1.3864955226 
        3.5750001000         0.3600000000         0.3271342159       -23.0991871715         1.3888563359         4.7622515148         1.3966839240 
        3.5800000000         0.3600000000         0.2965785511       -23.8951527763         1.2703474216         4.9613050402         1.4043252250 
        3.5850000000         0.3600000000         0.3525972699       -22.4358825009         1.1582443945         4.8286026899         1.3992310243 
        3.5900000000         0.3600000000         0.3576898806       -22.3032215668         1.0461413674         4.8286026899         1.3992310243 
        3.5950000000         0.3600000000         0.2940322457       -23.9614832433         0.9180236222         4.6959003397         1.3941368236 
        3.6000000000         0.3600000000         0.3449583537       -22.6348739021         0.8059205951         4.6959003397         1.3941368236 
        3.6050000000         0.3600000000         0.3194952997       -23.2981785727         0.6906146244         4.6959003397         1.3941368236 
        3.6100000000         0.3600000000         0.3322268267       -22.9665262374         0.5913233718         4.6959003397         1.3941368236 
        3.6150000000         0.3600000000         0.3653287968       -22.1042301656         0.4760174011         4.8286026899         1.3992310243 
        3.6200000000         0.3600000000         0.3042174673       -23.6961613751         0.3607114304         4.6959003397         1.3941368236 
        3.6250000000         0.3600000000         0.3373194375       -22.8338653033         0.2454054597         4.6959003397         1.3941368236 
        3.6300000000         0.3600000000         0.3398657429       -22.7675348362         0.1397083199         4.4968468143         1.3864955226 
        3.6350000000         0.3600000000         0.3373194375       -22.8338653033         0.0340111800         5.0276562153         1.4068723253 
        3.6400001000         0.3600000000         0.3296805213       -23.0328567045        -0.0844977343         4.7622515148         1.3966839240 
        3.6450000000         0.3600000000         0.3296805213       -23.0328567045        -0.1933978177         4.7622515148         1.3966839240 
        3.6500000000         0.3600000000         0.3347731321       -22.9001957703        -0.2926890703         4.6959003397         1.3941368236 
        3.6550000000         0.3600000000         0.3475046591       -22.5685434350        -0.4079950410         4.4968468143         1.3864955226 
        3.6600001000         0.3600000000         0.3245879105       -23.1655176386        -0.5233010117         4.7622515148         1.3966839240 
        3.6650000000         0.3600000000         0.3271342159       -23.0991871715        -0.6322010952         4.5631979895         1.3890426230 
        3.6700000000         0.3600000000         0.3296805213       -23.0328567045        -0.7282894041         4.6959003397         1.3941368236 
        3.6750000000         0.3600000000         0.3347731321       -22.9001957703        -0.8564071493         4.7622515148         1.3966839240 
        3.6800001000         0.3600000000         0.3245879105       -23.1655176386        -0.9621042892         4.8949538651         1.4017781247 
        3.6850000000         0.3600000000         0.3093100781       -23.5635004410        -1.0774102599         4.7622515148         1.3966839240 
        3.6900000000         0.3600000000         0.3347731321       -22.9001957703        -1.1927162306         4.6959003397         1.3941368236 
        3.6950000000         0.3600000000         0.3296805213       -23.0328567045        -1.2952104268         4.5631979895         1.3890426230 
        3.7000001000         0.3600000000         0.3347731321       -22.9001957703        -1.4073134538         4.5631979895         1.3890426230 
        3.7050003000         0.3600000000         0.3220416051       -23.2318481056        -1.5226194246         4.8949538651         1.4017781247 
        3.7100000000         0.3600000000         0.3271342159       -23.0991871715        -1.6443312825         4.8286026899         1.3992310243 
        3.7150000000         0.3600000000         0.3296805213       -23.0328567045        -1.7468254787         4.6295491646         1.3915897233 
        3.7200000000         0.3600000000         0.3373194375       -22.8338653033        -1.8493196749         4.6959003397         1.3941368236 
        3.7250000000         0.3600000000         0.3220416051       -23.2318481056        -1.9838433074         4.8286026899         1.3992310243 
        3.7300000000         0.3600000000         0.3118563835       -23.4971699739        -2.0895404472         4.8949538651         1.4017781247 
        3.7350000000         0.3600000000         0.3398657429       -22.7675348362        -2.2016434743         4.8949538651         1.4017781247 
        3.7400000000         0.3600000000         0.3118563835       -23.4971699739        -2.3233553323         4.8286026899         1.3992310243 
        3.7450000000         0.3600000000         0.3169489943       -23.3645090398        -2.4450671902         4.7622515148         1.3966839240 
        3.7500000000         0.3600000000         0.3194952997       -23.2981785727        -2.5571702173         4.6959003397         1.3941368236 
        3.7550000000         0.3600000000         0.3169489943       -23.3645090398        -2.6660703008         4.5631979895         1.3890426230 
        3.7600000000         0.3600000000         0.3245879105       -23.1655176386        -2.7845792151         4.8949538651         1.4017781247 
        3.7650001000         0.3600000000         0.3245879105       -23.1655176386        -2.9030881295         4.8949538651         1.4017781247 
        3.7700000000         0.3600000000         0.3169489943       -23.3645090398        -3.0247999874         4.6295491646         1.3915897233 
        3.7750008000         0.3600000000         0.3271342159       -23.0991871715        -3.1401059581         4.6295491646         1.3915897233 
        3.7800000000         0.3600000000         0.3347731321       -22.9001957703        -3.1369030145         4.8949538651         1.4017781247 
        3.7850001000         0.3600000000         0.3169489943       -23.3645090398         3.1376635583         4.9613050402         1.4043252250 
        3.7900000000         0.3600000000         0.3322268267       -22.9665262374         3.1408665020         4.5631979895         1.3890426230 
        3.7950000000         0.3600000000         0.3245879105       -23.1655176386         3.0447781931         4.4968468143         1.3864955226 
        3.8000000000         0.3600000000         0.3322268267       -22.9665262374         2.9230663351         4.5631979895         1.3890426230 
        3.8050001000         0.3600000000         0.3296805213       -23.0328567045         2.8141662516         4.7622515148         1.3966839240 
        3.8100000000         0.3600000000         0.3169489943       -23.3645090398         2.6860485064         4.8949538651         1.4017781247 
        3.8150000000         0.3600000000         0.3271342159       -23.0991871715         2.5643366484         4.9613050402         1.4043252250 
        3.8200000000         0.3600000000         0.3373194375       -22.8338653033         2.4554365650         4.7622515148         1.3966839240 
        3.8250001000         0.3600000000         0.3398657429       -22.7675348362         2.3401305943         4.7622515148         1.3966839240 
        3.8300000000         0.3600000000         0.3144026889       -23.4308395068         2.2184187363         4.6959003397         1.3941368236 
        3.8350000000         0.3600000000         0.3271342159       -23.0991871715         2.0999098219         4.7622515148         1.3966839240 
        3.8400000000         0.3600000000         0.3449583537       -22.6348739021         1.9749950203         4.5631979895         1.3890426230 
        3.8450000000         0.3600000000         0.3194952997       -23.2981785727         1.8692978805         4.6959003397         1.3941368236 
        3.8500000000         0.3600000000         0.3296805213       -23.0328567045         1.7475860226         4.6295491646         1.3915897233 
        3.8550000000         0.3600000000         0.2991248565       -23.8288223092         1.6226712209         4.7622515148         1.3966839240 
        3.8600000000         0.3600000000         0.3373194375       -22.8338653033         1.5233799684         4.5631979895         1.3890426230 
        3.8650000000         0.3600000000         0.3322268267       -22.9665262374         1.3984651668         4.7622515148         1.3966839240 
        3.8700000000         0.3600000000         0.3169489943       -23.3645090398         1.2991739142         4.8949538651         1.4017781247 
        3.8750000000         0.3600000000         0.3398657429       -22.7675348362         1.1806649999         4.8949538651         1.4017781247 
        3.8800000000         0.3600000000         0.3093100781       -23.5635004410         1.0653590292         4.4968468143         1.3864955226 
        3.8850000000         0.3600000000         0.3602361860       -22.2368910997         0.9628648330         4.7622515148         1.3966839240 
        3.8900001000         0.3600000000         0.3245879105       -23.1655176386         0.8475588623         4.8949538651         1.4017781247 
        3.8950000000         0.3600000000         0.3245879105       -23.1655176386         0.7162381734         4.6959003397         1.3941368236 
        3.9000000000         0.3600000000         0.3347731321       -22.9001957703         0.6137439772         4.4968468143         1.3864955226 
        3.9050000000         0.3600000000         0.3373194375       -22.8338653033         0.5016409501         4.6295491646         1.3915897233 
        3.9100001000         0.3600000000         0.3347731321       -22.9001957703         0.3959438103         4.7622515148         1.3966839240 
        3.9150000000         0.3600000000         0.3424120483       -22.7012043691         0.2710290087         4.7622515148         1.3966839240 
        3.9200000000         0.3600000000         0.3118563835       -23.4971699739         0.1685348125         4.4968468143         1.3864955226 
        3.9250000000         0.3600000000         0.3271342159       -23.0991871715         0.0532288418         4.5631979895         1.3890426230 
        3.9300001000         0.3600000000         0.3551435753       -22.3695520338        -0.0460624107         4.7622515148         1.3966839240 
        3.9350000000         0.3600000000         0.3220416051       -23.2318481056        -0.1517595505         4.8286026899         1.3992310243 
        3.9400000000         0.3600000000         0.3271342159       -23.0991871715        -0.2734714085         4.5631979895         1.3890426230 
        3.9450000000         0.3600000000         0.3194952997       -23.2981785727        -0.3887773792         4.6959003397         1.3941368236 
        3.9500001000         0.3600000000         0.3194952997       -23.2981785727        -0.5040833499         4.6959003397         1.3941368236 
        3.9550000000         0.3600000000         0.3271342159       -23.0991871715        -0.6161863770         4.7622515148         1.3966839240 
        3.9600000000         0.3600000000         0.3220416051       -23.2318481056        -0.7186805732         4.5631979895         1.3890426230 
        3.9650000000         0.3600000000         0.3245879105       -23.1655176386        -0.8403924312         4.7622515148         1.3966839240 
        3.9700001000         0.3600000000         0.3093100781       -23.5635004410        -0.9524954583         4.7622515148         1.3966839240 
        3.9750000000         0.3600000000         0.3398657429       -22.7675348362        -1.0453808236         4.7622515148         1.3966839240 
        3.9800000000         0.3600000000         0.3271342159       -23.0991871715        -1.1606867943         5.0276562153         1.4068723253 
        3.9850000000         0.3600000000         0.3144026889       -23.4308395068        -1.2695868777         4.7622515148         1.3966839240 
        3.9900000000         0.3600000000         0.3322268267       -22.9665262374        -1.3880957921         4.5631979895         1.3890426230 
        3.9950000000         0.3600000000         0.3271342159       -23.0991871715        -1.4969958755         4.8286026899         1.3992310243 
