           Time[sec]  \omega_{cmd}[rad/s]          V_{gyro}[V] \omega_{gyro}[rad/s]          \theta[rad] \omega_{dist}[rad/s]  \omega_{distRaw}[V] 
        0.0000000000         2.1800000000         1.2081558831        -0.1488455681         2.0422568366         4.6959003397         1.3941368236 
        0.0050000000         2.1800000000         1.2056095777        -0.2151760351         2.0390538930         4.5631979895         1.3890426230 
        0.0100001000         2.1800000000         1.2056095777        -0.2151760351         2.0454597802         4.4968468143         1.3864955226 
        0.0150001000         2.1800000000         1.2132484939        -0.0161846340         2.0486627239         4.9613050402         1.4043252250 
        0.0200000000         2.1800000000         1.2107021885        -0.0825151010         2.0422568366         4.7622515148         1.3966839240 
        0.0250000000         2.1800000000         1.2132484939        -0.0161846340         2.0550686111         4.6959003397         1.3941368236 
        0.0300001000         2.1800000000         1.2132484939        -0.0161846340         2.0582715547         4.5631979895         1.3890426230 
        0.0350001000         2.1800000000         1.1826928291        -0.8121502387         2.0454597802         4.5631979895         1.3890426230 
        0.0400000000         2.1800000000         1.1521371644        -1.6081158434         2.0358509493         4.6295491646         1.3915897233 
        0.0450000000         2.1800000000         1.1877854399        -0.6794893046         2.0230391748         4.7622515148         1.3966839240 
        0.0500001000         2.1800000000         1.1648686914        -1.2764635081         2.0198362312         4.7622515148         1.3966839240 
        0.0550001000         2.1800000000         1.1725076076        -1.0774721070         2.0134303439         4.6959003397         1.3941368236 
        0.0600000000         2.1800000000         1.1725076076        -1.0774721070         2.0166332875         4.8949538651         1.4017781247 
        0.0650000000         2.1800000000         1.1776002183        -0.9448111728         2.0070244567         4.8949538651         1.4017781247 
        0.0700000000         2.1800000000         1.1826928291        -0.8121502387         2.0006185694         4.9613050402         1.4043252250 
        0.0750001000         2.1800000000         1.1623223860        -1.3427939752         2.0006185694         4.9613050402         1.4043252250 
        0.0800000000         2.1800000000         1.1826928291        -0.8121502387         1.9942126821         4.9613050402         1.4043252250 
        0.0850000000         2.1800000000         1.1725076076        -1.0774721070         1.9910097385         4.9613050402         1.4043252250 
        0.0900000000         2.1800000000         1.1801465237        -0.8784807058         1.9878067949         5.0276562153         1.4068723253 
        0.0950001000         2.1800000000         1.1699613022        -1.1438025740         1.9781979640         4.8949538651         1.4017781247 
        0.1000000000         2.1800000000         1.1826928291        -0.8121502387         1.9749950203         4.7622515148         1.3966839240 
        0.1050000000         2.1800000000         1.1725076076        -1.0774721070         1.9685891331         4.6295491646         1.3915897233 
        0.1100000000         2.1800000000         1.1674149968        -1.2101330411         1.9621832458         4.9613050402         1.4043252250 
        0.1150001000         2.1800000000         1.1674149968        -1.2101330411         1.9589803022         4.9613050402         1.4043252250 
        0.1200001000         2.1800000000         1.1674149968        -1.2101330411         1.9589803022         4.7622515148         1.3966839240 
        0.1250000000         2.1800000000         1.1750539129        -1.0111416399         1.9525744149         4.7622515148         1.3966839240 
        0.1300000000         2.1800000000         1.1699613022        -1.1438025740         1.9461685277         4.7622515148         1.3966839240 
        0.1350022000         2.1800000000         1.1725076076        -1.0774721070         1.9301538095         4.6295491646         1.3915897233 
        0.1400001000         2.1800000000         1.1597760806        -1.4091244423         1.9237479223         4.6295491646         1.3915897233 
        0.1450000000         2.1800000000         1.1674149968        -1.2101330411         1.9141390914         4.8286026899         1.3992310243 
        0.1500000000         2.1800000000         1.1597760806        -1.4091244423         1.9013273168         4.7622515148         1.3966839240 
        0.1550001000         2.1800000000         1.1776002183        -0.9448111728         1.9045302605         4.8949538651         1.4017781247 
        0.1600001000         2.1800000000         1.1699613022        -1.1438025740         1.9013273168         5.0276562153         1.4068723253 
        0.1650000000         2.1800000000         1.1801465237        -0.8784807058         1.8981243732         4.5631979895         1.3890426230 
        0.1700000000         2.1800000000         1.1776002183        -0.9448111728         1.8981243732         4.8286026899         1.3992310243 
        0.1750001000         2.1800000000         1.1877854399        -0.6794893046         1.8949214296         4.4968468143         1.3864955226 
        0.1800001000         2.1800000000         1.1725076076        -1.0774721070         1.8821096550         4.6959003397         1.3941368236 
        0.1850000000         2.1800000000         1.1801465237        -0.8784807058         1.8789067114         4.8949538651         1.4017781247 
        0.1900000000         2.1800000000         1.1699613022        -1.1438025740         1.8725008242         4.9613050402         1.4043252250 
        0.1950022000         2.1800000000         1.1750539129        -1.0111416399         1.8660949369         4.6295491646         1.3915897233 
        0.2000001000         2.1800000000         1.1674149968        -1.2101330411         1.8628919933         4.9613050402         1.4043252250 
        0.2050000000         2.1800000000         1.1725076076        -1.0774721070         1.8660949369         4.7622515148         1.3966839240 
        0.2100001000         2.1800000000         1.1801465237        -0.8784807058         1.8500802187         5.0276562153         1.4068723253 
        0.2150000000         2.1800000000         1.1674149968        -1.2101330411         1.8564861060         4.6959003397         1.3941368236 
        0.2200001000         2.1800000000         1.1826928291        -0.8121502387         1.8500802187         4.7622515148         1.3966839240 
        0.2250000000         2.1800000000         1.1648686914        -1.2764635081         1.8340655006         4.8949538651         1.4017781247 
        0.2300000000         2.1800000000         1.1699613022        -1.1438025740         1.8308625570         4.9613050402         1.4043252250 
        0.2350000000         2.1800000000         1.1877854399        -0.6794893046         1.8340655006         4.7622515148         1.3966839240 
        0.2400001000         2.1800000000         1.1903317453        -0.6131588375         1.8308625570         4.7622515148         1.3966839240 
        0.2450001000         2.1800000000         1.1979706615        -0.4141674363         1.8180507824         4.8949538651         1.4017781247 
        0.2500000000         2.1800000000         1.1928780507        -0.5468283705         1.8180507824         4.7622515148         1.3966839240 
        0.2550000000         2.1800000000         1.2081558831        -0.1488455681         1.8180507824         4.3641444641         1.3814013219 
        0.2600001000         2.1800000000         1.2081558831        -0.1488455681         1.8084419515         4.7622515148         1.3966839240 
        0.2650001000         2.1800000000         1.2056095777        -0.2151760351         1.8084419515         4.7622515148         1.3966839240 
        0.2700000000         2.1800000000         1.2132484939        -0.0161846340         1.8212537261         4.6295491646         1.3915897233 
        0.2750000000         2.1800000000         1.2234337155         0.2491372343         1.8244566697         4.7622515148         1.3966839240 
        0.2800001000         2.1800000000         1.2107021885        -0.0825151010         1.8180507824         4.6295491646         1.3915897233 
        0.2850001000         2.1800000000         1.2208874101         0.1828067672         1.8276596133         4.7622515148         1.3966839240 
        0.2900020000         2.1800000000         1.2107021885        -0.0825151010         1.8180507824         4.8949538651         1.4017781247 
        0.2950000000         2.1800000000         1.2157947993         0.0501458331         1.8148478388         4.9613050402         1.4043252250 
        0.3000001000         2.1800000000         1.2132484939        -0.0161846340         1.8212537261         4.9613050402         1.4043252250 
        0.3050070000         2.1800000000         1.2081558831        -0.1488455681         1.8084419515         4.7622515148         1.3966839240 
        0.3100000000         2.1800000000         1.2234337155         0.2491372343         1.8244566697         4.7622515148         1.3966839240 
        0.3150000000         2.1800000000         1.2132484939        -0.0161846340         1.8180507824         4.6295491646         1.3915897233 
        0.3200017000         2.1800000000         1.2157947993         0.0501458331         1.8180507824         4.9613050402         1.4043252250 
        0.3250001000         2.1800000000         1.2183411047         0.1164763002         1.8212537261         4.4304956392         1.3839484223 
        0.3300000000         2.1800000000         1.2208874101         0.1828067672         1.8244566697         4.8286026899         1.3992310243 
        0.3350000000         2.1800000000         1.2208874101         0.1828067672         1.8276596133         4.8286026899         1.3992310243 
        0.3400000000         2.1800000000         1.2208874101         0.1828067672         1.8244566697         4.4968468143         1.3864955226 
        0.3450001000         2.1800000000         1.2183411047         0.1164763002         1.8244566697         4.7622515148         1.3966839240 
        0.3500016000         2.1800000000         1.2081558831        -0.1488455681         1.8084419515         4.8286026899         1.3992310243 
        0.3550001000         2.1800000000         1.2208874101         0.1828067672         1.8148478388         4.8286026899         1.3992310243 
        0.3600000000         2.1800000000         1.2208874101         0.1828067672         1.8276596133         4.7622515148         1.3966839240 
        0.3650001000         2.1800000000         1.2132484939        -0.0161846340         1.8212537261         4.9613050402         1.4043252250 
        0.3700001000         2.1800000000         1.2183411047         0.1164763002         1.8244566697         4.7622515148         1.3966839240 
        0.3750000000         2.1800000000         1.2183411047         0.1164763002         1.8276596133         4.7622515148         1.3966839240 
        0.3800000000         2.1800000000         1.2208874101         0.1828067672         1.8180507824         4.5631979895         1.3890426230 
        0.3850001000         2.1800000000         1.2183411047         0.1164763002         1.8180507824         4.6959003397         1.3941368236 
        0.3900001000         2.1800000000         1.2157947993         0.0501458331         1.8180507824         4.5631979895         1.3890426230 
        0.3950000000         2.1800000000         1.2208874101         0.1828067672         1.8244566697         4.7622515148         1.3966839240 
        0.4000016000         2.1800000000         1.2208874101         0.1828067672         1.8276596133         4.7622515148         1.3966839240 
        0.4050001000         2.1800000000         1.2234337155         0.2491372343         1.8244566697         4.7622515148         1.3966839240 
        0.4100001000         2.1800000000         1.2132484939        -0.0161846340         1.8244566697         4.7622515148         1.3966839240 
        0.4150001000         2.1800000000         1.2208874101         0.1828067672         1.8244566697         4.7622515148         1.3966839240 
        0.4200001000         2.1800000000         1.2132484939        -0.0161846340         1.8180507824         4.6295491646         1.3915897233 
        0.4250001000         2.1800000000         1.2183411047         0.1164763002         1.8244566697         4.7622515148         1.3966839240 
        0.4300001000         2.1800000000         1.2208874101         0.1828067672         1.8276596133         4.8286026899         1.3992310243 
        0.4350000000         2.1800000000         1.2081558831        -0.1488455681         1.8116448952         4.7622515148         1.3966839240 
        0.4400000000         2.1800000000         1.2081558831        -0.1488455681         1.8084419515         4.8286026899         1.3992310243 
        0.4450000000         2.1800000000         1.2208874101         0.1828067672         1.8244566697         4.7622515148         1.3966839240 
        0.4500001000         2.1800000000         1.2132484939        -0.0161846340         1.8180507824         4.6295491646         1.3915897233 
        0.4550000000         2.1800000000         1.2132484939        -0.0161846340         1.8084419515         4.6295491646         1.3915897233 
        0.4600000000         2.1800000000         1.2157947993         0.0501458331         1.8084419515         4.7622515148         1.3966839240 
        0.4650000000         2.1800000000         1.2056095777        -0.2151760351         1.8084419515         4.7622515148         1.3966839240 
        0.4700001000         2.1800000000         1.2056095777        -0.2151760351         1.8084419515         4.4968468143         1.3864955226 
        0.4750001000         2.1800000000         1.2056095777        -0.2151760351         1.8052390079         4.7622515148         1.3966839240 
        0.4800001000         2.1800000000         1.2132484939        -0.0161846340         1.8244566697         4.7622515148         1.3966839240 
        0.4850000000         2.1800000000         1.2208874101         0.1828067672         1.8244566697         4.4968468143         1.3864955226 
        0.4900001000         2.1800000000         1.2132484939        -0.0161846340         1.8180507824         4.9613050402         1.4043252250 
        0.4950001000         2.1800000000         1.2107021885        -0.0825151010         1.8180507824         4.6959003397         1.3941368236 
        0.5000000000         2.1800000000         1.2081558831        -0.1488455681         1.8084419515         4.4968468143         1.3864955226 
        0.5050000000         2.1800000000         1.2081558831        -0.1488455681         1.8084419515         4.7622515148         1.3966839240 
        0.5100001000         2.1800000000         1.2183411047         0.1164763002         1.8244566697         4.7622515148         1.3966839240 
        0.5150001000         2.1800000000         1.2157947993         0.0501458331         1.8180507824         4.8949538651         1.4017781247 
        0.5200000000         2.1800000000         1.2183411047         0.1164763002         1.8244566697         4.7622515148         1.3966839240 
        0.5250033000         2.1800000000         1.2081558831        -0.1488455681         1.8148478388         4.6959003397         1.3941368236 
        0.5300001000         2.1800000000         1.2157947993         0.0501458331         1.8180507824         4.9613050402         1.4043252250 
        0.5350001000         2.1800000000         1.2132484939        -0.0161846340         1.8148478388         4.8949538651         1.4017781247 
        0.5400000000         2.1800000000         1.2081558831        -0.1488455681         1.8084419515         4.6959003397         1.3941368236 
        0.5450011000         2.1800000000         1.2132484939        -0.0161846340         1.8180507824         4.5631979895         1.3890426230 
        0.5500001000         2.1800000000         1.2157947993         0.0501458331         1.8180507824         4.5631979895         1.3890426230 
        0.5550001000         2.1800000000         1.2132484939        -0.0161846340         1.8180507824         4.6295491646         1.3915897233 
        0.5600014000         2.1800000000         1.2157947993         0.0501458331         1.8308625570         4.6959003397         1.3941368236 
        0.5650000000         2.1800000000         1.2081558831        -0.1488455681         1.8084419515         4.4968468143         1.3864955226 
        0.5700001000         2.1800000000         1.2157947993         0.0501458331         1.8180507824         4.9613050402         1.4043252250 
        0.5750001000         2.1800000000         1.2081558831        -0.1488455681         1.8052390079         4.7622515148         1.3966839240 
        0.5800001000         2.1800000000         1.2107021885        -0.0825151010         1.8116448952         4.8286026899         1.3992310243 
        0.5850000000         2.1800000000         1.2132484939        -0.0161846340         1.8148478388         4.6295491646         1.3915897233 
        0.5900021000         2.1800000000         1.2132484939        -0.0161846340         1.8180507824         4.6295491646         1.3915897233 
        0.5950001000         2.1800000000         1.2208874101         0.1828067672         1.8276596133         4.7622515148         1.3966839240 
        0.6000000000         2.1800000000         1.2183411047         0.1164763002         1.8180507824         4.9613050402         1.4043252250 
        0.6050000000         2.1800000000         1.2056095777        -0.2151760351         1.8084419515         4.7622515148         1.3966839240 
        0.6100000000         2.1800000000         1.2056095777        -0.2151760351         1.8116448952         4.7622515148         1.3966839240 
        0.6150001000         2.1800000000         1.2208874101         0.1828067672         1.8180507824         4.6295491646         1.3915897233 
        0.6200001000         2.1800000000         1.2234337155         0.2491372343         1.8244566697         4.7622515148         1.3966839240 
        0.6250000000         2.1800000000         1.2132484939        -0.0161846340         1.8212537261         4.8286026899         1.3992310243 
        0.6300000000         2.1800000000         1.2081558831        -0.1488455681         1.8084419515         4.7622515148         1.3966839240 
        0.6350001000         2.1800000000         1.2157947993         0.0501458331         1.8180507824         4.6295491646         1.3915897233 
        0.6400001000         2.1800000000         1.2132484939        -0.0161846340         1.8180507824         4.6959003397         1.3941368236 
        0.6450034000         2.1800000000         1.2132484939        -0.0161846340         1.8148478388         4.2977932890         1.3788542216 
        0.6500000000         2.1800000000         1.2208874101         0.1828067672         1.8276596133         4.4968468143         1.3864955226 
        0.6550016000         2.1800000000         1.2208874101         0.1828067672         1.8244566697         4.7622515148         1.3966839240 
        0.6600001000         2.1800000000         1.2132484939        -0.0161846340         1.8180507824         4.6959003397         1.3941368236 
        0.6650000000         2.1800000000         1.2081558831        -0.1488455681         1.8084419515         4.4968468143         1.3864955226 
        0.6700012000         2.1800000000         1.2081558831        -0.1488455681         1.8084419515         4.7622515148         1.3966839240 
        0.6750001000         2.1800000000         1.2081558831        -0.1488455681         1.8116448952         4.7622515148         1.3966839240 
        0.6800001000         2.1800000000         1.2208874101         0.1828067672         1.8180507824         4.5631979895         1.3890426230 
        0.6850000000         2.1800000000         1.2132484939        -0.0161846340         1.8180507824         4.6295491646         1.3915897233 
        0.6900021000         2.1800000000         1.2132484939        -0.0161846340         1.8244566697         4.4968468143         1.3864955226 
        0.6950001000         2.1800000000         1.2208874101         0.1828067672         1.8276596133         4.7622515148         1.3966839240 
        0.7000001000         2.1800000000         1.2183411047         0.1164763002         1.8276596133         4.7622515148         1.3966839240 
        0.7050002000         2.1800000000         1.2132484939        -0.0161846340         1.8276596133         4.7622515148         1.3966839240 
        0.7100000000         2.1800000000         1.2208874101         0.1828067672         1.8180507824         4.5631979895         1.3890426230 
        0.7150000000         2.1800000000         1.2208874101         0.1828067672         1.8180507824         4.6295491646         1.3915897233 
        0.7200001000         2.1800000000         1.2132484939        -0.0161846340         1.8084419515         4.7622515148         1.3966839240 
        0.7250000000         2.1800000000         1.2132484939        -0.0161846340         1.8180507824         4.9613050402         1.4043252250 
        0.7300000000         2.1800000000         1.2208874101         0.1828067672         1.8244566697         4.4968468143         1.3864955226 
        0.7350000000         2.1800000000         1.2081558831        -0.1488455681         1.8084419515         4.8286026899         1.3992310243 
        0.7400001000         2.1800000000         1.2183411047         0.1164763002         1.8244566697         4.7622515148         1.3966839240 
        0.7450001000         2.1800000000         1.2132484939        -0.0161846340         1.8180507824         4.9613050402         1.4043252250 
        0.7500000000         2.1800000000         1.2132484939        -0.0161846340         1.8180507824         4.9613050402         1.4043252250 
        0.7550000000         2.1800000000         1.2132484939        -0.0161846340         1.8180507824         4.9613050402         1.4043252250 
        0.7600001000         2.1800000000         1.2081558831        -0.1488455681         1.8084419515         4.7622515148         1.3966839240 
        0.7650001000         2.1800000000         1.2107021885        -0.0825151010         1.8084419515         4.7622515148         1.3966839240 
        0.7700000000         2.1800000000         1.2081558831        -0.1488455681         1.8148478388         4.9613050402         1.4043252250 
        0.7750000000         2.1800000000         1.2132484939        -0.0161846340         1.8084419515         4.7622515148         1.3966839240 
        0.7800001000         2.1800000000         1.2157947993         0.0501458331         1.8180507824         4.6295491646         1.3915897233 
        0.7850001000         2.1800000000         1.2234337155         0.2491372343         1.8244566697         4.7622515148         1.3966839240 
        0.7900000000         2.1800000000         1.2132484939        -0.0161846340         1.8180507824         4.8949538651         1.4017781247 
        0.7950000000         2.1800000000         1.2208874101         0.1828067672         1.8276596133         4.5631979895         1.3890426230 
        0.8000001000         2.1800000000         1.2132484939        -0.0161846340         1.8148478388         5.0276562153         1.4068723253 
        0.8050001000         2.1800000000         1.2081558831        -0.1488455681         1.8084419515         4.7622515148         1.3966839240 
        0.8100088000         2.1800000000         1.2208874101         0.1828067672         1.8180507824         4.6295491646         1.3915897233 
        0.8150000000         2.1800000000         1.2132484939        -0.0161846340         1.8180507824         4.7622515148         1.3966839240 
        0.8200001000         2.1800000000         1.2081558831        -0.1488455681         1.8084419515         4.4968468143         1.3864955226 
        0.8250001000         2.1800000000         1.2208874101         0.1828067672         1.8212537261         4.7622515148         1.3966839240 
        0.8300001000         2.1800000000         1.2208874101         0.1828067672         1.8244566697         4.5631979895         1.3890426230 
        0.8350001000         2.1800000000         1.2132484939        -0.0161846340         1.8212537261         4.9613050402         1.4043252250 
        0.8400000000         2.1800000000         1.2132484939        -0.0161846340         1.8180507824         4.9613050402         1.4043252250 
        0.8450001000         2.1800000000         1.2132484939        -0.0161846340         1.8212537261         4.3641444641         1.3814013219 
        0.8500000000         2.1800000000         1.2081558831        -0.1488455681         1.8084419515         4.7622515148         1.3966839240 
        0.8550000000         2.1800000000         1.2132484939        -0.0161846340         1.8180507824         4.5631979895         1.3890426230 
        0.8600000000         2.1800000000         1.2208874101         0.1828067672         1.8244566697         4.7622515148         1.3966839240 
        0.8650001000         2.1800000000         1.2132484939        -0.0161846340         1.8180507824         4.6295491646         1.3915897233 
        0.8700001000         2.1800000000         1.2183411047         0.1164763002         1.8244566697         4.7622515148         1.3966839240 
        0.8750018000         2.1800000000         1.2157947993         0.0501458331         1.8180507824         4.9613050402         1.4043252250 
        0.8800000000         2.1800000000         1.2081558831        -0.1488455681         1.8116448952         4.7622515148         1.3966839240 
        0.8850001000         2.1800000000         1.2183411047         0.1164763002         1.8180507824         4.6959003397         1.3941368236 
        0.8900001000         2.1800000000         1.2107021885        -0.0825151010         1.8180507824         4.9613050402         1.4043252250 
        0.8950000000         2.1800000000         1.2183411047         0.1164763002         1.8084419515         4.7622515148         1.3966839240 
        0.9000000000         2.1800000000         1.2107021885        -0.0825151010         1.8116448952         4.7622515148         1.3966839240 
        0.9050001000         2.1800000000         1.2081558831        -0.1488455681         1.8116448952         4.7622515148         1.3966839240 
        0.9100001000         2.1800000000         1.2132484939        -0.0161846340         1.8212537261         4.5631979895         1.3890426230 
        0.9150000000         2.1800000000         1.2157947993         0.0501458331         1.8180507824         4.6295491646         1.3915897233 
        0.9200000000         2.1800000000         1.2132484939        -0.0161846340         1.8180507824         4.6295491646         1.3915897233 
        0.9250001000         2.1800000000         1.2132484939        -0.0161846340         1.8148478388         4.6295491646         1.3915897233 
        0.9300001000         2.1800000000         1.2132484939        -0.0161846340         1.8180507824         4.6295491646         1.3915897233 
        0.9350000000         2.1800000000         1.2157947993         0.0501458331         1.8212537261         4.5631979895         1.3890426230 
        0.9400000000         2.1800000000         1.2132484939        -0.0161846340         1.8180507824         4.6295491646         1.3915897233 
        0.9450001000         2.1800000000         1.2132484939        -0.0161846340         1.8180507824         4.6295491646         1.3915897233 
        0.9500001000         2.1800000000         1.2132484939        -0.0161846340         1.8180507824         4.9613050402         1.4043252250 
        0.9550001000         2.1800000000         1.2132484939        -0.0161846340         1.8180507824         4.6295491646         1.3915897233 
        0.9600001000         2.1800000000         1.2132484939        -0.0161846340         1.8084419515         4.7622515148         1.3966839240 
        0.9650000000         2.1800000000         1.2208874101         0.1828067672         1.8180507824         4.6295491646         1.3915897233 
        0.9700001000         2.1800000000         1.2208874101         0.1828067672         1.8244566697         4.8286026899         1.3992310243 
        0.9750000000         2.1800000000         1.2081558831        -0.1488455681         1.8084419515         4.8286026899         1.3992310243 
        0.9800000000         2.1800000000         1.2056095777        -0.2151760351         1.8084419515         4.4968468143         1.3864955226 
        0.9850020000         2.1800000000         1.2132484939        -0.0161846340         1.8116448952         4.7622515148         1.3966839240 
        0.9900001000         2.1800000000         1.2132484939        -0.0161846340         1.8212537261         4.3641444641         1.3814013219 
        0.9950001000         2.1800000000         1.2208874101         0.1828067672         1.8276596133         4.4968468143         1.3864955226 
        1.0000000000         2.1800000000         1.2132484939        -0.0161846340         1.8212537261         4.7622515148         1.3966839240 
        1.0050000000         2.1800000000         1.2132484939        -0.0161846340         1.8180507824         4.5631979895         1.3890426230 
        1.0100001000         2.1800000000         1.2132484939        -0.0161846340         1.8180507824         4.3641444641         1.3814013219 
        1.0150001000         2.1800000000         1.2132484939        -0.0161846340         1.8084419515         4.7622515148         1.3966839240 
        1.0200023000         2.1800000000         1.2132484939        -0.0161846340         1.8180507824         4.6295491646         1.3915897233 
        1.0250000000         2.1800000000         1.2157947993         0.0501458331         1.8180507824         4.6295491646         1.3915897233 
        1.0300001000         2.1800000000         1.2208874101         0.1828067672         1.8244566697         4.7622515148         1.3966839240 
        1.0350001000         2.1800000000         1.2132484939        -0.0161846340         1.8276596133         4.7622515148         1.3966839240 
        1.0400000000         2.1800000000         1.2208874101         0.1828067672         1.8244566697         4.7622515148         1.3966839240 
        1.0450000000         2.1800000000         1.2132484939        -0.0161846340         1.8244566697         4.8949538651         1.4017781247 
        1.0500001000         2.1800000000         1.2234337155         0.2491372343         1.8244566697         4.7622515148         1.3966839240 
        1.0550001000         2.1800000000         1.2208874101         0.1828067672         1.8244566697         4.7622515148         1.3966839240 
        1.0600000000         2.1800000000         1.2208874101         0.1828067672         1.8180507824         4.5631979895         1.3890426230 
        1.0650000000         2.1800000000         1.2157947993         0.0501458331         1.8148478388         4.6295491646         1.3915897233 
        1.0700000000         2.1800000000         1.2107021885        -0.0825151010         1.8180507824         4.6959003397         1.3941368236 
        1.0750001000         2.1800000000         1.2157947993         0.0501458331         1.8180507824         4.6295491646         1.3915897233 
        1.0800000000         2.1800000000         1.2081558831        -0.1488455681         1.8052390079         4.7622515148         1.3966839240 
        1.0850000000         2.1800000000         1.2056095777        -0.2151760351         1.8084419515         4.7622515148         1.3966839240 
        1.0900000000         2.1800000000         1.2081558831        -0.1488455681         1.8148478388         4.9613050402         1.4043252250 
        1.0950025000         2.1800000000         1.2157947993         0.0501458331         1.8148478388         4.9613050402         1.4043252250 
        1.1000000000         2.1800000000         1.2157947993         0.0501458331         1.8180507824         4.9613050402         1.4043252250 
        1.1050000000         2.1800000000         1.2132484939        -0.0161846340         1.8180507824         4.9613050402         1.4043252250 
        1.1100000000         2.1800000000         1.2081558831        -0.1488455681         1.8084419515         4.7622515148         1.3966839240 
        1.1150044000         2.1800000000         1.2030632723        -0.2815065022         1.8116448952         4.7622515148         1.3966839240 
        1.1200001000         2.1800000000         1.2132484939        -0.0161846340         1.8180507824         4.7622515148         1.3966839240 
        1.1250000000         2.1800000000         1.2056095777        -0.2151760351         1.8084419515         4.4968468143         1.3864955226 
        1.1300000000         2.1800000000         1.2208874101         0.1828067672         1.8244566697         4.7622515148         1.3966839240 
        1.1350001000         2.1800000000         1.2132484939        -0.0161846340         1.8180507824         4.8949538651         1.4017781247 
        1.1400001000         2.1800000000         1.2132484939        -0.0161846340         1.8180507824         4.2977932890         1.3788542216 
        1.1450001000         2.1800000000         1.2183411047         0.1164763002         1.8244566697         4.7622515148         1.3966839240 
        1.1500000000         2.1800000000         1.2132484939        -0.0161846340         1.8084419515         4.7622515148         1.3966839240 
        1.1550001000         2.1800000000         1.2208874101         0.1828067672         1.8244566697         4.8286026899         1.3992310243 
        1.1600001000         2.1800000000         1.2132484939        -0.0161846340         1.8084419515         4.7622515148         1.3966839240 
        1.1650000000         2.1800000000         1.2132484939        -0.0161846340         1.8180507824         4.6959003397         1.3941368236 
        1.1700000000         2.1800000000         1.2132484939        -0.0161846340         1.8180507824         4.9613050402         1.4043252250 
        1.1750001000         2.1800000000         1.2132484939        -0.0161846340         1.8180507824         4.9613050402         1.4043252250 
        1.1800001000         2.1800000000         1.2132484939        -0.0161846340         1.8148478388         4.9613050402         1.4043252250 
        1.1850000000         2.1800000000         1.2234337155         0.2491372343         1.8244566697         4.7622515148         1.3966839240 
        1.1900000000         2.1800000000         1.2081558831        -0.1488455681         1.8084419515         4.7622515148         1.3966839240 
        1.1950000000         2.1800000000         1.2132484939        -0.0161846340         1.8180507824         4.9613050402         1.4043252250 
        1.2000001000         2.1800000000         1.2157947993         0.0501458331         1.8244566697         4.7622515148         1.3966839240 
        1.2050000000         2.1800000000         1.2132484939        -0.0161846340         1.8148478388         4.9613050402         1.4043252250 
        1.2100000000         2.1800000000         1.2132484939        -0.0161846340         1.8180507824         4.9613050402         1.4043252250 
        1.2150000000         2.1800000000         1.2081558831        -0.1488455681         1.8116448952         4.7622515148         1.3966839240 
        1.2200001000         2.1800000000         1.2081558831        -0.1488455681         1.8116448952         4.8286026899         1.3992310243 
        1.2250000000         2.1800000000         1.2183411047         0.1164763002         1.8212537261         4.7622515148         1.3966839240 
        1.2300000000         2.1800000000         1.2208874101         0.1828067672         1.8244566697         4.7622515148         1.3966839240 
        1.2350000000         2.1800000000         1.2208874101         0.1828067672         1.8180507824         4.6295491646         1.3915897233 
        1.2400001000         2.1800000000         1.2132484939        -0.0161846340         1.8180507824         4.6295491646         1.3915897233 
        1.2450001000         2.1800000000         1.2234337155         0.2491372343         1.8244566697         4.7622515148         1.3966839240 
        1.2500000000         2.1800000000         1.2132484939        -0.0161846340         1.8212537261         5.0276562153         1.4068723253 
        1.2550000000         2.1800000000         1.2081558831        -0.1488455681         1.8084419515         4.7622515148         1.3966839240 
        1.2600001000         2.1800000000         1.2132484939        -0.0161846340         1.8180507824         4.7622515148         1.3966839240 
        1.2650001000         2.1800000000         1.2056095777        -0.2151760351         1.8084419515         4.7622515148         1.3966839240 
        1.2700001000         2.1800000000         1.2107021885        -0.0825151010         1.8116448952         4.7622515148         1.3966839240 
        1.2750000000         2.1800000000         1.2107021885        -0.0825151010         1.8052390079         4.7622515148         1.3966839240 
        1.2800001000         2.1800000000         1.2132484939        -0.0161846340         1.8084419515         4.7622515148         1.3966839240 
        1.2850001000         2.1800000000         1.2208874101         0.1828067672         1.8276596133         4.7622515148         1.3966839240 
        1.2900000000         2.1800000000         1.2132484939        -0.0161846340         1.8180507824         4.6295491646         1.3915897233 
        1.2950000000         2.1800000000         1.2081558831        -0.1488455681         1.8180507824         4.4968468143         1.3864955226 
        1.3000001000         2.1800000000         1.2132484939        -0.0161846340         1.8276596133         4.4968468143         1.3864955226 
        1.3050001000         2.1800000000         1.2081558831        -0.1488455681         1.8084419515         4.8286026899         1.3992310243 
        1.3100000000         2.1800000000         1.2081558831        -0.1488455681         1.8116448952         4.6295491646         1.3915897233 
        1.3150000000         2.1800000000         1.2081558831        -0.1488455681         1.8116448952         4.7622515148         1.3966839240 
        1.3200000000         2.1800000000         1.2081558831        -0.1488455681         1.8116448952         4.7622515148         1.3966839240 
        1.3250001000         2.1800000000         1.2132484939        -0.0161846340         1.8148478388         4.2977932890         1.3788542216 
        1.3300000000         2.1800000000         1.2157947993         0.0501458331         1.8180507824         4.5631979895         1.3890426230 
        1.3350000000         2.1800000000         1.2081558831        -0.1488455681         1.8084419515         4.7622515148         1.3966839240 
        1.3400000000         2.1800000000         1.2157947993         0.0501458331         1.8148478388         4.9613050402         1.4043252250 
        1.3450001000         2.1800000000         1.2132484939        -0.0161846340         1.8180507824         5.0276562153         1.4068723253 
        1.3500000000         2.1800000000         1.2081558831        -0.1488455681         1.8084419515         4.7622515148         1.3966839240 
        1.3550000000         2.1800000000         1.2208874101         0.1828067672         1.8244566697         4.7622515148         1.3966839240 
        1.3600000000         2.1800000000         1.2132484939        -0.0161846340         1.8148478388         4.8949538651         1.4017781247 
        1.3650001000         2.1800000000         1.2081558831        -0.1488455681         1.8116448952         4.7622515148         1.3966839240 
        1.3700001000         2.1800000000         1.2132484939        -0.0161846340         1.8212537261         4.5631979895         1.3890426230 
        1.3750000000         2.1800000000         1.2132484939        -0.0161846340         1.8180507824         4.6295491646         1.3915897233 
        1.3800000000         2.1800000000         1.2132484939        -0.0161846340         1.8180507824         4.6295491646         1.3915897233 
        1.3850001000         2.1800000000         1.2234337155         0.2491372343         1.8244566697         4.7622515148         1.3966839240 
        1.3900001000         2.1800000000         1.2183411047         0.1164763002         1.8244566697         4.7622515148         1.3966839240 
        1.3950001000         2.1800000000         1.2132484939        -0.0161846340         1.8148478388         4.9613050402         1.4043252250 
        1.4000000000         2.1800000000         1.2132484939        -0.0161846340         1.8180507824         4.7622515148         1.3966839240 
        1.4050001000         2.1800000000         1.2157947993         0.0501458331         1.8180507824         4.9613050402         1.4043252250 
        1.4100001000         2.1800000000         1.2107021885        -0.0825151010         1.8148478388         4.9613050402         1.4043252250 
        1.4150000000         2.1800000000         1.2081558831        -0.1488455681         1.8084419515         4.7622515148         1.3966839240 
        1.4200000000         2.1800000000         1.2056095777        -0.2151760351         1.8084419515         4.4968468143         1.3864955226 
        1.4250001000         2.1800000000         1.2208874101         0.1828067672         1.8148478388         4.6295491646         1.3915897233 
        1.4300001000         2.1800000000         1.2081558831        -0.1488455681         1.8148478388         4.7622515148         1.3966839240 
        1.4350000000         2.1800000000         1.2208874101         0.1828067672         1.8180507824         4.6295491646         1.3915897233 
        1.4400000000         2.1800000000         1.2208874101         0.1828067672         1.8244566697         4.7622515148         1.3966839240 
        1.4450000000         2.1800000000         1.2132484939        -0.0161846340         1.8180507824         4.2977932890         1.3788542216 
        1.4500001000         2.1800000000         1.2132484939        -0.0161846340         1.8148478388         4.6295491646         1.3915897233 
        1.4550000000         2.1800000000         1.2183411047         0.1164763002         1.8180507824         4.6295491646         1.3915897233 
        1.4600000000         2.1800000000         1.2132484939        -0.0161846340         1.8180507824         4.6959003397         1.3941368236 
        1.4650000000         2.1800000000         1.2132484939        -0.0161846340         1.8148478388         4.8949538651         1.4017781247 
        1.4700001000         2.1800000000         1.2081558831        -0.1488455681         1.8180507824         4.6295491646         1.3915897233 
        1.4750000000         2.1800000000         1.2132484939        -0.0161846340         1.8180507824         4.6295491646         1.3915897233 
        1.4800000000         2.1800000000         1.2208874101         0.1828067672         1.8244566697         4.4968468143         1.3864955226 
        1.4850000000         2.1800000000         1.2132484939        -0.0161846340         1.8244566697         4.7622515148         1.3966839240 
        1.4900001000         2.1800000000         1.2081558831        -0.1488455681         1.8052390079         4.8286026899         1.3992310243 
        1.4950001000         2.1800000000         1.2132484939        -0.0161846340         1.8180507824         4.9613050402         1.4043252250 
        1.5000000000         2.1800000000         1.2056095777        -0.2151760351         1.8116448952         4.7622515148         1.3966839240 
        1.5050000000         2.1800000000         1.2107021885        -0.0825151010         1.8084419515         4.7622515148         1.3966839240 
        1.5100001000         2.1800000000         1.2081558831        -0.1488455681         1.8084419515         4.7622515148         1.3966839240 
        1.5150001000         2.1800000000         1.2157947993         0.0501458331         1.8212537261         4.6295491646         1.3915897233 
        1.5200001000         2.1800000000         1.2208874101         0.1828067672         1.8276596133         4.7622515148         1.3966839240 
        1.5250000000         2.1800000000         1.2157947993         0.0501458331         1.8244566697         4.7622515148         1.3966839240 
        1.5300001000         2.1800000000         1.2208874101         0.1828067672         1.8276596133         4.7622515148         1.3966839240 
        1.5350001000         2.1800000000         1.2208874101         0.1828067672         1.8244566697         4.7622515148         1.3966839240 
        1.5400001000         2.1800000000         1.2132484939        -0.0161846340         1.8180507824         4.6295491646         1.3915897233 
        1.5450000000         2.1800000000         1.2132484939        -0.0161846340         1.8148478388         4.9613050402         1.4043252250 
        1.5500001000         2.1800000000         1.2132484939        -0.0161846340         1.8180507824         4.6295491646         1.3915897233 
        1.5550001000         2.1800000000         1.2183411047         0.1164763002         1.8244566697         4.7622515148         1.3966839240 
        1.5600000000         2.1800000000         1.2081558831        -0.1488455681         1.8180507824         4.7622515148         1.3966839240 
        1.5650000000         2.1800000000         1.2183411047         0.1164763002         1.8244566697         4.7622515148         1.3966839240 
        1.5700000000         2.1800000000         1.2132484939        -0.0161846340         1.8148478388         4.9613050402         1.4043252250 
        1.5750001000         2.1800000000         1.2081558831        -0.1488455681         1.8084419515         4.7622515148         1.3966839240 
        1.5800000000         2.1800000000         1.2081558831        -0.1488455681         1.8084419515         4.7622515148         1.3966839240 
        1.5850000000         2.1800000000         1.2132484939        -0.0161846340         1.8084419515         4.7622515148         1.3966839240 
        1.5900000000         2.1800000000         1.2081558831        -0.1488455681         1.8084419515         4.4304956392         1.3839484223 
        1.5950001000         2.1800000000         1.2208874101         0.1828067672         1.8244566697         4.6959003397         1.3941368236 
        1.6000000000         2.1800000000         1.2132484939        -0.0161846340         1.8148478388         4.6295491646         1.3915897233 
        1.6050000000         2.1800000000         1.2132484939        -0.0161846340         1.8084419515         4.2977932890         1.3788542216 
        1.6100000000         2.1800000000         1.2081558831        -0.1488455681         1.8116448952         4.7622515148         1.3966839240 
        1.6150001000         2.1800000000         1.2081558831        -0.1488455681         1.8084419515         4.4968468143         1.3864955226 
        1.6200001000         2.1800000000         1.2132484939        -0.0161846340         1.8084419515         4.7622515148         1.3966839240 
        1.6250000000         2.1800000000         1.2081558831        -0.1488455681         1.8084419515         4.7622515148         1.3966839240 
        1.6300000000         2.1800000000         1.2132484939        -0.0161846340         1.8116448952         4.2977932890         1.3788542216 
        1.6350001000         2.1800000000         1.2132484939        -0.0161846340         1.8148478388         4.6295491646         1.3915897233 
        1.6400001000         2.1800000000         1.2234337155         0.2491372343         1.8180507824         4.4968468143         1.3864955226 
        1.6450001000         2.1800000000         1.2132484939        -0.0161846340         1.8212537261         4.9613050402         1.4043252250 
        1.6500000000         2.1800000000         1.2132484939        -0.0161846340         1.8180507824         4.8949538651         1.4017781247 
        1.6550001000         2.1800000000         1.2132484939        -0.0161846340         1.8180507824         4.8949538651         1.4017781247 
        1.6600001000         2.1800000000         1.2132484939        -0.0161846340         1.8180507824         4.2977932890         1.3788542216 
        1.6650001000         2.1800000000         1.2056095777        -0.2151760351         1.8084419515         4.8286026899         1.3992310243 
        1.6700000000         2.1800000000         1.2157947993         0.0501458331         1.8180507824         4.5631979895         1.3890426230 
        1.6750001000         2.1800000000         1.2183411047         0.1164763002         1.8244566697         4.7622515148         1.3966839240 
        1.6800001000         2.1800000000         1.2183411047         0.1164763002         1.8276596133         4.7622515148         1.3966839240 
        1.6850000000         2.1800000000         1.2157947993         0.0501458331         1.8244566697         4.7622515148         1.3966839240 
        1.6900000000         2.1800000000         1.2132484939        -0.0161846340         1.8180507824         4.2977932890         1.3788542216 
        1.6950000000         2.1800000000         1.2081558831        -0.1488455681         1.8180507824         4.9613050402         1.4043252250 
        1.7000001000         2.1800000000         1.2107021885        -0.0825151010         1.8084419515         4.7622515148         1.3966839240 
        1.7050000000         2.1800000000         1.2107021885        -0.0825151010         1.8180507824         4.5631979895         1.3890426230 
        1.7100000000         2.1800000000         1.2234337155         0.2491372343         1.8244566697         4.7622515148         1.3966839240 
        1.7150000000         2.1800000000         1.2208874101         0.1828067672         1.8276596133         4.7622515148         1.3966839240 
        1.7200001000         2.1800000000         1.2030632723        -0.2815065022         1.8084419515         4.7622515148         1.3966839240 
        1.7250000000         2.1800000000         1.2234337155         0.2491372343         1.8244566697         4.7622515148         1.3966839240 
        1.7300000000         2.1800000000         1.2208874101         0.1828067672         1.8276596133         4.8286026899         1.3992310243 
        1.7350000000         2.1800000000         1.2132484939        -0.0161846340         1.8148478388         5.0276562153         1.4068723253 
        1.7400001000         2.1800000000         1.2132484939        -0.0161846340         1.8180507824         4.6295491646         1.3915897233 
        1.7450001000         2.1800000000         1.2132484939        -0.0161846340         1.8180507824         4.8949538651         1.4017781247 
        1.7500000000         2.1800000000         1.2107021885        -0.0825151010         1.8084419515         4.4968468143         1.3864955226 
        1.7550000000         2.1800000000         1.2081558831        -0.1488455681         1.8084419515         4.7622515148         1.3966839240 
        1.7600001000         2.1800000000         1.2157947993         0.0501458331         1.8180507824         4.9613050402         1.4043252250 
        1.7650001000         2.1800000000         1.2208874101         0.1828067672         1.8212537261         4.3641444641         1.3814013219 
        1.7700001000         2.1800000000         1.2132484939        -0.0161846340         1.8180507824         4.6295491646         1.3915897233 
        1.7750000000         2.1800000000         1.2132484939        -0.0161846340         1.8148478388         4.8286026899         1.3992310243 
        1.7800001000         2.1800000000         1.2157947993         0.0501458331         1.8084419515         4.4968468143         1.3864955226 
        1.7850001000         2.1800000000         1.2132484939        -0.0161846340         1.8180507824         4.6295491646         1.3915897233 
        1.7900001000         2.1800000000         1.2157947993         0.0501458331         1.8148478388         4.2977932890         1.3788542216 
        1.7950000000         2.1800000000         1.2132484939        -0.0161846340         1.8084419515         4.7622515148         1.3966839240 
        1.8000001000         2.1800000000         1.2081558831        -0.1488455681         1.8052390079         4.7622515148         1.3966839240 
        1.8050001000         2.1800000000         1.2081558831        -0.1488455681         1.8020360643         4.4968468143         1.3864955226 
        1.8100000000         2.1800000000         1.2056095777        -0.2151760351         1.8084419515         4.7622515148         1.3966839240 
        1.8150000000         2.1800000000         1.2132484939        -0.0161846340         1.8084419515         4.7622515148         1.3966839240 
        1.8200000000         2.1800000000         1.2081558831        -0.1488455681         1.8084419515         4.7622515148         1.3966839240 
        1.8250001000         2.1800000000         1.2107021885        -0.0825151010         1.8148478388         4.9613050402         1.4043252250 
        1.8300000000         2.1800000000         1.2132484939        -0.0161846340         1.8180507824         4.9613050402         1.4043252250 
        1.8350000000         2.1800000000         1.2132484939        -0.0161846340         1.8180507824         4.9613050402         1.4043252250 
        1.8400000000         2.1800000000         1.2132484939        -0.0161846340         1.8148478388         4.9613050402         1.4043252250 
        1.8450001000         2.1800000000         1.2234337155         0.2491372343         1.8276596133         4.7622515148         1.3966839240 
        1.8500000000         2.1800000000         1.2132484939        -0.0161846340         1.8180507824         4.9613050402         1.4043252250 
        1.8550000000         2.1800000000         1.2208874101         0.1828067672         1.8244566697         4.8286026899         1.3992310243 
        1.8600000000         2.1800000000         1.2157947993         0.0501458331         1.8180507824         4.9613050402         1.4043252250 
        1.8650001000         2.1800000000         1.2056095777        -0.2151760351         1.8084419515         4.7622515148         1.3966839240 
        1.8700001000         2.1800000000         1.2208874101         0.1828067672         1.8244566697         4.7622515148         1.3966839240 
        1.8750000000         2.1800000000         1.2157947993         0.0501458331         1.8212537261         4.7622515148         1.3966839240 
        1.8800000000         2.1800000000         1.2208874101         0.1828067672         1.8244566697         4.7622515148         1.3966839240 
        1.8850001000         2.1800000000         1.2132484939        -0.0161846340         1.8180507824         4.9613050402         1.4043252250 
        1.8900001000         2.1800000000         1.2081558831        -0.1488455681         1.8148478388         4.8949538651         1.4017781247 
        1.8950001000         2.1800000000         1.2132484939        -0.0161846340         1.8180507824         4.9613050402         1.4043252250 
        1.9000000000         2.1800000000         1.2107021885        -0.0825151010         1.8180507824         4.6295491646         1.3915897233 
        1.9050001000         2.1800000000         1.2208874101         0.1828067672         1.8148478388         4.8286026899         1.3992310243 
        1.9100001000         2.1800000000         1.2183411047         0.1164763002         1.8244566697         4.7622515148         1.3966839240 
        1.9150001000         2.1800000000         1.2132484939        -0.0161846340         1.8084419515         4.6959003397         1.3941368236 
        1.9200000000         2.1800000000         1.2132484939        -0.0161846340         1.8084419515         4.7622515148         1.3966839240 
        1.9250001000         2.1800000000         1.2132484939        -0.0161846340         1.8180507824         4.8949538651         1.4017781247 
        1.9300001000         2.1800000000         1.2056095777        -0.2151760351         1.8084419515         4.7622515148         1.3966839240 
        1.9350000000         2.1800000000         1.2132484939        -0.0161846340         1.8180507824         4.6295491646         1.3915897233 
        1.9400000000         2.1800000000         1.2056095777        -0.2151760351         1.8084419515         4.7622515148         1.3966839240 
        1.9450000000         2.1800000000         1.2132484939        -0.0161846340         1.8180507824         4.5631979895         1.3890426230 
        1.9500001000         2.1800000000         1.2208874101         0.1828067672         1.8180507824         4.2977932890         1.3788542216 
        1.9550000000         2.1800000000         1.2132484939        -0.0161846340         1.8180507824         4.5631979895         1.3890426230 
        1.9600000000         2.1800000000         1.2132484939        -0.0161846340         1.8148478388         4.6295491646         1.3915897233 
        1.9650000000         2.1800000000         1.2208874101         0.1828067672         1.8148478388         4.6295491646         1.3915897233 
        1.9700001000         2.1800000000         1.2157947993         0.0501458331         1.8244566697         4.7622515148         1.3966839240 
        1.9750000000         2.1800000000         1.2183411047         0.1164763002         1.8244566697         4.7622515148         1.3966839240 
        1.9800000000         2.1800000000         1.2081558831        -0.1488455681         1.8116448952         4.7622515148         1.3966839240 
        1.9850000000         2.1800000000         1.2132484939        -0.0161846340         1.8180507824         4.2977932890         1.3788542216 
        1.9900001000         2.1800000000         1.2056095777        -0.2151760351         1.8084419515         4.7622515148         1.3966839240 
        1.9950001000         2.1800000000         1.2132484939        -0.0161846340         1.8212537261         4.6295491646         1.3915897233 
        2.0000000000         2.1800000000         1.2132484939        -0.0161846340         1.8148478388         4.6959003397         1.3941368236 
        2.0050000000         2.1800000000         1.2157947993         0.0501458331         1.8212537261         4.7622515148         1.3966839240 
        2.0100001000         2.1800000000         1.2132484939        -0.0161846340         1.8116448952         4.2977932890         1.3788542216 
        2.0150001000         2.1800000000         1.2208874101         0.1828067672         1.8276596133         4.8286026899         1.3992310243 
        2.0200001000         2.1800000000         1.2132484939        -0.0161846340         1.8084419515         4.7622515148         1.3966839240 
        2.0250000000         2.1800000000         1.2132484939        -0.0161846340         1.8180507824         4.6295491646         1.3915897233 
        2.0300001000         2.1800000000         1.2183411047         0.1164763002         1.8244566697         4.8286026899         1.3992310243 
        2.0350001000         2.1800000000         1.2132484939        -0.0161846340         1.8180507824         4.6295491646         1.3915897233 
        2.0400001000         2.1800000000         1.2234337155         0.2491372343         1.8244566697         4.8286026899         1.3992310243 
        2.0450000000         2.1800000000         1.2132484939        -0.0161846340         1.8180507824         4.9613050402         1.4043252250 
        2.0500001000         2.1800000000         1.2132484939        -0.0161846340         1.8180507824         5.0276562153         1.4068723253 
        2.0550001000         2.1800000000         1.2081558831        -0.1488455681         1.8084419515         4.7622515148         1.3966839240 
        2.0600000000         2.1800000000         1.2081558831        -0.1488455681         1.8084419515         4.8286026899         1.3992310243 
        2.0650000000         2.1800000000         1.2132484939        -0.0161846340         1.8180507824         4.6959003397         1.3941368236 
        2.0700000000         2.1800000000         1.2157947993         0.0501458331         1.8180507824         4.2977932890         1.3788542216 
        2.0750001000         2.1800000000         1.2107021885        -0.0825151010         1.8084419515         4.7622515148         1.3966839240 
        2.0800000000         2.1800000000         1.2132484939        -0.0161846340         1.8180507824         4.6295491646         1.3915897233 
        2.0850000000         2.1800000000         1.2132484939        -0.0161846340         1.8212537261         4.3641444641         1.3814013219 
        2.0900000000         2.1800000000         1.2157947993         0.0501458331         1.8180507824         4.5631979895         1.3890426230 
        2.0950001000         2.1800000000         1.2183411047         0.1164763002         1.8244566697         4.4304956392         1.3839484223 
        2.1000000000         2.1800000000         1.2208874101         0.1828067672         1.8244566697         4.7622515148         1.3966839240 
        2.1050000000         2.1800000000         1.2132484939        -0.0161846340         1.8148478388         4.9613050402         1.4043252250 
        2.1100000000         2.1800000000         1.2081558831        -0.1488455681         1.8052390079         4.4968468143         1.3864955226 
        2.1150001000         2.1800000000         1.2132484939        -0.0161846340         1.8148478388         4.5631979895         1.3890426230 
        2.1200001000         2.1800000000         1.2157947993         0.0501458331         1.8180507824         4.6295491646         1.3915897233 
        2.1250000000         2.1800000000         1.2183411047         0.1164763002         1.8244566697         4.6959003397         1.3941368236 
        2.1300000000         2.1800000000         1.2132484939        -0.0161846340         1.8148478388         4.8286026899         1.3992310243 
        2.1350001000         2.1800000000         1.2132484939        -0.0161846340         1.8180507824         4.8949538651         1.4017781247 
        2.1400001000         2.1800000000         1.2081558831        -0.1488455681         1.8084419515         4.7622515148         1.3966839240 
        2.1450000000         2.1800000000         1.2132484939        -0.0161846340         1.8180507824         4.6295491646         1.3915897233 
        2.1500000000         2.1800000000         1.2132484939        -0.0161846340         1.8148478388         4.6295491646         1.3915897233 
        2.1550001000         2.1800000000         1.2208874101         0.1828067672         1.8244566697         4.6959003397         1.3941368236 
        2.1600001000         2.1800000000         1.2234337155         0.2491372343         1.8244566697         4.7622515148         1.3966839240 
        2.1650000000         2.1800000000         1.2132484939        -0.0161846340         1.8212537261         4.8949538651         1.4017781247 
        2.1700000000         2.1800000000         1.2208874101         0.1828067672         1.8244566697         4.7622515148         1.3966839240 
        2.1750001000         2.1800000000         1.2208874101         0.1828067672         1.8212537261         4.7622515148         1.3966839240 
        2.1800001000         2.1800000000         1.2132484939        -0.0161846340         1.8148478388         4.6295491646         1.3915897233 
        2.1850000000         2.1800000000         1.2081558831        -0.1488455681         1.8148478388         4.7622515148         1.3966839240 
        2.1900000000         2.1800000000         1.2234337155         0.2491372343         1.8276596133         4.7622515148         1.3966839240 
        2.1950000000         2.1800000000         1.2132484939        -0.0161846340         1.8180507824         4.2977932890         1.3788542216 
        2.2000001000         2.1800000000         1.2208874101         0.1828067672         1.8244566697         4.7622515148         1.3966839240 
        2.2050000000         2.1800000000         1.2132484939        -0.0161846340         1.8148478388         5.0276562153         1.4068723253 
        2.2100000000         2.1800000000         1.2081558831        -0.1488455681         1.8084419515         4.8286026899         1.3992310243 
        2.2150000000         2.1800000000         1.2056095777        -0.2151760351         1.8116448952         4.7622515148         1.3966839240 
        2.2200001000         2.1800000000         1.2132484939        -0.0161846340         1.8212537261         4.6295491646         1.3915897233 
        2.2250000000         2.1800000000         1.2132484939        -0.0161846340         1.8148478388         5.0276562153         1.4068723253 
        2.2300000000         2.1800000000         1.2132484939        -0.0161846340         1.8180507824         4.6959003397         1.3941368236 
        2.2350000000         2.1800000000         1.2081558831        -0.1488455681         1.8116448952         4.4968468143         1.3864955226 
        2.2400001000         2.1800000000         1.2081558831        -0.1488455681         1.8084419515         4.7622515148         1.3966839240 
        2.2450001000         2.1800000000         1.2208874101         0.1828067672         1.8244566697         4.7622515148         1.3966839240 
        2.2500000000         2.1800000000         1.2208874101         0.1828067672         1.8276596133         4.4968468143         1.3864955226 
        2.2550000000         2.1800000000         1.2234337155         0.2491372343         1.8276596133         4.7622515148         1.3966839240 
        2.2600001000         2.1800000000         1.2132484939        -0.0161846340         1.8148478388         4.6959003397         1.3941368236 
        2.2650001000         2.1800000000         1.2132484939        -0.0161846340         1.8180507824         4.8949538651         1.4017781247 
        2.2700000000         2.1800000000         1.2208874101         0.1828067672         1.8244566697         4.7622515148         1.3966839240 
        2.2750000000         2.1800000000         1.2107021885        -0.0825151010         1.8084419515         4.7622515148         1.3966839240 
        2.2800001000         2.1800000000         1.2132484939        -0.0161846340         1.8180507824         4.6295491646         1.3915897233 
        2.2850001000         2.1800000000         1.2183411047         0.1164763002         1.8276596133         4.7622515148         1.3966839240 
        2.2900000000         2.1800000000         1.2132484939        -0.0161846340         1.8180507824         4.8949538651         1.4017781247 
        2.2950000000         2.1800000000         1.2208874101         0.1828067672         1.8276596133         4.6959003397         1.3941368236 
        2.3000001000         2.1800000000         1.2132484939        -0.0161846340         1.8180507824         4.9613050402         1.4043252250 
        2.3050001000         2.1800000000         1.2208874101         0.1828067672         1.8276596133         4.7622515148         1.3966839240 
        2.3100000000         2.1800000000         1.2157947993         0.0501458331         1.8244566697         4.8949538651         1.4017781247 
        2.3150000000         2.1800000000         1.2234337155         0.2491372343         1.8180507824         4.6295491646         1.3915897233 
        2.3200000000         2.1800000000         1.2183411047         0.1164763002         1.8180507824         4.6295491646         1.3915897233 
        2.3250001000         2.1800000000         1.2157947993         0.0501458331         1.8148478388         4.5631979895         1.3890426230 
        2.3300000000         2.1800000000         1.2132484939        -0.0161846340         1.8180507824         4.6295491646         1.3915897233 
        2.3350000000         2.1800000000         1.2157947993         0.0501458331         1.8148478388         4.6959003397         1.3941368236 
        2.3400000000         2.1800000000         1.2234337155         0.2491372343         1.8244566697         4.7622515148         1.3966839240 
        2.3450001000         2.1800000000         1.2157947993         0.0501458331         1.8148478388         4.9613050402         1.4043252250 
        2.3500000000         2.1800000000         1.2132484939        -0.0161846340         1.8244566697         4.9613050402         1.4043252250 
        2.3550000000         2.1800000000         1.2157947993         0.0501458331         1.8244566697         4.8286026899         1.3992310243 
        2.3600000000         2.1800000000         1.2208874101         0.1828067672         1.8180507824         4.6959003397         1.3941368236 
        2.3650001000         2.1800000000         1.2157947993         0.0501458331         1.8212537261         4.6959003397         1.3941368236 
        2.3700001000         2.1800000000         1.2056095777        -0.2151760351         1.8084419515         4.5631979895         1.3890426230 
        2.3750000000         2.1800000000         1.2208874101         0.1828067672         1.8244566697         4.8286026899         1.3992310243 
        2.3800000000         2.1800000000         1.2132484939        -0.0161846340         1.8244566697         4.9613050402         1.4043252250 
        2.3850001000         2.1800000000         1.2183411047         0.1164763002         1.8244566697         4.7622515148         1.3966839240 
        2.3900001000         2.1800000000         1.2132484939        -0.0161846340         1.8148478388         4.6295491646         1.3915897233 
        2.3950000000         2.1800000000         1.2157947993         0.0501458331         1.8084419515         4.4968468143         1.3864955226 
        2.4000000000         2.1800000000         1.2157947993         0.0501458331         1.8180507824         4.6295491646         1.3915897233 
        2.4050001000         2.1800000000         1.2157947993         0.0501458331         1.8084419515         4.5631979895         1.3890426230 
        2.4100001000         2.1800000000         1.2132484939        -0.0161846340         1.8148478388         4.9613050402         1.4043252250 
        2.4150000000         2.1800000000         1.2081558831        -0.1488455681         1.8084419515         4.7622515148         1.3966839240 
        2.4200000000         2.1800000000         1.2081558831        -0.1488455681         1.8084419515         4.7622515148         1.3966839240 
        2.4250001000         2.1800000000         1.2208874101         0.1828067672         1.8148478388         4.6295491646         1.3915897233 
        2.4300001000         2.1800000000         1.2081558831        -0.1488455681         1.8084419515         4.7622515148         1.3966839240 
        2.4350000000         2.1800000000         1.2132484939        -0.0161846340         1.8084419515         4.7622515148         1.3966839240 
        2.4400000000         2.1800000000         1.2132484939        -0.0161846340         1.8180507824         4.6295491646         1.3915897233 
        2.4450000000         2.1800000000         1.2208874101         0.1828067672         1.8244566697         4.7622515148         1.3966839240 
        2.4500001000         2.1800000000         1.2132484939        -0.0161846340         1.8116448952         4.6959003397         1.3941368236 
        2.4550000000         2.1800000000         1.2081558831        -0.1488455681         1.8084419515         4.8286026899         1.3992310243 
        2.4600000000         2.1800000000         1.2081558831        -0.1488455681         1.8084419515         4.8286026899         1.3992310243 
        2.4650000000         2.1800000000         1.2157947993         0.0501458331         1.8180507824         4.9613050402         1.4043252250 
        2.4700001000         2.1800000000         1.2132484939        -0.0161846340         1.8180507824         4.9613050402         1.4043252250 
        2.4750000000         2.1800000000         1.2132484939        -0.0161846340         1.8180507824         4.6295491646         1.3915897233 
        2.4800000000         2.1800000000         1.2234337155         0.2491372343         1.8244566697         4.8286026899         1.3992310243 
        2.4850000000         2.1800000000         1.2132484939        -0.0161846340         1.8180507824         4.9613050402         1.4043252250 
        2.4900001000         2.1800000000         1.2132484939        -0.0161846340         1.8180507824         4.9613050402         1.4043252250 
        2.4950001000         2.1800000000         1.2183411047         0.1164763002         1.8244566697         4.7622515148         1.3966839240 
        2.5000000000         2.1800000000         1.2132484939        -0.0161846340         1.8180507824         4.9613050402         1.4043252250 
        2.5050000000         2.1800000000         1.2208874101         0.1828067672         1.8244566697         4.8286026899         1.3992310243 
        2.5100001000         2.1800000000         1.2157947993         0.0501458331         1.8244566697         4.8286026899         1.3992310243 
        2.5150001000         2.1800000000         1.2132484939        -0.0161846340         1.8148478388         4.9613050402         1.4043252250 
        2.5200000000         2.1800000000         1.2208874101         0.1828067672         1.8244566697         4.8286026899         1.3992310243 
        2.5250000000         2.1800000000         1.2132484939        -0.0161846340         1.8148478388         4.9613050402         1.4043252250 
        2.5300001000         2.1800000000         1.2132484939        -0.0161846340         1.8148478388         4.9613050402         1.4043252250 
        2.5350001000         2.1800000000         1.2081558831        -0.1488455681         1.8052390079         4.8286026899         1.3992310243 
        2.5400000000         2.1800000000         1.2081558831        -0.1488455681         1.8052390079         4.4968468143         1.3864955226 
        2.5450000000         2.1800000000         1.2132484939        -0.0161846340         1.8148478388         4.6959003397         1.3941368236 
        2.5500001000         2.1800000000         1.2183411047         0.1164763002         1.8244566697         4.8286026899         1.3992310243 
        2.5550001000         2.1800000000         1.2183411047         0.1164763002         1.8276596133         4.8286026899         1.3992310243 
        2.5600000000         2.1800000000         1.2234337155         0.2491372343         1.8244566697         4.7622515148         1.3966839240 
        2.5650000000         2.1800000000         1.2132484939        -0.0161846340         1.8180507824         5.0276562153         1.4068723253 
        2.5700000000         2.1800000000         1.2132484939        -0.0161846340         1.8276596133         4.7622515148         1.3966839240 
        2.5750001000         2.1800000000         1.2157947993         0.0501458331         1.8180507824         4.9613050402         1.4043252250 
        2.5800000000         2.1800000000         1.2132484939        -0.0161846340         1.8212537261         5.0276562153         1.4068723253 
        2.5850000000         2.1800000000         1.2081558831        -0.1488455681         1.8116448952         4.7622515148         1.3966839240 
        2.5900000000         2.1800000000         1.2132484939        -0.0161846340         1.8180507824         4.6295491646         1.3915897233 
        2.5950001000         2.1800000000         1.2132484939        -0.0161846340         1.8084419515         4.2977932890         1.3788542216 
        2.6000000000         2.1800000000         1.2081558831        -0.1488455681         1.8116448952         4.7622515148         1.3966839240 
        2.6050000000         2.1800000000         1.2132484939        -0.0161846340         1.8180507824         4.5631979895         1.3890426230 
        2.6100000000         2.1800000000         1.2132484939        -0.0161846340         1.8116448952         4.6295491646         1.3915897233 
        2.6150001000         2.1800000000         1.2208874101         0.1828067672         1.8244566697         4.7622515148         1.3966839240 
        2.6200001000         2.1800000000         1.2132484939        -0.0161846340         1.8244566697         4.7622515148         1.3966839240 
        2.6250000000         2.1800000000         1.2208874101         0.1828067672         1.8244566697         4.7622515148         1.3966839240 
        2.6300000000         2.1800000000         1.2132484939        -0.0161846340         1.8148478388         4.9613050402         1.4043252250 
        2.6350001000         2.1800000000         1.2081558831        -0.1488455681         1.8180507824         4.8286026899         1.3992310243 
        2.6400001000         2.1800000000         1.2081558831        -0.1488455681         1.8084419515         4.7622515148         1.3966839240 
        2.6450000000         2.1800000000         1.2081558831        -0.1488455681         1.8084419515         4.8286026899         1.3992310243 
        2.6500000000         2.1800000000         1.2132484939        -0.0161846340         1.8116448952         4.8286026899         1.3992310243 
        2.6550001000         2.1800000000         1.2208874101         0.1828067672         1.8244566697         4.7622515148         1.3966839240 
        2.6600001000         2.1800000000         1.2132484939        -0.0161846340         1.8180507824         4.6295491646         1.3915897233 
        2.6650000000         2.1800000000         1.2132484939        -0.0161846340         1.8180507824         4.6295491646         1.3915897233 
        2.6700000000         2.1800000000         1.2132484939        -0.0161846340         1.8180507824         5.0276562153         1.4068723253 
        2.6750001000         2.1800000000         1.2132484939        -0.0161846340         1.8180507824         4.9613050402         1.4043252250 
        2.6800001000         2.1800000000         1.2208874101         0.1828067672         1.8244566697         4.7622515148         1.3966839240 
        2.6850000000         2.1800000000         1.2132484939        -0.0161846340         1.8180507824         4.6959003397         1.3941368236 
        2.6900000000         2.1800000000         1.2183411047         0.1164763002         1.8180507824         4.6295491646         1.3915897233 
        2.6950000000         2.1800000000         1.2132484939        -0.0161846340         1.8180507824         4.8949538651         1.4017781247 
        2.7000001000         2.1800000000         1.2081558831        -0.1488455681         1.8180507824         4.7622515148         1.3966839240 
        2.7050000000         2.1800000000         1.2208874101         0.1828067672         1.8244566697         4.7622515148         1.3966839240 
        2.7100000000         2.1800000000         1.2132484939        -0.0161846340         1.8244566697         4.7622515148         1.3966839240 
        2.7150000000         2.1800000000         1.2183411047         0.1164763002         1.8276596133         4.7622515148         1.3966839240 
        2.7200001000         2.1800000000         1.2157947993         0.0501458331         1.8276596133         4.8286026899         1.3992310243 
        2.7250000000         2.1800000000         1.2208874101         0.1828067672         1.8276596133         4.8286026899         1.3992310243 
        2.7300000000         2.1800000000         1.2081558831        -0.1488455681         1.8084419515         4.8286026899         1.3992310243 
        2.7350000000         2.1800000000         1.2132484939        -0.0161846340         1.8180507824         4.6295491646         1.3915897233 
        2.7400001000         2.1800000000         1.2132484939        -0.0161846340         1.8084419515         4.4304956392         1.3839484223 
        2.7450001000         2.1800000000         1.2056095777        -0.2151760351         1.8084419515         4.7622515148         1.3966839240 
        2.7500000000         2.1800000000         1.2132484939        -0.0161846340         1.8084419515         4.7622515148         1.3966839240 
        2.7550000000         2.1800000000         1.2132484939        -0.0161846340         1.8180507824         4.6295491646         1.3915897233 
        2.7600001000         2.1800000000         1.2234337155         0.2491372343         1.8244566697         4.7622515148         1.3966839240 
        2.7650001000         2.1800000000         1.2208874101         0.1828067672         1.8212537261         4.7622515148         1.3966839240 
        2.7700000000         2.1800000000         1.2132484939        -0.0161846340         1.8148478388         4.8949538651         1.4017781247 
        2.7750000000         2.1800000000         1.2132484939        -0.0161846340         1.8212537261         4.9613050402         1.4043252250 
        2.7800001000         2.1800000000         1.2132484939        -0.0161846340         1.8084419515         4.7622515148         1.3966839240 
        2.7850001000         2.1800000000         1.2081558831        -0.1488455681         1.8084419515         4.7622515148         1.3966839240 
        2.7900000000         2.1800000000         1.2208874101         0.1828067672         1.8244566697         4.7622515148         1.3966839240 
        2.7950000000         2.1800000000         1.2132484939        -0.0161846340         1.8148478388         4.6295491646         1.3915897233 
        2.8000001000         2.1800000000         1.2132484939        -0.0161846340         1.8180507824         4.6295491646         1.3915897233 
        2.8050001000         2.1800000000         1.2208874101         0.1828067672         1.8212537261         4.7622515148         1.3966839240 
        2.8100000000         2.1800000000         1.2081558831        -0.1488455681         1.8180507824         4.9613050402         1.4043252250 
        2.8150000000         2.1800000000         1.2056095777        -0.2151760351         1.8084419515         4.7622515148         1.3966839240 
        2.8200000000         2.1800000000         1.2081558831        -0.1488455681         1.8084419515         4.7622515148         1.3966839240 
        2.8250001000         2.1800000000         1.2081558831        -0.1488455681         1.8084419515         4.8286026899         1.3992310243 
        2.8300000000         2.1800000000         1.2132484939        -0.0161846340         1.8180507824         4.6295491646         1.3915897233 
        2.8350000000         2.1800000000         1.2208874101         0.1828067672         1.8276596133         4.8286026899         1.3992310243 
        2.8400000000         2.1800000000         1.2132484939        -0.0161846340         1.8180507824         4.5631979895         1.3890426230 
        2.8450001000         2.1800000000         1.2056095777        -0.2151760351         1.8084419515         4.7622515148         1.3966839240 
        2.8500000000         2.1800000000         1.2208874101         0.1828067672         1.8276596133         4.6959003397         1.3941368236 
        2.8550000000         2.1800000000         1.2132484939        -0.0161846340         1.8180507824         5.0276562153         1.4068723253 
        2.8600000000         2.1800000000         1.2132484939        -0.0161846340         1.8084419515         4.6295491646         1.3915897233 
        2.8650001000         2.1800000000         1.2081558831        -0.1488455681         1.8084419515         4.7622515148         1.3966839240 
        2.8700001000         2.1800000000         1.2056095777        -0.2151760351         1.8052390079         4.7622515148         1.3966839240 
        2.8750000000         2.1800000000         1.2132484939        -0.0161846340         1.8148478388         4.2977932890         1.3788542216 
        2.8800000000         2.1800000000         1.2208874101         0.1828067672         1.8180507824         4.6295491646         1.3915897233 
        2.8850001000         2.1800000000         1.2208874101         0.1828067672         1.8276596133         4.4968468143         1.3864955226 
        2.8900001000         2.1800000000         1.2132484939        -0.0161846340         1.8180507824         4.6295491646         1.3915897233 
        2.8950000000         2.1800000000         1.2132484939        -0.0161846340         1.8180507824         4.6295491646         1.3915897233 
        2.9000000000         2.1800000000         1.2107021885        -0.0825151010         1.8084419515         4.4968468143         1.3864955226 
        2.9050001000         2.1800000000         1.2132484939        -0.0161846340         1.8180507824         4.2977932890         1.3788542216 
        2.9100001000         2.1800000000         1.2132484939        -0.0161846340         1.8180507824         4.5631979895         1.3890426230 
        2.9150000000         2.1800000000         1.2132484939        -0.0161846340         1.8180507824         4.5631979895         1.3890426230 
        2.9200000000         2.1800000000         1.2107021885        -0.0825151010         1.8212537261         4.5631979895         1.3890426230 
        2.9250001000         2.1800000000         1.2208874101         0.1828067672         1.8244566697         4.7622515148         1.3966839240 
        2.9300001000         2.1800000000         1.2132484939        -0.0161846340         1.8276596133         4.7622515148         1.3966839240 
        2.9350000000         2.1800000000         1.2183411047         0.1164763002         1.8180507824         4.9613050402         1.4043252250 
        2.9400000000         2.1800000000         1.2081558831        -0.1488455681         1.8180507824         4.9613050402         1.4043252250 
        2.9450000000         2.1800000000         1.2081558831        -0.1488455681         1.8180507824         4.9613050402         1.4043252250 
        2.9500001000         2.1800000000         1.2056095777        -0.2151760351         1.8116448952         4.7622515148         1.3966839240 
        2.9550000000         2.1800000000         1.2132484939        -0.0161846340         1.8212537261         4.6295491646         1.3915897233 
        2.9600000000         2.1800000000         1.2081558831        -0.1488455681         1.8084419515         4.7622515148         1.3966839240 
        2.9650000000         2.1800000000         1.2056095777        -0.2151760351         1.8084419515         4.8286026899         1.3992310243 
        2.9700001000         2.1800000000         1.2132484939        -0.0161846340         1.8148478388         4.6295491646         1.3915897233 
        2.9750000000         2.1800000000         1.2132484939        -0.0161846340         1.8148478388         4.9613050402         1.4043252250 
        2.9800000000         2.1800000000         1.2107021885        -0.0825151010         1.8084419515         4.7622515148         1.3966839240 
        2.9850000000         2.1800000000         1.2132484939        -0.0161846340         1.8180507824         4.6295491646         1.3915897233 
        2.9900001000         2.1800000000         1.2132484939        -0.0161846340         1.8212537261         4.6295491646         1.3915897233 
        2.9950001000         2.1800000000         1.2208874101         0.1828067672         1.8244566697         4.7622515148         1.3966839240 
        3.0000000000         2.1800000000         1.2208874101         0.1828067672         1.8244566697         4.6959003397         1.3941368236 
        3.0050000000         2.1800000000         1.2132484939        -0.0161846340         1.8244566697         4.7622515148         1.3966839240 
        3.0100001000         2.1800000000         1.2208874101         0.1828067672         1.8244566697         4.8286026899         1.3992310243 
        3.0150001000         2.1800000000         1.2183411047         0.1164763002         1.8180507824         5.0276562153         1.4068723253 
        3.0200000000         2.1800000000         1.2208874101         0.1828067672         1.8180507824         4.4968468143         1.3864955226 
        3.0250000000         2.1800000000         1.2208874101         0.1828067672         1.8244566697         4.8286026899         1.3992310243 
        3.0300001000         2.1800000000         1.2132484939        -0.0161846340         1.8148478388         4.9613050402         1.4043252250 
        3.0350001000         2.1800000000         1.2081558831        -0.1488455681         1.8084419515         4.8286026899         1.3992310243 
        3.0400000000         2.1800000000         1.2132484939        -0.0161846340         1.8180507824         4.9613050402         1.4043252250 
        3.0450000000         2.1800000000         1.2081558831        -0.1488455681         1.8084419515         4.4968468143         1.3864955226 
        3.0500001000         2.1800000000         1.2132484939        -0.0161846340         1.8180507824         4.2977932890         1.3788542216 
        3.0550001000         2.1800000000         1.2157947993         0.0501458331         1.8180507824         4.5631979895         1.3890426230 
        3.0600000000         2.1800000000         1.2132484939        -0.0161846340         1.8180507824         4.6295491646         1.3915897233 
        3.0650000000         2.1800000000         1.2183411047         0.1164763002         1.8244566697         4.7622515148         1.3966839240 
        3.0700000000         2.1800000000         1.2132484939        -0.0161846340         1.8212537261         4.7622515148         1.3966839240 
        3.0750001000         2.1800000000         1.2208874101         0.1828067672         1.8244566697         4.7622515148         1.3966839240 
        3.0800000000         2.1800000000         1.2081558831        -0.1488455681         1.8180507824         4.8949538651         1.4017781247 
        3.0850000000         2.1800000000         1.2132484939        -0.0161846340         1.8148478388         4.9613050402         1.4043252250 
        3.0900000000         2.1800000000         1.2056095777        -0.2151760351         1.8116448952         4.7622515148         1.3966839240 
        3.0950001000         2.1800000000         1.2208874101         0.1828067672         1.8244566697         4.7622515148         1.3966839240 
        3.1000000000         2.1800000000         1.2208874101         0.1828067672         1.8244566697         4.7622515148         1.3966839240 
        3.1050000000         2.1800000000         1.2208874101         0.1828067672         1.8276596133         4.7622515148         1.3966839240 
        3.1100000000         2.1800000000         1.2132484939        -0.0161846340         1.8180507824         4.9613050402         1.4043252250 
        3.1150001000         2.1800000000         1.2157947993         0.0501458331         1.8180507824         4.9613050402         1.4043252250 
        3.1200001000         2.1800000000         1.2081558831        -0.1488455681         1.8212537261         4.7622515148         1.3966839240 
        3.1250000000         2.1800000000         1.2132484939        -0.0161846340         1.8180507824         4.8949538651         1.4017781247 
        3.1300000000         2.1800000000         1.2081558831        -0.1488455681         1.8084419515         4.7622515148         1.3966839240 
        3.1350001000         2.1800000000         1.2183411047         0.1164763002         1.8180507824         4.6295491646         1.3915897233 
        3.1400001000         2.1800000000         1.2157947993         0.0501458331         1.8180507824         4.6959003397         1.3941368236 
        3.1450000000         2.1800000000         1.2132484939        -0.0161846340         1.8180507824         4.6959003397         1.3941368236 
        3.1500000000         2.1800000000         1.2208874101         0.1828067672         1.8244566697         4.7622515148         1.3966839240 
        3.1550001000         2.1800000000         1.2081558831        -0.1488455681         1.8084419515         4.5631979895         1.3890426230 
        3.1600001000         2.1800000000         1.2208874101         0.1828067672         1.8276596133         4.8949538651         1.4017781247 
        3.1650000000         2.1800000000         1.2132484939        -0.0161846340         1.8148478388         4.9613050402         1.4043252250 
        3.1700000000         2.1800000000         1.2107021885        -0.0825151010         1.8180507824         4.6295491646         1.3915897233 
        3.1750001000         2.1800000000         1.2132484939        -0.0161846340         1.8212537261         4.6295491646         1.3915897233 
        3.1800001000         2.1800000000         1.2132484939        -0.0161846340         1.8180507824         4.2977932890         1.3788542216 
        3.1850000000         2.1800000000         1.2183411047         0.1164763002         1.8212537261         4.4304956392         1.3839484223 
        3.1900000000         2.1800000000         1.2132484939        -0.0161846340         1.8180507824         4.9613050402         1.4043252250 
        3.1950000000         2.1800000000         1.2157947993         0.0501458331         1.8084419515         4.7622515148         1.3966839240 
        3.2000001000         2.1800000000         1.2081558831        -0.1488455681         1.8084419515         4.7622515148         1.3966839240 
        3.2050000000         2.1800000000         1.2132484939        -0.0161846340         1.8084419515         4.8286026899         1.3992310243 
        3.2100000000         2.1800000000         1.2132484939        -0.0161846340         1.8180507824         4.9613050402         1.4043252250 
        3.2150000000         2.1800000000         1.2132484939        -0.0161846340         1.8116448952         4.8286026899         1.3992310243 
        3.2200001000         2.1800000000         1.2157947993         0.0501458331         1.8180507824         4.6295491646         1.3915897233 
        3.2250000000         2.1800000000         1.2208874101         0.1828067672         1.8244566697         4.7622515148         1.3966839240 
        3.2300000000         2.1800000000         1.2132484939        -0.0161846340         1.8180507824         4.9613050402         1.4043252250 
        3.2350000000         2.1800000000         1.2132484939        -0.0161846340         1.8180507824         4.9613050402         1.4043252250 
        3.2400001000         2.1800000000         1.2056095777        -0.2151760351         1.8084419515         4.6959003397         1.3941368236 
        3.2450001000         2.1800000000         1.2132484939        -0.0161846340         1.8052390079         4.7622515148         1.3966839240 
        3.2500000000         2.1800000000         1.2132484939        -0.0161846340         1.8180507824         4.9613050402         1.4043252250 
        3.2550000000         2.1800000000         1.2056095777        -0.2151760351         1.8116448952         4.7622515148         1.3966839240 
        3.2600001000         2.1800000000         1.2208874101         0.1828067672         1.8212537261         4.7622515148         1.3966839240 
        3.2650001000         2.1800000000         1.2132484939        -0.0161846340         1.8212537261         4.6295491646         1.3915897233 
        3.2700000000         2.1800000000         1.2132484939        -0.0161846340         1.8212537261         4.6295491646         1.3915897233 
        3.2750000000         2.1800000000         1.2183411047         0.1164763002         1.8276596133         4.7622515148         1.3966839240 
        3.2800001000         2.1800000000         1.2234337155         0.2491372343         1.8180507824         4.6295491646         1.3915897233 
        3.2850001000         2.1800000000         1.2132484939        -0.0161846340         1.8180507824         4.6295491646         1.3915897233 
        3.2900000000         2.1800000000         1.2132484939        -0.0161846340         1.8148478388         4.2977932890         1.3788542216 
        3.2950000000         2.1800000000         1.2132484939        -0.0161846340         1.8212537261         4.7622515148         1.3966839240 
        3.3000001000         2.1800000000         1.2132484939        -0.0161846340         1.8180507824         4.6295491646         1.3915897233 
        3.3050001000         2.1800000000         1.2132484939        -0.0161846340         1.8180507824         4.6295491646         1.3915897233 
        3.3100000000         2.1800000000         1.2107021885        -0.0825151010         1.8180507824         4.9613050402         1.4043252250 
        3.3150000000         2.1800000000         1.2132484939        -0.0161846340         1.8180507824         4.6295491646         1.3915897233 
        3.3200000000         2.1800000000         1.2157947993         0.0501458331         1.8212537261         4.6295491646         1.3915897233 
        3.3250001000         2.1800000000         1.2081558831        -0.1488455681         1.8180507824         4.6295491646         1.3915897233 
        3.3300000000         2.1800000000         1.2081558831        -0.1488455681         1.8084419515         4.4304956392         1.3839484223 
        3.3350000000         2.1800000000         1.2132484939        -0.0161846340         1.8116448952         4.6959003397         1.3941368236 
        3.3400000000         2.1800000000         1.2081558831        -0.1488455681         1.8084419515         4.4968468143         1.3864955226 
        3.3450001000         2.1800000000         1.2132484939        -0.0161846340         1.8180507824         4.2977932890         1.3788542216 
        3.3500000000         2.1800000000         1.2132484939        -0.0161846340         1.8148478388         4.6295491646         1.3915897233 
        3.3550000000         2.1800000000         1.2208874101         0.1828067672         1.8212537261         4.4968468143         1.3864955226 
        3.3600000000         2.1800000000         1.2208874101         0.1828067672         1.8276596133         4.7622515148         1.3966839240 
        3.3650001000         2.1800000000         1.2132484939        -0.0161846340         1.8148478388         4.9613050402         1.4043252250 
        3.3700001000         2.1800000000         1.2183411047         0.1164763002         1.8244566697         4.7622515148         1.3966839240 
        3.3750000000         2.1800000000         1.2208874101         0.1828067672         1.8244566697         4.7622515148         1.3966839240 
        3.3800000000         2.1800000000         1.2132484939        -0.0161846340         1.8148478388         4.7622515148         1.3966839240 
        3.3850001000         2.1800000000         1.2183411047         0.1164763002         1.8244566697         4.7622515148         1.3966839240 
        3.3900001000         2.1800000000         1.2208874101         0.1828067672         1.8244566697         4.4304956392         1.3839484223 
        3.3950000000         2.1800000000         1.2081558831        -0.1488455681         1.8084419515         4.8286026899         1.3992310243 
        3.4000000000         2.1800000000         1.2157947993         0.0501458331         1.8276596133         4.7622515148         1.3966839240 
        3.4050001000         2.1800000000         1.2132484939        -0.0161846340         1.8180507824         4.9613050402         1.4043252250 
        3.4100001000         2.1800000000         1.2132484939        -0.0161846340         1.8180507824         4.2977932890         1.3788542216 
        3.4150000000         2.1800000000         1.2107021885        -0.0825151010         1.8084419515         4.7622515148         1.3966839240 
        3.4200000000         2.1800000000         1.2132484939        -0.0161846340         1.8180507824         4.6295491646         1.3915897233 
        3.4250001000         2.1800000000         1.2132484939        -0.0161846340         1.8148478388         4.9613050402         1.4043252250 
        3.4300001000         2.1800000000         1.2030632723        -0.2815065022         1.8084419515         4.7622515148         1.3966839240 
        3.4350000000         2.1800000000         1.2132484939        -0.0161846340         1.8148478388         4.9613050402         1.4043252250 
        3.4400000000         2.1800000000         1.2132484939        -0.0161846340         1.8180507824         4.6295491646         1.3915897233 
        3.4450000000         2.1800000000         1.2183411047         0.1164763002         1.8180507824         4.6959003397         1.3941368236 
        3.4500001000         2.1800000000         1.2132484939        -0.0161846340         1.8180507824         4.8949538651         1.4017781247 
        3.4550000000         2.1800000000         1.2208874101         0.1828067672         1.8212537261         4.8286026899         1.3992310243 
        3.4600000000         2.1800000000         1.2081558831        -0.1488455681         1.8180507824         4.9613050402         1.4043252250 
        3.4650000000         2.1800000000         1.2132484939        -0.0161846340         1.8180507824         4.2977932890         1.3788542216 
        3.4700001000         2.1800000000         1.2132484939        -0.0161846340         1.8180507824         4.9613050402         1.4043252250 
        3.4750000000         2.1800000000         1.2081558831        -0.1488455681         1.8084419515         4.4968468143         1.3864955226 
        3.4800000000         2.1800000000         1.2081558831        -0.1488455681         1.8116448952         4.7622515148         1.3966839240 
        3.4850000000         2.1800000000         1.2081558831        -0.1488455681         1.8084419515         4.7622515148         1.3966839240 
        3.4900001000         2.1800000000         1.2081558831        -0.1488455681         1.8180507824         4.6295491646         1.3915897233 
        3.4950001000         2.1800000000         1.2081558831        -0.1488455681         1.8116448952         4.7622515148         1.3966839240 
        3.5000000000         2.1800000000         1.2081558831        -0.1488455681         1.8116448952         4.4304956392         1.3839484223 
        3.5050000000         2.1800000000         1.2132484939        -0.0161846340         1.8148478388         4.4968468143         1.3864955226 
        3.5100001000         2.1800000000         1.2056095777        -0.2151760351         1.8084419515         4.7622515148         1.3966839240 
        3.5150001000         2.1800000000         1.2157947993         0.0501458331         1.8084419515         4.4968468143         1.3864955226 
        3.5200000000         2.1800000000         1.2132484939        -0.0161846340         1.8180507824         4.8949538651         1.4017781247 
        3.5250000000         2.1800000000         1.2081558831        -0.1488455681         1.8084419515         4.6959003397         1.3941368236 
        3.5300001000         2.1800000000         1.2081558831        -0.1488455681         1.8084419515         4.7622515148         1.3966839240 
        3.5350001000         2.1800000000         1.2081558831        -0.1488455681         1.8084419515         4.7622515148         1.3966839240 
        3.5400000000         2.1800000000         1.2081558831        -0.1488455681         1.8052390079         4.7622515148         1.3966839240 
        3.5450000000         2.1800000000         1.2132484939        -0.0161846340         1.8180507824         4.2977932890         1.3788542216 
        3.5500001000         2.1800000000         1.2081558831        -0.1488455681         1.8084419515         4.7622515148         1.3966839240 
        3.5550001000         2.1800000000         1.2132484939        -0.0161846340         1.8148478388         4.9613050402         1.4043252250 
        3.5600000000         2.1800000000         1.2107021885        -0.0825151010         1.8180507824         4.9613050402         1.4043252250 
        3.5650000000         2.1800000000         1.2132484939        -0.0161846340         1.8148478388         4.9613050402         1.4043252250 
        3.5700000000         2.1800000000         1.2132484939        -0.0161846340         1.8180507824         4.9613050402         1.4043252250 
        3.5750001000         2.1800000000         1.2157947993         0.0501458331         1.8180507824         4.6295491646         1.3915897233 
        3.5800000000         2.1800000000         1.2056095777        -0.2151760351         1.8116448952         4.7622515148         1.3966839240 
        3.5850000000         2.1800000000         1.2081558831        -0.1488455681         1.8116448952         4.8286026899         1.3992310243 
        3.5900000000         2.1800000000         1.2081558831        -0.1488455681         1.8084419515         4.7622515148         1.3966839240 
        3.5950001000         2.1800000000         1.2157947993         0.0501458331         1.8148478388         4.9613050402         1.4043252250 
        3.6000000000         2.1800000000         1.2132484939        -0.0161846340         1.8180507824         4.6295491646         1.3915897233 
        3.6050000000         2.1800000000         1.2234337155         0.2491372343         1.8276596133         4.7622515148         1.3966839240 
        3.6100000000         2.1800000000         1.2234337155         0.2491372343         1.8276596133         4.8286026899         1.3992310243 
        3.6150001000         2.1800000000         1.2132484939        -0.0161846340         1.8148478388         4.6295491646         1.3915897233 
        3.6200001000         2.1800000000         1.2107021885        -0.0825151010         1.8084419515         4.7622515148         1.3966839240 
        3.6250000000         2.1800000000         1.2132484939        -0.0161846340         1.8180507824         4.6295491646         1.3915897233 
        3.6300000000         2.1800000000         1.2132484939        -0.0161846340         1.8180507824         4.6959003397         1.3941368236 
        3.6350001000         2.1800000000         1.2132484939        -0.0161846340         1.8180507824         4.6295491646         1.3915897233 
        3.6400001000         2.1800000000         1.2132484939        -0.0161846340         1.8084419515         4.7622515148         1.3966839240 
        3.6450000000         2.1800000000         1.2056095777        -0.2151760351         1.8116448952         4.7622515148         1.3966839240 
        3.6500000000         2.1800000000         1.2157947993         0.0501458331         1.8180507824         4.6295491646         1.3915897233 
        3.6550001000         2.1800000000         1.2132484939        -0.0161846340         1.8084419515         4.7622515148         1.3966839240 
        3.6600001000         2.1800000000         1.2081558831        -0.1488455681         1.8148478388         4.6959003397         1.3941368236 
        3.6650000000         2.1800000000         1.2132484939        -0.0161846340         1.8244566697         4.7622515148         1.3966839240 
        3.6700000000         2.1800000000         1.2208874101         0.1828067672         1.8244566697         4.7622515148         1.3966839240 
        3.6750001000         2.1800000000         1.2208874101         0.1828067672         1.8180507824         4.4304956392         1.3839484223 
        3.6800001000         2.1800000000         1.2234337155         0.2491372343         1.8244566697         4.7622515148         1.3966839240 
        3.6850000000         2.1800000000         1.2157947993         0.0501458331         1.8180507824         4.9613050402         1.4043252250 
        3.6900000000         2.1800000000         1.2132484939        -0.0161846340         1.8180507824         4.9613050402         1.4043252250 
        3.6950000000         2.1800000000         1.2056095777        -0.2151760351         1.8116448952         4.7622515148         1.3966839240 
        3.7000001000         2.1800000000         1.2132484939        -0.0161846340         1.8180507824         4.8949538651         1.4017781247 
        3.7050000000         2.1800000000         1.2132484939        -0.0161846340         1.8180507824         4.9613050402         1.4043252250 
        3.7100000000         2.1800000000         1.2132484939        -0.0161846340         1.8084419515         4.7622515148         1.3966839240 
        3.7150000000         2.1800000000         1.2056095777        -0.2151760351         1.8180507824         4.8949538651         1.4017781247 
        3.7200001000         2.1800000000         1.2081558831        -0.1488455681         1.8180507824         4.7622515148         1.3966839240 
        3.7250000000         2.1800000000         1.2132484939        -0.0161846340         1.8084419515         4.6295491646         1.3915897233 
        3.7300000000         2.1800000000         1.2081558831        -0.1488455681         1.8084419515         4.7622515148         1.3966839240 
        3.7350000000         2.1800000000         1.2132484939        -0.0161846340         1.8180507824         4.6295491646         1.3915897233 
        3.7400001000         2.1800000000         1.2183411047         0.1164763002         1.8180507824         4.7622515148         1.3966839240 
        3.7450001000         2.1800000000         1.2107021885        -0.0825151010         1.8180507824         4.5631979895         1.3890426230 
        3.7500000000         2.1800000000         1.2208874101         0.1828067672         1.8180507824         4.6295491646         1.3915897233 
        3.7550000000         2.1800000000         1.2208874101         0.1828067672         1.8244566697         4.7622515148         1.3966839240 
        3.7600001000         2.1800000000         1.2259800209         0.3154677013         1.8276596133         4.8286026899         1.3992310243 
        3.7650001000         2.1800000000         1.2208874101         0.1828067672         1.8244566697         4.8286026899         1.3992310243 
        3.7700000000         2.1800000000         1.2132484939        -0.0161846340         1.8180507824         4.8949538651         1.4017781247 
        3.7750000000         2.1800000000         1.2208874101         0.1828067672         1.8276596133         4.8286026899         1.3992310243 
        3.7800001000         2.1800000000         1.2234337155         0.2491372343         1.8244566697         4.7622515148         1.3966839240 
        3.7850001000         2.1800000000         1.2132484939        -0.0161846340         1.8212537261         4.6959003397         1.3941368236 
        3.7900000000         2.1800000000         1.2132484939        -0.0161846340         1.8180507824         4.6295491646         1.3915897233 
        3.7950000000         2.1800000000         1.2107021885        -0.0825151010         1.8180507824         4.6959003397         1.3941368236 
        3.8000001000         2.1800000000         1.2183411047         0.1164763002         1.8276596133         4.7622515148         1.3966839240 
        3.8050001000         2.1800000000         1.2081558831        -0.1488455681         1.8148478388         4.6295491646         1.3915897233 
        3.8100000000         2.1800000000         1.2107021885        -0.0825151010         1.8084419515         4.7622515148         1.3966839240 
        3.8150000000         2.1800000000         1.2132484939        -0.0161846340         1.8180507824         4.8949538651         1.4017781247 
        3.8200000000         2.1800000000         1.2132484939        -0.0161846340         1.8084419515         4.5631979895         1.3890426230 
        3.8250001000         2.1800000000         1.2056095777        -0.2151760351         1.8116448952         4.7622515148         1.3966839240 
        3.8300000000         2.1800000000         1.2132484939        -0.0161846340         1.8180507824         4.8286026899         1.3992310243 
        3.8350000000         2.1800000000         1.2081558831        -0.1488455681         1.8148478388         4.6295491646         1.3915897233 
        3.8400000000         2.1800000000         1.2132484939        -0.0161846340         1.8180507824         4.6295491646         1.3915897233 
        3.8450001000         2.1800000000         1.2081558831        -0.1488455681         1.8116448952         4.4968468143         1.3864955226 
        3.8500000000         2.1800000000         1.2081558831        -0.1488455681         1.8084419515         4.7622515148         1.3966839240 
        3.8550000000         2.1800000000         1.2132484939        -0.0161846340         1.8180507824         4.6959003397         1.3941368236 
        3.8600000000         2.1800000000         1.2132484939        -0.0161846340         1.8212537261         4.5631979895         1.3890426230 
        3.8650001000         2.1800000000         1.2183411047         0.1164763002         1.8244566697         4.7622515148         1.3966839240 
        3.8700001000         2.1800000000         1.2056095777        -0.2151760351         1.8180507824         4.8286026899         1.3992310243 
        3.8750000000         2.1800000000         1.2081558831        -0.1488455681         1.8116448952         4.7622515148         1.3966839240 
        3.8800000000         2.1800000000         1.2081558831        -0.1488455681         1.8084419515         4.7622515148         1.3966839240 
        3.8850001000         2.1800000000         1.2208874101         0.1828067672         1.8180507824         4.6295491646         1.3915897233 
        3.8900001000         2.1800000000         1.2208874101         0.1828067672         1.8244566697         4.7622515148         1.3966839240 
        3.8950000000         2.1800000000         1.2259800209         0.3154677013         1.8276596133         4.8286026899         1.3992310243 
        3.9000000000         2.1800000000         1.2208874101         0.1828067672         1.8244566697         4.7622515148         1.3966839240 
        3.9050001000         2.1800000000         1.2157947993         0.0501458331         1.8180507824         4.6959003397         1.3941368236 
        3.9100001000         2.1800000000         1.2157947993         0.0501458331         1.8148478388         4.5631979895         1.3890426230 
        3.9150000000         2.1800000000         1.2208874101         0.1828067672         1.8244566697         4.7622515148         1.3966839240 
        3.9200000000         2.1800000000         1.2208874101         0.1828067672         1.8212537261         4.4968468143         1.3864955226 
        3.9250001000         2.1800000000         1.2132484939        -0.0161846340         1.8180507824         4.9613050402         1.4043252250 
        3.9300001000         2.1800000000         1.2132484939        -0.0161846340         1.8148478388         4.9613050402         1.4043252250 
        3.9350000000         2.1800000000         1.2157947993         0.0501458331         1.8212537261         4.6295491646         1.3915897233 
        3.9400000000         2.1800000000         1.2081558831        -0.1488455681         1.8084419515         4.8286026899         1.3992310243 
        3.9450000000         2.1800000000         1.2234337155         0.2491372343         1.8276596133         4.7622515148         1.3966839240 
        3.9500001000         2.1800000000         1.2208874101         0.1828067672         1.8308625570         4.8949538651         1.4017781247 
        3.9550000000         2.1800000000         1.2132484939        -0.0161846340         1.8212537261         4.5631979895         1.3890426230 
        3.9600000000         2.1800000000         1.2132484939        -0.0161846340         1.8148478388         4.5631979895         1.3890426230 
        3.9650000000         2.1800000000         1.2056095777        -0.2151760351         1.8084419515         4.7622515148         1.3966839240 
        3.9700001000         2.1800000000         1.2132484939        -0.0161846340         1.8244566697         4.7622515148         1.3966839240 
        3.9750000000         2.1800000000         1.2081558831        -0.1488455681         1.8052390079         4.7622515148         1.3966839240 
        3.9800000000         2.1800000000         1.2132484939        -0.0161846340         1.8180507824         4.6295491646         1.3915897233 
        3.9850000000         2.1800000000         1.2132484939        -0.0161846340         1.8084419515         4.6959003397         1.3941368236 
        3.9900001000         2.1800000000         1.2132484939        -0.0161846340         1.8276596133         4.7622515148         1.3966839240 
        3.9950001000         2.1800000000         1.2132484939        -0.0161846340         1.8180507824         4.6295491646         1.3915897233 
