           Time[sec]             ao1_Vcmd            ai2_Vgyro           ai3_Vpoten                Wgyro 
        0.0000000000         3.6000000000         1.2207455399         3.2713623667         0.1732505305 
        0.0050000000         3.6000000000         1.2207455399         3.2790081915         0.1732505305 
        0.0100000000         3.6000000000         1.2207455399         3.2764595832         0.1732505305 
        0.0150000000         3.6000000000         1.2258434428         3.2790081915         0.3060493242 
        0.0200000000         3.6000000000         1.2105497339         3.2713623667        -0.0923470570 
        0.0250000000         3.6000000000         1.2232944913         3.2790081915         0.2396499274 
        0.0300000000         3.6000000000         1.2080007824         3.2662651501        -0.1587464538 
        0.0350000000         3.6000000000         1.2105497339         3.2662651501        -0.0923470570 
        0.0400000000         3.6000000000         1.2156476369         3.2739109749         0.0404517368 
        0.0450000000         3.6000000000         1.2130986854         3.2713623667        -0.0259476601 
        0.0500000000         3.6000000000         1.2156476369         3.2713623667         0.0404517368 
        0.0550000000         3.6000000000         1.1952560250         3.2662651501        -0.4907434382 
        0.0600000000         3.6000000000         1.2156476369         3.2713623667         0.0404517368 
        0.0650000000         3.6000000000         1.2232944913         3.2815567997         0.2396499274 
        0.0700000000         3.6000000000         1.2181965884         3.2713623667         0.1068511336 
        0.0750000000         3.6000000000         1.2258434428         3.2739109749         0.3060493242 
        0.0800000000         3.6000000000         1.2334902973         3.2739109749         0.5052475149 
        0.0850000000         3.6000000000         1.3915252894         3.2892026245         4.6220101208 
        0.0900000000         3.6000000000         1.6973994677         3.3248831403        12.5899377451 
        0.0950000000         3.6000000000         1.7024973707         3.3733066974        12.7227365388 
        0.1000000000         3.6000000000         1.6948505162         3.4268274710        12.5235383482 
        0.1050000000         3.6000000000         1.6795568073         3.4650565950        12.1251419670 
        0.1100000000         3.6000000000         1.6668120499         3.5134801521        11.7931449826 
        0.1150000000         3.6000000000         1.6591651954         3.5542578843        11.5939467920 
        0.1200000000         3.6000000000         1.6515183410         3.6026814414        11.3947486014 
        0.1250000000         3.6000000000         1.6413225350         3.6460077820        11.1291510140 
        0.1300000000         3.6000000000         1.6438714865         3.6969799473        11.1955504108 
        0.1350000000         3.6000000000         1.6285777776         3.7326604631        10.7971540296 
        0.1400000000         3.6000000000         1.6158330202         3.7683409788        10.4651570453 
        0.1450000000         3.6000000000         1.6234798746         3.8218617524        10.6643552359 
        0.1500111000         3.6000000000         1.6132840687         3.8575422681        10.3987576484 
        0.1550000000         3.6000000000         1.5979903598         3.8906741756        10.0003612672 
        0.1600000000         3.6000000000         1.6081861657         3.9441949492        10.2659588547 
        0.1650000000         3.6000000000         1.6030882627         3.9824240732        10.1331600609 
        0.1700000000         3.6000000000         1.5928924568         4.0130073725         9.8675624734 
        0.1750000000         3.6000000000         1.5979903598         4.0486878882        10.0003612672 
        0.1800001000         3.6000000000         1.5954414083         4.0894656205         9.9339618703 
        0.1850000000         3.6000000000         1.6005393113         4.1378891776        10.0667606640 
        0.1900000000         3.6000000000         1.5903435053         4.1659238685         9.8011630766 
        0.1950000000         3.6000000000         1.5903435053         4.2092502090         9.8011630766 
        0.2000000000         3.6000000000         1.5903435053         4.2474793331         9.8011630766 
        0.2050000000         3.6000000000         1.5903435053         4.2806112405         9.8011630766 
        0.2100001000         3.6000000000         1.6005393113         4.3290347976        10.0667606640 
        0.2150000000         3.6000000000         1.6005393113         4.3672639216        10.0667606640 
        0.2200000000         3.6000000000         1.6030882627         4.4080416539        10.1331600609 
        0.2250000000         3.6000000000         1.6234798746         4.4564652110        10.6643552359 
        0.2300000000         3.6000000000         1.6438714865         4.4921457267        11.1955504108 
        0.2350000000         3.6000000000         1.6872036618         4.5405692838        12.3243401576 
        0.2400001000         3.6000000000         1.7024973707         4.5915414491        12.7227365388 
        0.2450000000         3.6000000000         1.6897526133         4.6425136145        12.3907395545 
        0.2500000000         3.6000000000         1.6821057588         4.6883885633        12.1915413639 
        0.2550000000         3.6000000000         1.6719099529         4.7393607286        11.9259437764 
        0.2600000000         3.6000000000         1.6744589044         4.7903328940        11.9923431733 
        0.2650000000         3.6000000000         1.6846547103         4.8464022759        12.2579407607 
        0.2700000000         3.6000000000         1.6897526133         4.8922772247        12.3907395545 
        0.2750000000         3.6000000000         1.6948505162         4.9457979983        12.5235383482 
        0.2800000000         3.6000000000         1.6923015648         4.9840271223        12.4571389513 
        0.2850000000         3.6000000000         1.6973994677         5.0044159885        12.5899377451 
        0.2900001000         3.6000000000         1.6973994677         5.0044159885        12.5899377451 
        0.2950000000         3.6000000000         1.6999484192         1.1101425560        12.6563371420 
        0.3000000000         3.6000000000         1.7024973707         0.0065951762        12.7227365388 
        0.3050000000         3.6000000000         1.6999484192        -0.0010506486        12.6563371420 
        0.3100000000         3.6000000000         1.6973994677        -0.0035992569        12.5899377451 
        0.3150000000         3.6000000000         1.6897526133         0.0244354341        12.3907395545 
        0.3200000000         3.6000000000         1.6897526133         0.0728589911        12.3907395545 
        0.3250000000         3.6000000000         1.6973994677         0.1238311565        12.5899377451 
        0.3300000000         3.6000000000         1.7024973707         0.1799005384        12.7227365388 
        0.3350000000         3.6000000000         1.7050463222         0.2334213120        12.7891359357 
        0.3400000000         3.6000000000         1.7050463222         0.2869420856        12.7891359357 
        0.3450000000         3.6000000000         1.7075952737         0.3353656427        12.8555353326 
        0.3500001000         3.6000000000         1.7024973707         0.3786919832        12.7227365388 
        0.3550001000         3.6000000000         1.7101442252         0.4373099734        12.9219347294 
        0.3600000000         3.6000000000         1.7075952737         0.4908307470        12.8555353326 
        0.3650000000         3.6000000000         1.7152421281         0.5443515206        13.0547335232 
        0.3700000000         3.6000000000         1.7177910796         0.5978722942        13.1211329200 
        0.3750000000         3.6000000000         1.7152421281         0.6411986348        13.0547335232 
        0.3800000000         3.6000000000         1.7050463222         0.6845249753        12.7891359357 
        0.3850000000         3.6000000000         1.7177910796         0.7405943572        13.1211329200 
        0.3900000000         3.6000000000         1.7101442252         0.7864693060        12.9219347294 
        0.3950000000         3.6000000000         1.7126931766         0.8450872962        12.9883341263 
        0.4000000000         3.6000000000         1.7203400311         0.8960594615        13.1875323169 
        0.4050000000         3.6000000000         1.7177910796         0.9444830186        13.1211329200 
        0.4100000000         3.6000000000         1.7254379341         0.9954551839        13.3203311106 
        0.4150001000         3.6000000000         1.7228889826         1.0438787410        13.2539317138 
        0.4200001000         3.6000000000         1.7305358370         1.1050453394        13.4531299044 
        0.4250000000         3.6000000000         1.7228889826         1.1458230717        13.2539317138 
        0.4300000000         3.6000000000         1.7228889826         1.2018924536        13.2539317138 
        0.4350000000         3.6000000000         1.7305358370         1.2528646189        13.4531299044 
        0.4400000000         3.6000000000         1.7254379341         1.2961909595        13.3203311106 
        0.4450000000         3.6000000000         1.7254379341         1.3446145166        13.3203311106 
        0.4500000000         3.6000000000         1.7126931766         1.3904894654        12.9883341263 
        0.4550000000         3.6000000000         1.7254379341         1.4516560638        13.3203311106 
        0.4600000000         3.6000000000         1.7254379341         1.5000796209        13.3203311106 
        0.4650000000         3.6000000000         1.7305358370         1.5586976110        13.4531299044 
        0.4700000000         3.6000000000         1.7279868856         1.5994753433        13.3867305075 
        0.4750001000         3.6000000000         1.7330847885         1.6631905500        13.5195293013 
        0.4800001000         3.6000000000         1.7279868856         1.7090654988        13.3867305075 
        0.4850000000         3.6000000000         1.7279868856         1.7574890559        13.3867305075 
        0.4900000000         3.6000000000         1.7330847885         1.8110098295        13.5195293013 
        0.4950000000         3.6000000000         1.7407316430         1.8721764279        13.7187274919 
        0.5000000000         3.6000000000         1.7330847885         1.9155027684        13.5195293013 
        0.5050000000         3.6000000000         1.7279868856         1.9664749338        13.3867305075 
        0.5100000000         3.6000000000         1.7254379341         2.0174470991        13.3203311106 
        0.5150000000         3.6000000000         1.7228889826         2.0760650893        13.2539317138 
        0.5200000000         3.6000000000         1.7330847885         2.1270372546        13.5195293013 
        0.5250000000         3.6000000000         1.7407316430         2.1729122034        13.7187274919 
        0.5300000000         3.6000000000         1.7254379341         2.2213357605        13.3203311106 
        0.5350000000         3.6000000000         1.7381826915         2.2799537507        13.6523280950 
        0.5400000000         3.6000000000         1.7305358370         2.3334745243        13.4531299044 
        0.5450000000         3.6000000000         1.7305358370         2.3768008648        13.4531299044 
        0.5500000000         3.6000000000         1.7381826915         2.4379674632        13.6523280950 
        0.5550000000         3.6000000000         1.7356337400         2.4889396286        13.5859286981 
        0.5600000000         3.6000000000         1.7305358370         2.5348145774        13.4531299044 
        0.5650000000         3.6000000000         1.7356337400         2.5959811758        13.5859286981 
        0.5700001000         3.6000000000         1.7381826915         2.6469533412        13.6523280950 
        0.5750001000         3.6000000000         1.7458295460         2.6979255065        13.8515262856 
        0.5800001000         3.6000000000         1.7381826915         2.7565434967        13.6523280950 
        0.5850000000         3.6000000000         1.7356337400         2.8024184455        13.5859286981 
        0.5900000000         3.6000000000         1.7407316430         2.8559392191        13.7187274919 
        0.5950000000         3.6000000000         1.7432805945         2.9145572092        13.7851268887 
        0.6000000000         3.6000000000         1.7458295460         2.9655293746        13.8515262856 
        0.6050000000         3.6000000000         1.7330847885         3.0139529317        13.5195293013 
        0.6100000000         3.6000000000         1.7356337400         3.0649250970        13.5859286981 
        0.6150000000         3.6000000000         1.7407316430         3.1184458706        13.7187274919 
        0.6200000000         3.6000000000         1.7381826915         3.1694180360        13.6523280950 
        0.6250000000         3.6000000000         1.7432805945         3.2152929848        13.7851268887 
        0.6300000000         3.6000000000         1.7407316430         3.2688137584        13.7187274919 
        0.6350000000         3.6000000000         1.7356337400         3.3299803568        13.5859286981 
        0.6400000000         3.6000000000         1.7305358370         3.3784039139        13.4531299044 
        0.6450000000         3.6000000000         1.7356337400         3.4319246875        13.5859286981 
        0.6500000000         3.6000000000         1.7458295460         3.4905426777        13.8515262856 
        0.6550000000         3.6000000000         1.7432805945         3.5364176265        13.7851268887 
        0.6600000000         3.6000000000         1.7432805945         3.5924870083        13.7851268887 
        0.6650000000         3.6000000000         1.7330847885         3.6383619572        13.5195293013 
        0.6700000000         3.6000000000         1.7432805945         3.6969799473        13.7851268887 
        0.6750000000         3.6000000000         1.7483784974         3.7505007209        13.9179256825 
        0.6800000000         3.6000000000         1.7407316430         3.8065701028        13.7187274919 
        0.6850000000         3.6000000000         1.7305358370         3.8498964433        13.4531299044 
        0.6900000000         3.6000000000         1.7356337400         3.9110630418        13.5859286981 
        0.6950001000         3.6000000000         1.7381826915         3.9645838154        13.6523280950 
        0.7000001000         3.6000000000         1.7458295460         4.0232018055        13.8515262856 
        0.7050001000         3.6000000000         1.7458295460         4.0716253626        13.8515262856 
        0.7100000000         3.6000000000         1.7381826915         4.1276947445        13.6523280950 
        0.7150000000         3.6000000000         1.7407316430         4.1888613429        13.7187274919 
        0.7200000000         3.6000000000         1.7305358370         4.2296390752        13.4531299044 
        0.7250000000         3.6000000000         1.7407316430         4.2908056736        13.7187274919 
        0.7300000000         3.6000000000         1.7432805945         4.3443264472        13.7851268887 
        0.7350000000         3.6000000000         1.7407316430         4.4029444374        13.7187274919 
        0.7400000000         3.6000000000         1.7381826915         4.4462707779        13.6523280950 
        0.7450000000         3.6000000000         1.7407316430         4.5023401598        13.7187274919 
        0.7500000000         3.6000000000         1.7381826915         4.5609581499        13.6523280950 
        0.7550000000         3.6000000000         1.7432805945         4.6195761401        13.7851268887 
        0.7600000000         3.6000000000         1.7458295460         4.6781941302        13.8515262856 
        0.7650000000         3.6000000000         1.7509274489         4.7342635121        13.9843250793 
        0.7700000000         3.6000000000         1.7432805945         4.7877842857        13.7851268887 
        0.7750000000         3.6000000000         1.7509274489         4.8514994924        13.9843250793 
        0.7800000000         3.6000000000         1.7534764004         4.9050202660        14.0507244762 
        0.7850000000         3.6000000000         1.7407316430         4.9585410396        13.7187274919 
        0.7900000000         3.6000000000         1.7483784974         5.0018673802        13.9179256825 
        0.7950000000         3.6000000000         1.7483784974         5.0018673802        13.9179256825 
        0.8000000000         3.6000000000         1.7407316430         1.1024967312        13.7187274919 
        0.8050000000         3.6000000000         1.7509274489         1.0693648237        13.9843250793 
        0.8100000000         3.6000000000         1.7432805945        -0.0035992569        13.7851268887 
        0.8150000000         3.6000000000         1.7534764004        -0.0010506486        14.0507244762 
        0.8200001000         3.6000000000         1.7534764004         0.0524701250        14.0507244762 
        0.8250001000         3.6000000000         1.7560253519         0.1059908986        14.1171238731 
        0.8300001000         3.6000000000         1.7458295460         0.1544144557        13.8515262856 
        0.8350001000         3.6000000000         1.7407316430         0.2028380128        13.7187274919 
        0.8400000000         3.6000000000         1.7483784974         0.2691018277        13.9179256825 
        0.8450000000         3.6000000000         1.7432805945         0.3226226013        13.7851268887 
        0.8500000000         3.6000000000         1.7509274489         0.3786919832        13.9843250793 
        0.8550000000         3.6000000000         1.7483784974         0.4347613651        13.9179256825 
        0.8600000000         3.6000000000         1.7509274489         0.4882821387        13.9843250793 
        0.8650000000         3.6000000000         1.7407316430         0.5367056958        13.7187274919 
        0.8700000000         3.6000000000         1.7432805945         0.5902264694        13.7851268887 
        0.8750000000         3.6000000000         1.7458295460         0.6437472430        13.8515262856 
        0.8800000000         3.6000000000         1.7509274489         0.7049138414        13.9843250793 
        0.8850000000         3.6000000000         1.7483784974         0.7609832233        13.9179256825 
        0.8900000000         3.6000000000         1.7534764004         0.8221498217        14.0507244762 
        0.8950000000         3.6000000000         1.7458295460         0.8680247706        13.8515262856 
        0.9000000000         3.6000000000         1.7483784974         0.9215455442        13.9179256825 
        0.9050000000         3.6000000000         1.7458295460         0.9699691013        13.8515262856 
        0.9100000000         3.6000000000         1.7509274489         1.0311356997        13.9843250793 
        0.9150000000         3.6000000000         1.7534764004         1.0821078650        14.0507244762 
        0.9200000000         3.6000000000         1.7611232549         1.1458230717        14.2499226668 
        0.9250000000         3.6000000000         1.7611232549         1.1967952370        14.2499226668 
        0.9300000000         3.6000000000         1.7534764004         1.2452187941        14.0507244762 
        0.9350000000         3.6000000000         1.7407316430         1.2910937429        13.7187274919 
        0.9400000000         3.6000000000         1.7534764004         1.3522603414        14.0507244762 
        0.9450001000         3.6000000000         1.7509274489         1.4032325067        13.9843250793 
        0.9500001000         3.6000000000         1.7611232549         1.4542046720        14.2499226668 
        0.9550001000         3.6000000000         1.7585743034         1.5077254457        14.1835232699 
        0.9600001000         3.6000000000         1.7407316430         1.5586976110        13.7187274919 
        0.9650000000         3.6000000000         1.7407316430         1.6122183846        13.7187274919 
        0.9700000000         3.6000000000         1.7585743034         1.6759335913        14.1835232699 
        0.9750000000         3.6000000000         1.7509274489         1.7218085401        13.9843250793 
        0.9800000000         3.6000000000         1.7534764004         1.7804265303        14.0507244762 
        0.9850000000         3.6000000000         1.7534764004         1.8339473039        14.0507244762 
        0.9900000000         3.6000000000         1.7483784974         1.8849194692        13.9179256825 
        0.9950000000         3.6000000000         1.7509274489         1.9486346759        13.9843250793 
        1.0000000000         3.6000000000         1.7407316430         1.9970582330        13.7187274919 
        1.0050000000         3.6000000000         1.7381826915         2.0556762231        13.6523280950 
        1.0100001000         3.6000000000         1.7305358370         2.1015511720        13.4531299044 
        1.0150000000         3.6000000000         1.7509274489         2.1550719456        13.9843250793 
        1.0200001000         3.6000000000         1.7483784974         2.2009468944        13.9179256825 
        1.0250000000         3.6000000000         1.7534764004         2.2672107093        14.0507244762 
        1.0300000000         3.6000000000         1.7534764004         2.3181828747        14.0507244762 
        1.0350000000         3.6000000000         1.7483784974         2.3691550400        13.9179256825 
        1.0400000000         3.6000000000         1.7432805945         2.4252244219        13.7851268887 
        1.0450000000         3.6000000000         1.7407316430         2.4812938038        13.7187274919 
        1.0500000000         3.6000000000         1.7509274489         2.5373631857        13.9843250793 
        1.0550000000         3.6000000000         1.7611232549         2.5959811758        14.2499226668 
        1.0600000000         3.6000000000         1.7560253519         2.6418561246        14.1171238731 
        1.0650000000         3.6000000000         1.7381826915         2.6902796817        13.6523280950 
        1.0700000000         3.6000000000         1.7381826915         2.7412518471        13.6523280950 
        1.0750000000         3.6000000000         1.7483784974         2.8024184455        13.9179256825 
        1.0800000000         3.6000000000         1.7560253519         2.8559392191        14.1171238731 
        1.0850000000         3.6000000000         1.7585743034         2.9145572092        14.1835232699 
        1.0900000000         3.6000000000         1.7534764004         2.9680779828        14.0507244762 
        1.0950000000         3.6000000000         1.7534764004         3.0241473647        14.0507244762 
        1.1000000000         3.6000000000         1.7585743034         3.0674737053        14.1835232699 
        1.1050000000         3.6000000000         1.7509274489         3.1235430872        13.9843250793 
        1.1100000000         3.6000000000         1.7509274489         3.1745152525        13.9843250793 
        1.1150000000         3.6000000000         1.7407316430         3.2203902013        13.7187274919 
        1.1200000000         3.6000000000         1.7407316430         3.2739109749        13.7187274919 
        1.1250000000         3.6000000000         1.7458295460         3.3274317485        13.8515262856 
        1.1300000000         3.6000000000         1.7534764004         3.3911469552        14.0507244762 
        1.1350001000         3.6000000000         1.7611232549         3.4446677288        14.2499226668 
        1.1400000000         3.6000000000         1.7534764004         3.5007371107        14.0507244762 
        1.1450001000         3.6000000000         1.7585743034         3.5619037091        14.1835232699 
        1.1500000000         3.6000000000         1.7534764004         3.6052300497        14.0507244762 
        1.1550001000         3.6000000000         1.7534764004         3.6638480398        14.0507244762 
        1.1600000000         3.6000000000         1.7458295460         3.7071743804        13.8515262856 
        1.1650000000         3.6000000000         1.7534764004         3.7683409788        14.0507244762 
        1.1700000000         3.6000000000         1.7432805945         3.8218617524        13.7851268887 
        1.1750000000         3.6000000000         1.7432805945         3.8753825260        13.7851268887 
        1.1800000000         3.6000000000         1.7509274489         3.9314519079        13.9843250793 
        1.1850000000         3.6000000000         1.7534764004         3.9875212898        14.0507244762 
        1.1900000000         3.6000000000         1.7534764004         4.0461392799        14.0507244762 
        1.1950000000         3.6000000000         1.7585743034         4.1073058783        14.1835232699 
        1.2000000000         3.6000000000         1.7611232549         4.1582780437        14.2499226668 
        1.2050000000         3.6000000000         1.7560253519         4.2041529925        14.1171238731 
        1.2100000000         3.6000000000         1.7534764004         4.2678681992        14.0507244762 
        1.2150000000         3.6000000000         1.7432805945         4.3188403645        13.7851268887 
        1.2200000000         3.6000000000         1.7432805945         4.3723611382        13.7851268887 
        1.2250000000         3.6000000000         1.7534764004         4.4284305200        14.0507244762 
        1.2300000000         3.6000000000         1.7483784974         4.4844999019        13.9179256825 
        1.2350000000         3.6000000000         1.7509274489         4.5380206755        13.9843250793 
        1.2400000000         3.6000000000         1.7509274489         4.5966386657        13.9843250793 
        1.2450000000         3.6000000000         1.7509274489         4.6578052641        13.9843250793 
        1.2500000000         3.6000000000         1.7585743034         4.7189718625        14.1835232699 
        1.2550000000         3.6000000000         1.7611232549         4.7750412444        14.2499226668 
        1.2600001000         3.6000000000         1.7662211578         4.8413050593        14.3827214606 
        1.2650000000         3.6000000000         1.7636722064         4.8948258330        14.3163220637 
        1.2700001000         3.6000000000         1.7509274489         4.9457979983        13.9843250793 
        1.2750000000         3.6000000000         1.7585743034         5.0018673802        14.1835232699 
        1.2800001000         3.6000000000         1.7534764004         4.9967701637        14.0507244762 
        1.2850000000         3.6000000000         1.7534764004         4.9636382562        14.0507244762 
        1.2900000000         3.6000000000         1.7611232549         1.1075939477        14.2499226668 
        1.2950000000         3.6000000000         1.7636722064         0.0065951762        14.3163220637 
        1.3000000000         3.6000000000         1.7585743034        -0.0010506486        14.1835232699 
        1.3050000000         3.6000000000         1.7636722064         0.0473729085        14.3163220637 
        1.3100000000         3.6000000000         1.7509274489         0.0881506408        13.9843250793 
        1.3150000000         3.6000000000         1.7534764004         0.1518658474        14.0507244762 
        1.3200000000         3.6000000000         1.7611232549         0.2130324459        14.2499226668 
        1.3250000000         3.6000000000         1.7636722064         0.2741990443        14.3163220637 
        1.3300000000         3.6000000000         1.7534764004         0.3175253848        14.0507244762 
        1.3350000000         3.6000000000         1.7662211578         0.3863378080        14.3827214606 
        1.3400000000         3.6000000000         1.7662211578         0.4449557982        14.3827214606 
        1.3450000000         3.6000000000         1.7458295460         0.4857335305        13.8515262856 
        1.3500000000         3.6000000000         1.7458295460         0.5392543041        13.8515262856 
        1.3550000000         3.6000000000         1.7534764004         0.6004209025        14.0507244762 
        1.3600000000         3.6000000000         1.7534764004         0.6513930678        14.0507244762 
        1.3650000000         3.6000000000         1.7483784974         0.7049138414        13.9179256825 
        1.3700000000         3.6000000000         1.7560253519         0.7635318316        14.1171238731 
        1.3750000000         3.6000000000         1.7509274489         0.8170526052        13.9843250793 
        1.3800000000         3.6000000000         1.7534764004         0.8782192036        14.0507244762 
        1.3850001000         3.6000000000         1.7611232549         0.9317399772        14.2499226668 
        1.3900000000         3.6000000000         1.7509274489         0.9852607509        13.9843250793 
        1.3950001000         3.6000000000         1.7636722064         1.0489759575        14.3163220637 
        1.4000000000         3.6000000000         1.7713190608         1.1024967312        14.5155202543 
        1.4050001000         3.6000000000         1.7713190608         1.1534688965        14.5155202543 
        1.4100000000         3.6000000000         1.7662211578         1.2095382784        14.3827214606 
        1.4150000000         3.6000000000         1.7636722064         1.2630590520        14.3163220637 
        1.4200000000         3.6000000000         1.7432805945         1.3038367843        13.7851268887 
        1.4250000000         3.6000000000         1.7560253519         1.3548089496        14.1171238731 
        1.4300000000         3.6000000000         1.7534764004         1.4134269398        14.0507244762 
        1.4350000000         3.6000000000         1.7611232549         1.4643991051        14.2499226668 
        1.4400000000         3.6000000000         1.7560253519         1.5281143118        14.1171238731 
        1.4450000000         3.6000000000         1.7509274489         1.5790864771        13.9843250793 
        1.4500000000         3.6000000000         1.7509274489         1.6300586425        13.9843250793 
        1.4550000000         3.6000000000         1.7585743034         1.6886766326        14.1835232699 
        1.4600000000         3.6000000000         1.7636722064         1.7421974063        14.3163220637 
        1.4650000000         3.6000000000         1.7611232549         1.7982667881        14.2499226668 
        1.4700000000         3.6000000000         1.7534764004         1.8466903452        14.0507244762 
        1.4750000000         3.6000000000         1.7636722064         1.9129541602        14.3163220637 
        1.4800000000         3.6000000000         1.7534764004         1.9639263255        14.0507244762 
        1.4850000000         3.6000000000         1.7585743034         2.0225443157        14.1835232699 
        1.4900000000         3.6000000000         1.7483784974         2.0709678727        13.9179256825 
        1.4950000000         3.6000000000         1.7458295460         2.1244886464        13.8515262856 
        1.5000000000         3.6000000000         1.7636722064         2.1831066365        14.3163220637 
        1.5050000000         3.6000000000         1.7636722064         2.2391760184        14.3163220637 
        1.5100001000         3.6000000000         1.7611232549         2.2901481837        14.2499226668 
        1.5150000000         3.6000000000         1.7611232549         2.3487661739        14.2499226668 
        1.5200001000         3.6000000000         1.7534764004         2.4048355558        14.0507244762 
        1.5250000000         3.6000000000         1.7458295460         2.4634535459        13.8515262856 
        1.5300001000         3.6000000000         1.7432805945         2.5042312782        13.7851268887 
        1.5350000000         3.6000000000         1.7611232549         2.5679464849        14.2499226668 
        1.5400001000         3.6000000000         1.7713190608         2.6316616916        14.5155202543 
        1.5450000000         3.6000000000         1.7662211578         2.6851824652        14.3827214606 
        1.5500000000         3.6000000000         1.7611232549         2.7336060223        14.2499226668 
        1.5550000000         3.6000000000         1.7611232549         2.7871267959        14.2499226668 
        1.5600000000         3.6000000000         1.7611232549         2.8431961777        14.2499226668 
        1.5650000000         3.6000000000         1.7560253519         2.8941683431        14.1171238731 
        1.5700000000         3.6000000000         1.7509274489         2.9451405084        13.9843250793 
        1.5750000000         3.6000000000         1.7687701093         3.0088557151        14.4491208574 
        1.5800000000         3.6000000000         1.7636722064         3.0598278805        14.3163220637 
        1.5850000000         3.6000000000         1.7789659153         3.1235430872        14.7147184449 
        1.5900000000         3.6000000000         1.7662211578         3.1745152525        14.3827214606 
        1.5950000000         3.6000000000         1.7662211578         3.2280360261        14.3827214606 
        1.6000000000         3.6000000000         1.7636722064         3.2815567997        14.3163220637 
        1.6050000000         3.6000000000         1.7611232549         3.3299803568        14.2499226668 
        1.6100000000         3.6000000000         1.7713190608         3.3936955635        14.5155202543 
        1.6150000000         3.6000000000         1.7662211578         3.4395705123        14.3827214606 
        1.6200000000         3.6000000000         1.7560253519         3.4879940694        14.1171238731 
        1.6250000000         3.6000000000         1.7636722064         3.5568064926        14.3163220637 
        1.6300000000         3.6000000000         1.7585743034         3.6026814414        14.1835232699 
        1.6350001000         3.6000000000         1.7585743034         3.6638480398        14.1835232699 
        1.6400000000         3.6000000000         1.7585743034         3.7173688134        14.1835232699 
        1.6450001000         3.6000000000         1.7585743034         3.7759868036        14.1835232699 
        1.6500000000         3.6000000000         1.7534764004         3.8295075772        14.0507244762 
        1.6550001000         3.6000000000         1.7458295460         3.8753825260        13.8515262856 
        1.6600000000         3.6000000000         1.7483784974         3.9314519079        13.9179256825 
        1.6650001000         3.6000000000         1.7534764004         3.9849726815        14.0507244762 
        1.6700000000         3.6000000000         1.7636722064         4.0461392799        14.3163220637 
        1.6750000000         3.6000000000         1.7611232549         4.1073058783        14.2499226668 
        1.6800000000         3.6000000000         1.7636722064         4.1633752602        14.3163220637 
        1.6850000000         3.6000000000         1.7713190608         4.2270904669        14.5155202543 
        1.6900000000         3.6000000000         1.7534764004         4.2678681992        14.0507244762 
        1.6950000000         3.6000000000         1.7534764004         4.3315834059        14.0507244762 
        1.7000000000         3.6000000000         1.7534764004         4.3800069630        14.0507244762 
        1.7050000000         3.6000000000         1.7611232549         4.4437221696        14.2499226668 
        1.7100000000         3.6000000000         1.7636722064         4.5023401598        14.3163220637 
        1.7150000000         3.6000000000         1.7585743034         4.5558609334        14.1835232699 
        1.7200000000         3.6000000000         1.7560253519         4.6119303153        14.1171238731 
        1.7250000000         3.6000000000         1.7636722064         4.6730969137        14.3163220637 
        1.7300000000         3.6000000000         1.7687701093         4.7291662956        14.4491208574 
        1.7350000000         3.6000000000         1.7611232549         4.7903328940        14.2499226668 
        1.7400000000         3.6000000000         1.7713190608         4.8565967089        14.5155202543 
        1.7450000000         3.6000000000         1.7611232549         4.9024716578        14.2499226668 
        1.7500000000         3.6000000000         1.7713190608         4.9738326892        14.5155202543 
        1.7550000000         3.6000000000         1.7713190608         5.0018673802        14.5155202543 
        1.7600001000         3.6000000000         1.7789659153         5.0044159885        14.7147184449 
        1.7650000000         3.6000000000         1.7611232549         1.0999481229        14.2499226668 
        1.7700001000         3.6000000000         1.7636722064        -0.0035992569        14.3163220637 
        1.7750000000         3.6000000000         1.7738680123         0.0040465679        14.5819196512 
        1.7800001000         3.6000000000         1.7815148668         0.0167896093        14.7811178418 
        1.7850000000         3.6000000000         1.7636722064         0.0550187333        14.3163220637 
        1.7900001000         3.6000000000         1.7636722064         0.1110881152        14.3163220637 
        1.7950000000         3.6000000000         1.7636722064         0.1697061053        14.3163220637 
        1.8000000000         3.6000000000         1.7636722064         0.2308727037        14.3163220637 
        1.8050000000         3.6000000000         1.7636722064         0.2869420856        14.3163220637 
        1.8100000000         3.6000000000         1.7738680123         0.3583031171        14.5819196512 
        1.8150000000         3.6000000000         1.7611232549         0.4118238907        14.2499226668 
        1.8200000000         3.6000000000         1.7636722064         0.4678932726        14.3163220637 
        1.8250000000         3.6000000000         1.7687701093         0.5214140462        14.4491208574 
        1.8300000000         3.6000000000         1.7713190608         0.5774834281        14.5155202543 
        1.8350000000         3.6000000000         1.7636722064         0.6361014182        14.3163220637 
        1.8400000000         3.6000000000         1.7585743034         0.6998166249        14.1835232699 
        1.8450000000         3.6000000000         1.7662211578         0.7456915737        14.3827214606 
        1.8500000000         3.6000000000         1.7713190608         0.8068581721        14.5155202543 
        1.8550000000         3.6000000000         1.7713190608         0.8603789458        14.5155202543 
        1.8600000000         3.6000000000         1.7662211578         0.9138997194        14.3827214606 
        1.8650000000         3.6000000000         1.7636722064         0.9674204930        14.3163220637 
        1.8700000000         3.6000000000         1.7585743034         1.0158440501        14.1835232699 
        1.8750000000         3.6000000000         1.7560253519         1.0719134319        14.1171238731 
        1.8800000000         3.6000000000         1.7636722064         1.1330800304        14.3163220637 
        1.8850001000         3.6000000000         1.7713190608         1.1942466288        14.5155202543 
        1.8900000000         3.6000000000         1.7662211578         1.2401215776        14.3827214606 
        1.8950001000         3.6000000000         1.7662211578         1.2961909595        14.3827214606 
        1.9000000000         3.6000000000         1.7713190608         1.3522603414        14.5155202543 
        1.9050001000         3.6000000000         1.7585743034         1.3981352902        14.1835232699 
        1.9100000000         3.6000000000         1.7560253519         1.4542046720        14.1171238731 
        1.9150001000         3.6000000000         1.7611232549         1.5153712705        14.2499226668 
        1.9200000000         3.6000000000         1.7789659153         1.5765378689        14.7147184449 
        1.9250000000         3.6000000000         1.7738680123         1.6326072508        14.5819196512 
        1.9300000000         3.6000000000         1.7713190608         1.6810308078        14.5155202543 
        1.9350000000         3.6000000000         1.7611232549         1.7320029732        14.2499226668 
        1.9400000000         3.6000000000         1.7636722064         1.7906209633        14.3163220637 
        1.9450000000         3.6000000000         1.7585743034         1.8415931287        14.1835232699 
        1.9500000000         3.6000000000         1.7636722064         1.9027597271        14.3163220637 
        1.9550000000         3.6000000000         1.7585743034         1.9511832842        14.1835232699 
        1.9600000000         3.6000000000         1.7636722064         2.0148984909        14.3163220637 
        1.9650000000         3.6000000000         1.7611232549         2.0735164810        14.2499226668 
        1.9700000000         3.6000000000         1.7560253519         2.1193914298        14.1171238731 
        1.9750000000         3.6000000000         1.7662211578         2.1780094200        14.3827214606 
        1.9800000000         3.6000000000         1.7687701093         2.2340788019        14.4491208574 
        1.9850000000         3.6000000000         1.7636722064         2.2926967920        14.3163220637 
        1.9900000000         3.6000000000         1.7636722064         2.3487661739        14.3163220637 
        1.9950000000         3.6000000000         1.7585743034         2.3971897310        14.1835232699 
        2.0000000000         3.6000000000         1.7585743034         2.4507105046        14.1835232699 
        2.0050000000         3.6000000000         1.7687701093         2.5169743195        14.4491208574 
        2.0100000000         3.6000000000         1.7560253519         2.5603006601        14.1171238731 
        2.0150001000         3.6000000000         1.7636722064         2.6240158668        14.3163220637 
        2.0200001000         3.6000000000         1.7585743034         2.6698908156        14.1835232699 
        2.0250000000         3.6000000000         1.7713190608         2.7412518471        14.5155202543 
        2.0300000000         3.6000000000         1.7611232549         2.7820295793        14.2499226668 
        2.0350001000         3.6000000000         1.7560253519         2.8380989612        14.1171238731 
        2.0400001000         3.6000000000         1.7585743034         2.8941683431        14.1835232699 
        2.0450000000         3.6000000000         1.7611232549         2.9476891167        14.2499226668 
        2.0500000000         3.6000000000         1.7687701093         3.0088557151        14.4491208574 
        2.0550000000         3.6000000000         1.7713190608         3.0623764887        14.5155202543 
        2.0600000000         3.6000000000         1.7636722064         3.1158972624        14.3163220637 
        2.0650000000         3.6000000000         1.7585743034         3.1745152525        14.1835232699 
        2.0700000000         3.6000000000         1.7662211578         3.2331332427        14.3827214606 
        2.0750000000         3.6000000000         1.7534764004         3.2790081915        14.0507244762 
        2.0800000000         3.6000000000         1.7611232549         3.3299803568        14.2499226668 
        2.0850000000         3.6000000000         1.7662211578         3.3936955635        14.3827214606 
        2.0900000000         3.6000000000         1.7764169638         3.4497649454        14.6483190480 
        2.0950000000         3.6000000000         1.7687701093         3.5032857190        14.4491208574 
        2.1000000000         3.6000000000         1.7662211578         3.5593551009        14.3827214606 
        2.1050000000         3.6000000000         1.7713190608         3.6205216993        14.5155202543 
        2.1100000000         3.6000000000         1.7534764004         3.6740424729        14.0507244762 
        2.1150000000         3.6000000000         1.7585743034         3.7275632465        14.1835232699 
        2.1200000000         3.6000000000         1.7585743034         3.7810840201        14.1835232699 
        2.1250000000         3.6000000000         1.7509274489         3.8320561855        13.9843250793 
        2.1300000000         3.6000000000         1.7585743034         3.8906741756        14.1835232699 
        2.1350000000         3.6000000000         1.7636722064         3.9518407740        14.3163220637 
        2.1400001000         3.6000000000         1.7662211578         4.0079101559        14.3827214606 
        2.1450000000         3.6000000000         1.7636722064         4.0588823213        14.3163220637 
        2.1500000000         3.6000000000         1.7534764004         4.1124030949        14.0507244762 
        2.1550000000         3.6000000000         1.7611232549         4.1659238685        14.2499226668 
        2.1600001000         3.6000000000         1.7560253519         4.2270904669        14.1171238731 
        2.1650000000         3.6000000000         1.7636722064         4.2857084571        14.3163220637 
        2.1700000000         3.6000000000         1.7585743034         4.3341320141        14.1835232699 
        2.1750000000         3.6000000000         1.7687701093         4.4080416539        14.4491208574 
        2.1800001000         3.6000000000         1.7636722064         4.4539166027        14.3163220637 
        2.1850000000         3.6000000000         1.7636722064         4.5150832011        14.3163220637 
        2.1900000000         3.6000000000         1.7611232549         4.5660553665        14.2499226668 
        2.1950000000         3.6000000000         1.7738680123         4.6297705732        14.5819196512 
        2.2000000000         3.6000000000         1.7636722064         4.6807427385        14.3163220637 
        2.2050000000         3.6000000000         1.7713190608         4.7495551617        14.5155202543 
        2.2100000000         3.6000000000         1.7713190608         4.8056245436        14.5155202543 
        2.2150000000         3.6000000000         1.7636722064         4.8642425337        14.3163220637 
        2.2200000000         3.6000000000         1.7662211578         4.9279577404        14.3827214606 
        2.2250000000         3.6000000000         1.7662211578         4.9763812975        14.3827214606 
        2.2300000000         3.6000000000         1.7662211578         4.9916729471        14.3827214606 
        2.2350000000         3.6000000000         1.7713190608         4.9967701637        14.5155202543 
        2.2400000000         3.6000000000         1.7636722064         1.1075939477        14.3163220637 
        2.2450000000         3.6000000000         1.7840638182         0.0091437845        14.8475172386 
        2.2500000000         3.6000000000         1.7789659153         0.0065951762        14.7147184449 
        2.2550000000         3.6000000000         1.7815148668         0.0320812589        14.7811178418 
        2.2600000000         3.6000000000         1.7764169638         0.0881506408        14.6483190480 
        2.2650001000         3.6000000000         1.7713190608         0.1391228061        14.5155202543 
        2.2700000000         3.6000000000         1.7662211578         0.2002894045        14.3827214606 
        2.2750000000         3.6000000000         1.7636722064         0.2512615699        14.3163220637 
        2.2800000000         3.6000000000         1.7713190608         0.3149767765        14.5155202543 
        2.2850001000         3.6000000000         1.7611232549         0.3659489419        14.2499226668 
        2.2900000000         3.6000000000         1.7662211578         0.4322127568        14.3827214606 
        2.2950000000         3.6000000000         1.7764169638         0.4933793553        14.6483190480 
        2.3000000000         3.6000000000         1.7713190608         0.5418029123        14.5155202543 
        2.3050001000         3.6000000000         1.7764169638         0.6004209025        14.6483190480 
        2.3100000000         3.6000000000         1.7738680123         0.6615875009        14.5819196512 
        2.3150000000         3.6000000000         1.7713190608         0.7176568828        14.5155202543 
        2.3200000000         3.6000000000         1.7662211578         0.7686290481        14.3827214606 
        2.3250000000         3.6000000000         1.7636722064         0.8145039969        14.3163220637 
        2.3300000000         3.6000000000         1.7611232549         0.8731219871        14.2499226668 
        2.3350000000         3.6000000000         1.7789659153         0.9419344103        14.7147184449 
        2.3400000000         3.6000000000         1.7764169638         0.9903579674        14.6483190480 
        2.3450000000         3.6000000000         1.7713190608         1.0464273493        14.5155202543 
        2.3500000000         3.6000000000         1.7662211578         1.1050453394        14.3827214606 
        2.3550000000         3.6000000000         1.7636722064         1.1560175048        14.3163220637 
        2.3600000000         3.6000000000         1.7611232549         1.2018924536        14.2499226668 
        2.3650000000         3.6000000000         1.7713190608         1.2630590520        14.5155202543 
        2.3700000000         3.6000000000         1.7713190608         1.3165798256        14.5155202543 
        2.3750000000         3.6000000000         1.7687701093         1.3701005992        14.4491208574 
        2.3800000000         3.6000000000         1.7636722064         1.4261699811        14.3163220637 
        2.3850000000         3.6000000000         1.7458295460         1.4771421465        13.8515262856 
        2.3900001000         3.6000000000         1.7687701093         1.5459545697        14.4491208574 
        2.3950000000         3.6000000000         1.7840638182         1.5994753433        14.8475172386 
        2.4000000000         3.6000000000         1.7713190608         1.6555447252        14.5155202543 
        2.4050000000         3.6000000000         1.7738680123         1.7192599319        14.5819196512 
        2.4100001000         3.6000000000         1.7662211578         1.7625862724        14.3827214606 
        2.4150000000         3.6000000000         1.7713190608         1.8212042625        14.5155202543 
        2.4200000000         3.6000000000         1.7636722064         1.8721764279        14.3163220637 
        2.4250000000         3.6000000000         1.7636722064         1.9333430263        14.3163220637 
        2.4300001000         3.6000000000         1.7662211578         1.9970582330        14.3827214606 
        2.4350000000         3.6000000000         1.7636722064         2.0505790066        14.3163220637 
        2.4400000000         3.6000000000         1.7611232549         2.1015511720        14.2499226668 
        2.4450000000         3.6000000000         1.7713190608         2.1550719456        14.5155202543 
        2.4500000000         3.6000000000         1.7789659153         2.2187871522        14.7147184449 
        2.4550000000         3.6000000000         1.7713190608         2.2748565341        14.5155202543 
        2.4600000000         3.6000000000         1.7585743034         2.3181828747        14.1835232699 
        2.4650000000         3.6000000000         1.7585743034         2.3742522566        14.1835232699 
        2.4700000000         3.6000000000         1.7789659153         2.4379674632        14.7147184449 
        2.4750000000         3.6000000000         1.7662211578         2.4940368451        14.3827214606 
        2.4800000000         3.6000000000         1.7713190608         2.5526548353        14.5155202543 
        2.4850000000         3.6000000000         1.7662211578         2.6061756089        14.3827214606 
        2.4900000000         3.6000000000         1.7713190608         2.6622449908        14.5155202543 
        2.4950000000         3.6000000000         1.7636722064         2.7157657644        14.3163220637 
        2.5000000000         3.6000000000         1.7662211578         2.7692865380        14.3827214606 
        2.5050000000         3.6000000000         1.7662211578         2.8253559199        14.3827214606 
        2.5100000000         3.6000000000         1.7636722064         2.8737794770        14.3163220637 
        2.5150001000         3.6000000000         1.7636722064         2.9273002506        14.3163220637 
        2.5200000000         3.6000000000         1.7713190608         2.9833696325        14.5155202543 
        2.5250000000         3.6000000000         1.7738680123         3.0496334474        14.5819196512 
        2.5300000000         3.6000000000         1.7687701093         3.1082514376        14.4491208574 
        2.5350001000         3.6000000000         1.7662211578         3.1617722112        14.3827214606 
        2.5400000000         3.6000000000         1.7713190608         3.2152929848        14.5155202543 
        2.5450000000         3.6000000000         1.7789659153         3.2713623667        14.7147184449 
        2.5500000000         3.6000000000         1.7662211578         3.3274317485        14.3827214606 
        2.5550001000         3.6000000000         1.7662211578         3.3758553056        14.3827214606 
        2.5600000000         3.6000000000         1.7662211578         3.4319246875        14.3827214606 
        2.5650000000         3.6000000000         1.7713190608         3.4854454611        14.5155202543 
        2.5700000000         3.6000000000         1.7764169638         3.5517092761        14.6483190480 
        2.5750000000         3.6000000000         1.7560253519         3.5924870083        14.1171238731 
        2.5800000000         3.6000000000         1.7560253519         3.6460077820        14.1171238731 
        2.5850000000         3.6000000000         1.7611232549         3.7097229886        14.2499226668 
        2.5900000000         3.6000000000         1.7611232549         3.7683409788        14.2499226668 
        2.5950000000         3.6000000000         1.7611232549         3.8193131441        14.2499226668 
        2.6000011000         3.6000000000         1.7585743034         3.8728339178        14.1835232699 
        2.6050000000         3.6000000000         1.7585743034         3.9390977327        14.1835232699 
        2.6100000000         3.6000000000         1.7560253519         3.9798754650        14.1171238731 
        2.6150000000         3.6000000000         1.7764169638         4.0486878882        14.6483190480 
        2.6200000000         3.6000000000         1.7636722064         4.0996600535        14.3163220637 
        2.6250000000         3.6000000000         1.7636722064         4.1582780437        14.3163220637 
        2.6300000000         3.6000000000         1.7585743034         4.2168960338        14.1835232699 
        2.6350000000         3.6000000000         1.7687701093         4.2780626323        14.4491208574 
        2.6400001000         3.6000000000         1.7636722064         4.3213889728        14.3163220637 
        2.6450000000         3.6000000000         1.7713190608         4.3876527878        14.5155202543 
        2.6500000000         3.6000000000         1.7738680123         4.4488193862        14.5819196512 
        2.6550000000         3.6000000000         1.7636722064         4.4946943350        14.3163220637 
        2.6600001000         3.6000000000         1.7662211578         4.5584095417        14.3827214606 
        2.6650000000         3.6000000000         1.7713190608         4.6170275318        14.5155202543 
        2.6700000000         3.6000000000         1.7713190608         4.6781941302        14.5155202543 
        2.6750000000         3.6000000000         1.7713190608         4.7291662956        14.5155202543 
        2.6800001000         3.6000000000         1.7764169638         4.7979787188        14.6483190480 
        2.6850000000         3.6000000000         1.7713190608         4.8464022759        14.5155202543 
        2.6900000000         3.6000000000         1.7789659153         4.9152146991        14.7147184449 
        2.6950000000         3.6000000000         1.7764169638         4.9763812975        14.6483190480 
        2.7000000000         3.6000000000         1.7662211578         4.9942215554        14.3827214606 
        2.7050000000         3.6000000000         1.7662211578         4.9916729471        14.3827214606 
        2.7100000000         3.6000000000         1.7662211578         1.0999481229        14.3827214606 
        2.7150000000         3.6000000000         1.7738680123         0.0040465679        14.5819196512 
        2.7200000000         3.6000000000         1.7738680123         0.0014979597        14.5819196512 
        2.7250000000         3.6000000000         1.7840638182         0.0244354341        14.8475172386 
        2.7300000000         3.6000000000         1.7662211578         0.0728589911        14.3827214606 
        2.7350000000         3.6000000000         1.7687701093         0.1238311565        14.4491208574 
        2.7400000000         3.6000000000         1.7738680123         0.1926435797        14.5819196512 
        2.7450000000         3.6000000000         1.7789659153         0.2563587864        14.7147184449 
        2.7500000000         3.6000000000         1.7789659153         0.3149767765        14.7147184449 
        2.7550000000         3.6000000000         1.7738680123         0.3659489419        14.5819196512 
        2.7600000000         3.6000000000         1.7636722064         0.4245669320        14.3163220637 
        2.7650001000         3.6000000000         1.7662211578         0.4729904891        14.3827214606 
        2.7700000000         3.6000000000         1.7636722064         0.5290598710        14.3163220637 
        2.7750000000         3.6000000000         1.7687701093         0.5953236860        14.4491208574 
        2.7800000000         3.6000000000         1.7662211578         0.6437472430        14.3827214606 
        2.7850001000         3.6000000000         1.7738680123         0.7100110580        14.5819196512 
        2.7900000000         3.6000000000         1.7636722064         0.7609832233        14.3163220637 
        2.7950000000         3.6000000000         1.7611232549         0.8170526052        14.2499226668 
        2.8000000000         3.6000000000         1.7764169638         0.8858650284        14.6483190480 
        2.8050001000         3.6000000000         1.7738680123         0.9342885855        14.5819196512 
        2.8100000000         3.6000000000         1.7713190608         0.9903579674        14.5155202543 
        2.8150000000         3.6000000000         1.7662211578         1.0438787410        14.3827214606 
        2.8200000000         3.6000000000         1.7713190608         1.1024967312        14.5155202543 
        2.8250000000         3.6000000000         1.7738680123         1.1560175048        14.5819196512 
        2.8300000000         3.6000000000         1.7789659153         1.2095382784        14.7147184449 
        2.8350000000         3.6000000000         1.7738680123         1.2656076603        14.5819196512 
        2.8400000000         3.6000000000         1.7662211578         1.3165798256        14.3827214606 
        2.8450000000         3.6000000000         1.7713190608         1.3777464240        14.5155202543 
        2.8500000000         3.6000000000         1.7687701093         1.4338158059        14.4491208574 
        2.8550000000         3.6000000000         1.7713190608         1.4873365795        14.5155202543 
        2.8600000000         3.6000000000         1.7815148668         1.5510517862        14.7811178418 
        2.8650000000         3.6000000000         1.7764169638         1.5994753433        14.6483190480 
        2.8700000000         3.6000000000         1.7611232549         1.6478989004        14.2499226668 
        2.8750000000         3.6000000000         1.7815148668         1.7167113236        14.7811178418 
        2.8800000000         3.6000000000         1.7789659153         1.7727807055        14.7147184449 
        2.8850000000         3.6000000000         1.7713190608         1.8212042625        14.5155202543 
        2.8900001000         3.6000000000         1.7687701093         1.8798222527        14.4491208574 
        2.8950000000         3.6000000000         1.7713190608         1.9435374594        14.5155202543 
        2.9000000000         3.6000000000         1.7636722064         1.9868637999        14.3163220637 
        2.9050000000         3.6000000000         1.7509274489         2.0403845735        13.9843250793 
        2.9100001000         3.6000000000         1.7585743034         2.0964539554        14.1835232699 
        2.9150000000         3.6000000000         1.7738680123         2.1576205538        14.5819196512 
        2.9200000000         3.6000000000         1.7815148668         2.2213357605        14.7811178418 
        2.9250000000         3.6000000000         1.7789659153         2.2825023589        14.7147184449 
        2.9300001000         3.6000000000         1.7713190608         2.3334745243        14.5155202543 
        2.9350000000         3.6000000000         1.7738680123         2.3844466896        14.5819196512 
        2.9400000000         3.6000000000         1.7738680123         2.4405160715        14.5819196512 
        2.9450000000         3.6000000000         1.7738680123         2.4965854534        14.5819196512 
        2.9500000000         3.6000000000         1.7713190608         2.5450090105        14.5155202543 
        2.9550000000         3.6000000000         1.7687701093         2.6061756089        14.4491208574 
        2.9600000000         3.6000000000         1.7738680123         2.6673422073        14.5819196512 
        2.9650000000         3.6000000000         1.7636722064         2.7183143726        14.3163220637 
        2.9700000000         3.6000000000         1.7738680123         2.7794809711        14.5819196512 
        2.9750000000         3.6000000000         1.7738680123         2.8380989612        14.5819196512 
        2.9800000000         3.6000000000         1.7764169638         2.8865225183        14.6483190480 
        2.9850000000         3.6000000000         1.7662211578         2.9425919002        14.3827214606 
        2.9900000000         3.6000000000         1.7687701093         2.9986612821        14.4491208574 
        2.9950000000         3.6000000000         1.7687701093         3.0547306639        14.4491208574 
        3.0000000000         3.6000000000         1.7713190608         3.1057028293        14.5155202543 
        3.0050000000         3.6000000000         1.7636722064         3.1566749946        14.3163220637 
        3.0100000000         3.6000000000         1.7662211578         3.2254874178        14.3827214606 
        3.0150001000         3.6000000000         1.7738680123         3.2739109749        14.5819196512 
        3.0200000000         3.6000000000         1.7738680123         3.3299803568        14.5819196512 
        3.0250000000         3.6000000000         1.7815148668         3.3885983470        14.7811178418 
        3.0300000000         3.6000000000         1.7636722064         3.4370219040        14.3163220637 
        3.0350001000         3.6000000000         1.7636722064         3.4930912859        14.3163220637 
        3.0400000000         3.6000000000         1.7662211578         3.5517092761        14.3827214606 
        3.0450000000         3.6000000000         1.7815148668         3.6103272662        14.7811178418 
        3.0500000000         3.6000000000         1.7713190608         3.6663966481        14.5155202543 
        3.0550001000         3.6000000000         1.7815148668         3.7326604631        14.7811178418 
        3.0600000000         3.6000000000         1.7738680123         3.7836326284        14.5819196512 
        3.0650000000         3.6000000000         1.7764169638         3.8473478351        14.6483190480 
        3.0700000000         3.6000000000         1.7738680123         3.9008686087        14.5819196512 
        3.0750001000         3.6000000000         1.7636722064         3.9492921658        14.3163220637 
        3.0800000000         3.6000000000         1.7585743034         4.0002643311        14.1835232699 
        3.0850000000         3.6000000000         1.7738680123         4.0690767543        14.5819196512 
        3.0900000000         3.6000000000         1.7636722064         4.1225975280        14.3163220637 
        3.0950000000         3.6000000000         1.7738680123         4.1786669098        14.5819196512 
        3.1000000000         3.6000000000         1.7662211578         4.2296390752        14.3827214606 
        3.1050000000         3.6000000000         1.7662211578         4.2857084571        14.3827214606 
        3.1100000000         3.6000000000         1.7687701093         4.3494236637        14.4491208574 
        3.1150000000         3.6000000000         1.7815148668         4.4156874787        14.7811178418 
        3.1200000000         3.6000000000         1.7662211578         4.4641110358        14.3827214606 
        3.1250000000         3.6000000000         1.7738680123         4.5252776342        14.5819196512 
        3.1300000000         3.6000000000         1.7738680123         4.5915414491        14.5819196512 
        3.1350000000         3.6000000000         1.7687701093         4.6374163980        14.4491208574 
        3.1400001000         3.6000000000         1.7662211578         4.7062288212        14.3827214606 
        3.1450000000         3.6000000000         1.7738680123         4.7597495948        14.5819196512 
        3.1500000000         3.6000000000         1.7662211578         4.8158189767        14.3827214606 
        3.1550000000         3.6000000000         1.7764169638         4.8820827916        14.6483190480 
        3.1600001000         3.6000000000         1.7815148668         4.9508952148        14.7811178418 
        3.1650000000         3.6000000000         1.7738680123         4.9993187719        14.5819196512 
        3.1700000000         3.6000000000         1.7840638182         5.0044159885        14.8475172386 
        3.1750000000         3.6000000000         1.7738680123         4.9942215554        14.5819196512 
        3.1800001000         3.6000000000         1.7713190608         1.1075939477        14.5155202543 
        3.1850000000         3.6000000000         1.7713190608        -0.0061478651        14.5155202543 
        3.1900000000         3.6000000000         1.7713190608        -0.0035992569        14.5155202543 
        3.1950000000         3.6000000000         1.7815148668         0.0422756919        14.7811178418 
        3.2000001000         3.6000000000         1.7789659153         0.0983450738        14.7147184449 
        3.2050000000         3.6000000000         1.7789659153         0.1569630640        14.7147184449 
        3.2100000000         3.6000000000         1.7713190608         0.2257754872        14.5155202543 
        3.2150000000         3.6000000000         1.7713190608         0.2767476525        14.5155202543 
        3.2200000000         3.6000000000         1.7662211578         0.3302684262        14.3827214606 
        3.2250000000         3.6000000000         1.7713190608         0.3888864163        14.5155202543 
        3.2300000000         3.6000000000         1.7636722064         0.4500530147        14.3163220637 
        3.2350000000         3.6000000000         1.7662211578         0.5061223966        14.3827214606 
        3.2400000000         3.6000000000         1.7611232549         0.5545459537        14.2499226668 
        3.2450000000         3.6000000000         1.7840638182         0.6284555934        14.8475172386 
        3.2500000000         3.6000000000         1.7789659153         0.6845249753        14.7147184449 
        3.2550000000         3.6000000000         1.7738680123         0.7431429655        14.5819196512 
        3.2600000000         3.6000000000         1.7764169638         0.7941151308        14.6483190480 
        3.2650001000         3.6000000000         1.7713190608         0.8476359044        14.5155202543 
        3.2700000000         3.6000000000         1.7662211578         0.8960594615        14.3827214606 
        3.2750000000         3.6000000000         1.7815148668         0.9597746682        14.7811178418 
        3.2800000000         3.6000000000         1.7815148668         1.0209412666        14.7811178418 
        3.2850001000         3.6000000000         1.7662211578         1.0642676071        14.3827214606 
        3.2900000000         3.6000000000         1.7789659153         1.1254342056        14.7147184449 
        3.2950000000         3.6000000000         1.7662211578         1.1738577626        14.3827214606 
        3.3000000000         3.6000000000         1.7789659153         1.2350243611        14.7147184449 
        3.3050001000         3.6000000000         1.7713190608         1.2936423512        14.5155202543 
        3.3100000000         3.6000000000         1.7713190608         1.3446145166        14.5155202543 
        3.3150000000         3.6000000000         1.7611232549         1.4032325067        14.2499226668 
        3.3200000000         3.6000000000         1.7789659153         1.4567532803        14.7147184449 
        3.3250001000         3.6000000000         1.7738680123         1.5204684870        14.5819196512 
        3.3300000000         3.6000000000         1.7764169638         1.5739892606        14.6483190480 
        3.3350000000         3.6000000000         1.7713190608         1.6249614260        14.5155202543 
        3.3400000000         3.6000000000         1.7840638182         1.6886766326        14.8475172386 
        3.3450000000         3.6000000000         1.7789659153         1.7345515815        14.7147184449 
        3.3500000000         3.6000000000         1.7738680123         1.7931695716        14.5819196512 
        3.3550000000         3.6000000000         1.7687701093         1.8441417370        14.4491208574 
        3.3600000000         3.6000000000         1.7713190608         1.9053083354        14.5155202543 
        3.3650000000         3.6000000000         1.7611232549         1.9664749338        14.2499226668 
        3.3700000000         3.6000000000         1.7611232549         2.0123498826        14.2499226668 
        3.3750000000         3.6000000000         1.7611232549         2.0735164810        14.2499226668 
        3.3800000000         3.6000000000         1.7636722064         2.1295858629        14.3163220637 
        3.3850000000         3.6000000000         1.7738680123         2.1856552448        14.5819196512 
        3.3900001000         3.6000000000         1.7764169638         2.2442732349        14.6483190480 
        3.3950000000         3.6000000000         1.7840638182         2.3003426168        14.8475172386 
        3.4000000000         3.6000000000         1.7687701093         2.3513147822        14.4491208574 
        3.4050000000         3.6000000000         1.7687701093         2.4150299888        14.4491208574 
        3.4100001000         3.6000000000         1.7662211578         2.4685507624        14.3827214606 
        3.4150019000         3.6000000000         1.7815148668         2.5322659691        14.7811178418 
        3.4200000000         3.6000000000         1.7764169638         2.5832381345        14.6483190480 
        3.4250000000         3.6000000000         1.7789659153         2.6367589081        14.7147184449 
        3.4300001000         3.6000000000         1.7840638182         2.7004741148        14.8475172386 
        3.4350000000         3.6000000000         1.7662211578         2.7438004553        14.3827214606 
        3.4400000000         3.6000000000         1.7764169638         2.8049670537        14.6483190480 
        3.4450000000         3.6000000000         1.7789659153         2.8610364356        14.7147184449 
        3.4500016000         3.6000000000         1.7840638182         2.9247516423        14.8475172386 
        3.4550000000         3.6000000000         1.7815148668         2.9808210242        14.7811178418 
        3.4600000000         3.6000000000         1.7636722064         3.0241473647        14.3163220637 
        3.4650000000         3.6000000000         1.7636722064         3.0776681383        14.3163220637 
        3.4700000000         3.6000000000         1.7713190608         3.1311889120        14.5155202543 
        3.4750000000         3.6000000000         1.7713190608         3.1898069021        14.5155202543 
        3.4800000000         3.6000000000         1.7713190608         3.2509735005        14.5155202543 
        3.4850000000         3.6000000000         1.7840638182         3.3121400989        14.8475172386 
        3.4900000000         3.6000000000         1.7840638182         3.3707580891        14.8475172386 
        3.4950000000         3.6000000000         1.7738680123         3.4191816462        14.5819196512 
        3.5000000000         3.6000000000         1.7636722064         3.4727024198        14.3163220637 
        3.5050000000         3.6000000000         1.7738680123         3.5338690182        14.5819196512 
        3.5100000000         3.6000000000         1.7840638182         3.5950356166        14.8475172386 
        3.5150001000         3.6000000000         1.7764169638         3.6536536068        14.6483190480 
        3.5200000000         3.6000000000         1.7815148668         3.7122715969        14.7811178418 
        3.5250000000         3.6000000000         1.7687701093         3.7606951540        14.4491208574 
        3.5300000000         3.6000000000         1.7738680123         3.8218617524        14.5819196512 
        3.5350001000         3.6000000000         1.7611232549         3.8651880930        14.2499226668 
        3.5400000000         3.6000000000         1.7611232549         3.9238060831        14.2499226668 
        3.5450000000         3.6000000000         1.7662211578         3.9849726815        14.3827214606 
        3.5500000000         3.6000000000         1.7764169638         4.0486878882        14.6483190480 
        3.5550001000         3.6000000000         1.7713190608         4.1073058783        14.5155202543 
        3.5600000000         3.6000000000         1.7789659153         4.1582780437        14.7147184449 
        3.5650000000         3.6000000000         1.7789659153         4.2168960338        14.7147184449 
        3.5700000000         3.6000000000         1.7662211578         4.2678681992        14.3827214606 
        3.5750001000         3.6000000000         1.7713190608         4.3315834059        14.5155202543 
        3.5800000000         3.6000000000         1.7789659153         4.3927500043        14.7147184449 
        3.5850000000         3.6000000000         1.7738680123         4.4437221696        14.5819196512 
        3.5900000000         3.6000000000         1.7891617212         4.5074373763        14.9803160324 
        3.5950000000         3.6000000000         1.7840638182         4.5660553665        14.8475172386 
        3.6000000000         3.6000000000         1.7713190608         4.6170275318        14.5155202543 
        3.6050000000         3.6000000000         1.7713190608         4.6781941302        14.5155202543 
        3.6100000000         3.6000000000         1.7866127697         4.7546523783        14.9139166355 
        3.6150000000         3.6000000000         1.7764169638         4.8005273271        14.6483190480 
        3.6200000000         3.6000000000         1.7815148668         4.8642425337        14.7811178418 
        3.6250000000         3.6000000000         1.7840638182         4.9254091322        14.8475172386 
        3.6300000000         3.6000000000         1.7789659153         4.9814785140        14.7147184449 
        3.6350000000         3.6000000000         1.7840638182         5.0018673802        14.8475172386 
        3.6400001000         3.6000000000         1.7840638182         4.9993187719        14.8475172386 
        3.6450000000         3.6000000000         1.7840638182         1.1075939477        14.8475172386 
        3.6500000000         3.6000000000         1.7738680123        -0.0010506486        14.5819196512 
        3.6550000000         3.6000000000         1.7815148668        -0.0035992569        14.7811178418 
        3.6600001000         3.6000000000         1.7891617212         0.0422756919        14.9803160324 
        3.6650000000         3.6000000000         1.7764169638         0.0830534242        14.6483190480 
        3.6700000000         3.6000000000         1.7789659153         0.1518658474        14.7147184449 
        3.6750000000         3.6000000000         1.7840638182         0.2181296624        14.8475172386 
        3.6800001000         3.6000000000         1.7764169638         0.2716504360        14.6483190480 
        3.6850000000         3.6000000000         1.7840638182         0.3302684262        14.8475172386 
        3.6900000000         3.6000000000         1.7815148668         0.3914350246        14.7811178418 
        3.6950000000         3.6000000000         1.7789659153         0.4475044064        14.7147184449 
        3.7000001000         3.6000000000         1.7687701093         0.4984765718        14.4491208574 
        3.7050000000         3.6000000000         1.7815148668         0.5596431702        14.7811178418 
        3.7100000000         3.6000000000         1.7840638182         0.6182611604        14.8475172386 
        3.7150000000         3.6000000000         1.7764169638         0.6768791505        14.6483190480 
        3.7200000000         3.6000000000         1.7713190608         0.7227540993        14.5155202543 
        3.7250000000         3.6000000000         1.7840638182         0.7890179143        14.8475172386 
        3.7300000000         3.6000000000         1.7840638182         0.8476359044        14.8475172386 
        3.7350000000         3.6000000000         1.7789659153         0.9062538946        14.7147184449 
        3.7400000000         3.6000000000         1.7738680123         0.9597746682        14.5819196512 
        3.7450000000         3.6000000000         1.7764169638         1.0183926583        14.6483190480 
        3.7500000000         3.6000000000         1.7815148668         1.0744620402        14.7811178418 
        3.7550000000         3.6000000000         1.7840638182         1.1305314221        14.8475172386 
        3.7600000000         3.6000000000         1.7815148668         1.1866008040        14.7811178418 
        3.7650001000         3.6000000000         1.7866127697         1.2503160107        14.9139166355 
        3.7700000000         3.6000000000         1.7713190608         1.2987395677        14.5155202543 
        3.7750000000         3.6000000000         1.7815148668         1.3446145166        14.7811178418 
        3.7800000000         3.6000000000         1.7815148668         1.4108783315        14.7811178418 
        3.7850001000         3.6000000000         1.7789659153         1.4669477134        14.7147184449 
        3.7900000000         3.6000000000         1.7636722064         1.5153712705        14.3163220637 
        3.7950000000         3.6000000000         1.7738680123         1.5714406523        14.5819196512 
        3.8000000000         3.6000000000         1.7789659153         1.6326072508        14.7147184449 
        3.8050001000         3.6000000000         1.7840638182         1.6937738492        14.8475172386 
        3.8100000000         3.6000000000         1.7738680123         1.7498432311        14.5819196512 
        3.8150032000         3.6000000000         1.7713190608         1.8033640047        14.5155202543 
        3.8200000000         3.6000000000         1.7738680123         1.8568847783        14.5819196512 
        3.8250001000         3.6000000000         1.7662211578         1.9104055519        14.3827214606 
        3.8300000000         3.6000000000         1.7713190608         1.9741207586        14.5155202543 
        3.8350000000         3.6000000000         1.7636722064         2.0250929239        14.3163220637 
        3.8400000000         3.6000000000         1.7534764004         2.0862595223        14.0507244762 
        3.8450000000         3.6000000000         1.7662211578         2.1448775125        14.3827214606 
        3.8500000000         3.6000000000         1.7840638182         2.2060441109        14.8475172386 
        3.8550000000         3.6000000000         1.7840638182         2.2519190597        14.8475172386 
        3.8600000000         3.6000000000         1.7764169638         2.3130856581        14.6483190480 
        3.8650000000         3.6000000000         1.7636722064         2.3640578235        14.3163220637 
        3.8700000000         3.6000000000         1.7815148668         2.4303216384        14.7811178418 
        3.8750000000         3.6000000000         1.7738680123         2.4812938038        14.5819196512 
        3.8800000000         3.6000000000         1.7840638182         2.5399117939        14.8475172386 
        3.8850000000         3.6000000000         1.7815148668         2.6010783924        14.7811178418 
        3.8900001000         3.6000000000         1.7713190608         2.6520505577        14.5155202543 
        3.8950000000         3.6000000000         1.7840638182         2.7157657644        14.8475172386 
        3.9000000000         3.6000000000         1.7738680123         2.7616407132        14.5819196512 
        3.9050000000         3.6000000000         1.7840638182         2.8253559199        14.8475172386 
        3.9100001000         3.6000000000         1.7738680123         2.8763280852        14.5819196512 
        3.9150000000         3.6000000000         1.7687701093         2.9323974671        14.4491208574 
        3.9200000000         3.6000000000         1.7764169638         2.9859182407        14.6483190480 
        3.9250000000         3.6000000000         1.7738680123         3.0445362309        14.5819196512 
        3.9300001000         3.6000000000         1.7840638182         3.1006056127        14.8475172386 
        3.9350000000         3.6000000000         1.7713190608         3.1464805616        14.5155202543 
        3.9400000000         3.6000000000         1.7713190608         3.2050985517        14.5155202543 
        3.9450000000         3.6000000000         1.7789659153         3.2688137584        14.7147184449 
        3.9500001000         3.6000000000         1.7764169638         3.3248831403        14.6483190480 
        3.9550000000         3.6000000000         1.7738680123         3.3809525222        14.5819196512 
        3.9600000000         3.6000000000         1.7840638182         3.4421191206        14.8475172386 
        3.9650000000         3.6000000000         1.7815148668         3.4981885025        14.7811178418 
        3.9700001000         3.6000000000         1.7738680123         3.5517092761        14.5819196512 
        3.9750000000         3.6000000000         1.7713190608         3.6001328331        14.5155202543 
        3.9800000000         3.6000000000         1.7738680123         3.6638480398        14.5819196512 
        3.9850000000         3.6000000000         1.7713190608         3.7199174217        14.5155202543 
        3.9900000000         3.6000000000         1.7713190608         3.7759868036        14.5155202543 
        3.9950000000         3.6000000000         1.7789659153         3.8371534020        14.7147184449 
        4.0000000000         3.6000000000         1.7611232549         3.8804797426        14.2499226668 
        4.0050000000         3.6000000000         1.7687701093         3.9441949492        14.4491208574 
        4.0100000000         3.6000000000         1.7687701093         3.9951671146        14.4491208574 
        4.0150000000         3.6000000000         1.7713190608         4.0512364965        14.5155202543 
        4.0200041000         3.6000000000         1.7713190608         4.1098544866        14.5155202543 
        4.0250001000         3.6000000000         1.7840638182         4.1761183016        14.8475172386 
        4.0300001000         3.6000000000         1.7764169638         4.2296390752        14.6483190480 
        4.0350001000         3.6000000000         1.7687701093         4.2882570653        14.4491208574 
        4.0400000000         3.6000000000         1.7764169638         4.3494236637        14.6483190480 
        4.0450000000         3.6000000000         1.7764169638         4.4080416539        14.6483190480 
        4.0500000000         3.6000000000         1.7840638182         4.4743054688        14.8475172386 
        4.0550000000         3.6000000000         1.7840638182         4.5303748507        14.8475172386 
        4.0600000000         3.6000000000         1.7738680123         4.5838956243        14.5819196512 
        4.0650001000         3.6000000000         1.7789659153         4.6450622228        14.7147184449 
        4.0700001000         3.6000000000         1.7713190608         4.6960343881        14.5155202543 
        4.0750001000         3.6000000000         1.7789659153         4.7648468113        14.7147184449 
        4.0800000000         3.6000000000         1.7713190608         4.8183675849        14.5155202543 
        4.0850000000         3.6000000000         1.7840638182         4.8820827916        14.8475172386 
        4.0900000000         3.6000000000         1.7840638182         4.9508952148        14.8475172386 
        4.0950000000         3.6000000000         1.7866127697         5.0095132050        14.9139166355 
        4.1000000000         3.6000000000         1.7815148668         5.0018673802        14.7811178418 
        4.1050000000         3.6000000000         1.7789659153         4.9840271223        14.7147184449 
        4.1100000000         3.6000000000         1.7815148668         1.1050453394        14.7811178418 
        4.1150000000         3.6000000000         1.7789659153         0.0014979597        14.7147184449 
        4.1200000000         3.6000000000         1.7840638182         0.0091437845        14.8475172386 
        4.1250000000         3.6000000000         1.7789659153         0.0448243002        14.7147184449 
        4.1300000000         3.6000000000         1.7738680123         0.0983450738        14.5819196512 
        4.1350017000         3.6000000000         1.7840638182         0.1620602805        14.8475172386 
        4.1400000000         3.6000000000         1.7713190608         0.2257754872        14.5155202543 
        4.1450000000         3.6000000000         1.7738680123         0.2843934773        14.5819196512 
        4.1500001000         3.6000000000         1.7840638182         0.3506572923        14.8475172386 
        4.1550000000         3.6000000000         1.7789659153         0.3990808494        14.7147184449 
        4.1600000000         3.6000000000         1.7764169638         0.4576988395        14.6483190480 
        4.1650000000         3.6000000000         1.7917106727         0.5163168297        15.0467154292 
        4.1700000000         3.6000000000         1.7840638182         0.5749348198        14.8475172386 
        4.1750000000         3.6000000000         1.7866127697         0.6386500265        14.9139166355 
        4.1800000000         3.6000000000         1.7738680123         0.6972680166        14.5819196512 
        4.1850000000         3.6000000000         1.7840638182         0.7431429655        14.8475172386 
        4.1900001000         3.6000000000         1.7815148668         0.7992123473        14.7811178418 
        4.1950000000         3.6000000000         1.7738680123         0.8552817292        14.5819196512 
        4.2000000000         3.6000000000         1.7713190608         0.9164483276        14.5155202543 
        4.2050000000         3.6000000000         1.7789659153         0.9750663178        14.7147184449 
        4.2100000000         3.6000000000         1.7840638182         1.0387815245        14.8475172386 
        4.2150000000         3.6000000000         1.7815148668         1.0846564733        14.7811178418 
        4.2200000000         3.6000000000         1.7789659153         1.1509202882        14.7147184449 
        4.2250000000         3.6000000000         1.7840638182         1.2044410618        14.8475172386 
        4.2300000000         3.6000000000         1.7713190608         1.2528646189        14.5155202543 
        4.2350000000         3.6000000000         1.7815148668         1.3165798256        14.7811178418 
        4.2400000000         3.6000000000         1.7840638182         1.3650033827        14.8475172386 
        4.2450000000         3.6000000000         1.7713190608         1.4134269398        14.5155202543 
        4.2500000000         3.6000000000         1.7789659153         1.4796907547        14.7147184449 
        4.2550000000         3.6000000000         1.7840638182         1.5383087449        14.8475172386 
        4.2600000000         3.6000000000         1.7840638182         1.5994753433        14.8475172386 
        4.2650000000         3.6000000000         1.7866127697         1.6555447252        14.9139166355 
        4.2700000000         3.6000000000         1.7815148668         1.7039682822        14.7811178418 
        4.2750001000         3.6000000000         1.7713190608         1.7549404476        14.5155202543 
        4.2800000000         3.6000000000         1.7815148668         1.8186556543        14.7811178418 
        4.2850000000         3.6000000000         1.7840638182         1.8849194692        14.8475172386 
        4.2900000000         3.6000000000         1.7738680123         1.9282458098        14.5819196512 
        4.2950000000         3.6000000000         1.7738680123         1.9894124082        14.5819196512 
        4.3000000000         3.6000000000         1.7636722064         2.0378359653        14.3163220637 
        4.3050000000         3.6000000000         1.7636722064         2.1015511720        14.3163220637 
        4.3100000000         3.6000000000         1.7840638182         2.1576205538        14.8475172386 
        4.3150001000         3.6000000000         1.7840638182         2.2136899357        14.8475172386 
        4.3200000000         3.6000000000         1.7713190608         2.2697593176        14.5155202543 
        4.3250000000         3.6000000000         1.7738680123         2.3232800912        14.5819196512 
        4.3300000000         3.6000000000         1.7789659153         2.3818980814        14.7147184449 
        4.3350000000         3.6000000000         1.7815148668         2.4379674632        14.7811178418 
        4.3400000000         3.6000000000         1.7866127697         2.5067798865        14.9139166355 
        4.3450000000         3.6000000000         1.7840638182         2.5653978766        14.8475172386 
        4.3500000000         3.6000000000         1.7789659153         2.6163700420        14.7147184449 
        4.3550001000         3.6000000000         1.7840638182         2.6698908156        14.8475172386 
        4.3600000000         3.6000000000         1.7840638182         2.7285088057        14.8475172386 
        4.3650000000         3.6000000000         1.7815148668         2.7871267959        14.7811178418 
        4.3700000000         3.6000000000         1.7764169638         2.8431961777        14.6483190480 
        4.3750000000         3.6000000000         1.7764169638         2.8992655596        14.6483190480 
        4.3800000000         3.6000000000         1.7764169638         2.9527863332        14.6483190480 
        4.3850000000         3.6000000000         1.7764169638         3.0063071069        14.6483190480 
        4.3900000000         3.6000000000         1.7764169638         3.0623764887        14.6483190480 
        4.3950000000         3.6000000000         1.7789659153         3.1235430872        14.7147184449 
        4.4000001000         3.6000000000         1.7764169638         3.1745152525        14.6483190480 
        4.4050000000         3.6000000000         1.7789659153         3.2305846344        14.7147184449 
        4.4100000000         3.6000000000         1.7815148668         3.2942998411        14.7811178418 
        4.4150000000         3.6000000000         1.7713190608         3.3452720064        14.5155202543 
        4.4200000000         3.6000000000         1.7789659153         3.4089872131        14.7147184449 
        4.4250000000         3.6000000000         1.7840638182         3.4650565950        14.8475172386 
        4.4300000000         3.6000000000         1.7738680123         3.5160287603        14.5819196512 
        4.4350000000         3.6000000000         1.7815148668         3.5797439670        14.7811178418 
        4.4400001000         3.6000000000         1.7789659153         3.6358133489        14.7147184449 
        4.4450000000         3.6000000000         1.7840638182         3.7020771638        14.8475172386 
        4.4500000000         3.6000000000         1.7789659153         3.7581465457        14.7147184449 
        4.4550000000         3.6000000000         1.7738680123         3.8065701028        14.5819196512 
        4.4600000000         3.6000000000         1.7738680123         3.8626394847        14.5819196512 
        4.4650000000         3.6000000000         1.7662211578         3.9161602583        14.3827214606 
        4.4700000000         3.6000000000         1.7764169638         3.9747782484        14.6483190480 
        4.4750000000         3.6000000000         1.7840638182         4.0359448469        14.8475172386 
        4.4800001000         3.6000000000         1.7789659153         4.0945628370        14.7147184449 
        4.4850000000         3.6000000000         1.7840638182         4.1608266520        14.8475172386 
        4.4900000000         3.6000000000         1.7840638182         4.2168960338        14.8475172386 
        4.4950000000         3.6000000000         1.7840638182         4.2755140240        14.8475172386 
        4.5000000000         3.6000000000         1.7789659153         4.3264861893        14.7147184449 
        4.5050000000         3.6000000000         1.7840638182         4.3825555712        14.8475172386 
        4.5100000000         3.6000000000         1.7764169638         4.4411735614        14.6483190480 
        4.5150000000         3.6000000000         1.7713190608         4.5023401598        14.5155202543 
        4.5200000000         3.6000000000         1.7662211578         4.5533123251        14.3827214606 
        4.5250001000         3.6000000000         1.7764169638         4.6195761401        14.6483190480 
        4.5300000000         3.6000000000         1.7840638182         4.6781941302        14.8475172386 
        4.5350000000         3.6000000000         1.7917106727         4.7444579452        15.0467154292 
        4.5400000000         3.6000000000         1.7789659153         4.8005273271        14.7147184449 
        4.5450000000         3.6000000000         1.7713190608         4.8514994924        14.5155202543 
        4.5500000000         3.6000000000         1.7713190608         4.9126660908        14.5155202543 
        4.5550000000         3.6000000000         1.7840638182         4.9840271223        14.8475172386 
        4.5600000000         3.6000000000         1.7840638182         5.0069645967        14.8475172386 
        4.5650001000         3.6000000000         1.7840638182         5.0069645967        14.8475172386 
        4.5700000000         3.6000000000         1.7840638182         1.1050453394        14.8475172386 
        4.5750000000         3.6000000000         1.7815148668         0.0014979597        14.7811178418 
        4.5800000000         3.6000000000         1.7738680123        -0.0035992569        14.5819196512 
        4.5850000000         3.6000000000         1.7764169638         0.0269840423        14.6483190480 
        4.5900000000         3.6000000000         1.7738680123         0.0805048160        14.5819196512 
        4.5950000000         3.6000000000         1.7764169638         0.1391228061        14.6483190480 
        4.6000000000         3.6000000000         1.7713190608         0.1926435797        14.5155202543 
        4.6050001000         3.6000000000         1.7840638182         0.2640046112        14.8475172386 
        4.6100003000         3.6000000000         1.7738680123         0.3200739931        14.5819196512 
        4.6150000000         3.6000000000         1.7815148668         0.3837891998        14.7811178418 
        4.6200000000         3.6000000000         1.7738680123         0.4322127568        14.5819196512 
        4.6250000000         3.6000000000         1.7687701093         0.4908307470        14.4491208574 
        4.6300000000         3.6000000000         1.7713190608         0.5418029123        14.5155202543 
        4.6350000000         3.6000000000         1.7713190608         0.5978722942        14.5155202543 
        4.6400000000         3.6000000000         1.7789659153         0.6615875009        14.7147184449 
        4.6450000000         3.6000000000         1.7840638182         0.7278513159        14.8475172386 
        4.6500021000         3.6000000000         1.7789659153         0.7737262647        14.7147184449 
        4.6550000000         3.6000000000         1.7738680123         0.8323442548        14.5819196512 
        4.6600000000         3.6000000000         1.7662211578         0.8833164202        14.3827214606 
        4.6650000000         3.6000000000         1.7789659153         0.9444830186        14.7147184449 
        4.6700000000         3.6000000000         1.7815148668         0.9903579674        14.7811178418 
        4.6750000000         3.6000000000         1.7789659153         1.0617189989        14.7147184449 
        4.6800000000         3.6000000000         1.7840638182         1.1203369890        14.8475172386 
        4.6850000000         3.6000000000         1.7662211578         1.1636633296        14.3827214606 
        4.6900001000         3.6000000000         1.7815148668         1.2350243611        14.7811178418 
        4.6950000000         3.6000000000         1.7840638182         1.2885451347        14.8475172386 
        4.7000000000         3.6000000000         1.7815148668         1.3420659083        14.7811178418 
        4.7050000000         3.6000000000         1.7815148668         1.3981352902        14.7811178418 
        4.7100000000         3.6000000000         1.7789659153         1.4465588472        14.7147184449 
        4.7150000000         3.6000000000         1.7713190608         1.5026282291        14.5155202543 
        4.7200000000         3.6000000000         1.7713190608         1.5536003945        14.5155202543 
        4.7250000000         3.6000000000         1.7713190608         1.6096697764        14.5155202543 
        4.7300001000         3.6000000000         1.7713190608         1.6733849830        14.5155202543 
        4.7350000000         3.6000000000         1.7713190608         1.7294543649        14.5155202543 
        4.7400000000         3.6000000000         1.7789659153         1.7931695716        14.7147184449 
        4.7450000000         3.6000000000         1.7866127697         1.8466903452        14.9139166355 
        4.7500000000         3.6000000000         1.7713190608         1.8951139023        14.5155202543 
        4.7550000000         3.6000000000         1.7687701093         1.9562805007        14.4491208574 
        4.7600000000         3.6000000000         1.7560253519         2.0021554495        14.1171238731 
        4.7650000000         3.6000000000         1.7560253519         2.0633220479        14.1171238731 
        4.7700000000         3.6000000000         1.7611232549         2.1091969968        14.2499226668 
        4.7750001000         3.6000000000         1.7764169638         2.1754608117        14.6483190480 
        4.7800000000         3.6000000000         1.7840638182         2.2391760184        14.8475172386 
        4.7850000000         3.6000000000         1.7840638182         2.3003426168        14.8475172386 
        4.7900000000         3.6000000000         1.7611232549         2.3411203491        14.2499226668 
        4.7950000000         3.6000000000         1.7636722064         2.3920925144        14.3163220637 
        4.8000000000         3.6000000000         1.7636722064         2.4532591128        14.3163220637 
        4.8050000000         3.6000000000         1.7738680123         2.5118771030        14.5819196512 
        4.8100000000         3.6000000000         1.7764169638         2.5704950931        14.6483190480 
        4.8150001000         3.6000000000         1.7840638182         2.6265644750        14.8475172386 
        4.8200000000         3.6000000000         1.7738680123         2.6826338569        14.5819196512 
        4.8250000000         3.6000000000         1.7789659153         2.7438004553        14.7147184449 
        4.8300000000         3.6000000000         1.7662211578         2.7896754041        14.3827214606 
        4.8350000000         3.6000000000         1.7662211578         2.8406475695        14.3827214606 
        4.8400000000         3.6000000000         1.7636722064         2.8992655596        14.3163220637 
        4.8450000000         3.6000000000         1.7789659153         2.9604321580        14.7147184449 
        4.8500000000         3.6000000000         1.7713190608         3.0165015399        14.5155202543 
        4.8550001000         3.6000000000         1.7815148668         3.0751195301        14.7811178418 
        4.8600000000         3.6000000000         1.7866127697         3.1337375202        14.9139166355 
        4.8650000000         3.6000000000         1.7840638182         3.1872582938        14.8475172386 
        4.8700000000         3.6000000000         1.7789659153         3.2407790675        14.7147184449 
        4.8750000000         3.6000000000         1.7738680123         3.2968484493        14.5819196512 
        4.8800000000         3.6000000000         1.7738680123         3.3529178312        14.5819196512 
        4.8850000000         3.6000000000         1.7713190608         3.4013413883        14.5155202543 
        4.8900000000         3.6000000000         1.7815148668         3.4650565950        14.7811178418 
        4.8950000000         3.6000000000         1.7815148668         3.5236745851        14.7811178418 
        4.9000001000         3.6000000000         1.7738680123         3.5797439670        14.5819196512 
        4.9050000000         3.6000000000         1.7738680123         3.6358133489        14.5819196512 
        4.9100000000         3.6000000000         1.7636722064         3.6867855142        14.3163220637 
        4.9150000000         3.6000000000         1.7713190608         3.7505007209        14.5155202543 
        4.9200000000         3.6000000000         1.7713190608         3.8116673193        14.5155202543 
        4.9250000000         3.6000000000         1.7687701093         3.8600908764        14.4491208574 
        4.9300000000         3.6000000000         1.7611232549         3.9110630418        14.2499226668 
        4.9350000000         3.6000000000         1.7789659153         3.9798754650        14.7147184449 
        4.9400001000         3.6000000000         1.7789659153         4.0308476303        14.7147184449 
        4.9450000000         3.6000000000         1.7815148668         4.0869170122        14.7811178418 
        4.9500000000         3.6000000000         1.7764169638         4.1480836106        14.6483190480 
        4.9550000000         3.6000000000         1.7815148668         4.2117988173        14.7811178418 
        4.9600000000         3.6000000000         1.7764169638         4.2627709827        14.6483190480 
        4.9650000000         3.6000000000         1.7713190608         4.3111945397        14.5155202543 
        4.9700000000         3.6000000000         1.7764169638         4.3723611382        14.6483190480 
        4.9750000000         3.6000000000         1.7713190608         4.4360763448        14.5155202543 
        4.9800001000         3.6000000000         1.7738680123         4.4921457267        14.5819196512 
        4.9850000000         3.6000000000         1.7815148668         4.5533123251        14.7811178418 
        4.9900000000         3.6000000000         1.7866127697         4.6195761401        14.9139166355 
        4.9950000000         3.6000000000         1.7840638182         4.6807427385        14.8475172386 
