           Time[sec]             ao1_Vcmd            ai2_Vgyro           ai3_Vpoten                Wgyro 
        0.0000000000         0.4000000000         1.2181965884         4.5762497995         0.1068511336 
        0.0050000000         0.4000000000         1.2130986854         4.5762497995        -0.0259476601 
        0.0100001000         0.4000000000         1.2156476369         4.5762497995         0.0404517368 
        0.0150001000         0.4000000000         1.2029028795         4.5686039747        -0.2915452476 
        0.0200000000         0.4000000000         1.2105497339         4.5762497995        -0.0923470570 
        0.0250001000         0.4000000000         1.2130986854         4.5762497995        -0.0259476601 
        0.0300001000         0.4000000000         1.2130986854         4.5762497995        -0.0259476601 
        0.0350000000         0.4000000000         1.2207455399         4.5762497995         0.1732505305 
        0.0400001000         0.4000000000         1.2130986854         4.5762497995        -0.0259476601 
        0.0450001000         0.4000000000         1.2207455399         4.5813470161         0.1732505305 
        0.0500000000         0.4000000000         1.2207455399         4.5787984078         0.1732505305 
        0.0550000000         0.4000000000         1.1085916745         4.5737011913        -2.7483229317 
        0.0600001000         0.4000000000         0.3897873555         4.5048887681       -21.4729528489 
        0.0650000000         0.4000000000         0.3591999376         4.4131388704       -22.2697456113 
        0.0700000000         0.4000000000         0.3999831614         4.3315834059       -21.2073552614 
        0.0750001000         0.4000000000         0.4050810644         4.2474793331       -21.0745564677 
        0.0800000000         0.4000000000         0.4050810644         4.1582780437       -21.0745564677 
        0.0850000000         0.4000000000         0.4152768703         4.0741739709       -20.8089588802 
        0.0900001000         0.4000000000         0.4203747733         3.9875212898       -20.6761600865 
        0.0950000000         0.4000000000         0.4254726763         3.9059658252       -20.5433612927 
        0.1000000000         0.4000000000         0.4407663852         3.8320561855       -20.1449649115 
        0.1050001000         0.4000000000         0.4586090456         3.7606951540       -19.6801691334 
        0.1100000000         0.4000000000         0.4662559000         3.6791396894       -19.4809709428 
        0.1150000000         0.4000000000         0.4662559000         3.6001328331       -19.4809709428 
        0.1200001000         0.4000000000         0.4662559000         3.5236745851       -19.4809709428 
        0.1250000000         0.4000000000         0.4764517060         3.4395705123       -19.2153733553 
        0.1300000000         0.4000000000         0.4891964634         3.3758553056       -18.8833763710 
        0.1350001000         0.4000000000         0.4968433179         3.3095914907       -18.6841781804 
        0.1400001000         0.4000000000         0.5095880753         3.2382304592       -18.3521811960 
        0.1450000000         0.4000000000         0.5044901723         3.1643208194       -18.4849799898 
        0.1500001000         0.4000000000         0.5172349298         3.0929597879       -18.1529830054 
        0.1550001000         0.4000000000         0.5197838812         3.0190501482       -18.0865836086 
        0.1600000000         0.4000000000         0.5146859783         2.9451405084       -18.2193824023 
        0.1650001000         0.4000000000         0.5223328327         2.8814253018       -18.0201842117 
        0.1700001000         0.4000000000         0.5172349298         2.8024184455       -18.1529830054 
        0.1750000000         0.4000000000         0.5197838812         2.7336060223       -18.0865836086 
        0.1800001000         0.4000000000         0.5146859783         2.6596963825       -18.2193824023 
        0.1850001000         0.4000000000         0.5146859783         2.5883353510       -18.2193824023 
        0.1900000000         0.4000000000         0.5248817842         2.5220715361       -17.9537848148 
        0.1950000000         0.4000000000         0.5274307357         2.4532591128       -17.8873854180 
        0.2000001000         0.4000000000         0.5197838812         2.3818980814       -18.0865836086 
        0.2050000000         0.4000000000         0.5299796872         2.3079884416       -17.8209860211 
        0.2100001000         0.4000000000         0.5274307357         2.2442732349       -17.8873854180 
        0.2150001000         0.4000000000         0.4917454149         2.1729122034       -18.8169769741 
        0.2200000000         0.4000000000         0.4509621911         2.1066483885       -19.8793673240 
        0.2250000000         0.4000000000         0.4076300159         2.0250929239       -21.0081570708 
        0.2300001000         0.4000000000         0.3974342099         1.9333430263       -21.2737546583 
        0.2350000000         0.4000000000         0.3923363069         1.8492389535       -21.4065534520 
        0.2400001000         0.4000000000         0.3846894525         1.7600376641       -21.6057516426 
        0.2450001000         0.4000000000         0.3872384040         1.6759335913       -21.5393522458 
        0.2500000000         0.4000000000         0.3974342099         1.5994753433       -21.2737546583 
        0.2550000000         0.4000000000         0.3999831614         1.5153712705       -21.2073552614 
        0.2600001000         0.4000000000         0.4076300159         1.4414616307       -21.0081570708 
        0.2650001000         0.4000000000         0.4025321129         1.3548089496       -21.1409558646 
        0.2700000000         0.4000000000         0.4076300159         1.2707048768       -21.0081570708 
        0.2750001000         0.4000000000         0.4076300159         1.1916980205       -21.0081570708 
        0.2800001000         0.4000000000         0.4076300159         1.1075939477       -21.0081570708 
        0.2850000000         0.4000000000         0.4050810644         1.0285870914       -21.0745564677 
        0.2900001000         0.4000000000         0.3999831614         0.9444830186       -21.2073552614 
        0.2950001000         0.4000000000         0.3974342099         0.8680247706       -21.2737546583 
        0.3000000000         0.4000000000         0.4050810644         0.7915665225       -21.0745564677 
        0.3050000000         0.4000000000         0.4050810644         0.7049138414       -21.0745564677 
        0.3100001000         0.4000000000         0.3974342099         0.6157125521       -21.2737546583 
        0.3150000000         0.4000000000         0.3974342099         0.5341570875       -21.2737546583 
        0.3200000000         0.4000000000         0.3999831614         0.4475044064       -21.2073552614 
        0.3250001000         0.4000000000         0.3974342099         0.3583031171       -21.2737546583 
        0.3300000000         0.4000000000         0.4050810644         0.2818448691       -21.0745564677 
        0.3350000000         0.4000000000         0.4101789673         0.2028380128       -20.9417576740 
        0.3400020000         0.4000000000         0.4050810644         0.1136367234       -21.0745564677 
        0.3450000000         0.4000000000         0.4076300159         0.0244354341       -21.0081570708 
        0.3500001000         0.4000000000         0.4127279188         0.0014979597       -20.8753582771 
        0.3550001000         0.4000000000         0.4203747733         1.1075939477       -20.6761600865 
        0.3600000000         0.4000000000         0.4331195307         5.0069645967       -20.3441631021 
        0.3650000000         0.4000000000         0.4356684822         4.9942215554       -20.2777637053 
        0.3700001000         0.4000000000         0.4254726763         4.9126660908       -20.5433612927 
        0.3750000000         0.4000000000         0.4254726763         4.8234648015       -20.5433612927 
        0.3800000000         0.4000000000         0.4203747733         4.7419093369       -20.6761600865 
        0.3850001000         0.4000000000         0.4152768703         4.6578052641       -20.8089588802 
        0.3900001000         0.4000000000         0.3999831614         4.5787984078       -21.2073552614 
        0.3950000000         0.4000000000         0.3872384040         4.4895971185       -21.5393522458 
        0.4000001000         0.4000000000         0.3846894525         4.4054930456       -21.6057516426 
        0.4050001000         0.4000000000         0.3923363069         4.3188403645       -21.4065534520 
        0.4100000000         0.4000000000         0.3999831614         4.2398335083       -21.2073552614 
        0.4150001000         0.4000000000         0.4050810644         4.1582780437       -21.0745564677 
        0.4200001000         0.4000000000         0.4025321129         4.0665281461       -21.1409558646 
        0.4250000000         0.4000000000         0.4127279188         3.9798754650       -20.8753582771 
        0.4300000000         0.4000000000         0.4076300159         3.8906741756       -21.0081570708 
        0.4350001000         0.4000000000         0.4101789673         3.8218617524       -20.9417576740 
        0.4400000000         0.4000000000         0.4101789673         3.7403062879       -20.9417576740 
        0.4450000000         0.4000000000         0.3974342099         3.6536536068       -21.2737546583 
        0.4500001000         0.4000000000         0.3999831614         3.5720981422       -21.2073552614 
        0.4550000000         0.4000000000         0.3948852584         3.4803482446       -21.3401540552 
        0.4600000000         0.4000000000         0.3923363069         3.3936955635       -21.4065534520 
        0.4650001000         0.4000000000         0.3923363069         3.3044942741       -21.4065534520 
        0.4700000000         0.4000000000         0.3897873555         3.2280360261       -21.4729528489 
        0.4750001000         0.4000000000         0.3795915495         3.1388347368       -21.7385504364 
        0.4800001000         0.4000000000         0.3846894525         3.0623764887       -21.6057516426 
        0.4850000000         0.4000000000         0.3846894525         2.9757238076       -21.6057516426 
        0.4900000000         0.4000000000         0.3948852584         2.9043627762       -21.3401540552 
        0.4950001000         0.4000000000         0.3948852584         2.8202587033       -21.3401540552 
        0.5000000000         0.4000000000         0.3872384040         2.7310574140       -21.5393522458 
        0.5050000000         0.4000000000         0.3897873555         2.6495019494       -21.4729528489 
        0.5100001000         0.4000000000         0.3872384040         2.5628492683       -21.5393522458 
        0.5150001000         0.4000000000         0.3897873555         2.4710993707       -21.4729528489 
        0.5200000000         0.4000000000         0.3923363069         2.3946411227       -21.4065534520 
        0.5250001000         0.4000000000         0.3846894525         2.3079884416       -21.6057516426 
        0.5300001000         0.4000000000         0.3872384040         2.2289815853       -21.5393522458 
        0.5350000000         0.4000000000         0.3821405010         2.1448775125       -21.6721510395 
        0.5400001000         0.4000000000         0.3821405010         2.0582248314       -21.6721510395 
        0.5450001000         0.4000000000         0.3897873555         1.9817665834       -21.4729528489 
        0.5500000000         0.4000000000         0.3897873555         1.8874680775       -21.4729528489 
        0.5550000000         0.4000000000         0.3897873555         1.8110098295       -21.4729528489 
        0.5600001000         0.4000000000         0.3872384040         1.7218085401       -21.5393522458 
        0.5650000000         0.4000000000         0.3872384040         1.6428016838       -21.5393522458 
        0.5700001000         0.4000000000         0.3872384040         1.5586976110       -21.5393522458 
        0.5750001000         0.4000000000         0.3795915495         1.4669477134       -21.7385504364 
        0.5800001000         0.4000000000         0.3770425980         1.3751978158       -21.8049498333 
        0.5850000000         0.4000000000         0.3846894525         1.2987395677       -21.6057516426 
        0.5900001000         0.4000000000         0.3897873555         1.2248299280       -21.4729528489 
        0.5950000000         0.4000000000         0.3999831614         1.1407258552       -21.2073552614 
        0.6000000000         0.4000000000         0.3923363069         1.0642676071       -21.4065534520 
        0.6050001000         0.4000000000         0.3974342099         0.9776149261       -21.2737546583 
        0.6100000000         0.4000000000         0.3846894525         0.8960594615       -21.6057516426 
        0.6150000000         0.4000000000         0.3948852584         0.8119553887       -21.3401540552 
        0.6200001000         0.4000000000         0.3846894525         0.7202054911       -21.6057516426 
        0.6250000000         0.4000000000         0.3872384040         0.6310042017       -21.5393522458 
        0.6300000000         0.4000000000         0.3846894525         0.5418029123       -21.6057516426 
        0.6350001000         0.4000000000         0.3846894525         0.4576988395       -21.6057516426 
        0.6400001000         0.4000000000         0.3923363069         0.3786919832       -21.4065534520 
        0.6450001000         0.4000000000         0.3948852584         0.2945879104       -21.3401540552 
        0.6500001000         0.4000000000         0.3999831614         0.2155810541       -21.2073552614 
        0.6550053000         0.4000000000         0.3948852584         0.1187339400       -21.3401540552 
        0.6600000000         0.4000000000         0.3948852584         0.0346298671       -21.3401540552 
        0.6650001000         0.4000000000         0.3974342099         0.0040465679       -21.2737546583 
        0.6700001000         0.4000000000         0.4050810644         1.1152397725       -21.0745564677 
        0.6750000000         0.4000000000         0.4025321129         4.9942215554       -21.1409558646 
        0.6800007000         0.4000000000         0.4178258218         5.0018673802       -20.7425594833 
        0.6850001000         0.4000000000         0.4076300159         4.9177633074       -21.0081570708 
        0.6900000000         0.4000000000         0.4076300159         4.8285620180       -21.0081570708 
        0.6950001000         0.4000000000         0.4076300159         4.7470065535       -21.0081570708 
        0.7000001000         0.4000000000         0.3872384040         4.6603538724       -21.5393522458 
        0.7050001000         0.4000000000         0.3744936465         4.5635067582       -21.8713492301 
        0.7100000000         0.4000000000         0.3744936465         4.4743054688       -21.8713492301 
        0.7150001000         0.4000000000         0.3846894525         4.3927500043       -21.6057516426 
        0.7200000000         0.4000000000         0.3872384040         4.3111945397       -21.5393522458 
        0.7250000000         0.4000000000         0.3999831614         4.2321876834       -21.2073552614 
        0.7300001000         0.4000000000         0.3999831614         4.1480836106       -21.2073552614 
        0.7350000000         0.4000000000         0.3999831614         4.0537851047       -21.2073552614 
        0.7400000000         0.4000000000         0.3948852584         3.9620352071       -21.3401540552 
        0.7450001000         0.4000000000         0.3846894525         3.8779311343       -21.6057516426 
        0.7500000000         0.4000000000         0.3846894525         3.8040214945       -21.6057516426 
        0.7550000000         0.4000000000         0.3846894525         3.7097229886       -21.6057516426 
        0.7600001000         0.4000000000         0.3872384040         3.6307161324       -21.5393522458 
        0.7650001000         0.4000000000         0.3846894525         3.5491606678       -21.6057516426 
        0.7700000000         0.4000000000         0.3974342099         3.4676052032       -21.2737546583 
        0.7750001000         0.4000000000         0.3948852584         3.3758553056       -21.3401540552 
        0.7800001000         0.4000000000         0.3974342099         3.2993970576       -21.2737546583 
        0.7850000000         0.4000000000         0.3923363069         3.2101957682       -21.4065534520 
        0.7900001000         0.4000000000         0.3974342099         3.1286403037       -21.2737546583 
        0.7950001000         0.4000000000         0.3846894525         3.0445362309       -21.6057516426 
        0.8000000000         0.4000000000         0.3770425980         2.9578835498       -21.8049498333 
        0.8050000000         0.4000000000         0.3821405010         2.8814253018       -21.6721510395 
        0.8100001000         0.4000000000         0.3846894525         2.7947726207       -21.6057516426 
        0.8150000000         0.4000000000         0.3872384040         2.7208629809       -21.5393522458 
        0.8200001000         0.4000000000         0.3744936465         2.6214672585       -21.8713492301 
        0.8250001000         0.4000000000         0.3872384040         2.5501062270       -21.5393522458 
        0.8300001000         0.4000000000         0.3846894525         2.4634535459       -21.6057516426 
        0.8350001000         0.4000000000         0.3770425980         2.3666064318       -21.8049498333 
        0.8400001000         0.4000000000         0.3872384040         2.2977940085       -21.5393522458 
        0.8450000000         0.4000000000         0.3846894525         2.2060441109       -21.6057516426 
        0.8500014000         0.4000000000         0.3795915495         2.1193914298       -21.7385504364 
        0.8550001000         0.4000000000         0.3846894525         2.0454817901       -21.6057516426 
        0.8600000000         0.4000000000         0.3770425980         1.9460860676       -21.8049498333 
        0.8650000000         0.4000000000         0.3846894525         1.8670792114       -21.6057516426 
        0.8700001000         0.4000000000         0.3821405010         1.7829751385       -21.6721510395 
        0.8750000000         0.4000000000         0.3744936465         1.6912252409       -21.8713492301 
        0.8800000000         0.4000000000         0.3821405010         1.6224128177       -21.6721510395 
        0.8850001000         0.4000000000         0.3744936465         1.5230170953       -21.8713492301 
        0.8900001000         0.4000000000         0.3821405010         1.4440102390       -21.6721510395 
        0.8950000000         0.4000000000         0.3846894525         1.3624547744       -21.6057516426 
        0.9000001000         0.4000000000         0.3795915495         1.2732534851       -21.7385504364 
        0.9050001000         0.4000000000         0.3974342099         1.2069896701       -21.2737546583 
        0.9100000000         0.4000000000         0.3897873555         1.1152397725       -21.4729528489 
        0.9150001000         0.4000000000         0.3897873555         1.0336843079       -21.4729528489 
        0.9200001000         0.4000000000         0.3821405010         0.9393858020       -21.6721510395 
        0.9250000000         0.4000000000         0.3846894525         0.8654761623       -21.6057516426 
        0.9300000000         0.4000000000         0.3846894525         0.7813720895       -21.6057516426 
        0.9350001000         0.4000000000         0.3846894525         0.6947194084       -21.6057516426 
        0.9400000000         0.4000000000         0.3923363069         0.6208097686       -21.4065534520 
        0.9450001000         0.4000000000         0.3897873555         0.5239626545       -21.4729528489 
        0.9500001000         0.4000000000         0.3897873555         0.4424071899       -21.4729528489 
        0.9550001000         0.4000000000         0.3948852584         0.3634003336       -21.3401540552 
        0.9600001000         0.4000000000         0.3872384040         0.2614560029       -21.5393522458 
        0.9650001000         0.4000000000         0.3974342099         0.1900949714       -21.2737546583 
        0.9700000000         0.4000000000         0.3846894525         0.0932478573       -21.6057516426 
        0.9750000000         0.4000000000         0.3821405010         0.0065951762       -21.6721510395 
        0.9800005000         0.4000000000         0.3974342099         0.0091437845       -21.2737546583 
        0.9850000000         0.4000000000         0.4025321129         1.1050453394       -21.1409558646 
        0.9900000000         0.4000000000         0.4076300159         5.0044159885       -21.0081570708 
        0.9950001000         0.4000000000         0.4076300159         4.9712840810       -21.0081570708 
        1.0000000000         0.4000000000         0.4101789673         4.8871800082       -20.9417576740 
        1.0050000000         0.4000000000         0.4101789673         4.8005273271       -20.9417576740 
        1.0100001000         0.4000000000         0.4076300159         4.7164232542       -21.0081570708 
        1.0150001000         0.4000000000         0.4050810644         4.6374163980       -21.0745564677 
        1.0200001000         0.4000000000         0.3744936465         4.5354720673       -21.8713492301 
        1.0250001000         0.4000000000         0.3744936465         4.4539166027       -21.8713492301 
        1.0300001000         0.4000000000         0.3846894525         4.3749097464       -21.6057516426 
        1.0350000000         0.4000000000         0.3719446951         4.2729654157       -21.9377486270 
        1.0400001000         0.4000000000         0.3872384040         4.1939585594       -21.5393522458 
        1.0450001000         0.4000000000         0.3897873555         4.1073058783       -21.4729528489 
        1.0500000000         0.4000000000         0.3846894525         4.0155559807       -21.6057516426 
        1.0550000000         0.4000000000         0.3999831614         3.9467435575       -21.2073552614 
        1.0600001000         0.4000000000         0.3974342099         3.8524450516       -21.2737546583 
        1.0650000000         0.4000000000         0.3923363069         3.7632437623       -21.4065534520 
        1.0700000000         0.4000000000         0.3974342099         3.6893341225       -21.2737546583 
        1.0750001000         0.4000000000         0.3846894525         3.6001328331       -21.6057516426 
        1.0800000000         0.4000000000         0.3974342099         3.5262231934       -21.2737546583 
        1.0850000000         0.4000000000         0.3846894525         3.4344732958       -21.6057516426 
        1.0900017000         0.4000000000         0.3846894525         3.3478206147       -21.6057516426 
        1.0950000000         0.4000000000         0.3821405010         3.2611679336       -21.6721510395 
        1.1000000000         0.4000000000         0.3897873555         3.1872582938       -21.4729528489 
        1.1050001000         0.4000000000         0.3770425980         3.0878625714       -21.8049498333 
        1.1100000000         0.4000000000         0.3821405010         3.0139529317       -21.6721510395 
        1.1150000000         0.4000000000         0.3897873555         2.9374946836       -21.4729528489 
        1.1200001000         0.4000000000         0.3770425980         2.8406475695       -21.8049498333 
        1.1250000000         0.4000000000         0.3846894525         2.7616407132       -21.6057516426 
        1.1300000000         0.4000000000         0.3795915495         2.6800852486       -21.7385504364 
        1.1350001000         0.4000000000         0.3719446951         2.5883353510       -21.9377486270 
        1.1400001000         0.4000000000         0.3821405010         2.5067798865       -21.6721510395 
        1.1450001000         0.4000000000         0.3846894525         2.4252244219       -21.6057516426 
        1.1500001000         0.4000000000         0.3770425980         2.3385717408       -21.8049498333 
        1.1550001000         0.4000000000         0.3923363069         2.2621134928       -21.4065534520 
        1.1600000000         0.4000000000         0.3795915495         2.1703635952       -21.7385504364 
        1.1650001000         0.4000000000         0.3821405010         2.0888081306       -21.6721510395 
        1.1700001000         0.4000000000         0.3897873555         2.0072526661       -21.4729528489 
        1.1750000000         0.4000000000         0.3744936465         1.9104055519       -21.8713492301 
        1.1800000000         0.4000000000         0.3795915495         1.8339473039       -21.7385504364 
        1.1850002000         0.4000000000         0.3795915495         1.7472946228       -21.7385504364 
        1.1900000000         0.4000000000         0.3795915495         1.6657391582       -21.7385504364 
        1.1950000000         0.4000000000         0.3846894525         1.5790864771       -21.6057516426 
        1.2000001000         0.4000000000         0.3744936465         1.4924337961       -21.8713492301 
        1.2050200000         0.4000000000         0.3923363069         1.4236213728       -21.4065534520 
        1.2100000000         0.4000000000         0.3770425980         1.3191284339       -21.8049498333 
        1.2150001000         0.4000000000         0.3872384040         1.2426701859       -21.5393522458 
        1.2200000000         0.4000000000         0.3948852584         1.1636633296       -21.3401540552 
        1.2250000000         0.4000000000         0.3948852584         1.0897536898       -21.3401540552 
        1.2300001000         0.4000000000         0.3744936465         0.9980037922       -21.8713492301 
        1.2350000000         0.4000000000         0.3872384040         0.9240941524       -21.5393522458 
        1.2400000000         0.4000000000         0.3846894525         0.8246984300       -21.6057516426 
        1.2450001000         0.4000000000         0.3923363069         0.7507887903       -21.4065534520 
        1.2500015000         0.4000000000         0.3770425980         0.6539416761       -21.8049498333 
        1.2550000000         0.4000000000         0.3872384040         0.5749348198       -21.5393522458 
        1.2600001000         0.4000000000         0.3897873555         0.4933793553       -21.4729528489 
        1.2650001000         0.4000000000         0.3795915495         0.3965322411       -21.7385504364 
        1.2700015000         0.4000000000         0.3923363069         0.3251712096       -21.4065534520 
        1.2750001000         0.4000000000         0.3846894525         0.2334213120       -21.6057516426 
        1.2800001000         0.4000000000         0.3770425980         0.1391228061       -21.8049498333 
        1.2850000000         0.4000000000         0.3872384040         0.0575673415       -21.5393522458 
        1.2900001000         0.4000000000         0.3974342099        -0.0010506486       -21.2737546583 
        1.2950001000         0.4000000000         0.3948852584         0.0040465679       -21.3401540552 
        1.3000000000         0.4000000000         0.3999831614         4.9993187719       -21.2073552614 
        1.3050000000         0.4000000000         0.4152768703         5.0044159885       -20.8089588802 
        1.3100001000         0.4000000000         0.4127279188         4.9407007818       -20.8753582771 
        1.3150000000         0.4000000000         0.4178258218         4.8514994924       -20.7425594833 
        1.3200000000         0.4000000000         0.4152768703         4.7750412444       -20.8089588802 
        1.3250001000         0.4000000000         0.3872384040         4.6730969137       -21.5393522458 
        1.3300000000         0.4000000000         0.3770425980         4.5940900574       -21.8049498333 
        1.3350007000         0.4000000000         0.3770425980         4.5048887681       -21.8049498333 
        1.3400001000         0.4000000000         0.3719446951         4.4105902622       -21.9377486270 
        1.3450000000         0.4000000000         0.3846894525         4.3366806224       -21.6057516426 
        1.3500008000         0.4000000000         0.3846894525         4.2423821165       -21.6057516426 
        1.3550001000         0.4000000000         0.3872384040         4.1582780437       -21.5393522458 
        1.3600000000         0.4000000000         0.3923363069         4.0716253626       -21.4065534520 
        1.3650000000         0.4000000000         0.3846894525         3.9824240732       -21.6057516426 
        1.3700001000         0.4000000000         0.3923363069         3.9008686087       -21.4065534520 
        1.3750000000         0.4000000000         0.3795915495         3.8091187111       -21.7385504364 
        1.3800000000         0.4000000000         0.3948852584         3.7428548961       -21.3401540552 
        1.3850001000         0.4000000000         0.3770425980         3.6409105654       -21.8049498333 
        1.3900001000         0.4000000000         0.3770425980         3.5644523174       -21.8049498333 
        1.3950001000         0.4000000000         0.3821405010         3.4854454611       -21.6721510395 
        1.4000001000         0.4000000000         0.3668467921         3.3860497387       -22.0705474207 
        1.4050024000         0.4000000000         0.3719446951         3.3019456659       -21.9377486270 
        1.4100000000         0.4000000000         0.3872384040         3.2305846344       -21.5393522458 
        1.4150001000         0.4000000000         0.3770425980         3.1362861285       -21.8049498333 
        1.4200023000         0.4000000000         0.3795915495         3.0547306639       -21.7385504364 
        1.4250000000         0.4000000000         0.3846894525         2.9757238076       -21.6057516426 
        1.4300000000         0.4000000000         0.3744936465         2.8814253018       -21.8713492301 
        1.4350001000         0.4000000000         0.3821405010         2.8049670537       -21.6721510395 
        1.4400000000         0.4000000000         0.3744936465         2.7106685478       -21.8713492301 
        1.4450000000         0.4000000000         0.3897873555         2.6393075164       -21.4729528489 
        1.4500001000         0.4000000000         0.3821405010         2.5501062270       -21.6721510395 
        1.4550000000         0.4000000000         0.3897873555         2.4736479790       -21.4729528489 
        1.4600000000         0.4000000000         0.3795915495         2.3818980814       -21.7385504364 
        1.4650001000         0.4000000000         0.3744936465         2.2977940085       -21.8713492301 
        1.4700000000         0.4000000000         0.3719446951         2.2111413274       -21.9377486270 
        1.4750000000         0.4000000000         0.3744936465         2.1270372546       -21.8713492301 
        1.4800001000         0.4000000000         0.3821405010         2.0480303983       -21.6721510395 
        1.4850000000         0.4000000000         0.3693957436         1.9460860676       -22.0041480239 
        1.4900000000         0.4000000000         0.3744936465         1.8670792114       -21.8713492301 
        1.4950001000         0.4000000000         0.3795915495         1.7906209633       -21.7385504364 
        1.5000000000         0.4000000000         0.3668467921         1.6886766326       -22.0705474207 
        1.5050000000         0.4000000000         0.3846894525         1.6198642094       -21.6057516426 
        1.5100001000         0.4000000000         0.3770425980         1.5306629201       -21.8049498333 
        1.5150001000         0.4000000000         0.3744936465         1.4363644142       -21.8713492301 
        1.5200001000         0.4000000000         0.3846894525         1.3624547744       -21.6057516426 
        1.5250001000         0.4000000000         0.3846894525         1.2783507016       -21.6057516426 
        1.5300001000         0.4000000000         0.3923363069         1.1967952370       -21.4065534520 
        1.5350000000         0.4000000000         0.3923363069         1.1203369890       -21.4065534520 
        1.5400001000         0.4000000000         0.3744936465         1.0260384831       -21.8713492301 
        1.5450001000         0.4000000000         0.3821405010         0.9470316268       -21.6721510395 
        1.5500000000         0.4000000000         0.3846894525         0.8629275540       -21.6057516426 
        1.5550000000         0.4000000000         0.3795915495         0.7737262647       -21.7385504364 
        1.5600001000         0.4000000000         0.3846894525         0.6921708001       -21.6057516426 
        1.5650000000         0.4000000000         0.3770425980         0.6029695108       -21.8049498333 
        1.5700000000         0.4000000000         0.3948852584         0.5316084793       -21.3401540552 
        1.5750008000         0.4000000000         0.3974342099         0.4373099734       -21.2737546583 
        1.5800000000         0.4000000000         0.3923363069         0.3583031171       -21.4065534520 
        1.5850000000         0.4000000000         0.3872384040         0.2691018277       -21.5393522458 
        1.5900001000         0.4000000000         0.3974342099         0.1722547136       -21.2737546583 
        1.5950000000         0.4000000000         0.3974342099         0.0906992490       -21.2737546583 
        1.6000000000         0.4000000000         0.3974342099         0.0116923927       -21.2737546583 
        1.6050001000         0.4000000000         0.4101789673        -0.0010506486       -20.9417576740 
        1.6100000000         0.4000000000         0.4050810644         1.0999481229       -21.0745564677 
        1.6150000000         0.4000000000         0.4050810644         4.9993187719       -21.0745564677 
        1.6200001000         0.4000000000         0.3999831614         4.9738326892       -21.2073552614 
        1.6250000000         0.4000000000         0.3974342099         4.8897286164       -21.2737546583 
        1.6300001000         0.4000000000         0.3795915495         4.8030759353       -21.7385504364 
        1.6350001000         0.4000000000         0.3770425980         4.7087774294       -21.8049498333 
        1.6400011000         0.4000000000         0.3846894525         4.6272219649       -21.6057516426 
        1.6450001000         0.4000000000         0.3948852584         4.5380206755       -21.3401540552 
        1.6500001000         0.4000000000         0.3872384040         4.4462707779       -21.5393522458 
        1.6550001000         0.4000000000         0.3948852584         4.3672639216       -21.3401540552 
        1.6600000000         0.4000000000         0.3923363069         4.2806112405       -21.4065534520 
        1.6650001000         0.4000000000         0.3897873555         4.1990557760       -21.4729528489 
        1.6700001000         0.4000000000         0.3846894525         4.1124030949       -21.6057516426 
        1.6750000000         0.4000000000         0.3846894525         4.0232018055       -21.6057516426 
        1.6800000000         0.4000000000         0.3846894525         3.9416463410       -21.6057516426 
        1.6850001000         0.4000000000         0.3846894525         3.8600908764       -21.6057516426 
        1.6900000000         0.4000000000         0.3770425980         3.7657923705       -21.8049498333 
        1.6950000000         0.4000000000         0.3872384040         3.6944313390       -21.5393522458 
        1.7000001000         0.4000000000         0.3770425980         3.5924870083       -21.8049498333 
        1.7050000000         0.4000000000         0.3846894525         3.5211259769       -21.6057516426 
        1.7100000000         0.4000000000         0.3795915495         3.4242788627       -21.7385504364 
        1.7150001000         0.4000000000         0.3872384040         3.3427233981       -21.5393522458 
        1.7200000000         0.4000000000         0.3948852584         3.2713623667       -21.3401540552 
        1.7250000000         0.4000000000         0.3770425980         3.1770638608       -21.8049498333 
        1.7300001000         0.4000000000         0.3821405010         3.0955083962       -21.6721510395 
        1.7350000000         0.4000000000         0.3821405010         3.0114043234       -21.6721510395 
        1.7400000000         0.4000000000         0.3770425980         2.9273002506       -21.8049498333 
        1.7450001000         0.4000000000         0.3795915495         2.8431961777       -21.7385504364 
        1.7500000000         0.4000000000         0.3744936465         2.7539948884       -21.8713492301 
        1.7550000000         0.4000000000         0.3872384040         2.6826338569       -21.5393522458 
        1.7600001000         0.4000000000         0.3897873555         2.5934325675       -21.4729528489 
        1.7650001000         0.4000000000         0.3744936465         2.5067798865       -21.8713492301 
        1.7700001000         0.4000000000         0.3846894525         2.4303216384       -21.6057516426 
        1.7750001000         0.4000000000         0.3770425980         2.3309259160       -21.8049498333 
        1.7800001000         0.4000000000         0.3821405010         2.2544676680       -21.6721510395 
        1.7850000000         0.4000000000         0.3744936465         2.1627177704       -21.8713492301 
        1.7900001000         0.4000000000         0.3846894525         2.0862595223       -21.6057516426 
        1.7950001000         0.4000000000         0.3744936465         1.9945096247       -21.8713492301 
        1.8000000000         0.4000000000         0.3719446951         1.9078569436       -21.9377486270 
        1.8050000000         0.4000000000         0.3795915495         1.8313986956       -21.7385504364 
        1.8100001000         0.4000000000         0.3821405010         1.7371001897       -21.6721510395 
        1.8150000000         0.4000000000         0.3770425980         1.6606419417       -21.8049498333 
        1.8200000000         0.4000000000         0.3821405010         1.5765378689       -21.6721510395 
        1.8250001000         0.4000000000         0.3897873555         1.4873365795       -21.4729528489 
        1.8300000000         0.4000000000         0.3770425980         1.3955866819       -21.8049498333 
        1.8350000000         0.4000000000         0.3846894525         1.3242256504       -21.6057516426 
        1.8400001000         0.4000000000         0.3795915495         1.2324757528       -21.7385504364 
        1.8450000000         0.4000000000         0.3999831614         1.1687605461       -21.2073552614 
        1.8500000000         0.4000000000         0.3846894525         1.0719134319       -21.6057516426 
        1.8550001000         0.4000000000         0.3821405010         0.9903579674       -21.6721510395 
        1.8600000000         0.4000000000         0.3872384040         0.9164483276       -21.5393522458 
        1.8650000000         0.4000000000         0.3744936465         0.8221498217       -21.8713492301 
        1.8700001000         0.4000000000         0.3795915495         0.7405943572       -21.7385504364 
        1.8750000000         0.4000000000         0.3821405010         0.6488444596       -21.6721510395 
        1.8800000000         0.4000000000         0.3872384040         0.5774834281       -21.5393522458 
        1.8850001000         0.4000000000         0.3821405010         0.4806363139       -21.6721510395 
        1.8900001000         0.4000000000         0.3897873555         0.3990808494       -21.4729528489 
        1.8950001000         0.4000000000         0.3770425980         0.3073309517       -21.8049498333 
        1.9000001000         0.4000000000         0.3846894525         0.2283240955       -21.6057516426 
        1.9050001000         0.4000000000         0.3846894525         0.1391228061       -21.6057516426 
        1.9100000000         0.4000000000         0.3795915495         0.0473729085       -21.7385504364 
        1.9150001000         0.4000000000         0.3974342099         0.0091437845       -21.2737546583 
        1.9200001000         0.4000000000         0.3974342099        -0.0035992569       -21.2737546583 
        1.9250000000         0.4000000000         0.4050810644         5.0069645967       -21.0745564677 
        1.9300000000         0.4000000000         0.4050810644         5.0018673802       -21.0745564677 
        1.9350001000         0.4000000000         0.4050810644         4.9305063487       -21.0745564677 
        1.9400000000         0.4000000000         0.4178258218         4.8591453172       -20.7425594833 
        1.9450000000         0.4000000000         0.4076300159         4.7597495948       -21.0081570708 
        1.9500008000         0.4000000000         0.4050810644         4.6858399550       -21.0745564677 
        1.9550000000         0.4000000000         0.3770425980         4.5889928409       -21.8049498333 
        1.9600000000         0.4000000000         0.3770425980         4.4997915515       -21.8049498333 
        1.9650001000         0.4000000000         0.3872384040         4.4156874787       -21.5393522458 
        1.9700000000         0.4000000000         0.3744936465         4.3213889728       -21.8713492301 
        1.9750000000         0.4000000000         0.3923363069         4.2474793331       -21.4065534520 
        1.9800001000         0.4000000000         0.3795915495         4.1480836106       -21.7385504364 
        1.9850000000         0.4000000000         0.3897873555         4.0665281461       -21.4729528489 
        1.9900000000         0.4000000000         0.3897873555         3.9824240732       -21.4729528489 
        1.9950001000         0.4000000000         0.3872384040         3.8983200004       -21.5393522458 
        2.0000000000         0.4000000000         0.3897873555         3.8065701028       -21.4729528489 
        2.0050000000         0.4000000000         0.3872384040         3.7275632465       -21.5393522458 
        2.0100001000         0.4000000000         0.3948852584         3.6485563902       -21.3401540552 
        2.0150001000         0.4000000000         0.3795915495         3.5542578843       -21.7385504364 
        2.0200001000         0.4000000000         0.3795915495         3.4803482446       -21.7385504364 
        2.0250001000         0.4000000000         0.3719446951         3.3835011304       -21.9377486270 
        2.0300001000         0.4000000000         0.3770425980         3.3019456659       -21.8049498333 
        2.0350001000         0.4000000000         0.3770425980         3.2178415930       -21.8049498333 
        2.0400001000         0.4000000000         0.3693957436         3.1311889120       -22.0041480239 
        2.0450001000         0.4000000000         0.3668467921         3.0445362309       -22.0705474207 
        2.0500000000         0.4000000000         0.3770425980         2.9655293746       -21.8049498333 
        2.0550000000         0.4000000000         0.3744936465         2.8788766935       -21.8713492301 
        2.0600001000         0.4000000000         0.3846894525         2.8100642703       -21.6057516426 
        2.0650000000         0.4000000000         0.3795915495         2.7183143726       -21.7385504364 
        2.0700000000         0.4000000000         0.3770425980         2.6342102998       -21.8049498333 
        2.0750001000         0.4000000000         0.3795915495         2.5450090105       -21.7385504364 
        2.0800000000         0.4000000000         0.3744936465         2.4558077211       -21.8713492301 
        2.0850000000         0.4000000000         0.3821405010         2.3818980814       -21.6721510395 
        2.0900001000         0.4000000000         0.3744936465         2.2926967920       -21.8713492301 
        2.0950000000         0.4000000000         0.3719446951         2.1983982861       -21.9377486270 
        2.1000000000         0.4000000000         0.3846894525         2.1270372546       -21.6057516426 
        2.1050001000         0.4000000000         0.3744936465         2.0352873570       -21.8713492301 
        2.1100000000         0.4000000000         0.3668467921         1.9486346759       -22.0705474207 
        2.1150000000         0.4000000000         0.3770425980         1.8645306031       -21.8049498333 
        2.1200001000         0.4000000000         0.3770425980         1.7778779220       -21.8049498333 
        2.1250008000         0.4000000000         0.3846894525         1.7014196740       -21.6057516426 
        2.1300000000         0.4000000000         0.3719446951         1.5994753433       -21.9377486270 
        2.1350001000         0.4000000000         0.3744936465         1.5255657035       -21.8713492301 
        2.1400001000         0.4000000000         0.3770425980         1.4389130224       -21.8049498333 
        2.1450000000         0.4000000000         0.3693957436         1.3522603414       -22.0041480239 
        2.1500001000         0.4000000000         0.3872384040         1.2808993099       -21.5393522458 
        2.1550001000         0.4000000000         0.3923363069         1.1967952370       -21.4065534520 
        2.1600001000         0.4000000000         0.3846894525         1.0999481229       -21.6057516426 
        2.1650001000         0.4000000000         0.3897873555         1.0260384831       -21.4729528489 
        2.1700001000         0.4000000000         0.3846894525         0.9419344103       -21.6057516426 
        2.1750000000         0.4000000000         0.3846894525         0.8654761623       -21.6057516426 
        2.1800001000         0.4000000000         0.3744936465         0.7737262647       -21.8713492301 
        2.1850001000         0.4000000000         0.3744936465         0.6870735836       -21.8713492301 
        2.1900000000         0.4000000000         0.3719446951         0.5978722942       -21.9377486270 
        2.1950000000         0.4000000000         0.3795915495         0.5163168297       -21.7385504364 
        2.2000001000         0.4000000000         0.3846894525         0.4271155403       -21.6057516426 
        2.2050000000         0.4000000000         0.3872384040         0.3506572923       -21.5393522458 
        2.2100000000         0.4000000000         0.3872384040         0.2563587864       -21.5393522458 
        2.2150001000         0.4000000000         0.3872384040         0.1620602805       -21.5393522458 
        2.2200000000         0.4000000000         0.3872384040         0.0805048160       -21.5393522458 
        2.2250000000         0.4000000000         0.3974342099         0.0091437845       -21.2737546583 
        2.2300001000         0.4000000000         0.3872384040        -0.0035992569       -21.5393522458 
        2.2350000000         0.4000000000         0.3923363069         1.1050453394       -21.4065534520 
        2.2400000000         0.4000000000         0.4050810644         5.0044159885       -21.0745564677 
        2.2450001000         0.4000000000         0.4101789673         4.9636382562       -20.9417576740 
        2.2500000000         0.4000000000         0.4076300159         4.8769855751       -21.0081570708 
        2.2550000000         0.4000000000         0.4076300159         4.7903328940       -21.0081570708 
        2.2600001000         0.4000000000         0.3948852584         4.7138746460       -21.3401540552 
        2.2650001000         0.4000000000         0.3795915495         4.6246733566       -21.7385504364 
        2.2700000000         0.4000000000         0.3668467921         4.5278262425       -22.0705474207 
        2.2750001000         0.4000000000         0.3795915495         4.4437221696       -21.7385504364 
        2.2800001000         0.4000000000         0.3872384040         4.3596180968       -21.5393522458 
        2.2850001000         0.4000000000         0.3872384040         4.2678681992       -21.5393522458 
        2.2900001000         0.4000000000         0.3974342099         4.1863127346       -21.2737546583 
        2.2950001000         0.4000000000         0.3846894525         4.0894656205       -21.6057516426 
        2.3000000000         0.4000000000         0.3846894525         4.0053615477       -21.6057516426 
        2.3050001000         0.4000000000         0.3948852584         3.9314519079       -21.3401540552 
        2.3100001000         0.4000000000         0.3923363069         3.8422506185       -21.4065534520 
        2.3150000000         0.4000000000         0.3795915495         3.7606951540       -21.7385504364 
        2.3200000000         0.4000000000         0.3795915495         3.6765910812       -21.7385504364 
        2.3250001000         0.4000000000         0.3719446951         3.5797439670       -21.9377486270 
        2.3300000000         0.4000000000         0.3795915495         3.5007371107       -21.7385504364 
        2.3350000000         0.4000000000         0.3795915495         3.4140844296       -21.7385504364 
        2.3400001000         0.4000000000         0.3846894525         3.3299803568       -21.6057516426 
        2.3450000000         0.4000000000         0.3770425980         3.2382304592       -21.8049498333 
        2.3500000000         0.4000000000         0.3897873555         3.1694180360       -21.4729528489 
        2.3550001000         0.4000000000         0.3821405010         3.0827653549       -21.6721510395 
        2.3600026000         0.4000000000         0.3770425980         2.9935640655       -21.8049498333 
        2.3650000000         0.4000000000         0.3846894525         2.9196544258       -21.6057516426 
        2.3700001000         0.4000000000         0.3872384040         2.8355503529       -21.5393522458 
        2.3750000000         0.4000000000         0.3821405010         2.7463490636       -21.6721510395 
        2.3800000000         0.4000000000         0.3795915495         2.6622449908       -21.7385504364 
        2.3850001000         0.4000000000         0.3668467921         2.5730437014       -22.0705474207 
        2.3900001000         0.4000000000         0.3744936465         2.4812938038       -21.8713492301 
        2.3950000000         0.4000000000         0.3744936465         2.4048355558       -21.8713492301 
        2.4000001000         0.4000000000         0.3770425980         2.3207314829       -21.8049498333 
        2.4050001000         0.4000000000         0.3744936465         2.2315301936       -21.8713492301 
        2.4100001000         0.4000000000         0.3744936465         2.1499747290       -21.8713492301 
        2.4150001000         0.4000000000         0.3821405010         2.0709678727       -21.6721510395 
        2.4200001000         0.4000000000         0.3770425980         1.9766693669       -21.8049498333 
        2.4250000000         0.4000000000         0.3719446951         1.8925652940       -21.9377486270 
        2.4300001000         0.4000000000         0.3795915495         1.8135584377       -21.7385504364 
        2.4350001000         0.4000000000         0.3668467921         1.7141627153       -22.0705474207 
        2.4400000000         0.4000000000         0.3744936465         1.6402530756       -21.8713492301 
        2.4450000000         0.4000000000         0.3795915495         1.5612462193       -21.7385504364 
        2.4500001000         0.4000000000         0.3744936465         1.4669477134       -21.8713492301 
        2.4550000000         0.4000000000         0.3668467921         1.3751978158       -22.0705474207 
        2.4600000000         0.4000000000         0.3872384040         1.3089340008       -21.5393522458 
        2.4650001000         0.4000000000         0.3795915495         1.2095382784       -21.7385504364 
        2.4700000000         0.4000000000         0.3795915495         1.1330800304       -21.7385504364 
        2.4750000000         0.4000000000         0.3923363069         1.0591703906       -21.4065534520 
        2.4800001000         0.4000000000         0.3795915495         0.9674204930       -21.7385504364 
        2.4850000000         0.4000000000         0.3719446951         0.8756705954       -21.9377486270 
        2.4900000000         0.4000000000         0.3846894525         0.8043095639       -21.6057516426 
        2.4950001000         0.4000000000         0.3872384040         0.7202054911       -21.5393522458 
        2.5000000000         0.4000000000         0.3846894525         0.6284555934       -21.6057516426 
        2.5050000000         0.4000000000         0.3872384040         0.5443515206       -21.5393522458 
        2.5100001000         0.4000000000         0.3795915495         0.4500530147       -21.7385504364 
        2.5150001000         0.4000000000         0.3897873555         0.3786919832       -21.4729528489 
        2.5200000000         0.4000000000         0.3846894525         0.2843934773       -21.6057516426 
        2.5250001000         0.4000000000         0.3795915495         0.1926435797       -21.7385504364 
        2.5300001000         0.4000000000         0.3974342099         0.1161853317       -21.2737546583 
        2.5350001000         0.4000000000         0.3948852584         0.0244354341       -21.3401540552 
        2.5400001000         0.4000000000         0.3974342099        -0.0010506486       -21.2737546583 
        2.5450001000         0.4000000000         0.4076300159         1.1126911642       -21.0081570708 
        2.5500000000         0.4000000000         0.3999831614         4.9916729471       -21.2073552614 
        2.5550001000         0.4000000000         0.4076300159         4.9916729471       -21.0081570708 
        2.5600001000         0.4000000000         0.4076300159         4.9075688743       -21.0081570708 
        2.5650000000         0.4000000000         0.3974342099         4.8183675849       -21.2737546583 
        2.5700000000         0.4000000000         0.3795915495         4.7342635121       -21.7385504364 
        2.5750001000         0.4000000000         0.3668467921         4.6374163980       -22.0705474207 
        2.5800000000         0.4000000000         0.3668467921         4.5482151086       -22.0705474207 
        2.5850000000         0.4000000000         0.3770425980         4.4666596440       -21.8049498333 
        2.5900001000         0.4000000000         0.3795915495         4.3800069630       -21.7385504364 
        2.5950000000         0.4000000000         0.3897873555         4.2882570653       -21.4729528489 
        2.6000000000         0.4000000000         0.3872384040         4.2067016008       -21.5393522458 
        2.6050001000         0.4000000000         0.3948852584         4.1251461362       -21.3401540552 
        2.6100000000         0.4000000000         0.3846894525         4.0257504138       -21.6057516426 
        2.6150000000         0.4000000000         0.3974342099         3.9467435575       -21.2737546583 
        2.6200001000         0.4000000000         0.3846894525         3.8626394847       -21.6057516426 
        2.6250000000         0.4000000000         0.3795915495         3.7810840201       -21.7385504364 
        2.6300000000         0.4000000000         0.3744936465         3.6918827308       -21.8713492301 
        2.6350001000         0.4000000000         0.3693957436         3.6001328331       -22.0041480239 
        2.6400001000         0.4000000000         0.3770425980         3.5185773686       -21.8049498333 
        2.6450000000         0.4000000000         0.3795915495         3.4344732958       -21.7385504364 
        2.6500001000         0.4000000000         0.3821405010         3.3529178312       -21.6721510395 
        2.6550001000         0.4000000000         0.3795915495         3.2713623667       -21.7385504364 
        2.6600001000         0.4000000000         0.3846894525         3.1872582938       -21.6057516426 
        2.6650001000         0.4000000000         0.3770425980         3.1006056127       -21.8049498333 
        2.6700001000         0.4000000000         0.3693957436         3.0088557151       -22.0041480239 
        2.6750000000         0.4000000000         0.3744936465         2.9298488588       -21.8713492301 
        2.6800001000         0.4000000000         0.3744936465         2.8482933943       -21.8713492301 
        2.6850001000         0.4000000000         0.3770425980         2.7616407132       -21.8049498333 
        2.6900000000         0.4000000000         0.3719446951         2.6724394238       -21.9377486270 
        2.6950000000         0.4000000000         0.3846894525         2.6010783924       -21.6057516426 
        2.7000001000         0.4000000000         0.3744936465         2.5042312782       -21.8713492301 
        2.7050000000         0.4000000000         0.3795915495         2.4226758136       -21.7385504364 
        2.7100000000         0.4000000000         0.3821405010         2.3385717408       -21.6721510395 
        2.7150001000         0.4000000000         0.3719446951         2.2468218432       -21.9377486270 
        2.7200000000         0.4000000000         0.3719446951         2.1652663786       -21.9377486270 
        2.7250000000         0.4000000000         0.3744936465         2.0837109141       -21.8713492301 
        2.7300001000         0.4000000000         0.3770425980         1.9970582330       -21.8049498333 
        2.7350000000         0.4000000000         0.3846894525         1.9205999850       -21.6057516426 
        2.7400000000         0.4000000000         0.3821405010         1.8339473039       -21.6721510395 
        2.7450001000         0.4000000000         0.3846894525         1.7498432311       -21.6057516426 
        2.7500000000         0.4000000000         0.3744936465         1.6580933334       -21.8713492301 
        2.7550000000         0.4000000000         0.3744936465         1.5688920441       -21.8713492301 
        2.7600001000         0.4000000000         0.3744936465         1.4873365795       -21.8713492301 
        2.7650001000         0.4000000000         0.3770425980         1.4032325067       -21.8049498333 
        2.7700000000         0.4000000000         0.3719446951         1.3191284339       -21.9377486270 
        2.7750001000         0.4000000000         0.3770425980         1.2375729693       -21.8049498333 
        2.7800001000         0.4000000000         0.3872384040         1.1534688965       -21.5393522458 
        2.7850001000         0.4000000000         0.3846894525         1.0693648237       -21.6057516426 
        2.7900001000         0.4000000000         0.3719446951         0.9852607509       -21.9377486270 
        2.7950001000         0.4000000000         0.3770425980         0.9037052863       -21.8049498333 
        2.8000000000         0.4000000000         0.3821405010         0.8145039969       -21.6721510395 
        2.8050001000         0.4000000000         0.3770425980         0.7329485324       -21.8049498333 
        2.8100001000         0.4000000000         0.3872384040         0.6513930678       -21.5393522458 
        2.8150000000         0.4000000000         0.3923363069         0.5672889950       -21.4065534520 
        2.8200000000         0.4000000000         0.3744936465         0.4678932726       -21.8713492301 
        2.8250001000         0.4000000000         0.3719446951         0.3837891998       -21.9377486270 
        2.8300000000         0.4000000000         0.3795915495         0.2971365187       -21.7385504364 
        2.8350000000         0.4000000000         0.3770425980         0.2130324459       -21.8049498333 
        2.8400001000         0.4000000000         0.3948852584         0.1314769813       -21.3401540552 
        2.8450000000         0.4000000000         0.3974342099         0.0473729085       -21.2737546583 
        2.8500000000         0.4000000000         0.3923363069         0.0014979597       -21.4065534520 
        2.8550001000         0.4000000000         0.4050810644         1.1126911642       -21.0745564677 
        2.8600000000         0.4000000000         0.4076300159         5.0069645967       -21.0081570708 
        2.8650000000         0.4000000000         0.4025321129         4.9993187719       -21.1409558646 
        2.8700001000         0.4000000000         0.4076300159         4.9228605239       -21.0081570708 
        2.8750000000         0.4000000000         0.4076300159         4.8336592345       -21.0081570708 
        2.8800000000         0.4000000000         0.3948852584         4.7495551617       -21.3401540552 
        2.8850001000         0.4000000000         0.3744936465         4.6603538724       -21.8713492301 
        2.8900001000         0.4000000000         0.3795915495         4.5737011913       -21.7385504364 
        2.8950000000         0.4000000000         0.3668467921         4.4768540771       -22.0705474207 
        2.9000001000         0.4000000000         0.3744936465         4.3952986126       -21.8713492301 
        2.9050001000         0.4000000000         0.3770425980         4.3060973232       -21.8049498333 
        2.9100001000         0.4000000000         0.3897873555         4.2296390752       -21.4729528489 
        2.9150001000         0.4000000000         0.3923363069         4.1429863941       -21.4065534520 
        2.9200001000         0.4000000000         0.3897873555         4.0512364965       -21.4729528489 
        2.9250000000         0.4000000000         0.3923363069         3.9645838154       -21.4065534520 
        2.9300001000         0.4000000000         0.3948852584         3.8906741756       -21.3401540552 
        2.9350001000         0.4000000000         0.3770425980         3.7887298449       -21.8049498333 
        2.9400000000         0.4000000000         0.3846894525         3.7097229886       -21.6057516426 
        2.9450000000         0.4000000000         0.3846894525         3.6281675241       -21.6057516426 
        2.9500001000         0.4000000000         0.3872384040         3.5542578843       -21.5393522458 
        2.9550000000         0.4000000000         0.3744936465         3.4497649454       -21.8713492301 
        2.9600000000         0.4000000000         0.3770425980         3.3733066974       -21.8049498333 
        2.9650001000         0.4000000000         0.3821405010         3.2866540163       -21.6721510395 
        2.9700000000         0.4000000000         0.3846894525         3.2076471600       -21.6057516426 
        2.9750000000         0.4000000000         0.3846894525         3.1260916954       -21.6057516426 
        2.9800001000         0.4000000000         0.3795915495         3.0343417978       -21.7385504364 
        2.9850000000         0.4000000000         0.3770425980         2.9527863332       -21.8049498333 
        2.9900000000         0.4000000000         0.3872384040         2.8763280852       -21.5393522458 
        2.9950001000         0.4000000000         0.3795915495         2.7845781876       -21.7385504364 
        3.0000000000         0.4000000000         0.3846894525         2.7030227230       -21.6057516426 
        3.0050000000         0.4000000000         0.3872384040         2.6214672585       -21.5393522458 
        3.0100001000         0.4000000000         0.3693957436         2.5220715361       -22.0041480239 
        3.0150001000         0.4000000000         0.3795915495         2.4456132880       -21.7385504364 
        3.0200000000         0.4000000000         0.3795915495         2.3589606070       -21.7385504364 
        3.0250001000         0.4000000000         0.3846894525         2.2748565341       -21.6057516426 
        3.0300001000         0.4000000000         0.3744936465         2.1907524613       -21.8713492301 
        3.0350001000         0.4000000000         0.3668467921         2.0964539554       -22.0705474207 
        3.0400001000         0.4000000000         0.3770425980         2.0123498826       -21.8049498333 
        3.0450001000         0.4000000000         0.3719446951         1.9282458098       -21.9377486270 
        3.0500000000         0.4000000000         0.3821405010         1.8543361700       -21.6721510395 
        3.0550001000         0.4000000000         0.3821405010         1.7727807055       -21.6721510395 
        3.0600001000         0.4000000000         0.3719446951         1.6759335913       -21.9377486270 
        3.0650000000         0.4000000000         0.3744936465         1.5943781268       -21.8713492301 
        3.0700000000         0.4000000000         0.3668467921         1.4975310126       -22.0705474207 
        3.0750001000         0.4000000000         0.3693957436         1.4185241563       -22.0041480239 
        3.0800000000         0.4000000000         0.3770425980         1.3395173000       -21.8049498333 
        3.0850000000         0.4000000000         0.3846894525         1.2554132272       -21.6057516426 
        3.0900001000         0.4000000000         0.3846894525         1.1738577626       -21.6057516426 
        3.0950000000         0.4000000000         0.3770425980         1.0846564733       -21.8049498333 
        3.1000000000         0.4000000000         0.3923363069         1.0132954418       -21.4065534520 
        3.1050001000         0.4000000000         0.3719446951         0.9189969359       -21.9377486270 
        3.1100000000         0.4000000000         0.3744936465         0.8399900796       -21.8713492301 
        3.1150000000         0.4000000000         0.3770425980         0.7533373985       -21.8049498333 
        3.1200001000         0.4000000000         0.3846894525         0.6717819340       -21.6057516426 
        3.1250000000         0.4000000000         0.3897873555         0.5902264694       -21.4729528489 
        3.1300000000         0.4000000000         0.3795915495         0.4984765718       -21.7385504364 
        3.1350001000         0.4000000000         0.3795915495         0.4067266742       -21.7385504364 
        3.1400001000         0.4000000000         0.3948852584         0.3328170344       -21.3401540552 
        3.1450000000         0.4000000000         0.3872384040         0.2359699203       -21.5393522458 
        3.1500001000         0.4000000000         0.3821405010         0.1493172392       -21.6721510395 
        3.1550001000         0.4000000000         0.3923363069         0.0703103829       -21.4065534520 
        3.1600001000         0.4000000000         0.3821405010        -0.0061478651       -21.6721510395 
        3.1650001000         0.4000000000         0.3923363069         0.0040465679       -21.4065534520 
        3.1700001000         0.4000000000         0.3974342099         4.9993187719       -21.2737546583 
        3.1750000000         0.4000000000         0.4076300159         5.0069645967       -21.0081570708 
        3.1800001000         0.4000000000         0.4076300159         4.9432493900       -21.0081570708 
        3.1850001000         0.4000000000         0.4050810644         4.8514994924       -21.0745564677 
        3.1900000000         0.4000000000         0.3974342099         4.7622982031       -21.2737546583 
        3.1950000000         0.4000000000         0.3923363069         4.6807427385       -21.4065534520 
        3.2000001000         0.4000000000         0.3719446951         4.5940900574       -21.9377486270 
        3.2050000000         0.4000000000         0.3744936465         4.5048887681       -21.8713492301 
        3.2100000000         0.4000000000         0.3846894525         4.4233333035       -21.6057516426 
        3.2150001000         0.4000000000         0.3795915495         4.3290347976       -21.7385504364 
        3.2200000000         0.4000000000         0.3897873555         4.2525765496       -21.4729528489 
        3.2250004000         0.4000000000         0.3795915495         4.1557294354       -21.7385504364 
        3.2300001000         0.4000000000         0.3897873555         4.0690767543       -21.4729528489 
        3.2350000000         0.4000000000         0.3974342099         3.9875212898       -21.2737546583 
        3.2400000000         0.4000000000         0.3872384040         3.9008686087       -21.5393522458 
        3.2450001000         0.4000000000         0.3923363069         3.8244103607       -21.4065534520 
        3.2500000000         0.4000000000         0.3897873555         3.7403062879       -21.4729528489 
        3.2550000000         0.4000000000         0.3744936465         3.6383619572       -21.8713492301 
        3.2600001000         0.4000000000         0.3795915495         3.5670009257       -21.7385504364 
        3.2650001000         0.4000000000         0.3872384040         3.4828968529       -21.5393522458 
        3.2700000000         0.4000000000         0.3795915495         3.3911469552       -21.7385504364 
        3.2750001000         0.4000000000         0.3795915495         3.3070428824       -21.7385504364 
        3.2800001000         0.4000000000         0.3923363069         3.2305846344       -21.4065534520 
        3.2850001000         0.4000000000         0.3846894525         3.1388347368       -21.6057516426 
        3.2900001000         0.4000000000         0.3872384040         3.0649250970       -21.5393522458 
        3.2950001000         0.4000000000         0.3821405010         2.9757238076       -21.6721510395 
        3.3000000000         0.4000000000         0.3821405010         2.8839739100       -21.6721510395 
        3.3050001000         0.4000000000         0.3795915495         2.8075156620       -21.7385504364 
        3.3100001000         0.4000000000         0.3770425980         2.7234115892       -21.8049498333 
        3.3150000000         0.4000000000         0.3668467921         2.6316616916       -22.0705474207 
        3.3200000000         0.4000000000         0.3795915495         2.5577520518       -21.7385504364 
        3.3250001000         0.4000000000         0.3770425980         2.4660021542       -21.8049498333 
        3.3300000000         0.4000000000         0.3719446951         2.3768008648       -21.9377486270 
        3.3350000000         0.4000000000         0.3693957436         2.2926967920       -22.0041480239 
        3.3400001000         0.4000000000         0.3770425980         2.2060441109       -21.8049498333 
        3.3450000000         0.4000000000         0.3846894525         2.1270372546       -21.6057516426 
        3.3500000000         0.4000000000         0.3719446951         2.0429331818       -21.9377486270 
        3.3550001000         0.4000000000         0.3795915495         1.9639263255       -21.7385504364 
        3.3600000000         0.4000000000         0.3744936465         1.8696278196       -21.8713492301 
        3.3650000000         0.4000000000         0.3668467921         1.7829751385       -22.0705474207 
        3.3700001000         0.4000000000         0.3770425980         1.6963224574       -21.8049498333 
        3.3750014000         0.4000000000         0.3821405010         1.6198642094       -21.6721510395 
        3.3800000000         0.4000000000         0.3744936465         1.5306629201       -21.8713492301 
        3.3850001000         0.4000000000         0.3719446951         1.4389130224       -21.9377486270 
        3.3900001000         0.4000000000         0.3744936465         1.3548089496       -21.8713492301 
        3.3950000000         0.4000000000         0.3744936465         1.2732534851       -21.8713492301 
        3.4000001000         0.4000000000         0.3872384040         1.1967952370       -21.5393522458 
        3.4050001000         0.4000000000         0.3974342099         1.1203369890       -21.2737546583 
        3.4100001000         0.4000000000         0.3846894525         1.0311356997       -21.6057516426 
        3.4150001000         0.4000000000         0.3821405010         0.9470316268       -21.6721510395 
        3.4200001000         0.4000000000         0.3846894525         0.8705733788       -21.6057516426 
        3.4250000000         0.4000000000         0.3770425980         0.7788234812       -21.8049498333 
        3.4300001000         0.4000000000         0.3821405010         0.6921708001       -21.6721510395 
        3.4350001000         0.4000000000         0.3872384040         0.6131639438       -21.5393522458 
        3.4400000000         0.4000000000         0.3897873555         0.5290598710       -21.4729528489 
        3.4450000000         0.4000000000         0.3846894525         0.4373099734       -21.6057516426 
        3.4500001000         0.4000000000         0.3744936465         0.3455600758       -21.8713492301 
        3.4550000000         0.4000000000         0.3744936465         0.2563587864       -21.8713492301 
        3.4600000000         0.4000000000         0.3897873555         0.1748033218       -21.4729528489 
        3.4650001000         0.4000000000         0.3770425980         0.0805048160       -21.8049498333 
        3.4700000000         0.4000000000         0.3923363069         0.0116923927       -21.4065534520 
        3.4750000000         0.4000000000         0.3897873555        -0.0010506486       -21.4729528489 
        3.4800001000         0.4000000000         0.3923363069         1.1050453394       -21.4065534520 
        3.4850000000         0.4000000000         0.4076300159         5.0069645967       -21.0081570708 
        3.4900000000         0.4000000000         0.4025321129         4.9585410396       -21.1409558646 
        3.4950001000         0.4000000000         0.4127279188         4.8846313999       -20.8753582771 
        3.5000000000         0.4000000000         0.4076300159         4.7852356775       -21.0081570708 
        3.5050000000         0.4000000000         0.4076300159         4.7138746460       -21.0081570708 
        3.5100001000         0.4000000000         0.3795915495         4.6221247484       -21.7385504364 
        3.5150001000         0.4000000000         0.3668467921         4.5303748507       -22.0705474207 
        3.5200000000         0.4000000000         0.3795915495         4.4462707779       -21.7385504364 
        3.5250001000         0.4000000000         0.3693957436         4.3468750555       -22.0041480239 
        3.5300001000         0.4000000000         0.3795915495         4.2653195909       -21.7385504364 
        3.5350001000         0.4000000000         0.3846894525         4.1812155181       -21.6057516426 
        3.5400001000         0.4000000000         0.3821405010         4.0894656205       -21.6721510395 
        3.5450001000         0.4000000000         0.3974342099         4.0104587642       -21.2737546583 
        3.5500000000         0.4000000000         0.3974342099         3.9314519079       -21.2737546583 
        3.5550001000         0.4000000000         0.3872384040         3.8473478351       -21.5393522458 
        3.5600001000         0.4000000000         0.3846894525         3.7530493292       -21.6057516426 
        3.5650000000         0.4000000000         0.3846894525         3.6689452564       -21.6057516426 
        3.5700000000         0.4000000000         0.3744936465         3.5797439670       -21.8713492301 
        3.5750001000         0.4000000000         0.3821405010         3.4930912859       -21.6721510395 
        3.5800000000         0.4000000000         0.3821405010         3.4166330379       -21.6721510395 
        3.5850000000         0.4000000000         0.3744936465         3.3299803568       -21.8713492301 
        3.5900001000         0.4000000000         0.3744936465         3.2458762840       -21.8713492301 
        3.5950000000         0.4000000000         0.3821405010         3.1668694277       -21.6721510395 
        3.6000000000         0.4000000000         0.3770425980         3.0751195301       -21.8049498333 
        3.6050001000         0.4000000000         0.3846894525         2.9961126738       -21.6057516426 
        3.6100000000         0.4000000000         0.3719446951         2.9018141679       -21.9377486270 
        3.6150000000         0.4000000000         0.3770425980         2.8228073116       -21.8049498333 
        3.6200001000         0.4000000000         0.3795915495         2.7412518471       -21.7385504364 
        3.6250000000         0.4000000000         0.3719446951         2.6495019494       -21.9377486270 
        3.6300000000         0.4000000000         0.3821405010         2.5781409179       -21.6721510395 
        3.6350001000         0.4000000000         0.3872384040         2.4914882369       -21.5393522458 
        3.6400001000         0.4000000000         0.3744936465         2.3946411227       -21.8713492301 
        3.6450000000         0.4000000000         0.3795915495         2.3079884416       -21.7385504364 
        3.6500001000         0.4000000000         0.3719446951         2.2264329771       -21.9377486270 
        3.6550001000         0.4000000000         0.3770425980         2.1448775125       -21.8049498333 
        3.6600001000         0.4000000000         0.3693957436         2.0531276149       -22.0041480239 
        3.6650001000         0.4000000000         0.3744936465         1.9766693669       -21.8713492301 
        3.6700001000         0.4000000000         0.3770425980         1.8951139023       -21.8049498333 
        3.6750000000         0.4000000000         0.3719446951         1.8033640047       -21.9377486270 
        3.6800001000         0.4000000000         0.3795915495         1.7243571484       -21.7385504364 
        3.6850001000         0.4000000000         0.3719446951         1.6300586425       -21.9377486270 
        3.6900000000         0.4000000000         0.3693957436         1.5459545697       -22.0041480239 
        3.6950000000         0.4000000000         0.3744936465         1.4618504968       -21.8713492301 
        3.7000001000         0.4000000000         0.3770425980         1.3828436406       -21.8049498333 
        3.7050000000         0.4000000000         0.3744936465         1.2961909595       -21.8713492301 
        3.7100000000         0.4000000000         0.3795915495         1.2197327115       -21.7385504364 
        3.7150001000         0.4000000000         0.3770425980         1.1254342056       -21.8049498333 
        3.7200000000         0.4000000000         0.3846894525         1.0464273493       -21.6057516426 
        3.7250000000         0.4000000000         0.3872384040         0.9674204930       -21.5393522458 
        3.7300001000         0.4000000000         0.3719446951         0.8731219871       -21.9377486270 
        3.7350000000         0.4000000000         0.3770425980         0.7915665225       -21.8049498333 
        3.7400000000         0.4000000000         0.3744936465         0.7100110580       -21.8713492301 
        3.7450001000         0.4000000000         0.3744936465         0.6233583769       -21.8713492301 
        3.7500000000         0.4000000000         0.3795915495         0.5367056958       -21.7385504364 
        3.7550000000         0.4000000000         0.3846894525         0.4526016230       -21.6057516426 
        3.7600001000         0.4000000000         0.3719446951         0.3608517254       -21.9377486270 
        3.7650001000         0.4000000000         0.3872384040         0.2843934773       -21.5393522458 
        3.7700000000         0.4000000000         0.3770425980         0.1824491466       -21.8049498333 
        3.7750001000         0.4000000000         0.3846894525         0.0983450738       -21.6057516426 
        3.7800026000         0.4000000000         0.3923363069         0.0218868258       -21.4065534520 
        3.7850001000         0.4000000000         0.3974342099         0.0065951762       -21.2737546583 
        3.7900001000         0.4000000000         0.3974342099         1.1075939477       -21.2737546583 
        3.7950001000         0.4000000000         0.4025321129         4.9993187719       -21.1409558646 
        3.8000000000         0.4000000000         0.4127279188         4.9840271223       -20.8753582771 
        3.8050001000         0.4000000000         0.4152768703         4.9024716578       -20.8089588802 
        3.8100001000         0.4000000000         0.4101789673         4.8107217601       -20.9417576740 
        3.8150000000         0.4000000000         0.3821405010         4.7189718625       -21.6721510395 
        3.8200000000         0.4000000000         0.3744936465         4.6399650062       -21.8713492301 
        3.8250001000         0.4000000000         0.3744936465         4.5507637169       -21.8713492301 
        3.8300000000         0.4000000000         0.3719446951         4.4590138192       -21.9377486270 
        3.8350000000         0.4000000000         0.3821405010         4.3723611382       -21.6721510395 
        3.8400001000         0.4000000000         0.3846894525         4.2831598488       -21.6057516426 
        3.8450000000         0.4000000000         0.3770425980         4.1863127346       -21.8049498333 
        3.8500000000         0.4000000000         0.3846894525         4.1073058783       -21.6057516426 
        3.8550005000         0.4000000000         0.3923363069         4.0257504138       -21.4065534520 
        3.8600000000         0.4000000000         0.3897873555         3.9340005162       -21.4729528489 
        3.8650000000         0.4000000000         0.3872384040         3.8498964433       -21.5393522458 
        3.8700001000         0.4000000000         0.3872384040         3.7759868036       -21.5393522458 
        3.8750000000         0.4000000000         0.3770425980         3.6791396894       -21.8049498333 
        3.8800000000         0.4000000000         0.3770425980         3.5975842249       -21.8049498333 
        3.8850001000         0.4000000000         0.3770425980         3.5134801521       -21.8049498333 
        3.8900001000         0.4000000000         0.3770425980         3.4242788627       -21.8049498333 
        3.8950000000         0.4000000000         0.3770425980         3.3376261816       -21.8049498333 
        3.9000001000         0.4000000000         0.3770425980         3.2560707171       -21.8049498333 
        3.9050001000         0.4000000000         0.3846894525         3.1745152525       -21.6057516426 
        3.9100001000         0.4000000000         0.3719446951         3.0776681383       -21.9377486270 
        3.9150001000         0.4000000000         0.3846894525         3.0012098903       -21.6057516426 
        3.9200001000         0.4000000000         0.3744936465         2.9196544258       -21.8713492301 
        3.9250000000         0.4000000000         0.3668467921         2.8279045281       -22.0705474207 
        3.9300001000         0.4000000000         0.3693957436         2.7438004553       -22.0041480239 
        3.9350001000         0.4000000000         0.3846894525         2.6724394238       -21.6057516426 
        3.9400000000         0.4000000000         0.3770425980         2.5781409179       -21.8049498333 
        3.9450000000         0.4000000000         0.3770425980         2.4965854534       -21.8049498333 
        3.9500001000         0.4000000000         0.3770425980         2.4073841640       -21.8049498333 
        3.9550000000         0.4000000000         0.3719446951         2.3283773077       -21.9377486270 
        3.9600000000         0.4000000000         0.3795915495         2.2366274101       -21.7385504364 
        3.9650001000         0.4000000000         0.3744936465         2.1474261208       -21.8713492301 
        3.9700001000         0.4000000000         0.3744936465         2.0607734397       -21.8713492301 
        3.9750000000         0.4000000000         0.3795915495         1.9894124082       -21.7385504364 
        3.9800001000         0.4000000000         0.3719446951         1.8951139023       -21.9377486270 
        3.9850000000         0.4000000000         0.3668467921         1.8110098295       -22.0705474207 
        3.9900000000         0.4000000000         0.3821405010         1.7345515815       -21.6721510395 
        3.9950001000         0.4000000000         0.3744936465         1.6402530756       -21.8713492301 
        4.0000000000         0.4000000000         0.3744936465         1.5612462193       -21.8713492301 
        4.0050000000         0.4000000000         0.3821405010         1.4745935382       -21.6721510395 
        4.0100001000         0.4000000000         0.3795915495         1.3853922488       -21.7385504364 
        4.0150001000         0.4000000000         0.3795915495         1.3012881760       -21.7385504364 
        4.0200000000         0.4000000000         0.3821405010         1.2197327115       -21.6721510395 
        4.0250001000         0.4000000000         0.3872384040         1.1381772469       -21.5393522458 
        4.0300001000         0.4000000000         0.3795915495         1.0515245658       -21.7385504364 
        4.0350001000         0.4000000000         0.3744936465         0.9674204930       -21.8713492301 
        4.0400001000         0.4000000000         0.3744936465         0.8858650284       -21.8713492301 
        4.0450001000         0.4000000000         0.3744936465         0.7992123473       -21.8713492301 
        4.0500000000         0.4000000000         0.3744936465         0.7176568828       -21.8713492301 
        4.0550000000         0.4000000000         0.3821405010         0.6361014182       -21.6721510395 
        4.0600001000         0.4000000000         0.3821405010         0.5418029123       -21.6721510395 
        4.0650001000         0.4000000000         0.3846894525         0.4576988395       -21.6057516426 
        4.0700001000         0.4000000000         0.3770425980         0.3659489419       -21.8049498333 
        4.0750001000         0.4000000000         0.3923363069         0.2894906939       -21.4065534520 
        4.0800000000         0.4000000000         0.3744936465         0.1875463632       -21.8713492301 
        4.0850000000         0.4000000000         0.3821405010         0.1085395069       -21.6721510395 
        4.0900001000         0.4000000000         0.3770425980         0.0167896093       -21.8049498333 
        4.0950000000         0.4000000000         0.3948852584         0.0091437845       -21.3401540552 
        4.1000000000         0.4000000000         0.3897873555         1.1050453394       -21.4729528489 
        4.1050001000         0.4000000000         0.3948852584         5.0018673802       -21.3401540552 
        4.1100000000         0.4000000000         0.3948852584         4.9814785140       -21.3401540552 
        4.1150000000         0.4000000000         0.3974342099         4.8922772247       -21.2737546583 
        4.1200001000         0.4000000000         0.4076300159         4.8183675849       -21.0081570708 
        4.1250000000         0.4000000000         0.3974342099         4.7266176873       -21.2737546583 
        4.1300000000         0.4000000000         0.3846894525         4.6374163980       -21.6057516426 
        4.1350001000         0.4000000000         0.3744936465         4.5456665003       -21.8713492301 
        4.1400001000         0.4000000000         0.3668467921         4.4615624275       -22.0705474207 
        4.1450000000         0.4000000000         0.3693957436         4.3723611382       -22.0041480239 
        4.1500001000         0.4000000000         0.3770425980         4.2882570653       -21.8049498333 
        4.1550001000         0.4000000000         0.3872384040         4.2067016008       -21.5393522458 
        4.1600000000         0.4000000000         0.3795915495         4.1124030949       -21.7385504364 
        4.1650001000         0.4000000000         0.3795915495         4.0282990221       -21.7385504364 
        4.1700001000         0.4000000000         0.3795915495         3.9441949492       -21.7385504364 
        4.1750000000         0.4000000000         0.3770425980         3.8575422681       -21.8049498333 
        4.1800000000         0.4000000000         0.3719446951         3.7657923705       -21.9377486270 
        4.1850001000         0.4000000000         0.3821405010         3.6867855142       -21.6721510395 
        4.1900012000         0.4000000000         0.3795915495         3.6001328331       -21.7385504364 
        4.1950000000         0.4000000000         0.3795915495         3.5058343273       -21.7385504364 
        4.2000001000         0.4000000000         0.3744936465         3.4242788627       -21.8713492301 
        4.2050000000         0.4000000000         0.3770425980         3.3427233981       -21.8049498333 
        4.2100000000         0.4000000000         0.3770425980         3.2611679336       -21.8049498333 
        4.2150001000         0.4000000000         0.3693957436         3.1694180360       -22.0041480239 
        4.2200000000         0.4000000000         0.3770425980         3.0904111797       -21.8049498333 
        4.2250000000         0.4000000000         0.3821405010         3.0139529317       -21.6721510395 
        4.2300001000         0.4000000000         0.3744936465         2.9298488588       -21.8713492301 
        4.2350000000         0.4000000000         0.3744936465         2.8431961777       -21.8713492301 
        4.2400000000         0.4000000000         0.3795915495         2.7616407132       -21.7385504364 
        4.2450001000         0.4000000000         0.3795915495         2.6749880321       -21.7385504364 
        4.2500000000         0.4000000000         0.3719446951         2.5781409179       -21.9377486270 
        4.2550000000         0.4000000000         0.3795915495         2.5067798865       -21.7385504364 
        4.2600001000         0.4000000000         0.3668467921         2.4124813806       -22.0705474207 
        4.2650001000         0.4000000000         0.3770425980         2.3283773077       -21.8049498333 
        4.2700000000         0.4000000000         0.3770425980         2.2442732349       -21.8049498333 
        4.2750001000         0.4000000000         0.3668467921         2.1499747290       -22.0705474207 
        4.2800001000         0.4000000000         0.3744936465         2.0786136975       -21.8713492301 
        4.2850000000         0.4000000000         0.3770425980         1.9970582330       -21.8049498333 
        4.2900001000         0.4000000000         0.3642978406         1.8951139023       -22.1369468176 
        4.2950001000         0.4000000000         0.3770425980         1.8161070460       -21.8049498333 
        4.3000000000         0.4000000000         0.3744936465         1.7294543649       -21.8713492301 
        4.3050000000         0.4000000000         0.3795915495         1.6504475086       -21.7385504364 
        4.3100001000         0.4000000000         0.3744936465         1.5561490027       -21.8713492301 
        4.3150001000         0.4000000000         0.3719446951         1.4745935382       -21.9377486270 
        4.3200000000         0.4000000000         0.3770425980         1.3904894654       -21.8049498333 
        4.3250001000         0.4000000000         0.3744936465         1.3089340008       -21.8713492301 
        4.3300000000         0.4000000000         0.3897873555         1.2324757528       -21.4729528489 
        4.3350000000         0.4000000000         0.3770425980         1.1330800304       -21.8049498333 
        4.3400001000         0.4000000000         0.3795915495         1.0591703906       -21.7385504364 
        4.3450000000         0.4000000000         0.3744936465         0.9699691013       -21.8713492301 
        4.3500000000         0.4000000000         0.3770425980         0.8960594615       -21.8049498333 
        4.3550001000         0.4000000000         0.3744936465         0.8017609556       -21.8713492301 
        4.3600000000         0.4000000000         0.3668467921         0.7100110580       -22.0705474207 
        4.3650000000         0.4000000000         0.3821405010         0.6386500265       -21.6721510395 
        4.3700001000         0.4000000000         0.3770425980         0.5443515206       -21.8049498333 
        4.3750000000         0.4000000000         0.3744936465         0.4500530147       -21.8713492301 
        4.3800000000         0.4000000000         0.3719446951         0.3659489419       -21.9377486270 
        4.3850001000         0.4000000000         0.3795915495         0.2869420856       -21.7385504364 
        4.3900001000         0.4000000000         0.3770425980         0.1977407962       -21.8049498333 
        4.3950000000         0.4000000000         0.3846894525         0.1085395069       -21.6057516426 
        4.4000001000         0.4000000000         0.3897873555         0.0295326506       -21.4729528489 
        4.4050001000         0.4000000000         0.3948852584         0.0091437845       -21.3401540552 
        4.4100000000         0.4000000000         0.3923363069         1.1177883808       -21.4065534520 
        4.4150001000         0.4000000000         0.3974342099         5.0018673802       -21.2737546583 
        4.4200001000         0.4000000000         0.3999831614         4.9840271223       -21.2073552614 
        4.4250000000         0.4000000000         0.4050810644         4.8999230495       -21.0745564677 
        4.4300000000         0.4000000000         0.4127279188         4.8209161932       -20.8753582771 
        4.4350001000         0.4000000000         0.3948852584         4.7215204708       -21.3401540552 
        4.4400001000         0.4000000000         0.3846894525         4.6399650062       -21.6057516426 
        4.4450000000         0.4000000000         0.3719446951         4.5507637169       -21.9377486270 
        4.4500001000         0.4000000000         0.3617488891         4.4564652110       -22.2033462145 
        4.4550000000         0.4000000000         0.3668467921         4.3672639216       -22.0705474207 
        4.4600000000         0.4000000000         0.3744936465         4.2882570653       -21.8713492301 
        4.4650001000         0.4000000000         0.3770425980         4.2016043842       -21.8049498333 
        4.4700000000         0.4000000000         0.3897873555         4.1225975280       -21.4729528489 
        4.4750000000         0.4000000000         0.3821405010         4.0282990221       -21.6721510395 
        4.4800001000         0.4000000000         0.3872384040         3.9492921658       -21.5393522458 
        4.4850000000         0.4000000000         0.3846894525         3.8575422681       -21.6057516426 
        4.4900000000         0.4000000000         0.3846894525         3.7759868036       -21.6057516426 
        4.4950001000         0.4000000000         0.3846894525         3.6918827308       -21.6057516426 
        4.5000000000         0.4000000000         0.3744936465         3.6077786580       -21.8713492301 
        4.5050000000         0.4000000000         0.3668467921         3.5109315438       -22.0705474207 
        4.5100001000         0.4000000000         0.3795915495         3.4344732958       -21.7385504364 
        4.5150001000         0.4000000000         0.3668467921         3.3376261816       -22.0705474207 
        4.5200000000         0.4000000000         0.3693957436         3.2535221088       -22.0041480239 
        4.5250001000         0.4000000000         0.3770425980         3.1745152525       -21.8049498333 
        4.5300001000         0.4000000000         0.3744936465         3.0904111797       -21.8713492301 
        4.5350000000         0.4000000000         0.3744936465         3.0037584986       -21.8713492301 
        4.5400001000         0.4000000000         0.3719446951         2.9171058175       -21.9377486270 
        4.5450001000         0.4000000000         0.3668467921         2.8330017447       -22.0705474207 
        4.5500000000         0.4000000000         0.3795915495         2.7616407132       -21.7385504364 
        4.5550000000         0.4000000000         0.3744936465         2.6622449908       -21.8713492301 
        4.5600001000         0.4000000000         0.3846894525         2.5959811758       -21.6057516426 
        4.5650001000         0.4000000000         0.3846894525         2.5067798865       -21.6057516426 
        4.5700000000         0.4000000000         0.3846894525         2.4226758136       -21.6057516426 
        4.5750001000         0.4000000000         0.3770425980         2.3232800912       -21.8049498333 
        4.5800000000         0.4000000000         0.3693957436         2.2391760184       -22.0041480239 
        4.5850000000         0.4000000000         0.3744936465         2.1601691621       -21.8713492301 
        4.5900001000         0.4000000000         0.3668467921         2.0633220479       -22.0705474207 
        4.5950000000         0.4000000000         0.3719446951         1.9868637999       -21.9377486270 
        4.6000000000         0.4000000000         0.3770425980         1.9104055519       -21.8049498333 
        4.6050001000         0.4000000000         0.3642978406         1.8110098295       -22.1369468176 
        4.6100000000         0.4000000000         0.3693957436         1.7345515815       -22.0041480239 
        4.6150000000         0.4000000000         0.3719446951         1.6478989004       -21.9377486270 
        4.6200001000         0.4000000000         0.3795915495         1.5663434358       -21.7385504364 
        4.6250012000         0.4000000000         0.3744936465         1.4745935382       -21.8713492301 
        4.6300000000         0.4000000000         0.3719446951         1.3879408571       -21.9377486270 
        4.6350001000         0.4000000000         0.3872384040         1.3140312173       -21.5393522458 
        4.6400001000         0.4000000000         0.3897873555         1.2324757528       -21.4729528489 
        4.6450000000         0.4000000000         0.3795915495         1.1381772469       -21.7385504364 
        4.6500001000         0.4000000000         0.3744936465         1.0566217823       -21.8713492301 
        4.6550001000         0.4000000000         0.3744936465         0.9750663178       -21.8713492301 
        4.6600000000         0.4000000000         0.3719446951         0.8935108532       -21.9377486270 
        4.6650001000         0.4000000000         0.3719446951         0.8068581721       -21.9377486270 
        4.6700001000         0.4000000000         0.3821405010         0.7278513159       -21.6721510395 
        4.6750000000         0.4000000000         0.3693957436         0.6284555934       -22.0041480239 
        4.6800000000         0.4000000000         0.3744936465         0.5469001289       -21.8713492301 
        4.6850001000         0.4000000000         0.3795915495         0.4602474478       -21.7385504364 
        4.6900001000         0.4000000000         0.3846894525         0.3735947667       -21.6057516426 
        4.6950000000         0.4000000000         0.3846894525         0.2869420856       -21.6057516426 
        4.7000001000         0.4000000000         0.3795915495         0.1977407962       -21.7385504364 
        4.7050000000         0.4000000000         0.3872384040         0.1110881152       -21.5393522458 
        4.7100000000         0.4000000000         0.3872384040         0.0295326506       -21.5393522458 
        4.7150001000         0.4000000000         0.3846894525        -0.0035992569       -21.6057516426 
        4.7200000000         0.4000000000         0.4050810644         1.1126911642       -21.0745564677 
        4.7250000000         0.4000000000         0.4025321129         4.9916729471       -21.1409558646 
        4.7300001000         0.4000000000         0.4076300159         4.9993187719       -21.0081570708 
        4.7350000000         0.4000000000         0.3974342099         4.8999230495       -21.2737546583 
        4.7400000000         0.4000000000         0.4076300159         4.8285620180       -21.0081570708 
        4.7450001000         0.4000000000         0.3872384040         4.7342635121       -21.5393522458 
        4.7500000000         0.4000000000         0.3846894525         4.6527080476       -21.6057516426 
        4.7550000000         0.4000000000         0.3770425980         4.5635067582       -21.8049498333 
        4.7600001000         0.4000000000         0.3693957436         4.4590138192       -22.0041480239 
        4.7650001000         0.4000000000         0.3795915495         4.3800069630       -21.7385504364 
        4.7700000000         0.4000000000         0.3846894525         4.2882570653       -21.6057516426 
        4.7750001000         0.4000000000         0.3872384040         4.2092502090       -21.5393522458 
        4.7800001000         0.4000000000         0.3974342099         4.1302433528       -21.2737546583 
        4.7850000000         0.4000000000         0.3872384040         4.0308476303       -21.5393522458 
        4.7900001000         0.4000000000         0.3897873555         3.9543893823       -21.4729528489 
        4.7950001000         0.4000000000         0.3744936465         3.8600908764       -21.8713492301 
        4.8000000000         0.4000000000         0.3770425980         3.7810840201       -21.8049498333 
        4.8050000000         0.4000000000         0.3744936465         3.6969799473       -21.8713492301 
        4.8100001000         0.4000000000         0.3719446951         3.6026814414       -21.9377486270 
        4.8150001000         0.4000000000         0.3872384040         3.5338690182       -21.5393522458 
        4.8200000000         0.4000000000         0.3744936465         3.4319246875       -21.8713492301 
        4.8250001000         0.4000000000         0.3821405010         3.3554664395       -21.6721510395 
        4.8300000000         0.4000000000         0.3795915495         3.2713623667       -21.7385504364 
        4.8350000000         0.4000000000         0.3770425980         3.1847096856       -21.8049498333 
        4.8400001000         0.4000000000         0.3744936465         3.1006056127       -21.8713492301 
        4.8450000000         0.4000000000         0.3642978406         3.0114043234       -22.1369468176 
        4.8500000000         0.4000000000         0.3744936465         2.9349460754       -21.8713492301 
        4.8550001000         0.4000000000         0.3668467921         2.8431961777       -22.0705474207 
        4.8600000000         0.4000000000         0.3744936465         2.7718351463       -21.8713492301 
        4.8650000000         0.4000000000         0.3668467921         2.6724394238       -22.0705474207 
        4.8700001000         0.4000000000         0.3744936465         2.5959811758       -21.8713492301 
        4.8750000000         0.4000000000         0.3668467921         2.5093284947       -22.0705474207 
        4.8800000000         0.4000000000         0.3744936465         2.4252244219       -21.8713492301 
        4.8850001000         0.4000000000         0.3668467921         2.3334745243       -22.0705474207 
        4.8900001000         0.4000000000         0.3719446951         2.2519190597       -21.9377486270 
        4.8950000000         0.4000000000         0.3693957436         2.1652663786       -22.0041480239 
        4.9000001000         0.4000000000         0.3744936465         2.0837109141       -21.8713492301 
        4.9050001000         0.4000000000         0.3719446951         1.9970582330       -21.9377486270 
        4.9100000000         0.4000000000         0.3744936465         1.9129541602       -21.8713492301 
        4.9150001000         0.4000000000         0.3770425980         1.8313986956       -21.8049498333 
        4.9200001000         0.4000000000         0.3770425980         1.7396487980       -21.8049498333 
        4.9250000000         0.4000000000         0.3795915495         1.6631905500       -21.7385504364 
        4.9300000000         0.4000000000         0.3821405010         1.5765378689       -21.6721510395 
        4.9350001000         0.4000000000         0.3719446951         1.4873365795       -21.9377486270 
        4.9400001000         0.4000000000         0.3744936465         1.4006838984       -21.8713492301 
        4.9450000000         0.4000000000         0.3770425980         1.3140312173       -21.8049498333 
        4.9500001000         0.4000000000         0.3846894525         1.2401215776       -21.6057516426 
        4.9550000000         0.4000000000         0.3770425980         1.1458230717       -21.8049498333 
        4.9600000000         0.4000000000         0.3821405010         1.0693648237       -21.6721510395 
        4.9650001000         0.4000000000         0.3770425980         0.9878093591       -21.8049498333 
        4.9700000000         0.4000000000         0.3642978406         0.8909622450       -22.1369468176 
        4.9750000000         0.4000000000         0.3770425980         0.8221498217       -21.8049498333 
        4.9800001000         0.4000000000         0.3744936465         0.7303999241       -21.8713492301 
        4.9850000000         0.4000000000         0.3668467921         0.6361014182       -22.0705474207 
        4.9900000000         0.4000000000         0.3872384040         0.5647403867       -21.5393522458 
        4.9950001000         0.4000000000         0.3795915495         0.4653446643       -21.7385504364 
