           Time[sec]           V_{cmd}[V]          V_{gyro}[V]          \theta[deg] \omega_{gyro}[deg/sec] 
        0.0000000000         2.4800000000         1.2232944913        26.8988232021        14.9513124471 
        0.0050000000         2.4800000000         1.2207455399        27.0823229973        11.1469072443 
        0.0100000000         2.4800000000         1.2156476369        26.5318236116         3.5380968386 
        0.0150000000         2.4800000000         1.2130986854        26.7153234068        -0.2663083642 
        0.0200000000         2.4800000000         1.2207455399        26.7153234068        11.1469072443 
        0.0250000000         2.4800000000         1.2080007824        26.1648240211        -7.8751187699 
        0.0300000000         2.4800000000         1.2130986854        26.5318236116        -0.2663083642 
        0.0350000000         2.4800000000         1.2130986854        26.7153234068        -0.2663083642 
        0.0400000000         2.4800000000         1.2130986854        25.9813242258        -0.2663083642 
        0.0450000000         2.4800000000         1.2130986854        26.5318236116        -0.2663083642 
        0.0500000000         2.4800000000         1.2207455399        27.0823229973        11.1469072443 
        0.0550000000         2.4800000000         1.2130986854        26.3483238163        -0.2663083642 
        0.0600000000         2.4800000000         1.2207455399        26.8988232021        11.1469072443 
        0.0650000000         2.4800000000         1.2130986854        27.0823229973        -0.2663083642 
        0.0700000000         2.4800000000         1.2130986854        26.1648240211        -0.2663083642 
        0.0750000000         2.4800000000         1.2130986854        26.5318236116        -0.2663083642 
        0.0800000000         2.4800000000         1.2130986854        26.3483238163        -0.2663083642 
        0.0850000000         2.4800000000         1.2207455399        26.8988232021        11.1469072443 
        0.0900000000         2.4800000000         1.2054518309        26.1648240211       -11.6795239727 
        0.0950000000         2.4800000000         1.2080007824        26.1648240211        -7.8751187699 
        0.1000000000         2.4800000000         1.2156476369        26.7153234068         3.5380968386 
        0.1050000000         2.4800000000         1.2130986854        26.7153234068        -0.2663083642 
        0.1100000000         2.4800000000         1.2130986854        26.7153234068        -0.2663083642 
        0.1150000000         2.4800000000         1.2080007824        26.3483238163        -7.8751187699 
        0.1200000000         2.4800000000         1.2181965884        26.8988232021         7.3425020415 
        0.1250000000         2.4800000000         1.2130986854        26.5318236116        -0.2663083642 
        0.1300000000         2.4800000000         1.2130986854        26.5318236116        -0.2663083642 
        0.1350000000         2.4800000000         1.2181965884        27.0823229973         7.3425020415 
        0.1400000000         2.4800000000         1.2207455399        26.7153234068        11.1469072443 
        0.1450000000         2.4800000000         1.2080007824        26.1648240211        -7.8751187699 
        0.1500000000         2.4800000000         1.2130986854        26.7153234068        -0.2663083642 
        0.1550000000         2.4800000000         1.2156476369        26.8988232021         3.5380968386 
        0.1600000000         2.4800000000         1.2130986854        26.3483238163        -0.2663083642 
        0.1650000000         2.4800000000         1.2080007824        26.1648240211        -7.8751187699 
        0.1700000000         2.4800000000         1.2054518309        26.7153234068       -11.6795239727 
        0.1750000000         2.4800000000         1.2181965884        27.0823229973         7.3425020415 
        0.1800001000         2.4800000000         1.2105497339        26.7153234068        -4.0707135670 
        0.1850000000         2.4800000000         1.2080007824        26.1648240211        -7.8751187699 
        0.1900000000         2.4800000000         1.2080007824        26.3483238163        -7.8751187699 
        0.1950000000         2.4800000000         1.2130986854        26.5318236116        -0.2663083642 
        0.2000000000         2.4800000000         1.2105497339        26.3483238163        -4.0707135670 
        0.2050000000         2.4800000000         1.2181965884        26.8988232021         7.3425020415 
        0.2100001000         2.4800000000         1.2207455399        27.0823229973        11.1469072443 
        0.2150000000         2.4800000000         1.2130986854        26.3483238163        -0.2663083642 
        0.2200000000         2.4800000000         1.2080007824        26.3483238163        -7.8751187699 
        0.2250000000         2.4800000000         1.2105497339        26.3483238163        -4.0707135670 
        0.2300000000         2.4800000000         1.2130986854        26.5318236116        -0.2663083642 
        0.2350000000         2.4800000000         1.2207455399        26.8988232021        11.1469072443 
        0.2400001000         2.4800000000         1.2207455399        27.0823229973        11.1469072443 
        0.2450000000         2.4800000000         1.2207455399        27.0823229973        11.1469072443 
        0.2500000000         2.4800000000         1.2232944913        27.0823229973        14.9513124471 
        0.2550000000         2.4800000000         1.2232944913        26.8988232021        14.9513124471 
        0.2600000000         2.4800000000         1.2054518309        26.3483238163       -11.6795239727 
        0.2650000000         2.4800000000         1.2080007824        25.9813242258        -7.8751187699 
        0.2700000000         2.4800000000         1.2105497339        25.9813242258        -4.0707135670 
        0.2750000000         2.4800000000         1.2207455399        26.8988232021        11.1469072443 
        0.2800000000         2.4800000000         1.2080007824        26.5318236116        -7.8751187699 
        0.2850000000         2.4800000000         1.2156476369        26.5318236116         3.5380968386 
        0.2900001000         2.4800000000         1.2130986854        26.5318236116        -0.2663083642 
        0.2950000000         2.4800000000         1.2080007824        26.1648240211        -7.8751187699 
        0.3000000000         2.4800000000         1.2130986854        26.3483238163        -0.2663083642 
        0.3050000000         2.4800000000         1.2207455399        27.0823229973        11.1469072443 
        0.3100000000         2.4800000000         1.2080007824        26.1648240211        -7.8751187699 
        0.3150000000         2.4800000000         1.2080007824        26.5318236116        -7.8751187699 
        0.3200000000         2.4800000000         1.2130986854        26.5318236116        -0.2663083642 
        0.3250000000         2.4800000000         1.2080007824        25.9813242258        -7.8751187699 
        0.3300000000         2.4800000000         1.2080007824        26.1648240211        -7.8751187699 
        0.3350000000         2.4800000000         1.2130986854        26.7153234068        -0.2663083642 
        0.3400000000         2.4800000000         1.2130986854        26.7153234068        -0.2663083642 
        0.3450000000         2.4800000000         1.2080007824        26.3483238163        -7.8751187699 
        0.3500001000         2.4800000000         1.2232944913        26.7153234068        14.9513124471 
        0.3550001000         2.4800000000         1.2130986854        26.5318236116        -0.2663083642 
        0.3600000000         2.4800000000         1.2130986854        26.7153234068        -0.2663083642 
        0.3650000000         2.4800000000         1.2207455399        26.3483238163        11.1469072443 
        0.3700000000         2.4800000000         1.2130986854        26.7153234068        -0.2663083642 
        0.3750000000         2.4800000000         1.2054518309        26.1648240211       -11.6795239727 
        0.3800000000         2.4800000000         1.2080007824        26.5318236116        -7.8751187699 
        0.3850000000         2.4800000000         1.2105497339        26.5318236116        -4.0707135670 
        0.3900000000         2.4800000000         1.2232944913        27.0823229973        14.9513124471 
        0.3950000000         2.4800000000         1.2130986854        26.5318236116        -0.2663083642 
        0.4000000000         2.4800000000         1.2130986854        26.5318236116        -0.2663083642 
        0.4050000000         2.4800000000         1.2207455399        27.0823229973        11.1469072443 
        0.4100000000         2.4800000000         1.2207455399        27.2658227926        11.1469072443 
        0.4150001000         2.4800000000         1.2130986854        26.7153234068        -0.2663083642 
        0.4200001000         2.4800000000         1.2130986854        26.3483238163        -0.2663083642 
        0.4250000000         2.4800000000         1.2130986854        26.7153234068        -0.2663083642 
        0.4300000000         2.4800000000         1.2080007824        25.9813242258        -7.8751187699 
        0.4350000000         2.4800000000         1.2130986854        26.7153234068        -0.2663083642 
        0.4400000000         2.4800000000         1.2207455399        27.0823229973        11.1469072443 
        0.4450000000         2.4800000000         1.2207455399        27.0823229973        11.1469072443 
        0.4500000000         2.4800000000         1.2080007824        26.5318236116        -7.8751187699 
        0.4550000000         2.4800000000         1.2130986854        26.3483238163        -0.2663083642 
        0.4600000000         2.4800000000         1.2105497339        26.5318236116        -4.0707135670 
        0.4650000000         2.4800000000         1.2130986854        26.3483238163        -0.2663083642 
        0.4700000000         2.4800000000         1.2232944913        26.8988232021        14.9513124471 
        0.4750001000         2.4800000000         1.2130986854        26.8988232021        -0.2663083642 
        0.4800001000         2.4800000000         1.2130986854        25.9813242258        -0.2663083642 
        0.4850000000         2.4800000000         1.2130986854        26.5318236116        -0.2663083642 
        0.4900000000         2.4800000000         1.2130986854        26.5318236116        -0.2663083642 
        0.4950000000         2.4800000000         1.2130986854        26.5318236116        -0.2663083642 
        0.5000000000         2.4800000000         1.2130986854        26.7153234068        -0.2663083642 
        0.5050000000         2.4800000000         1.2130986854        25.9813242258        -0.2663083642 
        0.5100000000         2.4800000000         1.2130986854        26.5318236116        -0.2663083642 
        0.5150000000         2.4800000000         1.2130986854        26.5318236116        -0.2663083642 
        0.5200000000         2.4800000000         1.2130986854        26.5318236116        -0.2663083642 
        0.5250000000         2.4800000000         1.2080007824        26.5318236116        -7.8751187699 
        0.5300000000         2.4800000000         1.2207455399        26.8988232021        11.1469072443 
        0.5350000000         2.4800000000         1.2130986854        26.5318236116        -0.2663083642 
        0.5400000000         2.4800000000         1.2207455399        26.8988232021        11.1469072443 
        0.5450000000         2.4800000000         1.2054518309        26.1648240211       -11.6795239727 
        0.5500000000         2.4800000000         1.2105497339        26.5318236116        -4.0707135670 
        0.5550000000         2.4800000000         1.2130986854        26.3483238163        -0.2663083642 
        0.5600000000         2.4800000000         1.2207455399        27.0823229973        11.1469072443 
        0.5650000000         2.4800000000         1.2181965884        26.8988232021         7.3425020415 
        0.5700001000         2.4800000000         1.2130986854        26.3483238163        -0.2663083642 
        0.5750001000         2.4800000000         1.2156476369        26.3483238163         3.5380968386 
        0.5800001000         2.4800000000         1.2130986854        26.1648240211        -0.2663083642 
        0.5850000000         2.4800000000         1.2130986854        26.7153234068        -0.2663083642 
        0.5900000000         2.4800000000         1.2207455399        26.8988232021        11.1469072443 
        0.5950000000         2.4800000000         1.2156476369        27.0823229973         3.5380968386 
        0.6000000000         2.4800000000         1.2130986854        26.5318236116        -0.2663083642 
        0.6050000000         2.4800000000         1.2054518309        26.1648240211       -11.6795239727 
        0.6100000000         2.4800000000         1.2130986854        26.3483238163        -0.2663083642 
        0.6150000000         2.4800000000         1.2130986854        27.0823229973        -0.2663083642 
        0.6200000000         2.4800000000         1.2207455399        27.0823229973        11.1469072443 
        0.6250000000         2.4800000000         1.2080007824        26.3483238163        -7.8751187699 
        0.6300000000         2.4800000000         1.2054518309        26.1648240211       -11.6795239727 
        0.6350000000         2.4800000000         1.2181965884        27.0823229973         7.3425020415 
        0.6400000000         2.4800000000         1.2207455399        26.8988232021        11.1469072443 
        0.6450000000         2.4800000000         1.2054518309        25.9813242258       -11.6795239727 
        0.6500000000         2.4800000000         1.2130986854        26.8988232021        -0.2663083642 
        0.6550000000         2.4800000000         1.2130986854        26.3483238163        -0.2663083642 
        0.6600000000         2.4800000000         1.2156476369        26.5318236116         3.5380968386 
        0.6650000000         2.4800000000         1.2130986854        26.5318236116        -0.2663083642 
        0.6700000000         2.4800000000         1.2130986854        26.8988232021        -0.2663083642 
        0.6750000000         2.4800000000         1.2054518309        25.9813242258       -11.6795239727 
        0.6800000000         2.4800000000         1.2054518309        26.1648240211       -11.6795239727 
        0.6850000000         2.4800000000         1.2130986854        26.3483238163        -0.2663083642 
        0.6900000000         2.4800000000         1.2207455399        27.0823229973        11.1469072443 
        0.6950001000         2.4800000000         1.2080007824        26.1648240211        -7.8751187699 
        0.7000001000         2.4800000000         1.2130986854        26.7153234068        -0.2663083642 
        0.7050001000         2.4800000000         1.2207455399        26.3483238163        11.1469072443 
        0.7100000000         2.4800000000         1.2130986854        26.8988232021        -0.2663083642 
        0.7150000000         2.4800000000         1.2181965884        26.5318236116         7.3425020415 
        0.7200000000         2.4800000000         1.2130986854        26.5318236116        -0.2663083642 
        0.7250000000         2.4800000000         1.2105497339        25.9813242258        -4.0707135670 
        0.7300000000         2.4800000000         1.2130986854        26.7153234068        -0.2663083642 
        0.7350000000         2.4800000000         1.2232944913        27.0823229973        14.9513124471 
        0.7400000000         2.4800000000         1.2130986854        26.7153234068        -0.2663083642 
        0.7450000000         2.4800000000         1.2156476369        26.3483238163         3.5380968386 
        0.7500000000         2.4800000000         1.2054518309        25.9813242258       -11.6795239727 
        0.7550000000         2.4800000000         1.2130986854        27.0823229973        -0.2663083642 
        0.7600000000         2.4800000000         1.2207455399        26.8988232021        11.1469072443 
        0.7650000000         2.4800000000         1.2156476369        26.1648240211         3.5380968386 
        0.7700000000         2.4800000000         1.2130986854        26.3483238163        -0.2663083642 
        0.7750000000         2.4800000000         1.2130986854        26.8988232021        -0.2663083642 
        0.7800000000         2.4800000000         1.2181965884        27.0823229973         7.3425020415 
        0.7850000000         2.4800000000         1.2130986854        26.1648240211        -0.2663083642 
        0.7900000000         2.4800000000         1.2130986854        26.8988232021        -0.2663083642 
        0.7950000000         2.4800000000         1.2181965884        27.0823229973         7.3425020415 
        0.8000000000         2.4800000000         1.2130986854        26.5318236116        -0.2663083642 
        0.8050000000         2.4800000000         1.2130986854        26.7153234068        -0.2663083642 
        0.8100000000         2.4800000000         1.2130986854        26.1648240211        -0.2663083642 
        0.8150000000         2.4800000000         1.2130986854        26.5318236116        -0.2663083642 
        0.8200001000         2.4800000000         1.2130986854        27.0823229973        -0.2663083642 
        0.8250001000         2.4800000000         1.2130986854        25.9813242258        -0.2663083642 
        0.8300001000         2.4800000000         1.2130986854        26.7153234068        -0.2663083642 
        0.8350001000         2.4800000000         1.2130986854        27.0823229973        -0.2663083642 
        0.8400000000         2.4800000000         1.2130986854        26.5318236116        -0.2663083642 
        0.8450000000         2.4800000000         1.2080007824        26.1648240211        -7.8751187699 
        0.8500000000         2.4800000000         1.2181965884        27.0823229973         7.3425020415 
        0.8550000000         2.4800000000         1.2130986854        26.1648240211        -0.2663083642 
        0.8600000000         2.4800000000         1.2130986854        26.7153234068        -0.2663083642 
        0.8650000000         2.4800000000         1.2207455399        26.8988232021        11.1469072443 
        0.8700000000         2.4800000000         1.2080007824        25.9813242258        -7.8751187699 
        0.8750000000         2.4800000000         1.2054518309        26.3483238163       -11.6795239727 
        0.8800000000         2.4800000000         1.2105497339        26.8988232021        -4.0707135670 
        0.8850000000         2.4800000000         1.2130986854        26.5318236116        -0.2663083642 
        0.8900000000         2.4800000000         1.2080007824        26.1648240211        -7.8751187699 
        0.8950000000         2.4800000000         1.2207455399        26.8988232021        11.1469072443 
        0.9000000000         2.4800000000         1.2130986854        26.7153234068        -0.2663083642 
        0.9050000000         2.4800000000         1.2130986854        26.5318236116        -0.2663083642 
        0.9100000000         2.4800000000         1.2130986854        26.3483238163        -0.2663083642 
        0.9150000000         2.4800000000         1.2080007824        26.3483238163        -7.8751187699 
        0.9200000000         2.4800000000         1.2130986854        26.8988232021        -0.2663083642 
        0.9250000000         2.4800000000         1.2130986854        26.7153234068        -0.2663083642 
        0.9300000000         2.4800000000         1.2105497339        26.7153234068        -4.0707135670 
        0.9350000000         2.4800000000         1.2181965884        26.8988232021         7.3425020415 
        0.9400000000         2.4800000000         1.2080007824        26.1648240211        -7.8751187699 
        0.9450001000         2.4800000000         1.2054518309        25.9813242258       -11.6795239727 
        0.9500001000         2.4800000000         1.2054518309        26.1648240211       -11.6795239727 
        0.9550001000         2.4800000000         1.2054518309        25.9813242258       -11.6795239727 
        0.9600001000         2.4800000000         1.2130986854        26.7153234068        -0.2663083642 
        0.9650000000         2.4800000000         1.2130986854        26.7153234068        -0.2663083642 
        0.9700000000         2.4800000000         1.2207455399        26.8988232021        11.1469072443 
        0.9750000000         2.4800000000         1.2054518309        26.3483238163       -11.6795239727 
        0.9800000000         2.4800000000         1.2181965884        27.0823229973         7.3425020415 
        0.9850000000         2.4800000000         1.2130986854        26.5318236116        -0.2663083642 
        0.9900000000         2.4800000000         1.2080007824        26.1648240211        -7.8751187699 
        0.9950000000         2.4800000000         1.2105497339        26.3483238163        -4.0707135670 
        1.0000000000         2.4800000000         1.2130986854        27.0823229973        -0.2663083642 
        1.0050000000         2.4800000000         1.2054518309        26.1648240211       -11.6795239727 
        1.0100001000         2.4800000000         1.2130986854        26.3483238163        -0.2663083642 
        1.0150000000         2.4800000000         1.2130986854        26.5318236116        -0.2663083642 
        1.0200001000         2.4800000000         1.2080007824        25.7978244306        -7.8751187699 
        1.0250000000         2.4800000000         1.2232944913        26.5318236116        14.9513124471 
        1.0300000000         2.4800000000         1.2080007824        25.9813242258        -7.8751187699 
        1.0350000000         2.4800000000         1.2130986854        26.3483238163        -0.2663083642 
        1.0400000000         2.4800000000         1.2130986854        26.7153234068        -0.2663083642 
        1.0450000000         2.4800000000         1.2130986854        26.3483238163        -0.2663083642 
        1.0500000000         2.4800000000         1.2130986854        26.7153234068        -0.2663083642 
        1.0550000000         2.4800000000         1.2054518309        26.1648240211       -11.6795239727 
        1.0600000000         2.4800000000         1.2207455399        26.8988232021        11.1469072443 
        1.0650000000         2.4800000000         1.2130986854        26.7153234068        -0.2663083642 
        1.0700000000         2.4800000000         1.2054518309        26.1648240211       -11.6795239727 
        1.0750000000         2.4800000000         1.2207455399        27.0823229973        11.1469072443 
        1.0800000000         2.4800000000         1.2130986854        26.8988232021        -0.2663083642 
        1.0850000000         2.4800000000         1.2130986854        26.3483238163        -0.2663083642 
        1.0900000000         2.4800000000         1.2130986854        26.3483238163        -0.2663083642 
        1.0950000000         2.4800000000         1.2130986854        26.3483238163        -0.2663083642 
        1.1000000000         2.4800000000         1.2130986854        26.5318236116        -0.2663083642 
        1.1050000000         2.4800000000         1.2207455399        27.0823229973        11.1469072443 
        1.1100000000         2.4800000000         1.2080007824        26.1648240211        -7.8751187699 
        1.1150000000         2.4800000000         1.2130986854        26.5318236116        -0.2663083642 
        1.1200000000         2.4800000000         1.2207455399        27.0823229973        11.1469072443 
        1.1250000000         2.4800000000         1.2130986854        26.3483238163        -0.2663083642 
        1.1300000000         2.4800000000         1.2130986854        26.7153234068        -0.2663083642 
        1.1350001000         2.4800000000         1.2054518309        26.1648240211       -11.6795239727 
        1.1400000000         2.4800000000         1.2080007824        26.1648240211        -7.8751187699 
        1.1450001000         2.4800000000         1.2130986854        26.5318236116        -0.2663083642 
        1.1500000000         2.4800000000         1.2130986854        26.5318236116        -0.2663083642 
        1.1550001000         2.4800000000         1.2080007824        26.3483238163        -7.8751187699 
        1.1600000000         2.4800000000         1.2207455399        26.8988232021        11.1469072443 
        1.1650000000         2.4800000000         1.2207455399        26.8988232021        11.1469072443 
        1.1700000000         2.4800000000         1.2130986854        26.3483238163        -0.2663083642 
        1.1750000000         2.4800000000         1.2130986854        27.0823229973        -0.2663083642 
        1.1800000000         2.4800000000         1.2054518309        25.9813242258       -11.6795239727 
        1.1850000000         2.4800000000         1.2156476369        26.5318236116         3.5380968386 
        1.1900000000         2.4800000000         1.2054518309        25.9813242258       -11.6795239727 
        1.1950000000         2.4800000000         1.2181965884        26.8988232021         7.3425020415 
        1.2000000000         2.4800000000         1.2105497339        26.7153234068        -4.0707135670 
        1.2050000000         2.4800000000         1.2080007824        26.1648240211        -7.8751187699 
        1.2100000000         2.4800000000         1.2080007824        26.5318236116        -7.8751187699 
        1.2150000000         2.4800000000         1.2080007824        26.1648240211        -7.8751187699 
        1.2200000000         2.4800000000         1.2105497339        26.3483238163        -4.0707135670 
        1.2250000000         2.4800000000         1.2130986854        26.5318236116        -0.2663083642 
        1.2300000000         2.4800000000         1.2054518309        26.7153234068       -11.6795239727 
        1.2350000000         2.4800000000         1.2207455399        26.3483238163        11.1469072443 
        1.2400000000         2.4800000000         1.2130986854        26.5318236116        -0.2663083642 
        1.2450000000         2.4800000000         1.2156476369        26.8988232021         3.5380968386 
        1.2500000000         2.4800000000         1.2130986854        26.8988232021        -0.2663083642 
        1.2550000000         2.4800000000         1.2130986854        26.3483238163        -0.2663083642 
        1.2600001000         2.4800000000         1.2156476369        26.5318236116         3.5380968386 
        1.2650000000         2.4800000000         1.2054518309        26.1648240211       -11.6795239727 
        1.2700001000         2.4800000000         1.2207455399        26.8988232021        11.1469072443 
        1.2750000000         2.4800000000         1.2156476369        26.5318236116         3.5380968386 
        1.2800001000         2.4800000000         1.2054518309        26.1648240211       -11.6795239727 
        1.2850000000         2.4800000000         1.2207455399        26.8988232021        11.1469072443 
        1.2900000000         2.4800000000         1.2080007824        26.1648240211        -7.8751187699 
        1.2950000000         2.4800000000         1.2029028795        26.1648240211       -15.4839291755 
        1.3000000000         2.4800000000         1.2232944913        26.5318236116        14.9513124471 
        1.3050000000         2.4800000000         1.2130986854        26.7153234068        -0.2663083642 
        1.3100000000         2.4800000000         1.2080007824        25.9813242258        -7.8751187699 
        1.3150000000         2.4800000000         1.2181965884        26.8988232021         7.3425020415 
        1.3200000000         2.4800000000         1.2105497339        26.8988232021        -4.0707135670 
        1.3250000000         2.4800000000         1.2080007824        26.1648240211        -7.8751187699 
        1.3300000000         2.4800000000         1.2054518309        25.9813242258       -11.6795239727 
        1.3350000000         2.4800000000         1.2130986854        26.5318236116        -0.2663083642 
        1.3400000000         2.4800000000         1.2054518309        25.9813242258       -11.6795239727 
        1.3450000000         2.4800000000         1.2207455399        26.8988232021        11.1469072443 
        1.3500000000         2.4800000000         1.2130986854        26.7153234068        -0.2663083642 
        1.3550000000         2.4800000000         1.2130986854        26.5318236116        -0.2663083642 
        1.3600000000         2.4800000000         1.2130986854        27.0823229973        -0.2663083642 
        1.3650000000         2.4800000000         1.2080007824        25.9813242258        -7.8751187699 
        1.3700000000         2.4800000000         1.2130986854        26.3483238163        -0.2663083642 
        1.3750000000         2.4800000000         1.2130986854        26.5318236116        -0.2663083642 
        1.3800000000         2.4800000000         1.2054518309        25.9813242258       -11.6795239727 
        1.3850001000         2.4800000000         1.2130986854        26.5318236116        -0.2663083642 
        1.3900000000         2.4800000000         1.2130986854        26.5318236116        -0.2663083642 
        1.3950001000         2.4800000000         1.2130986854        26.3483238163        -0.2663083642 
        1.4000000000         2.4800000000         1.2105497339        26.1648240211        -4.0707135670 
        1.4050001000         2.4800000000         1.2130986854        26.5318236116        -0.2663083642 
        1.4100000000         2.4800000000         1.2207455399        26.8988232021        11.1469072443 
        1.4150000000         2.4800000000         1.2130986854        26.5318236116        -0.2663083642 
        1.4200000000         2.4800000000         1.2181965884        26.8988232021         7.3425020415 
        1.4250000000         2.4800000000         1.2207455399        26.7153234068        11.1469072443 
        1.4300000000         2.4800000000         1.2105497339        26.5318236116        -4.0707135670 
        1.4350000000         2.4800000000         1.2130986854        26.5318236116        -0.2663083642 
        1.4400000000         2.4800000000         1.2181965884        27.0823229973         7.3425020415 
        1.4450000000         2.4800000000         1.2207455399        26.5318236116        11.1469072443 
        1.4500000000         2.4800000000         1.2130986854        26.5318236116        -0.2663083642 
        1.4550000000         2.4800000000         1.2130986854        26.5318236116        -0.2663083642 
        1.4600000000         2.4800000000         1.2181965884        26.8988232021         7.3425020415 
        1.4650000000         2.4800000000         1.2080007824        26.1648240211        -7.8751187699 
        1.4700000000         2.4800000000         1.2130986854        26.3483238163        -0.2663083642 
        1.4750000000         2.4800000000         1.2181965884        26.3483238163         7.3425020415 
        1.4800000000         2.4800000000         1.2130986854        26.3483238163        -0.2663083642 
        1.4850000000         2.4800000000         1.2080007824        26.3483238163        -7.8751187699 
        1.4900000000         2.4800000000         1.2130986854        27.0823229973        -0.2663083642 
        1.4950000000         2.4800000000         1.2130986854        25.9813242258        -0.2663083642 
        1.5000000000         2.4800000000         1.2054518309        26.3483238163       -11.6795239727 
        1.5050000000         2.4800000000         1.2207455399        26.8988232021        11.1469072443 
        1.5100001000         2.4800000000         1.2181965884        27.0823229973         7.3425020415 
        1.5150000000         2.4800000000         1.2130986854        25.9813242258        -0.2663083642 
        1.5200001000         2.4800000000         1.2080007824        26.1648240211        -7.8751187699 
        1.5250000000         2.4800000000         1.2130986854        26.3483238163        -0.2663083642 
        1.5300001000         2.4800000000         1.2207455399        26.8988232021        11.1469072443 
        1.5350000000         2.4800000000         1.2156476369        26.7153234068         3.5380968386 
        1.5400001000         2.4800000000         1.2054518309        25.9813242258       -11.6795239727 
        1.5450000000         2.4800000000         1.2130986854        26.3483238163        -0.2663083642 
        1.5500000000         2.4800000000         1.2232944913        26.3483238163        14.9513124471 
        1.5550000000         2.4800000000         1.2130986854        26.5318236116        -0.2663083642 
        1.5600000000         2.4800000000         1.2080007824        26.1648240211        -7.8751187699 
        1.5650000000         2.4800000000         1.2130986854        26.3483238163        -0.2663083642 
        1.5700000000         2.4800000000         1.2207455399        26.5318236116        11.1469072443 
        1.5750000000         2.4800000000         1.2207455399        26.5318236116        11.1469072443 
        1.5800000000         2.4800000000         1.2105497339        26.3483238163        -4.0707135670 
        1.5850000000         2.4800000000         1.2156476369        26.8988232021         3.5380968386 
        1.5900000000         2.4800000000         1.2181965884        27.0823229973         7.3425020415 
        1.5950000000         2.4800000000         1.2207455399        26.8988232021        11.1469072443 
        1.6000000000         2.4800000000         1.2130986854        26.5318236116        -0.2663083642 
        1.6050000000         2.4800000000         1.2130986854        26.5318236116        -0.2663083642 
        1.6100000000         2.4800000000         1.2130986854        26.3483238163        -0.2663083642 
        1.6150000000         2.4800000000         1.2080007824        26.1648240211        -7.8751187699 
        1.6200000000         2.4800000000         1.2130986854        26.3483238163        -0.2663083642 
        1.6250000000         2.4800000000         1.2130986854        26.7153234068        -0.2663083642 
        1.6300000000         2.4800000000         1.2181965884        26.8988232021         7.3425020415 
        1.6350001000         2.4800000000         1.2130986854        26.3483238163        -0.2663083642 
        1.6400000000         2.4800000000         1.2105497339        26.5318236116        -4.0707135670 
        1.6450001000         2.4800000000         1.2207455399        26.5318236116        11.1469072443 
        1.6500000000         2.4800000000         1.2054518309        26.1648240211       -11.6795239727 
        1.6550001000         2.4800000000         1.2054518309        26.5318236116       -11.6795239727 
        1.6600000000         2.4800000000         1.2207455399        26.8988232021        11.1469072443 
        1.6650001000         2.4800000000         1.2080007824        25.9813242258        -7.8751187699 
        1.6700000000         2.4800000000         1.2130986854        26.1648240211        -0.2663083642 
        1.6750000000         2.4800000000         1.2207455399        26.8988232021        11.1469072443 
        1.6800000000         2.4800000000         1.2181965884        26.8988232021         7.3425020415 
        1.6850000000         2.4800000000         1.2207455399        27.0823229973        11.1469072443 
        1.6900000000         2.4800000000         1.2181965884        27.0823229973         7.3425020415 
        1.6950000000         2.4800000000         1.2080007824        25.7978244306        -7.8751187699 
        1.7000000000         2.4800000000         1.2054518309        26.3483238163       -11.6795239727 
        1.7050000000         2.4800000000         1.2207455399        27.0823229973        11.1469072443 
        1.7100000000         2.4800000000         1.2080007824        25.9813242258        -7.8751187699 
        1.7150000000         2.4800000000         1.2130986854        26.5318236116        -0.2663083642 
        1.7200000000         2.4800000000         1.2207455399        26.8988232021        11.1469072443 
        1.7250000000         2.4800000000         1.2080007824        25.9813242258        -7.8751187699 
        1.7300000000         2.4800000000         1.2130986854        26.5318236116        -0.2663083642 
        1.7350000000         2.4800000000         1.2130986854        26.7153234068        -0.2663083642 
        1.7400000000         2.4800000000         1.2130986854        26.5318236116        -0.2663083642 
        1.7450000000         2.4800000000         1.2080007824        26.1648240211        -7.8751187699 
        1.7500000000         2.4800000000         1.2156476369        26.3483238163         3.5380968386 
        1.7550000000         2.4800000000         1.2080007824        26.1648240211        -7.8751187699 
        1.7600001000         2.4800000000         1.2130986854        26.3483238163        -0.2663083642 
        1.7650000000         2.4800000000         1.2130986854        26.5318236116        -0.2663083642 
        1.7700001000         2.4800000000         1.2080007824        26.1648240211        -7.8751187699 
        1.7750000000         2.4800000000         1.2232944913        26.8988232021        14.9513124471 
        1.7800001000         2.4800000000         1.2130986854        26.5318236116        -0.2663083642 
        1.7850000000         2.4800000000         1.2156476369        26.7153234068         3.5380968386 
        1.7900001000         2.4800000000         1.2181965884        26.8988232021         7.3425020415 
        1.7950000000         2.4800000000         1.2105497339        26.1648240211        -4.0707135670 
        1.8000000000         2.4800000000         1.2054518309        26.7153234068       -11.6795239727 
        1.8050020000         2.4800000000         1.2080007824        26.1648240211        -7.8751187699 
        1.8100000000         2.4800000000         1.2130986854        26.7153234068        -0.2663083642 
        1.8150000000         2.4800000000         1.2130986854        26.5318236116        -0.2663083642 
        1.8200000000         2.4800000000         1.2080007824        26.1648240211        -7.8751187699 
        1.8250000000         2.4800000000         1.2232944913        26.8988232021        14.9513124471 
        1.8300000000         2.4800000000         1.2207455399        27.0823229973        11.1469072443 
        1.8350000000         2.4800000000         1.2080007824        25.9813242258        -7.8751187699 
        1.8400000000         2.4800000000         1.2080007824        26.1648240211        -7.8751187699 
        1.8450000000         2.4800000000         1.2207455399        26.8988232021        11.1469072443 
        1.8500000000         2.4800000000         1.2080007824        26.1648240211        -7.8751187699 
        1.8550000000         2.4800000000         1.2130986854        26.8988232021        -0.2663083642 
        1.8600000000         2.4800000000         1.2207455399        27.0823229973        11.1469072443 
        1.8650000000         2.4800000000         1.2054518309        26.1648240211       -11.6795239727 
        1.8700000000         2.4800000000         1.2156476369        26.3483238163         3.5380968386 
        1.8750000000         2.4800000000         1.2207455399        27.0823229973        11.1469072443 
        1.8800000000         2.4800000000         1.2080007824        26.1648240211        -7.8751187699 
        1.8850001000         2.4800000000         1.2130986854        26.5318236116        -0.2663083642 
        1.8900000000         2.4800000000         1.2130986854        26.5318236116        -0.2663083642 
        1.8950001000         2.4800000000         1.2105497339        26.7153234068        -4.0707135670 
        1.9000000000         2.4800000000         1.2130986854        26.3483238163        -0.2663083642 
        1.9050001000         2.4800000000         1.2181965884        27.0823229973         7.3425020415 
        1.9100000000         2.4800000000         1.2080007824        26.3483238163        -7.8751187699 
        1.9150001000         2.4800000000         1.2130986854        26.5318236116        -0.2663083642 
        1.9200000000         2.4800000000         1.2130986854        26.5318236116        -0.2663083642 
        1.9250000000         2.4800000000         1.2156476369        26.5318236116         3.5380968386 
        1.9300000000         2.4800000000         1.2130986854        26.5318236116        -0.2663083642 
        1.9350000000         2.4800000000         1.2130986854        26.7153234068        -0.2663083642 
        1.9400000000         2.4800000000         1.2080007824        26.1648240211        -7.8751187699 
        1.9450000000         2.4800000000         1.2080007824        26.3483238163        -7.8751187699 
        1.9500000000         2.4800000000         1.2207455399        26.8988232021        11.1469072443 
        1.9550000000         2.4800000000         1.2080007824        25.9813242258        -7.8751187699 
        1.9600000000         2.4800000000         1.2130986854        26.3483238163        -0.2663083642 
        1.9650000000         2.4800000000         1.2156476369        26.3483238163         3.5380968386 
        1.9700000000         2.4800000000         1.2130986854        25.9813242258        -0.2663083642 
        1.9750000000         2.4800000000         1.2130986854        26.7153234068        -0.2663083642 
        1.9800000000         2.4800000000         1.2207455399        27.0823229973        11.1469072443 
        1.9850000000         2.4800000000         1.2130986854        26.5318236116        -0.2663083642 
        1.9900000000         2.4800000000         1.2207455399        26.8988232021        11.1469072443 
        1.9950000000         2.4800000000         1.2181965884        26.8988232021         7.3425020415 
        2.0000000000         2.4800000000         1.2130986854        26.3483238163        -0.2663083642 
        2.0050000000         2.4800000000         1.2130986854        26.7153234068        -0.2663083642 
        2.0100000000         2.4800000000         1.2105497339        26.1648240211        -4.0707135670 
        2.0150001000         2.4800000000         1.2207455399        26.8988232021        11.1469072443 
        2.0200001000         2.4800000000         1.2080007824        26.5318236116        -7.8751187699 
        2.0250000000         2.4800000000         1.2207455399        26.8988232021        11.1469072443 
        2.0300000000         2.4800000000         1.2054518309        26.1648240211       -11.6795239727 
        2.0350001000         2.4800000000         1.2130986854        26.5318236116        -0.2663083642 
        2.0400001000         2.4800000000         1.2156476369        26.5318236116         3.5380968386 
        2.0450000000         2.4800000000         1.2105497339        26.7153234068        -4.0707135670 
        2.0500000000         2.4800000000         1.2130986854        27.0823229973        -0.2663083642 
        2.0550000000         2.4800000000         1.2130986854        26.3483238163        -0.2663083642 
        2.0600000000         2.4800000000         1.2130986854        26.5318236116        -0.2663083642 
        2.0650000000         2.4800000000         1.2232944913        26.8988232021        14.9513124471 
        2.0700000000         2.4800000000         1.2130986854        26.7153234068        -0.2663083642 
        2.0750000000         2.4800000000         1.2130986854        26.3483238163        -0.2663083642 
        2.0800000000         2.4800000000         1.2130986854        26.5318236116        -0.2663083642 
        2.0850000000         2.4800000000         1.2080007824        26.1648240211        -7.8751187699 
        2.0900000000         2.4800000000         1.2207455399        26.8988232021        11.1469072443 
        2.0950000000         2.4800000000         1.2130986854        26.5318236116        -0.2663083642 
        2.1000000000         2.4800000000         1.2130986854        26.7153234068        -0.2663083642 
        2.1050000000         2.4800000000         1.2232944913        27.0823229973        14.9513124471 
        2.1100000000         2.4800000000         1.2029028795        26.1648240211       -15.4839291755 
        2.1150000000         2.4800000000         1.2130986854        26.3483238163        -0.2663083642 
        2.1200000000         2.4800000000         1.2130986854        26.1648240211        -0.2663083642 
        2.1250000000         2.4800000000         1.2130986854        26.3483238163        -0.2663083642 
        2.1300000000         2.4800000000         1.2207455399        27.0823229973        11.1469072443 
        2.1350000000         2.4800000000         1.2080007824        25.7978244306        -7.8751187699 
        2.1400001000         2.4800000000         1.2232944913        27.0823229973        14.9513124471 
        2.1450000000         2.4800000000         1.2080007824        26.1648240211        -7.8751187699 
        2.1500000000         2.4800000000         1.2156476369        26.3483238163         3.5380968386 
        2.1550000000         2.4800000000         1.2130986854        26.5318236116        -0.2663083642 
        2.1600001000         2.4800000000         1.2080007824        26.3483238163        -7.8751187699 
        2.1650000000         2.4800000000         1.2130986854        26.7153234068        -0.2663083642 
        2.1700000000         2.4800000000         1.2156476369        26.1648240211         3.5380968386 
        2.1750000000         2.4800000000         1.2181965884        27.0823229973         7.3425020415 
        2.1800001000         2.4800000000         1.2130986854        26.5318236116        -0.2663083642 
        2.1850000000         2.4800000000         1.2130986854        26.7153234068        -0.2663083642 
        2.1900000000         2.4800000000         1.2130986854        26.7153234068        -0.2663083642 
        2.1950000000         2.4800000000         1.2130986854        26.7153234068        -0.2663083642 
        2.2000000000         2.4800000000         1.2130986854        26.3483238163        -0.2663083642 
        2.2050000000         2.4800000000         1.2105497339        27.0823229973        -4.0707135670 
        2.2100000000         2.4800000000         1.2080007824        26.1648240211        -7.8751187699 
        2.2150000000         2.4800000000         1.2130986854        26.3483238163        -0.2663083642 
        2.2200000000         2.4800000000         1.2181965884        27.0823229973         7.3425020415 
        2.2250000000         2.4800000000         1.2130986854        26.3483238163        -0.2663083642 
        2.2300000000         2.4800000000         1.2105497339        26.7153234068        -4.0707135670 
        2.2350000000         2.4800000000         1.2080007824        26.1648240211        -7.8751187699 
        2.2400000000         2.4800000000         1.2181965884        26.8988232021         7.3425020415 
        2.2450000000         2.4800000000         1.2156476369        26.3483238163         3.5380968386 
        2.2500000000         2.4800000000         1.2105497339        26.5318236116        -4.0707135670 
        2.2550000000         2.4800000000         1.2207455399        27.0823229973        11.1469072443 
        2.2600000000         2.4800000000         1.2156476369        26.5318236116         3.5380968386 
        2.2650001000         2.4800000000         1.2130986854        26.3483238163        -0.2663083642 
        2.2700000000         2.4800000000         1.2207455399        27.0823229973        11.1469072443 
        2.2750000000         2.4800000000         1.2130986854        26.1648240211        -0.2663083642 
        2.2800000000         2.4800000000         1.2207455399        26.8988232021        11.1469072443 
        2.2850001000         2.4800000000         1.2207455399        26.5318236116        11.1469072443 
        2.2900000000         2.4800000000         1.2207455399        26.8988232021        11.1469072443 
        2.2950000000         2.4800000000         1.2156476369        27.0823229973         3.5380968386 
        2.3000000000         2.4800000000         1.2130986854        26.5318236116        -0.2663083642 
        2.3050001000         2.4800000000         1.2130986854        26.5318236116        -0.2663083642 
        2.3100000000         2.4800000000         1.2130986854        26.3483238163        -0.2663083642 
        2.3150000000         2.4800000000         1.2080007824        26.1648240211        -7.8751187699 
        2.3200000000         2.4800000000         1.2156476369        26.3483238163         3.5380968386 
        2.3250000000         2.4800000000         1.2232944913        26.8988232021        14.9513124471 
        2.3300000000         2.4800000000         1.2105497339        26.5318236116        -4.0707135670 
        2.3350000000         2.4800000000         1.2156476369        26.3483238163         3.5380968386 
        2.3400000000         2.4800000000         1.2156476369        26.5318236116         3.5380968386 
        2.3450000000         2.4800000000         1.2232944913        26.8988232021        14.9513124471 
        2.3500000000         2.4800000000         1.2207455399        27.0823229973        11.1469072443 
        2.3550000000         2.4800000000         1.2130986854        26.5318236116        -0.2663083642 
        2.3600000000         2.4800000000         1.2130986854        26.5318236116        -0.2663083642 
        2.3650000000         2.4800000000         1.2232944913        26.8988232021        14.9513124471 
        2.3700000000         2.4800000000         1.2003539280        26.1648240211       -19.2883343783 
        2.3750000000         2.4800000000         1.2130986854        26.3483238163        -0.2663083642 
        2.3800000000         2.4800000000         1.2105497339        26.7153234068        -4.0707135670 
        2.3850000000         2.4800000000         1.2130986854        26.8988232021        -0.2663083642 
        2.3900001000         2.4800000000         1.2105497339        26.3483238163        -4.0707135670 
        2.3950000000         2.4800000000         1.2080007824        26.1648240211        -7.8751187699 
        2.4000000000         2.4800000000         1.2207455399        27.0823229973        11.1469072443 
        2.4050000000         2.4800000000         1.2130986854        26.5318236116        -0.2663083642 
        2.4100006000         2.4800000000         1.2130986854        26.3483238163        -0.2663083642 
        2.4150000000         2.4800000000         1.2105497339        26.5318236116        -4.0707135670 
        2.4200000000         2.4800000000         1.2080007824        25.9813242258        -7.8751187699 
        2.4250000000         2.4800000000         1.2130986854        26.5318236116        -0.2663083642 
        2.4300001000         2.4800000000         1.2207455399        27.0823229973        11.1469072443 
        2.4350000000         2.4800000000         1.2156476369        27.0823229973         3.5380968386 
        2.4400000000         2.4800000000         1.2181965884        26.5318236116         7.3425020415 
        2.4450000000         2.4800000000         1.2029028795        26.1648240211       -15.4839291755 
        2.4500000000         2.4800000000         1.2080007824        26.1648240211        -7.8751187699 
        2.4550000000         2.4800000000         1.2130986854        26.3483238163        -0.2663083642 
        2.4600000000         2.4800000000         1.2130986854        26.8988232021        -0.2663083642 
        2.4650000000         2.4800000000         1.2054518309        26.1648240211       -11.6795239727 
        2.4700000000         2.4800000000         1.2054518309        26.1648240211       -11.6795239727 
        2.4750000000         2.4800000000         1.2130986854        26.7153234068        -0.2663083642 
        2.4800000000         2.4800000000         1.2080007824        26.1648240211        -7.8751187699 
        2.4850000000         2.4800000000         1.2130986854        27.0823229973        -0.2663083642 
        2.4900000000         2.4800000000         1.2130986854        26.5318236116        -0.2663083642 
        2.4950000000         2.4800000000         1.2156476369        26.7153234068         3.5380968386 
        2.5000000000         2.4800000000         1.2130986854        26.7153234068        -0.2663083642 
        2.5050000000         2.4800000000         1.2080007824        26.1648240211        -7.8751187699 
        2.5100000000         2.4800000000         1.2105497339        26.5318236116        -4.0707135670 
        2.5150001000         2.4800000000         1.2207455399        26.8988232021        11.1469072443 
        2.5200000000         2.4800000000         1.2029028795        25.9813242258       -15.4839291755 
        2.5250000000         2.4800000000         1.2232944913        27.0823229973        14.9513124471 
        2.5300000000         2.4800000000         1.2105497339        26.5318236116        -4.0707135670 
        2.5350001000         2.4800000000         1.2130986854        26.7153234068        -0.2663083642 
        2.5400000000         2.4800000000         1.2130986854        26.7153234068        -0.2663083642 
        2.5450000000         2.4800000000         1.2181965884        27.0823229973         7.3425020415 
        2.5500000000         2.4800000000         1.2080007824        26.3483238163        -7.8751187699 
        2.5550001000         2.4800000000         1.2130986854        27.0823229973        -0.2663083642 
        2.5600000000         2.4800000000         1.2054518309        26.1648240211       -11.6795239727 
        2.5650000000         2.4800000000         1.2130986854        26.7153234068        -0.2663083642 
        2.5700000000         2.4800000000         1.2232944913        27.0823229973        14.9513124471 
        2.5750000000         2.4800000000         1.2029028795        26.1648240211       -15.4839291755 
        2.5800000000         2.4800000000         1.2156476369        26.5318236116         3.5380968386 
        2.5850000000         2.4800000000         1.2105497339        26.7153234068        -4.0707135670 
        2.5900000000         2.4800000000         1.2080007824        26.3483238163        -7.8751187699 
        2.5950000000         2.4800000000         1.2130986854        26.5318236116        -0.2663083642 
        2.6000000000         2.4800000000         1.2207455399        26.3483238163        11.1469072443 
        2.6050000000         2.4800000000         1.2181965884        26.8988232021         7.3425020415 
        2.6100000000         2.4800000000         1.2130986854        26.8988232021        -0.2663083642 
        2.6150000000         2.4800000000         1.2080007824        26.1648240211        -7.8751187699 
        2.6200000000         2.4800000000         1.2105497339        26.3483238163        -4.0707135670 
        2.6250000000         2.4800000000         1.2156476369        26.5318236116         3.5380968386 
        2.6300000000         2.4800000000         1.2054518309        25.9813242258       -11.6795239727 
        2.6350000000         2.4800000000         1.2207455399        26.8988232021        11.1469072443 
        2.6400001000         2.4800000000         1.2232944913        27.0823229973        14.9513124471 
        2.6450000000         2.4800000000         1.2130986854        26.3483238163        -0.2663083642 
        2.6500000000         2.4800000000         1.2130986854        26.7153234068        -0.2663083642 
        2.6550000000         2.4800000000         1.2181965884        26.8988232021         7.3425020415 
        2.6600001000         2.4800000000         1.2080007824        26.1648240211        -7.8751187699 
        2.6650000000         2.4800000000         1.2207455399        27.0823229973        11.1469072443 
        2.6700000000         2.4800000000         1.2105497339        26.7153234068        -4.0707135670 
        2.6750000000         2.4800000000         1.2080007824        26.5318236116        -7.8751187699 
        2.6800001000         2.4800000000         1.2130986854        26.5318236116        -0.2663083642 
        2.6850000000         2.4800000000         1.2130986854        26.5318236116        -0.2663083642 
        2.6900000000         2.4800000000         1.2207455399        27.0823229973        11.1469072443 
        2.6950000000         2.4800000000         1.2105497339        26.1648240211        -4.0707135670 
        2.7000000000         2.4800000000         1.2207455399        27.0823229973        11.1469072443 
        2.7050000000         2.4800000000         1.2207455399        27.0823229973        11.1469072443 
        2.7100000000         2.4800000000         1.2080007824        26.3483238163        -7.8751187699 
        2.7150000000         2.4800000000         1.2080007824        26.5318236116        -7.8751187699 
        2.7200000000         2.4800000000         1.2080007824        26.1648240211        -7.8751187699 
        2.7250000000         2.4800000000         1.2130986854        26.7153234068        -0.2663083642 
        2.7300000000         2.4800000000         1.2130986854        26.7153234068        -0.2663083642 
        2.7350000000         2.4800000000         1.2080007824        26.1648240211        -7.8751187699 
        2.7400000000         2.4800000000         1.2207455399        26.7153234068        11.1469072443 
        2.7450000000         2.4800000000         1.2105497339        26.5318236116        -4.0707135670 
        2.7500000000         2.4800000000         1.2181965884        27.0823229973         7.3425020415 
        2.7550000000         2.4800000000         1.2080007824        25.9813242258        -7.8751187699 
        2.7600000000         2.4800000000         1.2130986854        26.8988232021        -0.2663083642 
        2.7650001000         2.4800000000         1.2156476369        26.7153234068         3.5380968386 
        2.7700000000         2.4800000000         1.2105497339        26.3483238163        -4.0707135670 
        2.7750000000         2.4800000000         1.2130986854        26.5318236116        -0.2663083642 
        2.7800000000         2.4800000000         1.2130986854        26.7153234068        -0.2663083642 
        2.7850001000         2.4800000000         1.2080007824        26.3483238163        -7.8751187699 
        2.7900000000         2.4800000000         1.2181965884        26.8988232021         7.3425020415 
        2.7950000000         2.4800000000         1.2207455399        27.2658227926        11.1469072443 
        2.8000000000         2.4800000000         1.2130986854        26.3483238163        -0.2663083642 
        2.8050001000         2.4800000000         1.2105497339        26.1648240211        -4.0707135670 
        2.8100000000         2.4800000000         1.2130986854        26.7153234068        -0.2663083642 
        2.8150000000         2.4800000000         1.2156476369        27.0823229973         3.5380968386 
        2.8200000000         2.4800000000         1.2105497339        26.1648240211        -4.0707135670 
        2.8250000000         2.4800000000         1.2105497339        26.5318236116        -4.0707135670 
        2.8300000000         2.4800000000         1.2232944913        26.8988232021        14.9513124471 
        2.8350000000         2.4800000000         1.2029028795        26.1648240211       -15.4839291755 
        2.8400000000         2.4800000000         1.2130986854        26.7153234068        -0.2663083642 
        2.8450000000         2.4800000000         1.2181965884        26.3483238163         7.3425020415 
        2.8500000000         2.4800000000         1.2130986854        26.7153234068        -0.2663083642 
        2.8550000000         2.4800000000         1.2181965884        27.0823229973         7.3425020415 
        2.8600000000         2.4800000000         1.2130986854        26.1648240211        -0.2663083642 
        2.8650000000         2.4800000000         1.2054518309        26.7153234068       -11.6795239727 
        2.8700000000         2.4800000000         1.2207455399        27.0823229973        11.1469072443 
        2.8750000000         2.4800000000         1.2105497339        26.5318236116        -4.0707135670 
        2.8800000000         2.4800000000         1.2080007824        26.3483238163        -7.8751187699 
        2.8850000000         2.4800000000         1.2181965884        27.0823229973         7.3425020415 
        2.8900001000         2.4800000000         1.2080007824        26.1648240211        -7.8751187699 
        2.8950000000         2.4800000000         1.2130986854        26.7153234068        -0.2663083642 
        2.9000000000         2.4800000000         1.2181965884        26.5318236116         7.3425020415 
        2.9050000000         2.4800000000         1.2181965884        27.0823229973         7.3425020415 
        2.9100001000         2.4800000000         1.2054518309        25.9813242258       -11.6795239727 
        2.9150000000         2.4800000000         1.2232944913        27.0823229973        14.9513124471 
        2.9200000000         2.4800000000         1.2130986854        26.5318236116        -0.2663083642 
        2.9250000000         2.4800000000         1.2130986854        26.7153234068        -0.2663083642 
        2.9300001000         2.4800000000         1.2181965884        27.0823229973         7.3425020415 
        2.9350000000         2.4800000000         1.2080007824        26.1648240211        -7.8751187699 
        2.9400000000         2.4800000000         1.2130986854        26.3483238163        -0.2663083642 
        2.9450000000         2.4800000000         1.2130986854        26.5318236116        -0.2663083642 
        2.9500000000         2.4800000000         1.2181965884        27.0823229973         7.3425020415 
        2.9550000000         2.4800000000         1.2130986854        26.5318236116        -0.2663083642 
        2.9600000000         2.4800000000         1.2130986854        26.5318236116        -0.2663083642 
        2.9650000000         2.4800000000         1.2130986854        26.3483238163        -0.2663083642 
        2.9700000000         2.4800000000         1.2207455399        26.7153234068        11.1469072443 
        2.9750000000         2.4800000000         1.2003539280        25.9813242258       -19.2883343783 
        2.9800000000         2.4800000000         1.2207455399        27.0823229973        11.1469072443 
        2.9850000000         2.4800000000         1.2130986854        26.3483238163        -0.2663083642 
        2.9900000000         2.4800000000         1.2054518309        25.9813242258       -11.6795239727 
        2.9950000000         2.4800000000         1.2054518309        26.1648240211       -11.6795239727 
        3.0000000000         2.4800000000         1.2080007824        25.9813242258        -7.8751187699 
        3.0050000000         2.4800000000         1.2207455399        27.0823229973        11.1469072443 
        3.0100000000         2.4800000000         1.2207455399        26.8988232021        11.1469072443 
        3.0150001000         2.4800000000         1.2054518309        26.3483238163       -11.6795239727 
        3.0200000000         2.4800000000         1.2130986854        26.5318236116        -0.2663083642 
        3.0250000000         2.4800000000         1.2105497339        26.1648240211        -4.0707135670 
        3.0300000000         2.4800000000         1.2207455399        26.8988232021        11.1469072443 
        3.0350001000         2.4800000000         1.2181965884        26.7153234068         7.3425020415 
        3.0400000000         2.4800000000         1.2054518309        25.7978244306       -11.6795239727 
        3.0450000000         2.4800000000         1.2130986854        26.7153234068        -0.2663083642 
        3.0500000000         2.4800000000         1.2156476369        26.8988232021         3.5380968386 
        3.0550001000         2.4800000000         1.2054518309        26.1648240211       -11.6795239727 
        3.0600000000         2.4800000000         1.2207455399        26.8988232021        11.1469072443 
        3.0650000000         2.4800000000         1.2130986854        26.7153234068        -0.2663083642 
        3.0700000000         2.4800000000         1.2003539280        26.1648240211       -19.2883343783 
        3.0750001000         2.4800000000         1.2105497339        26.5318236116        -4.0707135670 
        3.0800000000         2.4800000000         1.2181965884        26.5318236116         7.3425020415 
        3.0850000000         2.4800000000         1.2130986854        26.3483238163        -0.2663083642 
        3.0900000000         2.4800000000         1.2181965884        26.8988232021         7.3425020415 
        3.0950000000         2.4800000000         1.2054518309        25.7978244306       -11.6795239727 
        3.1000000000         2.4800000000         1.2130986854        26.7153234068        -0.2663083642 
        3.1050000000         2.4800000000         1.2054518309        26.1648240211       -11.6795239727 
        3.1100000000         2.4800000000         1.2156476369        26.7153234068         3.5380968386 
        3.1150000000         2.4800000000         1.2054518309        26.3483238163       -11.6795239727 
        3.1200000000         2.4800000000         1.2232944913        27.0823229973        14.9513124471 
        3.1250000000         2.4800000000         1.2054518309        25.7978244306       -11.6795239727 
        3.1300000000         2.4800000000         1.2130986854        26.7153234068        -0.2663083642 
        3.1350000000         2.4800000000         1.2181965884        27.0823229973         7.3425020415 
        3.1400001000         2.4800000000         1.2080007824        26.1648240211        -7.8751187699 
        3.1450000000         2.4800000000         1.2130986854        26.7153234068        -0.2663083642 
        3.1500000000         2.4800000000         1.2130986854        26.5318236116        -0.2663083642 
        3.1550000000         2.4800000000         1.2181965884        26.8988232021         7.3425020415 
        3.1600001000         2.4800000000         1.2054518309        25.9813242258       -11.6795239727 
        3.1650000000         2.4800000000         1.2130986854        27.2658227926        -0.2663083642 
        3.1700000000         2.4800000000         1.2054518309        25.7978244306       -11.6795239727 
        3.1750000000         2.4800000000         1.2130986854        26.7153234068        -0.2663083642 
        3.1800001000         2.4800000000         1.2130986854        27.0823229973        -0.2663083642 
        3.1850000000         2.4800000000         1.2080007824        26.3483238163        -7.8751187699 
        3.1900000000         2.4800000000         1.2130986854        26.8988232021        -0.2663083642 
        3.1950000000         2.4800000000         1.2207455399        26.8988232021        11.1469072443 
        3.2000001000         2.4800000000         1.2181965884        27.0823229973         7.3425020415 
        3.2050000000         2.4800000000         1.2080007824        26.1648240211        -7.8751187699 
        3.2100000000         2.4800000000         1.2181965884        27.0823229973         7.3425020415 
        3.2150000000         2.4800000000         1.2130986854        25.9813242258        -0.2663083642 
        3.2200000000         2.4800000000         1.2130986854        26.7153234068        -0.2663083642 
        3.2250000000         2.4800000000         1.2181965884        26.8988232021         7.3425020415 
        3.2300000000         2.4800000000         1.2054518309        26.1648240211       -11.6795239727 
        3.2350000000         2.4800000000         1.2207455399        26.8988232021        11.1469072443 
        3.2400000000         2.4800000000         1.2130986854        26.7153234068        -0.2663083642 
        3.2450000000         2.4800000000         1.2054518309        25.7978244306       -11.6795239727 
        3.2500000000         2.4800000000         1.2080007824        26.5318236116        -7.8751187699 
        3.2550000000         2.4800000000         1.2207455399        26.8988232021        11.1469072443 
        3.2600000000         2.4800000000         1.2130986854        26.7153234068        -0.2663083642 
        3.2650001000         2.4800000000         1.2156476369        26.3483238163         3.5380968386 
        3.2700000000         2.4800000000         1.2207455399        27.0823229973        11.1469072443 
        3.2750000000         2.4800000000         1.2130986854        26.5318236116        -0.2663083642 
        3.2800000000         2.4800000000         1.2130986854        26.5318236116        -0.2663083642 
        3.2850001000         2.4800000000         1.2054518309        26.1648240211       -11.6795239727 
        3.2900000000         2.4800000000         1.2207455399        27.0823229973        11.1469072443 
        3.2950000000         2.4800000000         1.2105497339        26.5318236116        -4.0707135670 
        3.3000000000         2.4800000000         1.2130986854        26.3483238163        -0.2663083642 
        3.3050001000         2.4800000000         1.2130986854        26.5318236116        -0.2663083642 
        3.3100000000         2.4800000000         1.2054518309        25.7978244306       -11.6795239727 
        3.3150000000         2.4800000000         1.2130986854        27.0823229973        -0.2663083642 
        3.3200000000         2.4800000000         1.2054518309        25.7978244306       -11.6795239727 
        3.3250001000         2.4800000000         1.2130986854        26.7153234068        -0.2663083642 
        3.3300000000         2.4800000000         1.2130986854        26.3483238163        -0.2663083642 
        3.3350000000         2.4800000000         1.2080007824        26.3483238163        -7.8751187699 
        3.3400000000         2.4800000000         1.2207455399        26.8988232021        11.1469072443 
        3.3450000000         2.4800000000         1.2156476369        26.5318236116         3.5380968386 
        3.3500000000         2.4800000000         1.2029028795        26.1648240211       -15.4839291755 
        3.3550000000         2.4800000000         1.2130986854        26.7153234068        -0.2663083642 
        3.3600000000         2.4800000000         1.2207455399        27.0823229973        11.1469072443 
        3.3650000000         2.4800000000         1.2105497339        27.0823229973        -4.0707135670 
        3.3700000000         2.4800000000         1.2054518309        26.1648240211       -11.6795239727 
        3.3750000000         2.4800000000         1.2029028795        25.9813242258       -15.4839291755 
        3.3800000000         2.4800000000         1.2130986854        26.7153234068        -0.2663083642 
        3.3850000000         2.4800000000         1.2207455399        26.3483238163        11.1469072443 
        3.3900001000         2.4800000000         1.2130986854        27.0823229973        -0.2663083642 
        3.3950000000         2.4800000000         1.2080007824        25.7978244306        -7.8751187699 
        3.4000000000         2.4800000000         1.2130986854        26.7153234068        -0.2663083642 
        3.4050000000         2.4800000000         1.2080007824        25.9813242258        -7.8751187699 
        3.4100001000         2.4800000000         1.2054518309        26.1648240211       -11.6795239727 
        3.4150000000         2.4800000000         1.2080007824        25.7978244306        -7.8751187699 
        3.4200000000         2.4800000000         1.2130986854        26.7153234068        -0.2663083642 
        3.4250000000         2.4800000000         1.2181965884        26.8988232021         7.3425020415 
        3.4300001000         2.4800000000         1.2130986854        26.3483238163        -0.2663083642 
        3.4350000000         2.4800000000         1.2207455399        26.8988232021        11.1469072443 
        3.4400000000         2.4800000000         1.2130986854        26.7153234068        -0.2663083642 
        3.4450000000         2.4800000000         1.2130986854        26.7153234068        -0.2663083642 
        3.4500001000         2.4800000000         1.2105497339        26.3483238163        -4.0707135670 
        3.4550000000         2.4800000000         1.2080007824        25.9813242258        -7.8751187699 
        3.4600000000         2.4800000000         1.2105497339        26.3483238163        -4.0707135670 
        3.4650000000         2.4800000000         1.2207455399        27.0823229973        11.1469072443 
        3.4700000000         2.4800000000         1.2130986854        25.7978244306        -0.2663083642 
        3.4750000000         2.4800000000         1.2130986854        26.7153234068        -0.2663083642 
        3.4800000000         2.4800000000         1.2130986854        26.3483238163        -0.2663083642 
        3.4850000000         2.4800000000         1.2080007824        26.1648240211        -7.8751187699 
        3.4900000000         2.4800000000         1.2130986854        26.3483238163        -0.2663083642 
        3.4950000000         2.4800000000         1.2130986854        26.5318236116        -0.2663083642 
        3.5000000000         2.4800000000         1.2054518309        26.1648240211       -11.6795239727 
        3.5050000000         2.4800000000         1.2130986854        26.5318236116        -0.2663083642 
        3.5100000000         2.4800000000         1.2181965884        26.5318236116         7.3425020415 
        3.5150001000         2.4800000000         1.2054518309        25.9813242258       -11.6795239727 
        3.5200000000         2.4800000000         1.2130986854        26.7153234068        -0.2663083642 
        3.5250000000         2.4800000000         1.2130986854        26.3483238163        -0.2663083642 
        3.5300000000         2.4800000000         1.2130986854        26.3483238163        -0.2663083642 
        3.5350001000         2.4800000000         1.2207455399        26.7153234068        11.1469072443 
        3.5400000000         2.4800000000         1.2207455399        26.5318236116        11.1469072443 
        3.5450000000         2.4800000000         1.2054518309        25.7978244306       -11.6795239727 
        3.5500000000         2.4800000000         1.2181965884        27.0823229973         7.3425020415 
        3.5550001000         2.4800000000         1.2207455399        26.8988232021        11.1469072443 
        3.5600000000         2.4800000000         1.2232944913        26.8988232021        14.9513124471 
        3.5650000000         2.4800000000         1.2054518309        26.1648240211       -11.6795239727 
        3.5700000000         2.4800000000         1.2130986854        26.5318236116        -0.2663083642 
        3.5750001000         2.4800000000         1.2105497339        26.5318236116        -4.0707135670 
        3.5800000000         2.4800000000         1.2054518309        26.1648240211       -11.6795239727 
        3.5850000000         2.4800000000         1.2207455399        27.0823229973        11.1469072443 
        3.5900000000         2.4800000000         1.2130986854        26.7153234068        -0.2663083642 
        3.5950000000         2.4800000000         1.2080007824        26.3483238163        -7.8751187699 
        3.6000000000         2.4800000000         1.2207455399        26.8988232021        11.1469072443 
        3.6050000000         2.4800000000         1.2080007824        26.1648240211        -7.8751187699 
        3.6100000000         2.4800000000         1.2029028795        26.5318236116       -15.4839291755 
        3.6150000000         2.4800000000         1.2130986854        26.7153234068        -0.2663083642 
        3.6200000000         2.4800000000         1.2130986854        26.3483238163        -0.2663083642 
        3.6250000000         2.4800000000         1.2130986854        26.7153234068        -0.2663083642 
        3.6300000000         2.4800000000         1.2080007824        25.9813242258        -7.8751187699 
        3.6350000000         2.4800000000         1.2130986854        26.5318236116        -0.2663083642 
        3.6400001000         2.4800000000         1.2181965884        26.8988232021         7.3425020415 
        3.6450000000         2.4800000000         1.2130986854        26.5318236116        -0.2663083642 
        3.6500000000         2.4800000000         1.2130986854        26.3483238163        -0.2663083642 
        3.6550000000         2.4800000000         1.2080007824        26.1648240211        -7.8751187699 
        3.6600001000         2.4800000000         1.2207455399        26.8988232021        11.1469072443 
        3.6650000000         2.4800000000         1.2130986854        26.3483238163        -0.2663083642 
        3.6700000000         2.4800000000         1.2130986854        26.7153234068        -0.2663083642 
        3.6750000000         2.4800000000         1.2207455399        26.8988232021        11.1469072443 
        3.6800001000         2.4800000000         1.2080007824        26.1648240211        -7.8751187699 
        3.6850000000         2.4800000000         1.2105497339        26.3483238163        -4.0707135670 
        3.6900000000         2.4800000000         1.2207455399        26.8988232021        11.1469072443 
        3.6950000000         2.4800000000         1.2080007824        25.7978244306        -7.8751187699 
        3.7000001000         2.4800000000         1.2130986854        26.3483238163        -0.2663083642 
        3.7050000000         2.4800000000         1.2207455399        27.0823229973        11.1469072443 
        3.7100000000         2.4800000000         1.2156476369        26.3483238163         3.5380968386 
        3.7150000000         2.4800000000         1.2054518309        25.9813242258       -11.6795239727 
        3.7200000000         2.4800000000         1.2054518309        25.9813242258       -11.6795239727 
        3.7250000000         2.4800000000         1.2130986854        26.5318236116        -0.2663083642 
        3.7300000000         2.4800000000         1.2156476369        26.3483238163         3.5380968386 
        3.7350000000         2.4800000000         1.2207455399        27.0823229973        11.1469072443 
        3.7400000000         2.4800000000         1.2207455399        26.8988232021        11.1469072443 
        3.7450000000         2.4800000000         1.2207455399        26.7153234068        11.1469072443 
        3.7500000000         2.4800000000         1.2080007824        25.7978244306        -7.8751187699 
        3.7550000000         2.4800000000         1.2207455399        27.0823229973        11.1469072443 
        3.7600000000         2.4800000000         1.2054518309        25.9813242258       -11.6795239727 
        3.7650001000         2.4800000000         1.2130986854        27.0823229973        -0.2663083642 
        3.7700000000         2.4800000000         1.2130986854        26.5318236116        -0.2663083642 
        3.7750000000         2.4800000000         1.2130986854        26.5318236116        -0.2663083642 
        3.7800000000         2.4800000000         1.2207455399        27.0823229973        11.1469072443 
        3.7850001000         2.4800000000         1.2130986854        26.1648240211        -0.2663083642 
        3.7900000000         2.4800000000         1.2130986854        26.3483238163        -0.2663083642 
        3.7950000000         2.4800000000         1.2232944913        26.8988232021        14.9513124471 
        3.8000000000         2.4800000000         1.2029028795        26.1648240211       -15.4839291755 
        3.8050001000         2.4800000000         1.2130986854        26.7153234068        -0.2663083642 
        3.8100000000         2.4800000000         1.2207455399        27.0823229973        11.1469072443 
        3.8150000000         2.4800000000         1.2080007824        25.7978244306        -7.8751187699 
        3.8200000000         2.4800000000         1.2207455399        27.0823229973        11.1469072443 
        3.8250001000         2.4800000000         1.2156476369        26.5318236116         3.5380968386 
        3.8300000000         2.4800000000         1.2207455399        26.5318236116        11.1469072443 
        3.8350000000         2.4800000000         1.2054518309        25.9813242258       -11.6795239727 
        3.8400000000         2.4800000000         1.2207455399        27.0823229973        11.1469072443 
        3.8450000000         2.4800000000         1.2130986854        26.3483238163        -0.2663083642 
        3.8500000000         2.4800000000         1.2054518309        25.9813242258       -11.6795239727 
        3.8550000000         2.4800000000         1.2054518309        26.1648240211       -11.6795239727 
        3.8600000000         2.4800000000         1.2207455399        26.7153234068        11.1469072443 
        3.8650000000         2.4800000000         1.2130986854        26.3483238163        -0.2663083642 
        3.8700000000         2.4800000000         1.2207455399        26.8988232021        11.1469072443 
        3.8750000000         2.4800000000         1.2130986854        26.7153234068        -0.2663083642 
        3.8800000000         2.4800000000         1.2130986854        26.7153234068        -0.2663083642 
        3.8850000000         2.4800000000         1.2232944913        27.0823229973        14.9513124471 
        3.8900001000         2.4800000000         1.2130986854        26.3483238163        -0.2663083642 
        3.8950000000         2.4800000000         1.2029028795        26.5318236116       -15.4839291755 
        3.9000000000         2.4800000000         1.2207455399        26.8988232021        11.1469072443 
        3.9050000000         2.4800000000         1.2181965884        27.0823229973         7.3425020415 
        3.9100001000         2.4800000000         1.2130986854        26.3483238163        -0.2663083642 
        3.9150000000         2.4800000000         1.2080007824        26.1648240211        -7.8751187699 
        3.9200000000         2.4800000000         1.2130986854        26.8988232021        -0.2663083642 
        3.9250000000         2.4800000000         1.2130986854        25.9813242258        -0.2663083642 
        3.9300001000         2.4800000000         1.2054518309        26.1648240211       -11.6795239727 
        3.9350000000         2.4800000000         1.2130986854        26.3483238163        -0.2663083642 
        3.9400000000         2.4800000000         1.2207455399        26.8988232021        11.1469072443 
        3.9450000000         2.4800000000         1.2130986854        26.5318236116        -0.2663083642 
        3.9500001000         2.4800000000         1.2130986854        26.1648240211        -0.2663083642 
        3.9550000000         2.4800000000         1.2181965884        26.8988232021         7.3425020415 
        3.9600000000         2.4800000000         1.2130986854        26.5318236116        -0.2663083642 
        3.9650000000         2.4800000000         1.2054518309        25.9813242258       -11.6795239727 
        3.9700001000         2.4800000000         1.2207455399        27.0823229973        11.1469072443 
        3.9750000000         2.4800000000         1.2156476369        26.5318236116         3.5380968386 
        3.9800000000         2.4800000000         1.2054518309        25.9813242258       -11.6795239727 
        3.9850000000         2.4800000000         1.2130986854        26.3483238163        -0.2663083642 
        3.9900000000         2.4800000000         1.2080007824        26.1648240211        -7.8751187699 
        3.9950000000         2.4800000000         1.2130986854        26.7153234068        -0.2663083642 
        4.0000000000         2.4800000000         1.2105497339        27.0823229973        -4.0707135670 
        4.0050000000         2.4800000000         1.2130986854        26.5318236116        -0.2663083642 
        4.0100000000         2.4800000000         1.2130986854        26.3483238163        -0.2663083642 
        4.0150000000         2.4800000000         1.2207455399        27.0823229973        11.1469072443 
        4.0200000000         2.4800000000         1.2130986854        26.5318236116        -0.2663083642 
        4.0250001000         2.4800000000         1.2130986854        26.5318236116        -0.2663083642 
        4.0300001000         2.4800000000         1.2130986854        26.3483238163        -0.2663083642 
        4.0350001000         2.4800000000         1.2130986854        26.7153234068        -0.2663083642 
        4.0400000000         2.4800000000         1.2080007824        25.9813242258        -7.8751187699 
        4.0450000000         2.4800000000         1.2207455399        27.0823229973        11.1469072443 
        4.0500000000         2.4800000000         1.2181965884        27.0823229973         7.3425020415 
        4.0550000000         2.4800000000         1.2080007824        26.5318236116        -7.8751187699 
        4.0600000000         2.4800000000         1.2207455399        26.8988232021        11.1469072443 
        4.0650001000         2.4800000000         1.2130986854        26.7153234068        -0.2663083642 
        4.0700001000         2.4800000000         1.2105497339        26.1648240211        -4.0707135670 
        4.0750001000         2.4800000000         1.2207455399        26.8988232021        11.1469072443 
        4.0800000000         2.4800000000         1.2130986854        26.5318236116        -0.2663083642 
        4.0850000000         2.4800000000         1.2130986854        26.3483238163        -0.2663083642 
        4.0900000000         2.4800000000         1.2181965884        27.0823229973         7.3425020415 
        4.0950000000         2.4800000000         1.2130986854        26.3483238163        -0.2663083642 
        4.1000000000         2.4800000000         1.2080007824        26.7153234068        -7.8751187699 
        4.1050000000         2.4800000000         1.2207455399        27.0823229973        11.1469072443 
        4.1100000000         2.4800000000         1.2207455399        26.8988232021        11.1469072443 
        4.1150000000         2.4800000000         1.2130986854        26.3483238163        -0.2663083642 
        4.1200000000         2.4800000000         1.2080007824        26.3483238163        -7.8751187699 
        4.1250000000         2.4800000000         1.2080007824        25.9813242258        -7.8751187699 
        4.1300000000         2.4800000000         1.2130986854        26.3483238163        -0.2663083642 
        4.1350000000         2.4800000000         1.2181965884        27.0823229973         7.3425020415 
        4.1400000000         2.4800000000         1.2207455399        26.5318236116        11.1469072443 
        4.1450000000         2.4800000000         1.2156476369        26.7153234068         3.5380968386 
        4.1500001000         2.4800000000         1.2080007824        26.3483238163        -7.8751187699 
        4.1550000000         2.4800000000         1.2080007824        26.1648240211        -7.8751187699 
        4.1600000000         2.4800000000         1.2207455399        26.8988232021        11.1469072443 
        4.1650000000         2.4800000000         1.2207455399        27.0823229973        11.1469072443 
        4.1700000000         2.4800000000         1.2130986854        26.5318236116        -0.2663083642 
        4.1750000000         2.4800000000         1.2207455399        27.0823229973        11.1469072443 
        4.1800000000         2.4800000000         1.2080007824        25.9813242258        -7.8751187699 
        4.1850000000         2.4800000000         1.2130986854        26.5318236116        -0.2663083642 
        4.1900001000         2.4800000000         1.2207455399        26.8988232021        11.1469072443 
        4.1950000000         2.4800000000         1.2130986854        26.7153234068        -0.2663083642 
        4.2000000000         2.4800000000         1.2054518309        26.1648240211       -11.6795239727 
        4.2050000000         2.4800000000         1.2105497339        26.7153234068        -4.0707135670 
        4.2100000000         2.4800000000         1.2181965884        26.5318236116         7.3425020415 
        4.2150000000         2.4800000000         1.2130986854        27.0823229973        -0.2663083642 
        4.2200000000         2.4800000000         1.2080007824        25.9813242258        -7.8751187699 
        4.2250000000         2.4800000000         1.2130986854        26.3483238163        -0.2663083642 
        4.2300000000         2.4800000000         1.2105497339        26.5318236116        -4.0707135670 
        4.2350000000         2.4800000000         1.2207455399        26.8988232021        11.1469072443 
        4.2400000000         2.4800000000         1.2181965884        26.7153234068         7.3425020415 
        4.2450000000         2.4800000000         1.2080007824        25.9813242258        -7.8751187699 
        4.2500000000         2.4800000000         1.2207455399        26.8988232021        11.1469072443 
        4.2550000000         2.4800000000         1.2080007824        25.9813242258        -7.8751187699 
        4.2600000000         2.4800000000         1.2130986854        26.5318236116        -0.2663083642 
        4.2650000000         2.4800000000         1.2207455399        26.8988232021        11.1469072443 
        4.2700000000         2.4800000000         1.2080007824        25.9813242258        -7.8751187699 
        4.2750001000         2.4800000000         1.2207455399        26.8988232021        11.1469072443 
        4.2800000000         2.4800000000         1.2130986854        26.7153234068        -0.2663083642 
        4.2850000000         2.4800000000         1.2054518309        26.7153234068       -11.6795239727 
        4.2900000000         2.4800000000         1.2054518309        26.1648240211       -11.6795239727 
        4.2950000000         2.4800000000         1.2130986854        26.5318236116        -0.2663083642 
        4.3000000000         2.4800000000         1.2207455399        26.7153234068        11.1469072443 
        4.3050000000         2.4800000000         1.2207455399        27.0823229973        11.1469072443 
        4.3100000000         2.4800000000         1.2130986854        26.5318236116        -0.2663083642 
        4.3150001000         2.4800000000         1.2130986854        27.0823229973        -0.2663083642 
        4.3200000000         2.4800000000         1.2130986854        26.5318236116        -0.2663083642 
        4.3250000000         2.4800000000         1.2207455399        26.7153234068        11.1469072443 
        4.3300000000         2.4800000000         1.2130986854        26.7153234068        -0.2663083642 
        4.3350000000         2.4800000000         1.2080007824        25.7978244306        -7.8751187699 
        4.3400000000         2.4800000000         1.2207455399        26.8988232021        11.1469072443 
        4.3450000000         2.4800000000         1.2130986854        26.7153234068        -0.2663083642 
        4.3500000000         2.4800000000         1.2029028795        26.3483238163       -15.4839291755 
        4.3550001000         2.4800000000         1.2207455399        27.0823229973        11.1469072443 
        4.3600000000         2.4800000000         1.2207455399        26.5318236116        11.1469072443 
        4.3650000000         2.4800000000         1.2130986854        26.7153234068        -0.2663083642 
        4.3700000000         2.4800000000         1.2207455399        27.0823229973        11.1469072443 
        4.3750000000         2.4800000000         1.2130986854        26.5318236116        -0.2663083642 
        4.3800000000         2.4800000000         1.2130986854        26.1648240211        -0.2663083642 
        4.3850000000         2.4800000000         1.2130986854        26.7153234068        -0.2663083642 
        4.3900000000         2.4800000000         1.2181965884        26.8988232021         7.3425020415 
        4.3950000000         2.4800000000         1.2207455399        26.8988232021        11.1469072443 
        4.4000001000         2.4800000000         1.2232944913        27.0823229973        14.9513124471 
        4.4050000000         2.4800000000         1.2130986854        27.0823229973        -0.2663083642 
        4.4100000000         2.4800000000         1.2130986854        26.5318236116        -0.2663083642 
        4.4150000000         2.4800000000         1.2054518309        25.7978244306       -11.6795239727 
        4.4200000000         2.4800000000         1.2130986854        26.5318236116        -0.2663083642 
        4.4250000000         2.4800000000         1.2130986854        26.5318236116        -0.2663083642 
        4.4300000000         2.4800000000         1.2080007824        26.1648240211        -7.8751187699 
        4.4350000000         2.4800000000         1.2130986854        26.3483238163        -0.2663083642 
        4.4400001000         2.4800000000         1.2130986854        26.3483238163        -0.2663083642 
        4.4450000000         2.4800000000         1.2054518309        26.1648240211       -11.6795239727 
        4.4500000000         2.4800000000         1.2130986854        26.3483238163        -0.2663083642 
        4.4550000000         2.4800000000         1.2130986854        26.7153234068        -0.2663083642 
        4.4600000000         2.4800000000         1.2130986854        27.0823229973        -0.2663083642 
        4.4650000000         2.4800000000         1.2207455399        27.0823229973        11.1469072443 
        4.4700000000         2.4800000000         1.2080007824        26.1648240211        -7.8751187699 
        4.4750000000         2.4800000000         1.2080007824        25.9813242258        -7.8751187699 
        4.4800001000         2.4800000000         1.2130986854        26.5318236116        -0.2663083642 
        4.4850000000         2.4800000000         1.2207455399        27.0823229973        11.1469072443 
        4.4900000000         2.4800000000         1.2130986854        25.9813242258        -0.2663083642 
        4.4950000000         2.4800000000         1.2080007824        26.1648240211        -7.8751187699 
        4.5000000000         2.4800000000         1.2130986854        26.5318236116        -0.2663083642 
        4.5050000000         2.4800000000         1.2080007824        26.1648240211        -7.8751187699 
        4.5100000000         2.4800000000         1.2181965884        27.0823229973         7.3425020415 
        4.5150000000         2.4800000000         1.2130986854        26.7153234068        -0.2663083642 
        4.5200000000         2.4800000000         1.2054518309        26.1648240211       -11.6795239727 
        4.5250001000         2.4800000000         1.2054518309        26.7153234068       -11.6795239727 
        4.5300000000         2.4800000000         1.2207455399        26.8988232021        11.1469072443 
        4.5350000000         2.4800000000         1.2207455399        26.8988232021        11.1469072443 
        4.5400000000         2.4800000000         1.2080007824        26.1648240211        -7.8751187699 
        4.5450000000         2.4800000000         1.2130986854        26.7153234068        -0.2663083642 
        4.5500000000         2.4800000000         1.2130986854        26.5318236116        -0.2663083642 
        4.5550000000         2.4800000000         1.2181965884        26.8988232021         7.3425020415 
        4.5600000000         2.4800000000         1.2207455399        26.8988232021        11.1469072443 
        4.5650001000         2.4800000000         1.2105497339        26.5318236116        -4.0707135670 
        4.5700000000         2.4800000000         1.2130986854        25.9813242258        -0.2663083642 
        4.5750000000         2.4800000000         1.2105497339        26.8988232021        -4.0707135670 
        4.5800000000         2.4800000000         1.2207455399        26.8988232021        11.1469072443 
        4.5850000000         2.4800000000         1.2130986854        26.7153234068        -0.2663083642 
        4.5900000000         2.4800000000         1.2105497339        26.3483238163        -4.0707135670 
        4.5950000000         2.4800000000         1.2054518309        26.1648240211       -11.6795239727 
        4.6000000000         2.4800000000         1.2130986854        26.5318236116        -0.2663083642 
        4.6050001000         2.4800000000         1.2207455399        27.0823229973        11.1469072443 
        4.6100000000         2.4800000000         1.2207455399        26.3483238163        11.1469072443 
        4.6150000000         2.4800000000         1.2130986854        26.1648240211        -0.2663083642 
        4.6200000000         2.4800000000         1.2130986854        26.7153234068        -0.2663083642 
        4.6250000000         2.4800000000         1.2080007824        26.7153234068        -7.8751187699 
        4.6300000000         2.4800000000         1.2054518309        25.7978244306       -11.6795239727 
        4.6350000000         2.4800000000         1.2054518309        25.9813242258       -11.6795239727 
        4.6400000000         2.4800000000         1.2080007824        26.3483238163        -7.8751187699 
        4.6450000000         2.4800000000         1.2080007824        25.9813242258        -7.8751187699 
        4.6500001000         2.4800000000         1.2130986854        26.3483238163        -0.2663083642 
        4.6550000000         2.4800000000         1.2130986854        26.7153234068        -0.2663083642 
        4.6600000000         2.4800000000         1.2054518309        25.9813242258       -11.6795239727 
        4.6650000000         2.4800000000         1.2080007824        25.9813242258        -7.8751187699 
        4.6700000000         2.4800000000         1.2130986854        26.3483238163        -0.2663083642 
        4.6750000000         2.4800000000         1.2156476369        26.5318236116         3.5380968386 
        4.6800000000         2.4800000000         1.2207455399        26.8988232021        11.1469072443 
        4.6850000000         2.4800000000         1.2207455399        27.0823229973        11.1469072443 
        4.6900001000         2.4800000000         1.2130986854        26.5318236116        -0.2663083642 
        4.6950000000         2.4800000000         1.2130986854        26.3483238163        -0.2663083642 
        4.7000000000         2.4800000000         1.2207455399        27.0823229973        11.1469072443 
        4.7050000000         2.4800000000         1.2054518309        26.1648240211       -11.6795239727 
        4.7100000000         2.4800000000         1.2130986854        26.7153234068        -0.2663083642 
        4.7150000000         2.4800000000         1.2130986854        26.5318236116        -0.2663083642 
        4.7200000000         2.4800000000         1.2207455399        26.8988232021        11.1469072443 
        4.7250000000         2.4800000000         1.2130986854        26.5318236116        -0.2663083642 
        4.7300001000         2.4800000000         1.2207455399        27.0823229973        11.1469072443 
        4.7350000000         2.4800000000         1.2181965884        27.0823229973         7.3425020415 
        4.7400000000         2.4800000000         1.2130986854        26.8988232021        -0.2663083642 
        4.7450000000         2.4800000000         1.2130986854        26.5318236116        -0.2663083642 
        4.7500000000         2.4800000000         1.2080007824        26.5318236116        -7.8751187699 
        4.7550000000         2.4800000000         1.2156476369        26.8988232021         3.5380968386 
        4.7600000000         2.4800000000         1.2207455399        26.7153234068        11.1469072443 
        4.7650000000         2.4800000000         1.2130986854        26.7153234068        -0.2663083642 
        4.7700000000         2.4800000000         1.2054518309        26.1648240211       -11.6795239727 
        4.7750001000         2.4800000000         1.2054518309        26.1648240211       -11.6795239727 
        4.7800000000         2.4800000000         1.2130986854        26.7153234068        -0.2663083642 
        4.7850000000         2.4800000000         1.2130986854        26.5318236116        -0.2663083642 
        4.7900000000         2.4800000000         1.2207455399        26.8988232021        11.1469072443 
        4.7950000000         2.4800000000         1.2207455399        26.8988232021        11.1469072443 
        4.8000000000         2.4800000000         1.2130986854        26.5318236116        -0.2663083642 
        4.8050000000         2.4800000000         1.2130986854        26.5318236116        -0.2663083642 
        4.8100000000         2.4800000000         1.2130986854        26.5318236116        -0.2663083642 
        4.8150001000         2.4800000000         1.2054518309        26.1648240211       -11.6795239727 
        4.8200000000         2.4800000000         1.2130986854        26.5318236116        -0.2663083642 
        4.8250000000         2.4800000000         1.2130986854        26.3483238163        -0.2663083642 
        4.8300000000         2.4800000000         1.2130986854        26.5318236116        -0.2663083642 
        4.8350000000         2.4800000000         1.2130986854        26.5318236116        -0.2663083642 
        4.8400000000         2.4800000000         1.2181965884        27.0823229973         7.3425020415 
        4.8450000000         2.4800000000         1.2207455399        27.0823229973        11.1469072443 
        4.8500000000         2.4800000000         1.2156476369        26.7153234068         3.5380968386 
        4.8550001000         2.4800000000         1.2207455399        27.0823229973        11.1469072443 
        4.8600000000         2.4800000000         1.2080007824        25.9813242258        -7.8751187699 
        4.8650000000         2.4800000000         1.2130986854        26.3483238163        -0.2663083642 
        4.8700000000         2.4800000000         1.2130986854        26.5318236116        -0.2663083642 
        4.8750000000         2.4800000000         1.2207455399        26.8988232021        11.1469072443 
        4.8800000000         2.4800000000         1.2130986854        26.5318236116        -0.2663083642 
        4.8850000000         2.4800000000         1.2054518309        26.1648240211       -11.6795239727 
        4.8900000000         2.4800000000         1.2080007824        26.1648240211        -7.8751187699 
        4.8950000000         2.4800000000         1.2156476369        26.5318236116         3.5380968386 
        4.9000001000         2.4800000000         1.2207455399        26.8988232021        11.1469072443 
        4.9050000000         2.4800000000         1.2130986854        26.7153234068        -0.2663083642 
        4.9100000000         2.4800000000         1.2105497339        26.5318236116        -4.0707135670 
        4.9150000000         2.4800000000         1.2130986854        26.1648240211        -0.2663083642 
        4.9200000000         2.4800000000         1.2130986854        26.3483238163        -0.2663083642 
        4.9250000000         2.4800000000         1.2181965884        26.7153234068         7.3425020415 
        4.9300000000         2.4800000000         1.2130986854        26.1648240211        -0.2663083642 
        4.9350000000         2.4800000000         1.2080007824        26.1648240211        -7.8751187699 
        4.9400001000         2.4800000000         1.2130986854        26.7153234068        -0.2663083642 
        4.9450000000         2.4800000000         1.2080007824        25.9813242258        -7.8751187699 
        4.9500000000         2.4800000000         1.2130986854        26.5318236116        -0.2663083642 
        4.9550000000         2.4800000000         1.2080007824        25.9813242258        -7.8751187699 
        4.9600000000         2.4800000000         1.2207455399        26.8988232021        11.1469072443 
        4.9650000000         2.4800000000         1.2130986854        26.3483238163        -0.2663083642 
        4.9700000000         2.4800000000         1.2207455399        26.8988232021        11.1469072443 
        4.9750000000         2.4800000000         1.2080007824        26.1648240211        -7.8751187699 
        4.9800001000         2.4800000000         1.2130986854        26.7153234068        -0.2663083642 
        4.9850000000         2.4800000000         1.2181965884        26.8988232021         7.3425020415 
        4.9900000000         2.4800000000         1.2130986854        25.9813242258        -0.2663083642 
        4.9950000000         2.4800000000         1.2130986854        26.3483238163        -0.2663083642 
