           Time[sec]           V_{cmd}[V]          V_{gyro}[V] \omega_{gyro}[rad/s]          \theta[rad] 
        0.0000000000         0.0000000000         1.2207455399         0.1945502328        -3.1301022351 
        0.0050000000         0.0043982008         1.2130986854        -0.0046479578        -3.1429129376 
        0.0100000000         0.0087962279         1.2130986854        -0.0046479578        -3.1397102620 
        0.0150000000         0.0131939078         1.2181965884         0.1281508360        -3.1301022351 
        0.0200000000         0.0175910668         1.2207455399         0.1945502328        -3.1301022351 
        0.0250000000         0.0219875314         1.2054518309        -0.2038461484        -3.1461156132 
        0.0300000000         0.0263831279         1.2130986854        -0.0046479578        -3.1429129376 
        0.0350000000         0.0307776828         1.2156476369         0.0617514391        -3.1397102620 
        0.0400000000         0.0351710227         1.2207455399         0.1945502328        -3.1365075864 
        0.0450000000         0.0395629741         1.2207455399         0.1945502328        -3.1301022351 
        0.0500000000         0.0439533637         1.2156476369         0.0617514391        -3.1365075864 
        0.0550168000         0.0483567607         1.2003539280        -0.3366449421        -3.1365075864 
        0.0601044000         0.0528203375         1.2156476369         0.0617514391        -3.1397102620 
        0.0650000000         0.0571134281         1.2615287636         1.2569405827        -3.1301022351 
        0.0700000000         0.0614958376         1.2691756181         1.4561387733        -3.1236968839 
        0.0750000000         0.0658758193         1.2640777151         1.3233399796        -3.1108861815 
        0.0800000000         0.0702532004         1.2666266666         1.3897393765        -3.1076835059 
        0.0850000000         0.0746278080         1.2742735211         1.5889375671        -3.1076835059 
        0.0900009000         0.0790002560         1.2615287636         1.2569405827        -3.1012781547 
        0.0950000000         0.0833680121         1.2666266666         1.3897393765        -3.1044808303 
        0.1000000000         0.0877332635         1.2793714240         1.7217363608        -3.0788594255 
        0.1050000000         0.0920950514         1.2768224726         1.6553369640        -3.0724540743 
        0.1100000000         0.0964532035         1.2564308607         1.1241417890        -3.0788594255 
        0.1150000000         0.1008075478         1.2742735211         1.5889375671        -3.0660487231 
        0.1200001000         0.1051579993         1.2742735211         1.5889375671        -3.0500353451 
        0.1250000000         0.1095041255         1.2819203755         1.7881357577        -3.0468326694 
        0.1300000000         0.1138460156         1.2640777151         1.3233399796        -3.0468326694 
        0.1350000000         0.1181834113         1.2819203755         1.7881357577        -3.0436299938 
        0.1400000000         0.1225161413         1.2742735211         1.5889375671        -3.0148059134 
        0.1450000000         0.1268440345         1.2768224726         1.6553369640        -3.0276166158 
        0.1500000000         0.1311669202         1.2717245696         1.5225381702        -3.0051978866 
        0.1550000000         0.1354846276         1.2742735211         1.5889375671        -2.9923871842 
        0.1600000000         0.1397969864         1.2640777151         1.3233399796        -2.9923871842 
        0.1650000000         0.1441038261         1.2691756181         1.4561387733        -2.9923871842 
        0.1700000000         0.1484049769         1.2615287636         1.2569405827        -2.9763738062 
        0.1750000000         0.1527002690         1.2819203755         1.7881357577        -2.9827791574 
        0.1800001000         0.1569896184         1.2768224726         1.6553369640        -2.9539550769 
        0.1850000000         0.1612725987         1.2793714240         1.7217363608        -2.9539550769 
        0.1900000000         0.1655492979         1.2691756181         1.4561387733        -2.9539550769 
        0.1950000000         0.1698194616         1.2819203755         1.7881357577        -2.9283336721 
        0.2000000000         0.1740829210         1.2768224726         1.6553369640        -2.9347390233 
        0.2050000000         0.1783395080         1.2921161815         2.0537333452        -2.9059149429 
        0.2100001000         0.1825891393         1.2793714240         1.7217363608        -2.9059149429 
        0.2150001000         0.1868314773         1.2870182785         1.9209345514        -2.8995095917 
        0.2200000000         0.1910663549         1.2972140844         2.1865321389        -2.8738881868 
        0.2250000000         0.1952937742         1.2895672300         1.9873339483        -2.8802935381 
        0.2300000000         0.1995134837         1.3023119874         2.3193309326        -2.8514694576 
        0.2350000000         0.2037253168         1.3023119874         2.3193309326        -2.8642801600 
        0.2400001000         0.2079291911         1.3099588419         2.5185291233        -2.8354560796 
        0.2450001000         0.2121247726         1.3074098904         2.4521297264        -2.8258480528 
        0.2500000000         0.2163118961         1.3099588419         2.5185291233        -2.8130373504 
        0.2550000000         0.2204905638         1.3074098904         2.4521297264        -2.8130373504 
        0.2600000000         0.2246605269         1.3150567448         2.6513279170        -2.7842132699 
        0.2650000000         0.2288216208         1.3303504538         3.0497242982        -2.7714025675 
        0.2700000000         0.2329736812         1.3176056963         2.7177273139        -2.7617945407 
        0.2750000000         0.2371165442         1.3303504538         3.0497242982        -2.7457811627 
        0.2800000000         0.2412500462         1.3328994052         3.1161236951        -2.7329704603 
        0.2850000000         0.2453740241         1.3252525508         2.9169255045        -2.7233624335 
        0.2900001000         0.2494883973         1.3303504538         3.0497242982        -2.7009437042 
        0.2950000000         0.2535927567         1.3252525508         2.9169255045        -2.6945383530 
        0.3000000000         0.2576871869         1.3456441627         3.4481206794        -2.6625115970 
        0.3050000000         0.2617714440         1.3278015023         2.9833249013        -2.6593089214 
        0.3100000000         0.2658453669         1.3532910171         3.6473188700        -2.6304848410 
        0.3150000000         0.2699087946         1.3328994052         3.1161236951        -2.6208768141 
        0.3200000000         0.2739615668         1.3532910171         3.6473188700        -2.5952554093 
        0.3250000000         0.2780035234         1.3430952112         3.3817212826        -2.5856473825 
        0.3300000000         0.2820345050         1.3609378716         3.8465170606        -2.5600259777 
        0.3350000000         0.2860543523         1.3456441627         3.4481206794        -2.5600259777 
        0.3400001000         0.2900629867         1.3634868231         3.9129164575        -2.5344045728 
        0.3450000000         0.2940600099         1.3685847260         4.0457152513        -2.5055804924 
        0.3500001000         0.2980455837         1.3583889201         3.7801176638        -2.5023778168 
        0.3550001000         0.3020193113         1.3609378716         3.8465170606        -2.4831617632 
        0.3600000000         0.3059810367         1.3558399686         3.7137182669        -2.4639457096 
        0.3650000000         0.3099307617         1.3762315805         4.2449134419        -2.4287162779 
        0.3700001000         0.3138683299         1.3736826290         4.1785140450        -2.4127028999 
        0.3750000000         0.3177933498         1.3838784350         4.4441116325        -2.3870814951 
        0.3800000000         0.3217059024         1.3838784350         4.4441116325        -2.3614600902 
        0.3850032000         0.3256082465         1.3838784350         4.4441116325        -2.3486493878 
        0.3900000000         0.3294927525         1.3838784350         4.4441116325        -2.3262306586 
        0.3950000000         0.3333667426         1.3838784350         4.4441116325        -2.3134199562 
        0.4000000000         0.3372275719         1.3940742409         4.7097092199        -2.2845958757 
        0.4050000000         0.3410750880         1.3838784350         4.4441116325        -2.2717851733 
        0.4100000000         0.3449091391         1.3762315805         4.2449134419        -2.2365557417 
        0.4150001000         0.3487296500         1.3991721439         4.8425080137        -2.2077316612 
        0.4200001000         0.3525363172         1.4093679498         5.1081056012        -2.1853129320 
        0.4250000000         0.3563289910         1.3991721439         4.8425080137        -2.1725022296 
        0.4300000000         0.3601076736         1.3991721439         4.8425080137        -2.1340701224 
        0.4350000000         0.3638721398         1.3966231924         4.7761086168        -2.1276647712 
        0.4400000000         0.3676222410         1.4195637558         5.3737031886        -2.0988406907 
        0.4450000000         0.3713578290         1.3991721439         4.8425080137        -2.0732192859 
        0.4500000000         0.3750787565         1.4119169013         5.1745049980        -2.0540032323 
        0.4550000000         0.3787848765         1.4144658528         5.2409043949        -2.0123684494 
        0.4600000000         0.3824760427         1.4297595617         5.6393007761        -1.9963550714 
        0.4650001000         0.3861521828         1.4144658528         5.2409043949        -1.9611256398 
        0.4700000000         0.3898129315         1.4374064162         5.8384989667        -1.9451122617 
        0.4750001000         0.3934584372         1.4195637558         5.3737031886        -1.9226935325 
        0.4800001000         0.3970883368         1.4476022221         6.1040965542        -1.8778560741 
        0.4850000000         0.4007024879         1.4246616587         5.5065019824        -1.8554373448 
        0.4900000000         0.4043008924         1.4348574647         5.7720995699        -1.8426266424 
        0.4950001000         0.4078834072         1.4450532706         6.0376971573        -1.8041945352 
        0.5000000000         0.4114496766         1.4476022221         6.1040965542        -1.7753704547 
        0.5050000000         0.4149997741         1.4476022221         6.1040965542        -1.7401410231 
        0.5100000000         0.4185334881         1.4577980281         6.3696941417        -1.7081142671 
        0.5150000000         0.4220506792         1.4577980281         6.3696941417        -1.6888982134 
        0.5200000000         0.4255512084         1.4577980281         6.3696941417        -1.6568714574 
        0.5250000000         0.4290349376         1.4552490766         6.3032947448        -1.6344527282 
        0.5300000000         0.4325017292         1.4603469795         6.4360935385        -1.5896152697 
        0.5350000000         0.4359514463         1.4679938340         6.6352917292        -1.5671965405 
        0.5400000000         0.4393839529         1.4654448825         6.5688923323        -1.5351697844 
        0.5450000000         0.4427991133         1.4654448825         6.5688923323        -1.5095483796 
        0.5500000000         0.4461967928         1.4832875429         7.0336881104        -1.4583055700 
        0.5550000000         0.4495768572         1.4705427855         6.7016911260        -1.4294814895 
        0.5600000000         0.4529391731         1.4858364944         7.1000875072        -1.3878467067 
        0.5650000000         0.4562836077         1.4934833489         7.2992856979        -1.3558199506 
        0.5700001000         0.4596100954         1.4883854459         7.1664869041        -1.3301985458 
        0.5750001000         0.4629183717         1.4985812518         7.4320844916        -1.2885637630 
        0.5800001000         0.4662083728         1.4960323003         7.3656850947        -1.2661450337 
        0.5850000000         0.4694799036         1.4883854459         7.1664869041        -1.2245102509 
        0.5900001000         0.4727330306         1.4985812518         7.4320844916        -1.1828754680 
        0.5950000000         0.4759673651         1.5011302033         7.4984838885        -1.1412406852 
        0.6000000000         0.4791829742         1.5036791548         7.5648832853        -1.1188219559 
        0.6050000000         0.4823796659         1.5215218152         8.0296790634        -1.0675791463 
        0.6100000000         0.4855573141         1.5215218152         8.0296790634        -1.0291470390 
        0.6150000000         0.4887157933         1.5266197182         8.1624778572        -1.0003229586 
        0.6200001000         0.4918550414         1.4960323003         7.3656850947        -0.9682962026 
        0.6250000000         0.4949747468         1.5342665726         8.3616760478        -0.9266614197 
        0.6300000000         0.4980749740         1.5240707667         8.0960784603        -0.8818239613 
        0.6350000000         0.5011555381         1.5087770578         7.6976820791        -0.8529998808 
        0.6400000000         0.5042163174         1.5291686697         8.2288772540        -0.8017570712 
        0.6450000000         0.5072571911         1.5291686697         8.2288772540        -0.7697303151 
        0.6500000000         0.5102780392         1.5342665726         8.3616760478        -0.7280955323 
        0.6550000000         0.5132787424         1.5342665726         8.3616760478        -0.6928661006 
        0.6600000000         0.5162591822         1.5495602815         8.7600724290        -0.6384206154 
        0.6650000000         0.5192192409         1.5495602815         8.7600724290        -0.5935831569 
        0.6700000000         0.5221588018         1.5546581845         8.8928712227        -0.5583537253 
        0.6750000000         0.5250777487         1.5368155241         8.4280754446        -0.5231242936 
        0.6800000000         0.5279759665         1.5393644756         8.4944748415        -0.4718814840 
        0.6850000000         0.5308533407         1.5623050390         9.0920694133        -0.4270440255 
        0.6900000000         0.5337097577         1.5342665726         8.3616760478        -0.3982199451 
        0.6950001000         0.5365451613         1.5699518934         9.2912676039        -0.3469771354 
        0.7000001000         0.5393593260         1.5572071360         8.9592706196        -0.3021396770 
        0.7050001000         0.5421521978         1.5699518934         9.2912676039        -0.2508968673 
        0.7100000000         0.5449236111         1.5572071360         8.9592706196        -0.2188701113 
        0.7150001000         0.5476736222         1.5623050390         9.0920694133        -0.1708299772 
        0.7200000000         0.5504019025         1.5495602815         8.7600724290        -0.1356005456 
        0.7250000000         0.5531085087         1.5699518934         9.2912676039        -0.0779523847 
        0.7300000000         0.5557932791         1.5699518934         9.2912676039        -0.0427229531 
        0.7350000000         0.5584561077         1.5674029419         9.2248682071         0.0053171810 
        0.7400000000         0.5610968894         1.5546581845         8.8928712227         0.0373439370 
        0.7450001000         0.5637155721         1.5801476994         9.5568651914         0.0949920979 
        0.7500000000         0.5663118961         1.5674029419         9.2248682071         0.1462349076 
        0.7550000000         0.5688859151         1.5750497964         9.4240663977         0.1782616636 
        0.7600000000         0.5714374755         1.5546581845         8.8928712227         0.2198964464 
        0.7650000000         0.5739664765         1.5928924568         9.8888621758         0.2711392561 
        0.7700000000         0.5764728183         1.5699518934         9.2912676039         0.3223820658 
        0.7750000000         0.5789564020         1.5775987479         9.4904657945         0.3512061462 
        0.7800000000         0.5814171294         1.5852456023         9.6896639851         0.4152596583 
        0.7850000000         0.5838549035         1.5903435053         9.8224627789         0.4536917655 
        0.7900000000         0.5862696280         1.5648539905         9.1584688102         0.5017318996 
        0.7950000000         0.5886612076         1.5877945538         9.7560633820         0.5497720336 
        0.8000000000         0.5910295479         1.5801476994         9.5568651914         0.5946094921 
        0.8050000000         0.5933745553         1.5954414083         9.9552615726         0.6490549774 
        0.8100000000         0.5956961373         1.5775987479         9.4904657945         0.6842844090 
        0.8150000000         0.5979942022         1.5775987479         9.4904657945         0.7227165162 
        0.8200001000         0.6002687046         1.5979903598        10.0216609695         0.7835673527 
        0.8250001000         0.6025194637         1.5775987479         9.4904657945         0.8252021356 
        0.8300001000         0.6047464363         1.5801476994         9.5568651914         0.8796476208 
        0.8350001000         0.6069495346         1.6030882627        10.1544597632         0.9276877549 
        0.8400001000         0.6091286716         1.5826966509         9.6232645883         0.9757278890 
        0.8450000000         0.6112837184         1.6234798746        10.6856549382         1.0301733742 
        0.8500000000         0.6134146760         1.5954414083         9.9552615726         1.0814161839 
        0.8550000000         0.6155214171         1.5877945538         9.7560633820         1.1134429399 
        0.8600024000         0.6176048522         1.6183819717        10.5528561444         1.1742937764 
        0.8650103000         0.6196661323         1.5877945538         9.7560633820         1.2223339104 
        0.8703519000         0.6218377151         1.6158330202        10.4864567476         1.2735767201 
        0.8750000000         0.6237045669         1.6081861657        10.2872585570         1.3216168542 
        0.8800000000         0.6256889969         1.5954414083         9.9552615726         1.3664543126 
        0.8850000000         0.6276487257         1.6158330202        10.4864567476         1.4241024735 
        0.8900000000         0.6295836761         1.6234798746        10.6856549382         1.4753452831 
        0.8950000000         0.6314937716         1.5954414083         9.9552615726         1.5137773904 
        0.9000000000         0.6333789367         1.6005393113        10.0880603664         1.5650202001 
        0.9050000000         0.6352390972         1.6158330202        10.4864567476         1.6258710365 
        0.9100000000         0.6370741795         1.6132840687        10.4200573507         1.6835191974 
        0.9150000000         0.6388841112         1.6209309231        10.6192555413         1.7251539802 
        0.9200000000         0.6406688208         1.6158330202        10.4864567476         1.7635860875 
        0.9250000000         0.6424282380         1.6209309231        10.6192555413         1.8372476264 
        0.9300000000         0.6441622932         1.6311267291        10.8848531288         1.8852877604 
        0.9350000000         0.6458709179         1.6209309231        10.6192555413         1.9429359213 
        0.9400000000         0.6475540448         1.6081861657        10.2872585570         1.9845707042 
        0.9450001000         0.6492116402         1.6387735836        11.0840513194         2.0454215406 
        0.9500001000         0.6508435725         1.6158330202        10.4864567476         2.0934616747 
        0.9550001000         0.6524498106         1.6234798746        10.6856549382         2.1479071600 
        0.9600001000         0.6540302911         1.6311267291        10.8848531288         2.1927446184 
        0.9650001000         0.6555849516         1.6183819717        10.5528561444         2.2535954549 
        0.9700000000         0.6571137004         1.6285777776        10.8184537319         2.3080409401 
        0.9750000000         0.6586165383         1.6413225350        11.1504507163         2.3752971278 
        0.9872120000         0.6621776472         1.6413225350        11.1504507163         2.5322282324 
        0.9928053000         0.6637566756         1.6515183410        11.4160483038         2.5546469616 
        0.9941756000         0.6641385231         1.6387735836        11.0840513194         2.5674576641 
        0.9954359000         0.6644879795         1.6438714865        11.2168501131         2.5962817445 
        1.0000000000         0.6657395614         1.6183819717        10.5528561444         2.6379165273 
        1.0050000000         0.6670855391         1.6668120499        11.8144446850         2.6955646882 
        1.0100001000         0.6684052074         1.6158330202        10.4864567476         2.7404021467 
        1.0150000000         0.6696984361         1.6719099529        11.9472434787         2.8108610099 
        1.0200001000         0.6709652774         1.6285777776        10.8184537319         2.8621038196 
        1.0250000000         0.6722055800         1.6464204380        11.2832495100         2.9165493049 
        1.0300000000         0.6734193701         1.6285777776        10.8184537319         2.9709947901 
        1.0350000000         0.6746065748         1.6566162440        11.5488470975         3.0446563290 
        1.0400000000         0.6757671472         1.6566162440        11.5488470975         3.0991018143 
        1.0450000000         0.6769010414         1.6438714865        11.2168501131         3.1407365971 
        1.0500000000         0.6780082128         1.6489693895        11.3496489069         3.1503446239 
        1.0550000000         0.6790886175         1.6668120499        11.8144446850         3.1311285703 
        1.0600000000         0.6801422130         1.6362246321        11.0176519225        -1.7689651035 
        1.0650000000         0.6811689577         1.6591651954        11.6152464944        -3.1493182888 
        1.0700000000         0.6821688110         1.6566162440        11.5488470975        -3.1429129376 
        1.0750000000         0.6831417334         1.6591651954        11.6152464944        -3.1397102620 
        1.0800000000         0.6840876865         1.6642630984        11.7480452881        -3.1108861815 
        1.0850000000         0.6850066330         1.6770078558        12.0800422724        -3.0436299938 
        1.0900001000         0.6858985542         1.6693610014        11.8808440818        -2.9827791574 
        1.0950000000         0.6867633622         1.6668120499        11.8144446850        -2.9315363477 
        1.1000000000         0.6876010755         1.6668120499        11.8144446850        -2.8578748088 
        1.1050000000         0.6884116435         1.6821057588        12.2128410662        -2.8162400260 
        1.1100000000         0.6891950342         1.6515183410        11.4160483038        -2.7553891895 
        1.1150000000         0.6899512166         1.6897526133        12.4120392568        -2.6817276506 
        1.1200001000         0.6906801752         1.6489693895        11.3496489069        -2.6400928678 
        1.1250000000         0.6913818384         1.6846547103        12.2792404631        -2.5664313289 
        1.1300000000         0.6920562213         1.6948505162        12.5448380505        -2.5023778168 
        1.1350001000         0.6927032957         1.6846547103        12.2792404631        -2.4383243047 
        1.1400000000         0.6933229980         1.6795568073        12.1464416693        -2.3774734683 
        1.1450001000         0.6939153533         1.6846547103        12.2792404631        -2.3358386854 
        1.1500000000         0.6944802909         1.6795568073        12.1464416693        -2.2653798221 
        1.1550001000         0.6950178337         1.6744589044        12.0136428756        -2.2077316612 
        1.1600000000         0.6955279174         1.7024973707        12.7440362411        -2.1468808248 
        1.1650000000         0.6960105533         1.6795568073        12.1464416693        -2.0892326639 
        1.1700000000         0.6964657119         1.6999484192        12.6776368443        -2.0283818274 
        1.1750000000         0.6968933752         1.6973994677        12.6112374474        -1.9547202885 
        1.1800000000         0.6972935264         1.6973994677        12.6112374474        -1.9162881813 
        1.1850000000         0.6976661496         1.6795568073        12.1464416693        -1.8522346692 
        1.1900000000         0.6980112302         1.7203400311        13.2088320192        -1.7753704547 
        1.1950000000         0.6983287545         1.7024973707        12.7440362411        -1.7273303207 
        1.2000000000         0.6986187099         1.6897526133        12.4120392568        -1.6632768086 
        1.2050000000         0.6988810851         1.7228889826        13.2752314161        -1.5928179453 
        1.2100000000         0.6991158696         1.6923015648        12.4784386537        -1.5415751357 
        1.2150001000         0.6993230581         1.7152421281        13.0760332255        -1.4775216236 
        1.2200000000         0.6995026308         1.7126931766        13.0096338286        -1.4166707871 
        1.2250000000         0.6996545923         1.7177910796        13.1424326224        -1.3494145994 
        1.2300000000         0.6997789325         1.7177910796        13.1424326224        -1.2853610873 
        1.2350000000         0.6998756467         1.7024973707        12.7440362411        -1.2309156021 
        1.2400000000         0.6999447309         1.7279868856        13.4080302098        -1.1572540632 
        1.2450001000         0.6999861832         1.7024973707        12.7440362411        -1.1060112535 
        1.2500000000         0.7000000000         1.7279868856        13.4080302098        -1.0291470390 
        1.2550000000         0.6999861826         1.7254379341        13.3416308130        -0.9682962026 
        1.2600001000         0.6999447298         1.7177910796        13.1424326224        -0.9010400149 
        1.2650000000         0.6998756467         1.7305358370        13.4744296067        -0.8305811516 
        1.2700001000         0.6997789303         1.7228889826        13.2752314161        -0.7697303151 
        1.2750030000         0.6996545094         1.7381826915        13.6736277973        -0.7120821543 
        1.2800001000         0.6995026275         1.7279868856        13.4080302098        -0.6416232910 
        1.2850000000         0.6993230543         1.7279868856        13.4080302098        -0.5839751301 
        1.2900000000         0.6991158696         1.7126931766        13.0096338286        -0.5263269692 
        1.2950000000         0.6988810851         1.7407316430        13.7400271942        -0.4462600791 
        1.3000024000         0.6986185773         1.7254379341        13.3416308130        -0.3982199451 
        1.3050000000         0.6983287545         1.7279868856        13.4080302098        -0.3213557306 
        1.3100000000         0.6980112302         1.7509274489        14.0056247817        -0.2508968673 
        1.3150000000         0.6976661496         1.7075952737        12.8768350349        -0.1964513820 
        1.3200000000         0.6972935264         1.7228889826        13.2752314161        -0.1356005456 
        1.3250000000         0.6968933752         1.7356337400        13.6072284004        -0.0619390067 
        1.3300000000         0.6964657119         1.7356337400        13.6072284004         0.0053171810 
        1.3350000000         0.6960105533         1.7356337400        13.6072284004         0.0661680175 
        1.3400001000         0.6955279074         1.7050463222        12.8104356380         0.1174108271 
        1.3450000000         0.6950178232         1.7305358370        13.4744296067         0.1846670148 
        1.3500000000         0.6944802909         1.7152421281        13.0760332255         0.2583285537 
        1.3550000000         0.6939153417         1.7305358370        13.4744296067         0.3127740390 
        1.3600000000         0.6933229980         1.7024973707        12.7440362411         0.3768275510 
        1.3650000000         0.6927032830         1.7279868856        13.4080302098         0.4536917655 
        1.3700001000         0.6920562081         1.7356337400        13.6072284004         0.5209479532 
        1.3750000000         0.6913818384         1.7228889826        13.2752314161         0.5785961141 
        1.3800000000         0.6906801609         1.7305358370        13.4744296067         0.6394469506 
        1.3850001000         0.6899512018         1.7050463222        12.8104356380         0.7002977870 
        1.3900000000         0.6891950342         1.7356337400        13.6072284004         0.7739593259 
        1.3950001000         0.6884116276         1.6999484192        12.6776368443         0.8412155136 
        1.4000000000         0.6876010755         1.7279868856        13.4080302098         0.9084717013 
        1.4050001000         0.6867633452         1.7126931766        13.0096338286         0.9565118353 
        1.4100000000         0.6858985367         1.7356337400        13.6072284004         1.0397814010 
        1.4150000000         0.6850066330         1.7177910796        13.1424326224         1.0942268863 
        1.4200000000         0.6840876865         1.7024973707        12.7440362411         1.1518750472 
        1.4250000000         0.6831417334         1.7152421281        13.0760332255         1.2255365860 
        1.4300000000         0.6821688110         1.7305358370        13.4744296067         1.2959954493 
        1.4350000000         0.6811689577         1.7177910796        13.1424326224         1.3536436102 
        1.4400208000         0.6801378857         1.6973994677        12.6112374474         1.4112917711 
        1.4450000000         0.6790886175         1.7279868856        13.4080302098         1.4817506344 
        1.4500000000         0.6780082128         1.6897526133        12.4120392568         1.5329934440 
        1.4550000000         0.6769010414         1.7356337400        13.6072284004         1.6066549829 
        1.4600000000         0.6757671472         1.6999484192        12.6776368443         1.6675058194 
        1.4650001000         0.6746065513         1.7177910796        13.1424326224         1.7315593315 
        1.4700000000         0.6734193701         1.7279868856        13.4080302098         1.8020181947 
        1.4750000000         0.6722055800         1.7024973707        12.7440362411         1.8660717068 
        1.4800000000         0.6709652523         1.7152421281        13.0760332255         1.9141118409 
        1.4850000000         0.6696984361         1.6897526133        12.4120392568         1.9877733798 
        1.4900000000         0.6684051813         1.7279868856        13.4080302098         2.0550295674 
        1.4950001000         0.6670855124         1.6923015648        12.4784386537         2.1126777283 
        1.5000000000         0.6657395614         1.6973994677        12.6112374474         2.1735285648 
        1.5050000000         0.6643673015         1.6897526133        12.4120392568         2.2439874281 
        1.5100001000         0.6629687853         1.7075952737        12.8768350349         2.3048382645 
        1.5150000000         0.6615441526         1.6872036618        12.3456398599         2.3688917766 
        1.5200001000         0.6600933458         1.7126931766        13.0096338286         2.4425533155 
        1.5250000000         0.6586165383         1.6973994677        12.6112374474         2.4905934496 
        1.5300001000         0.6571136700         1.6744589044        12.0136428756         2.5514442860 
        1.5350000000         0.6555849207         1.6897526133        12.4120392568         2.6187004737 
        1.5400001000         0.6540302284         1.6897526133        12.4120392568         2.6795513102 
        1.5450016000         0.6524492688         1.6821057588        12.2128410662         2.7436048223 
        1.5500000000         0.6508435401         1.7024973707        12.7440362411         2.8236717124 
        1.5550000000         0.6492116073         1.6923015648        12.4784386537         2.8685091708 
        1.5600000000         0.6475540448         1.6923015648        12.4784386537         2.9485760609 
        1.5650000000         0.6458709179         1.6999484192        12.6776368443         3.0062242218 
        1.5700000000         0.6441622932         1.6999484192        12.6776368443         3.0798857607 
        1.5750000000         0.6424282380         1.6948505162        12.5448380505         3.1375339215 
        1.5800000000         0.6406688208         1.6948505162        12.5448380505         3.1407365971 
        1.5850007000         0.6388838596         1.7024973707        12.7440362411         3.1471419483 
        1.5900001000         0.6370741430         1.6973994677        12.6112374474        -1.7497490499 
        1.5950000000         0.6352390972         1.7126931766        13.0096338286        -3.1301022351 
        1.6000000000         0.6333789367         1.6948505162        12.5448380505        -3.1397102620 
        1.6050000000         0.6314937716         1.6923015648        12.4784386537        -3.1429129376 
        1.6100000000         0.6295836761         1.7126931766        13.0096338286        -3.0948728035 
        1.6150000000         0.6276487257         1.6770078558        12.0800422724        -3.0404273182 
        1.6200191000         0.6256814633         1.6973994677        12.6112374474        -2.9571577525 
        1.6250000000         0.6237045669         1.6999484192        12.6776368443        -2.8995095917 
        1.6300000000         0.6216955142         1.7126931766        13.0096338286        -2.8354560796 
        1.6350001000         0.6196618770         1.6770078558        12.0800422724        -2.7842132699 
        1.6400000000         0.6176038585         1.6948505162        12.5448380505        -2.7201597579 
        1.6450001000         0.6155213752         1.6897526133        12.4120392568        -2.6400928678 
        1.6500000000         0.6134146760         1.7126931766        13.0096338286        -2.5792420313 
        1.6550001000         0.6112836755         1.7126931766        13.0096338286        -2.5151885192 
        1.6600000000         0.6091286283         1.6846547103        12.2792404631        -2.4671483852 
        1.6650001000         0.6069494470         1.6897526133        12.4120392568        -2.4095002243 
        1.6700000000         0.6047463920         1.7050463222        12.8104356380        -2.3294333342 
        1.6750000000         0.6025194189         1.6973994677        12.6112374474        -2.2813932001 
        1.6800000000         0.6002686593         1.6999484192        12.6776368443        -2.2109343369 
        1.6850000000         0.5979942022         1.7024973707        12.7440362411        -2.1468808248 
        1.6900000000         0.5956961373         1.6846547103        12.2792404631        -2.0924353395 
        1.6950123000         0.5933688152         1.6923015648        12.4784386537        -2.0347871786 
        1.7000000000         0.5910295479         1.6846547103        12.2792404631        -1.9803416934 
        1.7050000000         0.5886612076         1.7126931766        13.0096338286        -1.9002748033 
        1.7100000000         0.5862696280         1.6846547103        12.2792404631        -1.8458293180 
        1.7150001000         0.5838548550         1.6923015648        12.4784386537        -1.7945865084 
        1.7200000000         0.5814171294         1.7050463222        12.8104356380        -1.7209249695 
        1.7250053000         0.5789537815         1.6668120499        11.8144446850        -1.6568714574 
        1.7300000000         0.5764728183         1.7050463222        12.8104356380        -1.6152366745 
        1.7350000000         0.5739664765         1.6795568073        12.1464416693        -1.5415751357 
        1.7400000000         0.5714374755         1.6973994677        12.6112374474        -1.4807242992 
        1.7450001000         0.5688858639         1.6999484192        12.6776368443        -1.4102654359 
        1.7500000000         0.5663118961         1.6973994677        12.6112374474        -1.3494145994 
        1.7550008000         0.5637151028         1.6846547103        12.2792404631        -1.3013744654 
        1.7600001000         0.5610968368         1.6999484192        12.6776368443        -1.2437263045 
        1.7650000000         0.5584561077         1.6897526133        12.4120392568        -1.1860781436 
        1.7700001000         0.5557932256         1.6795568073        12.1464416693        -1.1220246316 
        1.7750000000         0.5531085087         1.6923015648        12.4784386537        -1.0579711195 
        1.7800001000         0.5504018482         1.6923015648        12.4784386537        -1.0003229586 
        1.7850000000         0.5476735674         1.6846547103        12.2792404631        -0.9298640953 
        1.7900001000         0.5449235559         1.7024973707        12.7440362411        -0.8786212857 
        1.7950000000         0.5421521421         1.6846547103        12.2792404631        -0.8209731248 
        1.8000000000         0.5393592699         1.6744589044        12.0136428756        -0.7601222883 
        1.8050000000         0.5365451048         1.7152421281        13.0760332255        -0.6928661006 
        1.8100000000         0.5337097577         1.6719099529        11.9472434787        -0.6448259666 
        1.8150000000         0.5308533407         1.6770078558        12.0800422724        -0.5903804813 
        1.8200000000         0.5279759665         1.6948505162        12.5448380505        -0.5135162668 
        1.8250000000         0.5250777487         1.6770078558        12.0800422724        -0.4686788084 
        1.8300000000         0.5221588018         1.6821057588        12.2128410662        -0.4046252963 
        1.8350000000         0.5192192409         1.6795568073        12.1464416693        -0.3469771354 
        1.8400001000         0.5162591228         1.6795568073        12.1464416693        -0.2861262990 
        1.8450209000         0.5132662415         1.6744589044        12.0136428756        -0.2252754625 
        1.8500000000         0.5102780392         1.6770078558        12.0800422724        -0.1708299772 
        1.8550000000         0.5072571911         1.6770078558        12.0800422724        -0.1195871676 
        1.8600000000         0.5042163174         1.6591651954        11.6152464944        -0.0459256287 
        1.8650000000         0.5011555381         1.6795568073        12.1464416693        -0.0074935214 
        1.8700001000         0.4980749122         1.6387735836        11.0840513194         0.0469519638 
        1.8750000000         0.4949747468         1.6846547103        12.2792404631         0.1174108271 
        1.8800000000         0.4918549789         1.6387735836        11.0840513194         0.1622482856 
        1.8850001000         0.4887157303         1.6591651954        11.6152464944         0.2263017977 
        1.8900000000         0.4855573141         1.6617141469        11.6816458912         0.2903553097 
        1.8950001000         0.4823796021         1.6413225350        11.1504507163         0.3287874170 
        1.9000000000         0.4791829742         1.6311267291        10.8848531288         0.3832329022 
        1.9050001000         0.4759673006         1.6540672925        11.4824477006         0.4472864143 
        1.9100000000         0.4727329657         1.6413225350        11.1504507163         0.5017318996 
        1.9150001000         0.4694798383         1.6489693895        11.3496489069         0.5529747092 
        1.9200000000         0.4662083072         1.6311267291        10.8848531288         0.6074201945 
        1.9250000000         0.4629183057         1.6668120499        11.8144446850         0.6714737066 
        1.9300000000         0.4596100290         1.6209309231        10.6192555413         0.7163111650 
        1.9350000000         0.4562836077         1.6234798746        10.6856549382         0.7707566503 
        1.9400000000         0.4529391731         1.6464204380        11.2832495100         0.8348101624 
        1.9450000000         0.4495768572         1.6311267291        10.8848531288         0.8860529720 
        1.9500000000         0.4461967928         1.6336756806        10.9512525257         0.9276877549 
        1.9550000000         0.4427991133         1.6311267291        10.8848531288         0.9789305646 
        1.9600000000         0.4393839529         1.6336756806        10.9512525257         1.0429840766 
        1.9650028000         0.4359495193         1.6056372142        10.2208591601         1.0878215351 
        1.9700000000         0.4325017292         1.6336756806        10.9512525257         1.1326589935 
        1.9750000000         0.4290349376         1.6005393113        10.0880603664         1.1839018032 
        1.9800000000         0.4255512084         1.6311267291        10.8848531288         1.2511579909 
        1.9850000000         0.4220506792         1.6158330202        10.4864567476         1.2927927737 
        1.9900000000         0.4185334881         1.6209309231        10.6192555413         1.3536436102 
        1.9950049000         0.4149963030         1.6005393113        10.0880603664         1.3920757174 
        2.0000196000         0.4114357282         1.5979903598        10.0216609695         1.4369131759 
        2.0050000000         0.4078833358         1.6183819717        10.5528561444         1.4945613368 
        2.0100000000         0.4043008924         1.5699518934         9.2912676039         1.5329934440 
        2.0150001000         0.4007024158         1.6107351172        10.3536579538         1.5842362537 
        2.0200001000         0.3970881919         1.5852456023         9.6896639851         1.6450870902 
        2.0250134000         0.3934486154         1.6005393113        10.0880603664         1.6803165218 
        2.0300000000         0.3898129315         1.5826966509         9.6232645883         1.7315593315 
        2.0350001000         0.3861520361         1.5750497964         9.4240663977         1.7860048167 
        2.0400052000         0.3824722117         1.5877945538         9.7560633820         1.8308422752 
        2.0450000000         0.3787848765         1.5852456023         9.6896639851         1.8788824092 
        2.0500000000         0.3750787565         1.5877945538         9.7560633820         1.9269225433 
        2.0550000000         0.3713578290         1.5521092330         8.8264718258         1.9685573261 
        2.0600000000         0.3676222410         1.5826966509         9.6232645883         2.0230028114 
        2.0650000000         0.3638721398         1.5623050390         9.0920694133         2.0582322430 
        2.0700021000         0.3601060896         1.5444623786         8.6272736352         2.1030697015 
        2.0750000000         0.3563289910         1.5699518934         9.2912676039         2.1575151868 
        2.0800000000         0.3525362411         1.5419134271         8.5608742384         2.1863392672 
        2.0850000000         0.3487295737         1.5572071360         8.9592706196         2.2343794013 
        2.0900001000         0.3449090625         1.5368155241         8.4280754446         2.2728115085 
        2.0950000000         0.3410750880         1.5521092330         8.8264718258         2.3144462913 
        2.1000000000         0.3372275719         1.5393644756         8.4944748415         2.3720944522 
        2.1050000000         0.3333667426         1.5546581845         8.8928712227         2.4137292351 
        2.1100000000         0.3294927525         1.5164239122         7.8968802697         2.4521613423 
        2.1150000000         0.3256057547         1.5521092330         8.8264718258         2.5002014764 
        2.1200001000         0.3217058243         1.5189728637         7.9632796665         2.5258228812 
        2.1250000000         0.3177933498         1.5291686697         8.2288772540         2.5674576641 
        2.1300000000         0.3138682513         1.5291686697         8.2288772540         2.6187004737 
        2.1350000000         0.3099307617         1.5342665726         8.3616760478         2.6603352566 
        2.1400001000         0.3059809575         1.5317176211         8.2952766509         2.7115780662 
        2.1450000000         0.3020192320         1.5164239122         7.8968802697         2.7436048223 
        2.1500000000         0.2980455041         1.5368155241         8.4280754446         2.7948476319 
        2.1550000000         0.2940600099         1.4985812518         7.4320844916         2.8140636855 
        2.1600001000         0.2900628266         1.5342665726         8.3616760478         2.8685091708 
        2.1650000000         0.2860543523         1.5087770578         7.6976820791         2.9069412781 
        2.1700000000         0.2820345050         1.5189728637         7.9632796665         2.9421707097 
        2.1750000000         0.2780035234         1.5036791548         7.5648832853         2.9870081682 
        2.1800001000         0.2739614858         1.5164239122         7.8968802697         3.0286429510 
        2.1850000000         0.2699087946         1.4883854459         7.1664869041         3.0510616802 
        2.1900000000         0.2658453669         1.5138749607         7.8304808728         3.0958991387 
        2.1950000000         0.2617714440         1.4960323003         7.3656850947         3.1343312459 
        2.2000000000         0.2576871869         1.4909343974         7.2328863010         3.1407365971 
        2.2050000000         0.2535927567         1.4985812518         7.4320844916         3.1439392727 
        2.2100000000         0.2494883151         1.4985812518         7.4320844916         3.1407365971 
        2.2150024000         0.2453720469         1.4883854459         7.1664869041        -1.7401410231 
        2.2200000000         0.2412500462         1.4781896399         6.9008893166        -1.7593570767 
        2.2250000000         0.2371165442         1.5062281063         7.6312826822        -1.7401410231 
        2.2300000000         0.2329736812         1.4909343974         7.2328863010        -3.1301022351 
        2.2350000000         0.2288216208         1.4934833489         7.2992856979        -3.1397102620 
        2.2400000000         0.2246605269         1.4807385914         6.9672887135        -3.1301022351 
        2.2450001000         0.2204904803         1.4858364944         7.1000875072        -3.1333049108 
        2.2500000000         0.2163118961         1.4883854459         7.1664869041        -3.1204942083 
        2.2550000000         0.2121246887         1.4807385914         6.9672887135        -3.0852647767 
        2.2600000000         0.2079291071         1.4654448825         6.5688923323        -3.0756567499 
        2.2650001000         0.2037252326         1.4832875429         7.0336881104        -3.0180085890 
        2.2700000000         0.1995134837         1.4527001251         6.2368953479        -3.0051978866 
        2.2750000000         0.1952937742         1.4807385914         6.9672887135        -2.9667657794 
        2.2800000000         0.1910663549         1.4552490766         6.3032947448        -2.9283336721 
        2.2850001000         0.1868313078         1.4577980281         6.3696941417        -2.8963069161 
        2.2900000000         0.1825890544         1.4654448825         6.5688923323        -2.8546721332 
        2.2950000000         0.1783395080         1.4654448825         6.5688923323        -2.8258480528 
        2.3000000000         0.1740829210         1.4527001251         6.2368953479        -2.7938212967 
        2.3050001000         0.1698193762         1.4476022221         6.1040965542        -2.7714025675 
        2.3100131000         0.1655381014         1.4450532706         6.0376971573        -2.7393758115 
        2.3150000000         0.1612725987         1.4374064162         5.8384989667        -2.7169570823 
        2.3200000000         0.1569895327         1.4348574647         5.7720995699        -2.6913356774 
        2.3250000000         0.1527002690         1.4527001251         6.2368953479        -2.6400928678 
        2.3300000000         0.1484049769         1.4374064162         5.8384989667        -2.6144714629 
        2.3350000000         0.1441038261         1.4450532706         6.0376971573        -2.5888500581 
        2.3400001000         0.1397969002         1.4323085132         5.7057001730        -2.5536206265 
        2.3450000000         0.1354846276         1.4374064162         5.8384989667        -2.5312018972 
        2.3500000000         0.1311669202         1.4144658528         5.2409043949        -2.5087831680 
        2.3550000000         0.1268440345         1.4246616587         5.5065019824        -2.4831617632 
        2.3600000000         0.1225161413         1.3966231924         4.7761086168        -2.4639457096 
        2.3650000000         0.1181834113         1.4068189983         5.0417062043        -2.4415269803 
        2.3700001000         0.1138459289         1.4246616587         5.5065019824        -2.3998921975 
        2.3750000000         0.1095041255         1.4119169013         5.1745049980        -2.3678654414 
        2.3800000000         0.1051579124         1.4042700468         4.9753068074        -2.3614600902 
        2.3850051000         0.1008031083         1.4093679498         5.1081056012        -2.3230279830 
        2.3900001000         0.0964531163         1.4042700468         4.9753068074        -2.2974065782 
        2.3950000000         0.0920950514         1.4042700468         4.9753068074        -2.2717851733 
        2.4000000000         0.0877332635         1.4017210954         4.9089074106        -2.2589744709 
        2.4050000000         0.0833680121         1.3736826290         4.1785140450        -2.2397584173 
        2.4100001000         0.0789993820         1.3991721439         4.8425080137        -2.2141370125 
        2.4150129000         0.0746165252         1.3864273864         4.5105110293        -2.1885156076 
        2.4200000000         0.0702532004         1.3787805320         4.3113128387        -2.1660968784 
        2.4250000000         0.0658758193         1.3634868231         3.9129164575        -2.1564888516 
        2.4300001000         0.0614957499         1.3736826290         4.1785140450        -2.1244620955 
        2.4350000000         0.0571134281         1.3787805320         4.3113128387        -2.1052460419 
        2.4400000000         0.0527287639         1.3558399686         3.7137182669        -2.0956380151 
        2.4450000000         0.0483420180         1.3685847260         4.0457152513        -2.0668139347 
        2.4500000000         0.0439533637         1.3634868231         3.9129164575        -2.0411925298 
        2.4550000000         0.0395629741         1.3736826290         4.1785140450        -2.0187738006 
        2.4600000000         0.0351710227         1.3532910171         3.6473188700        -2.0219764762 
        2.4650001000         0.0307775950         1.3583889201         3.7801176638        -1.9835443690 
        2.4700000000         0.0263831279         1.3405462597         3.3153218857        -1.9867470446 
        2.4750000000         0.0219875314         1.3609378716         3.8465170606        -1.9611256398 
        2.4800000000         0.0175910668         1.3405462597         3.3153218857        -1.9515176129 
        2.4850000000         0.0131939078         1.3379973082         3.2489224888        -1.9355042349 
        2.4900000000         0.0087962279         1.3328994052         3.1161236951        -1.9130855057 
        2.4950001000         0.0043981128         1.3278015023         2.9833249013        -1.8970721277 
        2.5000000000         0.0000000000         1.3150567448         2.6513279170        -1.8906667765 
        2.5050000000        -0.0043982008         1.3201546478         2.7841267107        -1.8714507228 
        2.5100000000        -0.0087962279         1.3074098904         2.4521297264        -1.8522346692 
        2.5150001000        -0.0131939958         1.3023119874         2.3193309326        -1.8394239668 
        2.5200000000        -0.0175910668         1.2946651330         2.1201327420        -1.8426266424 
        2.5250000000        -0.0219875314         1.2819203755         1.7881357577        -1.8298159400 
        2.5300000000        -0.0263831279         1.2691756181         1.4561387733        -1.8234105888 
        2.5350001000        -0.0307777707         1.2436861032         0.7921448047        -1.8105998864 
        2.5400000000        -0.0351710227         1.2207455399         0.1945502328        -1.8041945352 
        2.5450000000        -0.0395629741         1.2130986854        -0.0046479578        -1.8009918596 
        2.5500000000        -0.0439533637         1.2156476369         0.0617514391        -1.8073972108 
        2.5550001000        -0.0483421058         1.2130986854        -0.0046479578        -1.8041945352 
        2.5600000000        -0.0527287639         1.2130986854        -0.0046479578        -1.8105998864 
        2.5650000000        -0.0571134281         1.2080007824        -0.1374467515        -1.8170052376 
        2.5700000000        -0.0614958376         1.2130986854        -0.0046479578        -1.8170052376 
        2.5750000000        -0.0658758193         1.1952560250        -0.4694437359        -1.8138025620 
        2.5800000000        -0.0702532004         1.1289832864        -2.1958280545        -1.8138025620 
        2.5850000000        -0.0746278080         1.1621196557        -1.3326358952        -1.8298159400 
        2.5900001000        -0.0789995568         1.1799623161        -0.8678401171        -1.8266132644 
        2.5950000000        -0.0833680121         1.1544728012        -1.5318340858        -1.8234105888 
        2.6000000000        -0.0877332635         1.1672175587        -1.1998371014        -1.8394239668 
        2.6050000000        -0.0920950514         1.1391790923        -1.9302304670        -1.8522346692 
        2.6100000000        -0.0964532035         1.1621196557        -1.3326358952        -1.8522346692 
        2.6150000000        -0.1008075478         1.1544728012        -1.5318340858        -1.8618426960 
        2.6200001000        -0.1051579993         1.1519238497        -1.5982334826        -1.8714507228 
        2.6250000000        -0.1095041255         1.1621196557        -1.3326358952        -1.8778560741 
        2.6300000000        -0.1138460156         1.1519238497        -1.5982334826        -1.8906667765 
        2.6350000000        -0.1181834113         1.1493748983        -1.6646328795        -1.8938694521 
        2.6400001000        -0.1225162279         1.1391790923        -1.9302304670        -1.9130855057 
        2.6450000000        -0.1268440345         1.1595707042        -1.3990352920        -1.9034774789 
        2.6500000000        -0.1311669202         1.1417280438        -1.8638310701        -1.9194908569 
        2.6550000000        -0.1354846276         1.1391790923        -1.9302304670        -1.9290988837 
        2.6600001000        -0.1397970725         1.1391790923        -1.9302304670        -1.9355042349 
        2.6650000000        -0.1441038261         1.1315322379        -2.1294286576        -1.9547202885 
        2.6700000000        -0.1484049769         1.1366301408        -1.9966298639        -1.9579229641 
        2.6750000000        -0.1527002690         1.1264343349        -2.2622274513        -1.9739363422 
        2.6800001000        -0.1569896184         1.1264343349        -2.2622274513        -1.9771390178 
        2.6850000000        -0.1612725987         1.1366301408        -1.9966298639        -1.9867470446 
        2.6900000000        -0.1655492979         1.1289832864        -2.1958280545        -1.9995577470 
        2.6950000000        -0.1698194616         1.1187874804        -2.4614256419        -2.0155711250 
        2.7000000000        -0.1740829210         1.1289832864        -2.1958280545        -2.0155711250 
        2.7050000000        -0.1783395080         1.1315322379        -2.1294286576        -2.0315845030 
        2.7100000000        -0.1825890544         1.1213364319        -2.3950262451        -2.0508005567 
        2.7150001000        -0.1868314773         1.1340811893        -2.0630292607        -2.0443952055 
        2.7200000000        -0.1910663549         1.1315322379        -2.1294286576        -2.0604085835 
        2.7250000000        -0.1952937742         1.1187874804        -2.4614256419        -2.0828273127 
        2.7300000000        -0.1995134837         1.1085916745        -2.7270232294        -2.0956380151 
        2.7350024000        -0.2037273365         1.1264343349        -2.2622274513        -2.0860299883 
        2.7400000000        -0.2079291071         1.1034937715        -2.8598220232        -2.1052460419 
        2.7450001000        -0.2121247726         1.1085916745        -2.7270232294        -2.1276647712 
        2.7500000000        -0.2163118961         1.0983958685        -2.9926208169        -2.1436781492 
        2.7550000000        -0.2204905638         1.1111406260        -2.6606238326        -2.1372727980 
        2.7600000000        -0.2246605269         1.1136895775        -2.5942244357        -2.1564888516 
        2.7650001000        -0.2288217039         1.1085916745        -2.7270232294        -2.1692995540 
        2.7700000000        -0.2329736812         1.0932979656        -3.1254196106        -2.1981236344 
        2.7750000000        -0.2371165442         1.1009448200        -2.9262214200        -2.2045289856 
        2.7800000000        -0.2412500462         1.1034937715        -2.8598220232        -2.2205423637 
        2.7850001000        -0.2453741065         1.0907490141        -3.1918190075        -2.2333530661 
        2.7900000000        -0.2494883151         1.0882000626        -3.2582184044        -2.2589744709 
        2.7950000000        -0.2535927567         1.0882000626        -3.2582184044        -2.2653798221 
        2.8000000000        -0.2576871869         1.0932979656        -3.1254196106        -2.2813932001 
        2.8050001000        -0.2617715256         1.0703574022        -3.7230141825        -2.3070146050 
        2.8100000000        -0.2658453669         1.0754553052        -3.5902153887        -2.3230279830 
        2.8150000000        -0.2699087946         1.0703574022        -3.7230141825        -2.3422440366 
        2.8200000000        -0.2739615668         1.0703574022        -3.7230141825        -2.3486493878 
        2.8250000000        -0.2780035234         1.0754553052        -3.5902153887        -2.3710681170 
        2.8300021000        -0.2820361957         1.0627105477        -3.9222123731        -2.3902841707 
        2.8350000000        -0.2860543523         1.0652594992        -3.8558129762        -2.4159055755 
        2.8400001000        -0.2900629867         1.0499657903        -4.2542093574        -2.4351216291 
        2.8450000000        -0.2940600099         1.0652594992        -3.8558129762        -2.4479323315 
        2.8500000000        -0.2980455041         1.0499657903        -4.2542093574        -2.4671483852 
        2.8550000000        -0.3020192320         1.0652594992        -3.8558129762        -2.4799590876 
        2.8600000000        -0.3059810367         1.0423189359        -4.4534075480        -2.4991751412 
        2.8650000000        -0.3099307617         1.0703574022        -3.7230141825        -2.5183911948 
        2.8700001000        -0.3138683299         1.0372210329        -4.5862063418        -2.5536206265 
        2.8750000000        -0.3177933498         1.0601615963        -3.9886117699        -2.5696340045 
        2.8800000000        -0.3217059024         1.0270252269        -4.8518039292        -2.6048634361 
        2.8850000000        -0.3256057547         1.0372210329        -4.5862063418        -2.6208768141 
        2.8900001000        -0.3294928301         1.0423189359        -4.4534075480        -2.6336875166 
        2.8950000000        -0.3333667426         1.0321231299        -4.7190051355        -2.6561062458 
        2.9000000000        -0.3372275719         1.0397699844        -4.5198069449        -2.6849303262 
        2.9050000000        -0.3410750880         1.0066336150        -5.3829991042        -2.7233624335 
        2.9100001000        -0.3449092156         1.0244762754        -4.9182033261        -2.7457811627 
        2.9150000000        -0.3487295737         1.0321231299        -4.7190051355        -2.7521865139 
        2.9200000000        -0.3525362411         1.0346720814        -4.6526057386        -2.7874159455 
        2.9250000000        -0.3563289910         1.0193783725        -5.0510021199        -2.8034293236 
        2.9300001000        -0.3601077491         1.0219273240        -4.9846027230        -2.8386587552 
        2.9350000000        -0.3638721398         1.0270252269        -4.8518039292        -2.8578748088 
        2.9400000000        -0.3676222410         1.0091825665        -5.3165997073        -2.8866988893 
        2.9450000000        -0.3713578290         1.0117315180        -5.2502003105        -2.9155229697 
        2.9500000000        -0.3750787565         1.0040846636        -5.4493985011        -2.9571577525 
        2.9550000000        -0.3787848765         1.0091825665        -5.3165997073        -2.9763738062 
        2.9600000000        -0.3824760427         0.9964378091        -5.6485966917        -3.0051978866 
        2.9650001000        -0.3861521828         0.9964378091        -5.6485966917        -3.0340219670 
        2.9700000000        -0.3898129315         1.0066336150        -5.3829991042        -3.0564406963 
        2.9750000000        -0.3934583645         0.9913399061        -5.7813954854        -3.0788594255 
        2.9800000000        -0.3970882644         0.9989867606        -5.5821972948        -3.1140888571 
        2.9850000000        -0.4007024879         1.0168294210        -5.1174015167        -3.1301022351 
        2.9900000000        -0.4043008924         0.9836930517        -5.9805936760        -3.1461156132 
        2.9950001000        -0.4078834072         1.0040846636        -5.4493985011        -3.1397102620 
        3.0000000000        -0.4114496766         0.9989867606        -5.5821972948        -3.1429129376 
        3.0050000000        -0.4149997741         0.9836930517        -5.9805936760        -3.1429129376 
        3.0100000000        -0.4185334881         0.9989867606        -5.5821972948        -3.1397102620 
        3.0150001000        -0.4220507494         0.9760461972        -6.1797918666        -1.7401410231 
        3.0200000000        -0.4255512084         0.9785951487        -6.1133924698        -1.7657624279 
        3.0250000000        -0.4290349376         0.9760461972        -6.1797918666        -1.7497490499 
        3.0300000000        -0.4325017292         0.9709482942        -6.3125906604         3.1407365971 
        3.0350001000        -0.4359515152         0.9913399061        -5.7813954854         3.1503446239 
        3.0400000000        -0.4393839529         0.9607524883        -6.5781882478         3.1407365971 
        3.0450000000        -0.4427991133         0.9760461972        -6.1797918666         3.1407365971 
        3.0500000000        -0.4461967928         0.9734972457        -6.2461912635         3.1247232191 
        3.0550001000        -0.4495769247         0.9607524883        -6.5781882478         3.1023044899 
        3.0600000000        -0.4529391731         0.9683993428        -6.3789900572         3.0638723826 
        3.0650000000        -0.4562836077         0.9760461972        -6.1797918666         3.0414536534 
        3.0700000000        -0.4596100290         0.9301650705        -7.3749810103         2.9838054925 
        3.0750001000        -0.4629183717         0.9836930517        -5.9805936760         2.9645894389 
        3.0800000000        -0.4662083072         0.9327140220        -7.3085816134         2.9133466293 
        3.0850011000        -0.4694806213         0.9683993428        -6.3789900572         2.8909279000 
        3.0900001000        -0.4727330306         0.9403608764        -7.1093834228         2.8589011440 
        3.0950000000        -0.4759673651         0.9607524883        -6.5781882478         2.8204690368 
        3.1000000000        -0.4791829742         0.9250671675        -7.5077798040         2.7884422807 
        3.1050000000        -0.4823796659         0.9480077309        -6.9101852322         2.7532128491 
        3.1100000000        -0.4855573141         0.9403608764        -7.1093834228         2.7243887686 
        3.1150000000        -0.4887157933         0.9378119249        -7.1757828197         2.6859566614 
        3.1200001000        -0.4918550414         0.9556545853        -6.7109870416         2.6539299054 
        3.1250000000        -0.4949747468         0.9174203130        -7.7069779946         2.6058897713 
        3.1300000000        -0.4980749740         0.9199692645        -7.6405785978         2.5578496372 
        3.1350000000        -0.5011555381         0.9097734586        -7.9061761852         2.5162148544 
        3.1400001000        -0.5042163784         0.9225182160        -7.5741792009         2.4873907740 
        3.1450000000        -0.5072571911         0.9250671675        -7.5077798040         2.4553640179 
        3.1500000000        -0.5102780392         0.9072245071        -7.9725755821         2.4105265595 
        3.1550000000        -0.5132787424         0.9301650705        -7.3749810103         2.3752971278 
        3.1600001000        -0.5162592415         0.8944797497        -8.3045725665         2.3368650206 
        3.1650000000        -0.5192192409         0.9276161190        -7.4413804072         2.3016355889 
        3.1700000000        -0.5221588018         0.8970287012        -8.2381731696         2.2471901037 
        3.1750000000        -0.5250777487         0.9174203130        -7.7069779946         2.2247713744 
        3.1800001000        -0.5279760243         0.8970287012        -8.2381731696         2.1767312404 
        3.1850000000        -0.5308533407         0.8868328952        -8.5037707571         2.1350964575 
        3.1900000000        -0.5337097577         0.9046755556        -8.0389749790         2.0902589991 
        3.1950000000        -0.5365451048         0.9148713616        -7.7733773915         2.0646375943 
        3.2000001000        -0.5393593260         0.8970287012        -8.2381731696         2.0262054870 
        3.2050000000        -0.5421521421         0.9046755556        -8.0389749790         1.9845707042 
        3.2100000000        -0.5449236111         0.8791860408        -8.7029689477         1.9205171921 
        3.2150001000        -0.5476736222         0.9097734586        -7.9061761852         1.8916931116 
        3.2200000000        -0.5504019025         0.8893818467        -8.4373713602         1.8404503020 
        3.2250000000        -0.5531085087         0.8995776526        -8.1717737727         1.8148288972 
        3.2300000000        -0.5557932791         0.8791860408        -8.7029689477         1.7603834119 
        3.2350000000        -0.5584561077         0.9046755556        -8.0389749790         1.7283566558 
        3.2400000000        -0.5610968894         0.8919307982        -8.3709719633         1.6963298998 
        3.2450001000        -0.5637155721         0.8817349922        -8.6365695508         1.6450870902 
        3.2500000000        -0.5663118961         0.8868328952        -8.5037707571         1.6066549829 
        3.2550000000        -0.5688859151         0.8740881378        -8.8357677414         1.5650202001 
        3.2600000000        -0.5714374755         0.8970287012        -8.2381731696         1.5265880928 
        3.2650001000        -0.5739665269         0.8638923318        -9.1013653289         1.4977640124 
        3.2700000000        -0.5764728183         0.8919307982        -8.3709719633         1.4401158515 
        3.2750000000        -0.5789564020         0.8689902348        -8.9685665351         1.4048864199 
        3.2800000000        -0.5814171294         0.8944797497        -8.3045725665         1.3568462858 
        3.2850001000        -0.5838549520         0.8562454774        -9.3005635195         1.3120088274 
        3.2900000000        -0.5862696280         0.9021266041        -8.1053743758         1.2799820713 
        3.2950000000        -0.5886612076         0.8485986229        -9.4997617101         1.2319419373 
        3.3000000000        -0.5910295479         0.8893818467        -8.4373713602         1.1742937764 
        3.3050001000        -0.5933746019         0.8435007200        -9.6325605038         1.1262536423 
        3.3100000000        -0.5956961373         0.8638923318        -9.1013653289         1.0814161839 
        3.3150000000        -0.5979942022         0.8740881378        -8.8357677414         1.0557947790 
        3.3200000000        -0.6002686593         0.8766370893        -8.7693683445         1.0109573206 
        3.3250001000        -0.6025194637         0.8638923318        -9.1013653289         0.9629171865 
        3.3300000000        -0.6047463920         0.8638923318        -9.1013653289         0.9276877549 
        3.3350000000        -0.6069494908         0.8536965259        -9.3669629164         0.8604315672 
        3.3400001000        -0.6091286716         0.8638923318        -9.1013653289         0.8252021356 
        3.3450000000        -0.6112837184         0.8409517685        -9.6989599007         0.7707566503 
        3.3500000000        -0.6134146760         0.8485986229        -9.4997617101         0.7259191919 
        3.3550000000        -0.6155214171         0.8638923318        -9.1013653289         0.6810817334 
        3.3600000000        -0.6176038585         0.8384028170        -9.7653592976         0.6394469506 
        3.3650000000        -0.6196619179         0.8536965259        -9.3669629164         0.5978121677 
        3.3700001000        -0.6216955546         0.8333049140        -9.8981580913         0.5465693580 
        3.3750004000        -0.6237047267         0.8536965259        -9.3669629164         0.5049345752 
        3.3800000000        -0.6256889969         0.8256580595       -10.0973562819         0.4504890899 
        3.3850000000        -0.6276487257         0.8460496714        -9.5661611070         0.4152596583 
        3.3900001000        -0.6295837146         0.8460496714        -9.5661611070         0.3576114974 
        3.3950000000        -0.6314937716         0.8333049140        -9.8981580913         0.3223820658 
        3.4000000000        -0.6333789367         0.8460496714        -9.5661611070         0.2711392561 
        3.4050000000        -0.6352390972         0.8231091081       -10.1637556788         0.2102884196 
        3.4100001000        -0.6370742159         0.8435007200        -9.6325605038         0.1750589880 
        3.4150000000        -0.6388841112         0.8333049140        -9.8981580913         0.1206135027 
        3.4200000000        -0.6406688208         0.8103643506       -10.4957526631         0.0629653419 
        3.4250000000        -0.6424282380         0.8384028170        -9.7653592976         0.0245332346 
        3.4300001000        -0.6441623276         0.8460496714        -9.5661611070        -0.0138988726 
        3.4350000000        -0.6458709179         0.8078153991       -10.5621520600        -0.0683443579 
        3.4400000000        -0.6475540448         0.8358538655        -9.8317586944        -0.1195871676 
        3.4450000000        -0.6492116073         0.8078153991       -10.5621520600        -0.1708299772 
        3.4500001000        -0.6508435725         0.8333049140        -9.8981580913        -0.2188701113 
        3.4550000000        -0.6524497787         0.8001685447       -10.7613502506        -0.2637075697 
        3.4600000000        -0.6540302597         0.8333049140        -9.8981580913        -0.3117477038 
        3.4650001000        -0.6555849516         0.8027174962       -10.6949508538        -0.3758012159 
        3.4700000000        -0.6571137004         0.8154622536       -10.3629538694        -0.4046252963 
        3.4750000000        -0.6586165383         0.8078153991       -10.5621520600        -0.4686788084 
        3.4800000000        -0.6600933751         0.7950706417       -10.8941490444        -0.5295296448 
        3.4850000000        -0.6615441526         0.8129133021       -10.4293532663        -0.5711644277 
        3.4900000000        -0.6629688135         0.7976195932       -10.8277496475        -0.6160018861 
        3.4950001000        -0.6643673292         0.8078153991       -10.5621520600        -0.6736500470 
        3.5000000000        -0.6657395614         0.7976195932       -10.8277496475        -0.7184875055 
        3.5050000000        -0.6670855391         0.7950706417       -10.8941490444        -0.7857436932 
        3.5100000000        -0.6684051813         0.7823258843       -11.2261460287        -0.8369865028 
        3.5150001000        -0.6696984617         0.8103643506       -10.4957526631        -0.8754186101 
        3.5200000000        -0.6709652523         0.7746790298       -11.4253442193        -0.9394721221 
        3.5250000000        -0.6722055800         0.8052664477       -10.6285514569        -0.9875122562 
        3.5300000000        -0.6734193701         0.8103643506       -10.4957526631        -1.0291470390 
        3.5350001000        -0.6746065983         0.7823258843       -11.2261460287        -1.0932005511 
        3.5400000000        -0.6757671472         0.7925216902       -10.9605484412        -1.1540513876 
        3.5450000000        -0.6769010414         0.7823258843       -11.2261460287        -1.2084968729 
        3.5500000000        -0.6780082128         0.7899727387       -11.0269478381        -1.2501316557 
        3.5550001000        -0.6790886389         0.7848748358       -11.1597466318        -1.3077798166 
        3.5600000000        -0.6801422130         0.7976195932       -10.8277496475        -1.3622253018 
        3.5650000000        -0.6811689577         0.7593853209       -11.8237406005        -1.4166707871 
        3.5700000000        -0.6821688110         0.8052664477       -10.6285514569        -1.4711162724 
        3.5750001000        -0.6831417525         0.7619342724       -11.7573412037        -1.5415751357 
        3.5800000000        -0.6840876865         0.7950706417       -10.8941490444        -1.5800072429 
        3.5850000000        -0.6850066330         0.7644832239       -11.6909418068        -1.6408580794 
        3.5900001000        -0.6858985542         0.7848748358       -11.1597466318        -1.6953035646 
        3.5953290000        -0.6868193174         0.7619342724       -11.7573412037        -1.7529517255 
        3.6000000000        -0.6876010755         0.7848748358       -11.1597466318        -1.7977891840 
        3.6050000000        -0.6884116435         0.7593853209       -11.8237406005        -1.8650453716 
        3.6100000000        -0.6891950342         0.7695811269       -11.5581430131        -1.9290988837 
        3.6150000000        -0.6899512166         0.7619342724       -11.7573412037        -1.9803416934 
        3.6200001000        -0.6906801752         0.7644832239       -11.6909418068        -2.0315845030 
        3.6250000000        -0.6913818384         0.7721300783       -11.4917436162        -2.0828273127 
        3.6300000000        -0.6920562213         0.7593853209       -11.8237406005        -2.1436781492 
        3.6350000000        -0.6927032830         0.7721300783       -11.4917436162        -2.1981236344 
        3.6400001000        -0.6933230101         0.7491895150       -12.0893381880        -2.2749878489 
        3.6450000000        -0.6939153417         0.7568363694       -11.8901399974        -2.3230279830 
        3.6500000000        -0.6944802909         0.7593853209       -11.8237406005        -2.3870814951 
        3.6550000000        -0.6950178232         0.7415426605       -12.2885363786        -2.4543376827 
        3.6600001000        -0.6955279273         0.7593853209       -11.8237406005        -2.5055804924 
        3.6650000000        -0.6960105533         0.7440916120       -12.2221369817        -2.5664313289 
        3.6700000000        -0.6964657119         0.7517384665       -12.0229387911        -2.6176741385 
        3.6750000000        -0.6968933752         0.7517384665       -12.0229387911        -2.6817276506 
        3.6800001000        -0.6972935341         0.7338958061       -12.4877345692        -2.7521865139 
        3.6850000000        -0.6976661496         0.7517384665       -12.0229387911        -2.8130373504 
        3.6900000000        -0.6980112302         0.7237000001       -12.7533321567        -2.8866988893 
        3.6950000000        -0.6983287545         0.7338958061       -12.4877345692        -2.9443470501 
        3.7000001000        -0.6986187154         0.7491895150       -12.0893381880        -2.9987925354 
        3.7050000000        -0.6988810851         0.7313468546       -12.5541339661        -3.0628460475 
        3.7100000000        -0.6991158696         0.7695811269       -11.5581430131        -3.1172915327 
        3.7150001000        -0.6993230581         0.7237000001       -12.7533321567        -3.1301022351 
        3.7200000000        -0.6995026308         0.7262489516       -12.6869327598        -3.1461156132 
        3.7250000000        -0.6996545923         0.7440916120       -12.2221369817        -1.7497490499 
        3.7300000000        -0.6997789325         0.7338958061       -12.4877345692        -1.7497490499 
        3.7350000000        -0.6998756467         0.7364447575       -12.4213351724         3.1407365971 
        3.7400000000        -0.6999447309         0.7389937090       -12.3549357755         3.1407365971 
        3.7450001000        -0.6999861832         0.7389937090       -12.3549357755         3.0991018143 
        3.7500000000        -0.7000000000         0.7262489516       -12.6869327598         3.0318456266 
        3.7550000000        -0.6999861826         0.7237000001       -12.7533321567         2.9581840877 
        3.7600000000        -0.6999447309         0.7338958061       -12.4877345692         2.9069412781 
        3.7650001000        -0.6998756450         0.7389937090       -12.3549357755         2.8428877660 
        3.7700000000        -0.6997789325         0.7568363694       -11.8901399974         2.7756315783 
        3.7750000000        -0.6996545923         0.7160531457       -12.9525303473         2.7083753906 
        3.7800000000        -0.6995026308         0.7262489516       -12.6869327598         2.6443218785 
        3.7850001000        -0.6993230504         0.7262489516       -12.6869327598         2.5770656909 
        3.7900652000        -0.6991129856         0.7338958061       -12.4877345692         2.5290255568 
        3.7950000000        -0.6988810851         0.7568363694       -11.8901399974         2.4681747203 
        3.8000000000        -0.6986187099         0.7135041942       -13.0189297442         2.3977158570 
        3.8051010000        -0.6983226132         0.7466405635       -12.1557375849         2.3272569938 
        3.8100000000        -0.6980112302         0.7109552427       -13.0853291410         2.2728115085 
        3.8150000000        -0.6976661496         0.7313468546       -12.5541339661         2.2023526452 
        3.8200000000        -0.6972935264         0.7440916120       -12.2221369817         2.1415018087 
        3.8250001000        -0.6968933669         0.7440916120       -12.2221369817         2.0934616747 
        3.8300000000        -0.6964657119         0.7287979031       -12.6205333630         2.0326108382 
        3.8350000000        -0.6960105533         0.7517384665       -12.0229387911         1.9717600017 
        3.8400001000        -0.6955279074         0.7262489516       -12.6869327598         1.8948957872 
        3.8450000000        -0.6950178232         0.7517384665       -12.0229387911         1.8372476264 
        3.8500000000        -0.6944802909         0.7186020971       -12.8861309504         1.7763967899 
        3.8550000000        -0.6939153417         0.7491895150       -12.0893381880         1.7251539802 
        3.8600000000        -0.6933229980         0.7338958061       -12.4877345692         1.6643031438 
        3.8650000000        -0.6927032830         0.7237000001       -12.7533321567         1.5938442805 
        3.8700001000        -0.6920562081         0.7237000001       -12.7533321567         1.5329934440 
        3.8750000000        -0.6913818384         0.7237000001       -12.7533321567         1.4721426075 
        3.8800000000        -0.6906801609         0.7389937090       -12.3549357755         1.4080890955 
        3.8850000000        -0.6899512166         0.7237000001       -12.7533321567         1.3536436102 
        3.8900001000        -0.6891950188         0.7440916120       -12.2221369817         1.2863874225 
        3.8950000000        -0.6884116435         0.7211510486       -12.8197315536         1.2223339104 
        3.9000000000        -0.6876010755         0.7313468546       -12.5541339661         1.1614830740 
        3.9050000000        -0.6867633622         0.7262489516       -12.6869327598         1.1070375887 
        3.9100001000        -0.6858985191         0.7440916120       -12.2221369817         1.0525921034 
        3.9150000000        -0.6850066330         0.7466405635       -12.1557375849         0.9853359158 
        3.9200000000        -0.6840876865         0.7160531457       -12.9525303473         0.9276877549 
        3.9250000000        -0.6831417334         0.7364447575       -12.4213351724         0.8636342428 
        3.9300001000        -0.6821687912         0.7440916120       -12.2221369817         0.8027834063 
        3.9350000000        -0.6811689577         0.7440916120       -12.2221369817         0.7387298943 
        3.9400000000        -0.6801422130         0.7338958061       -12.4877345692         0.6746763822 
        3.9450000000        -0.6790886175         0.7287979031       -12.6205333630         0.6202308969 
        3.9500001000        -0.6780081909         0.7389937090       -12.3549357755         0.5625827361 
        3.9550000000        -0.6769010414         0.7287979031       -12.6205333630         0.5081372508 
        3.9600000000        -0.6757671472         0.7389937090       -12.3549357755         0.4472864143 
        3.9650001000        -0.6746065513         0.7695811269       -11.5581430131         0.3800302266 
        3.9700001000        -0.6734193461         0.7033083882       -13.2845273317         0.3095713634 
        3.9750000000        -0.6722055800         0.7593853209       -11.8237406005         0.2583285537 
        3.9800000000        -0.6709652523         0.7287979031       -12.6205333630         0.2070857440 
        3.9850000000        -0.6696984361         0.7568363694       -11.8901399974         0.1430322320 
        3.9900000000        -0.6684051813         0.7287979031       -12.6205333630         0.0757760443 
        3.9950001000        -0.6670855124         0.7517384665       -12.0229387911         0.0309385858 
        4.0000000000        -0.6657395614         0.7568363694       -11.8901399974        -0.0331149263 
        4.0050000000        -0.6643673015         0.7211510486       -12.8197315536        -0.0971684383 
        4.0100000000        -0.6629688135         0.7491895150       -12.0893381880        -0.1676273016 
        4.0150000000        -0.6615441526         0.7313468546       -12.5541339661        -0.2220727869 
        4.0200000000        -0.6600933751         0.7491895150       -12.0893381880        -0.2765182721 
        4.0250001000        -0.6586165085         0.7440916120       -12.2221369817        -0.3245584062 
        4.0300001000        -0.6571136700         0.7440916120       -12.2221369817        -0.4014226207 
        4.0350001000        -0.6555848899         0.7262489516       -12.6869327598        -0.4590707816 
        4.0400000000        -0.6540302597         0.7517384665       -12.0229387911        -0.5007055644 
        4.0450000000        -0.6524497787         0.7415426605       -12.2885363786        -0.5679617521 
        4.0500000000        -0.6508435401         0.7542874179       -11.9565393943        -0.6416232910 
        4.0550000000        -0.6492116073         0.7109552427       -13.0853291410        -0.6896634250 
        4.0600000000        -0.6475540448         0.7644832239       -11.6909418068        -0.7473115859 
        4.0650001000        -0.6458708840         0.7262489516       -12.6869327598        -0.8145677736 
        4.0700001000        -0.6441622587         0.7593853209       -11.8237406005        -0.8562025564 
        4.0750001000        -0.6424282030         0.7440916120       -12.2221369817        -0.9234587441 
        4.0800000000        -0.6406688208         0.7517384665       -12.0229387911        -0.9811069050 
        4.0850000000        -0.6388841112         0.7466405635       -12.1557375849        -1.0355523902 
        4.0900001000        -0.6370741430         0.7517384665       -12.0229387911        -1.1060112535 
        4.0950000000        -0.6352390972         0.7415426605       -12.2885363786        -1.1604567388 
        4.1000000000        -0.6333789367         0.7568363694       -11.8901399974        -1.2116995485 
        4.1050000000        -0.6314937716         0.7466405635       -12.1557375849        -1.2821584117 
        4.1100000000        -0.6295836761         0.7542874179       -11.9565393943        -1.3398065726 
        4.1150000000        -0.6276487257         0.7440916120       -12.2221369817        -1.3878467067 
        4.1200001000        -0.6256889575         0.7593853209       -11.8237406005        -1.4454948675 
        4.1250000000        -0.6237045669         0.7593853209       -11.8237406005        -1.5063457040 
        4.1300000000        -0.6216955142         0.7542874179       -11.9565393943        -1.5671965405 
        4.1350000000        -0.6196619179         0.7721300783       -11.4917436162        -1.6184393501 
        4.1400000000        -0.6176038585         0.7542874179       -11.9565393943        -1.6760875110 
        4.1450000000        -0.6155214171         0.7517384665       -12.0229387911        -1.7401410231 
        4.1500001000        -0.6134146337         0.7746790298       -11.4253442193        -1.7881811571 
        4.1550000000        -0.6112837184         0.7338958061       -12.4877345692        -1.8650453716 
        4.1600000000        -0.6091286283         0.7721300783       -11.4917436162        -1.9130855057 
        4.1650000000        -0.6069494908         0.7695811269       -11.5581430131        -1.9611256398 
        4.1700000000        -0.6047463920         0.7466405635       -12.1557375849        -2.0347871786 
        4.1750000000        -0.6025194189         0.7746790298       -11.4253442193        -2.0764219615 
        4.1800000000        -0.6002686593         0.7491895150       -12.0893381880        -2.1500835004 
        4.1850000000        -0.5979942022         0.7644832239       -11.6909418068        -2.2077316612 
        4.1900001000        -0.5956960911         0.7619342724       -11.7573412037        -2.2493664441 
        4.1950000000        -0.5933745553         0.7797769328       -11.2925454256        -2.3038119294 
        4.2000000000        -0.5910295479         0.7593853209       -11.8237406005        -2.3806761439 
        4.2050000000        -0.5886612076         0.7644832239       -11.6909418068        -2.4319189535 
        4.2100000000        -0.5862696280         0.7542874179       -11.9565393943        -2.4959724656 
        4.2150001000        -0.5838548550         0.7746790298       -11.4253442193        -2.5408099240 
        4.2200000000        -0.5814171294         0.7619342724       -11.7573412037        -2.6080661117 
        4.2250000000        -0.5789564020         0.7721300783       -11.4917436162        -2.6721196238 
        4.2300000000        -0.5764728183         0.7542874179       -11.9565393943        -2.7233624335 
        4.2350000000        -0.5739664765         0.7568363694       -11.8901399974        -2.7874159455 
        4.2400000000        -0.5714374755         0.7874237873       -11.0933472350        -2.8418614308 
        4.2450001000        -0.5688858639         0.7491895150       -12.0893381880        -2.8899015649 
        4.2500000000        -0.5663118961         0.7746790298       -11.4253442193        -2.9763738062 
        4.2550000000        -0.5637155200         0.7670321754       -11.6245424099        -3.0340219670 
        4.2600000000        -0.5610968894         0.7670321754       -11.6245424099        -3.0884674523 
        4.2650000000        -0.5584561077         0.7772279813       -11.3589448224        -3.1333049108 
        4.2700000000        -0.5557932791         0.7746790298       -11.4253442193        -3.1301022351 
        4.2750001000        -0.5531084548         0.7721300783       -11.4917436162        -3.1333049108 
        4.2800000000        -0.5504019025         0.7772279813       -11.3589448224        -1.7529517255 
        4.2850000000        -0.5476735674         0.7925216902       -10.9605484412        -1.7625597523 
        4.2900000000        -0.5449236111         0.7644832239       -11.6909418068         3.1439392727 
        4.2950000000        -0.5421521421         0.7874237873       -11.0933472350         3.1407365971 
        4.3000000000        -0.5393592699         0.7721300783       -11.4917436162         3.1215205435 
        4.3050000000        -0.5365451048         0.7874237873       -11.0933472350         3.0766830851 
        4.3100000000        -0.5337097577         0.8001685447       -10.7613502506         3.0126295730 
        4.3150001000        -0.5308532834         0.7925216902       -10.9605484412         2.9581840877 
        4.3200000000        -0.5279759665         0.7772279813       -11.3589448224         2.8973332512 
        4.3250000000        -0.5250777487         0.7874237873       -11.0933472350         2.8332797392 
        4.3300000000        -0.5221588018         0.8078153991       -10.5621520600         2.7948476319 
        4.3350000000        -0.5192192409         0.7772279813       -11.3589448224         2.7211860930 
        4.3400001000        -0.5162591228         0.7848748358       -11.1597466318         2.6731459590 
        4.3450000000        -0.5132787424         0.7797769328       -11.2925454256         2.6090924469 
        4.3500000000        -0.5102780392         0.8052664477       -10.6285514569         2.5514442860 
        4.3550001000        -0.5072571305         0.7848748358       -11.1597466318         2.5130121788 
        4.3600000000        -0.5042163174         0.8027174962       -10.6949508538         2.4553640179 
        4.3650000000        -0.5011555381         0.7797769328       -11.2925454256         2.3945131814 
        4.3700001000        -0.4980749122         0.8256580595       -10.0973562819         2.3592837498 
        4.3750000000        -0.4949747468         0.7644832239       -11.6909418068         2.2792168597 
        4.3800000000        -0.4918549789         0.8103643506       -10.4957526631         2.2279740500 
        4.3850000000        -0.4887157933         0.8129133021       -10.4293532663         2.1767312404 
        4.3900000000        -0.4855573141         0.7874237873       -11.0933472350         2.1415018087 
        4.3950000000        -0.4823796659         0.8307559625        -9.9645574882         2.0870563235 
        4.4000001000        -0.4791829100         0.7925216902       -10.9605484412         2.0294081626 
        4.4050000000        -0.4759673651         0.8129133021       -10.4293532663         1.9653546505 
        4.4100000000        -0.4727329657         0.7925216902       -10.9605484412         1.9173145165 
        4.4150000000        -0.4694799036         0.8384028170        -9.7653592976         1.8692743824 
        4.4200000000        -0.4662083072         0.8052664477       -10.6285514569         1.8148288972 
        4.4250000000        -0.4629183057         0.8205601566       -10.2301550757         1.7699914387 
        4.4300000000        -0.4596100290         0.8282070110       -10.0309568851         1.7155459534 
        4.4350000000        -0.4562836077         0.7950706417       -10.8941490444         1.6739111706 
        4.4400001000        -0.4529391060         0.8256580595       -10.0973562819         1.6066549829 
        4.4450000000        -0.4495768572         0.8307559625        -9.9645574882         1.5778309025 
        4.4500000000        -0.4461967928         0.8409517685        -9.6989599007         1.5201827416 
        4.4550000000        -0.4427991133         0.8129133021       -10.4293532663         1.4753452831 
        4.4600000000        -0.4393839529         0.8536965259        -9.3669629164         1.4337105003 
        4.4650001000        -0.4359513775         0.8129133021       -10.4293532663         1.3664543126 
        4.4700000000        -0.4325017292         0.8409517685        -9.6989599007         1.3184141786 
        4.4750000000        -0.4290349376         0.8256580595       -10.0973562819         1.2703740445 
        4.4800001000        -0.4255511386         0.8409517685        -9.6989599007         1.2415499641 
        4.4850000000        -0.4220506792         0.8613433804        -9.1677647258         1.1967125056 
        4.4900000000        -0.4185334881         0.8409517685        -9.6989599007         1.1390643447 
        4.4950001000        -0.4149997033         0.8485986229        -9.4997617101         1.0942268863 
        4.5000000000        -0.4114496766         0.8435007200        -9.6325605038         1.0397814010 
        4.5050000000        -0.4078833358         0.8562454774        -9.3005635195         0.9949439426 
        4.5100000000        -0.4043008924         0.8562454774        -9.3005635195         0.9469038085 
        4.5150000000        -0.4007024879         0.8435007200        -9.6325605038         0.9180797281 
        4.5200000000        -0.3970882644         0.8689902348        -8.9685665351         0.8668369184 
        4.5250001000        -0.3934582918         0.8740881378        -8.8357677414         0.8219994600 
        4.5300000000        -0.3898129315         0.8485986229        -9.4997617101         0.7771620015 
        4.5350000000        -0.3861521094         0.8893818467        -8.4373713602         0.7355272187 
        4.5400000000        -0.3824760427         0.8511475744        -9.4333623132         0.6842844090 
        4.5450000000        -0.3787848765         0.8638923318        -9.1013653289         0.6330415993 
        4.5500000000        -0.3750787565         0.8868328952        -8.5037707571         0.5882041409 
        4.5550000000        -0.3713578290         0.8638923318        -9.1013653289         0.5657854117 
        4.5600000000        -0.3676222410         0.8817349922        -8.6365695508         0.5081372508 
        4.5650001000        -0.3638720647         0.8689902348        -8.9685665351         0.4793131704 
        4.5700000000        -0.3601076736         0.8893818467        -8.4373713602         0.4312730363 
        4.5750000000        -0.3563289910         0.8791860408        -8.7029689477         0.3864355778 
        4.5800000000        -0.3525362411         0.8893818467        -8.4373713602         0.3448007950 
        4.5850000000        -0.3487295737         0.8893818467        -8.4373713602         0.3159767146 
        4.5900001000        -0.3449090625         0.8970287012        -8.2381731696         0.2583285537 
        4.5950000000        -0.3410750880         0.8791860408        -8.7029689477         0.2230991221 
        4.6000000000        -0.3372275719         0.9148713616        -7.7733773915         0.1910723660 
        4.6050001000        -0.3333666652         0.9174203130        -7.7069779946         0.1526402588 
        4.6100000000        -0.3294927525         0.8868328952        -8.5037707571         0.0949920979 
        4.6150000000        -0.3256057547         0.9072245071        -7.9725755821         0.0597626663 
        4.6200001000        -0.3217058243         0.9174203130        -7.7069779946         0.0341412614 
        4.6250000000        -0.3177933498         0.9174203130        -7.7069779946         0.0021145054 
        4.6300000000        -0.3138682513         0.9148713616        -7.7733773915        -0.0459256287 
        4.6350000000        -0.3099307617         0.9021266041        -8.1053743758        -0.0779523847 
        4.6400000000        -0.3059810367         0.9072245071        -7.9725755821        -0.1291951944 
        4.6450000000        -0.3020192320         0.9429098279        -7.0429840259        -0.1484112480 
        4.6500001000        -0.2980454245         0.9148713616        -7.7733773915        -0.1932487064 
        4.6550000000        -0.2940600099         0.9123224101        -7.8397767884        -0.2380861649 
        4.6600000000        -0.2900629067         0.9148713616        -7.7733773915        -0.2765182721 
        4.6650000000        -0.2860543523         0.9454587794        -6.9765846291        -0.2957343258 
        4.6700000000        -0.2820345050         0.9225182160        -7.5741792009        -0.3405717842 
        4.6750000000        -0.2780035234         0.9276161190        -7.4413804072        -0.3854092427 
        4.6800000000        -0.2739615668         0.9199692645        -7.6405785978        -0.4142333231 
        4.6850000000        -0.2699087946         0.9480077309        -6.9101852322        -0.4398547279 
        4.6900001000        -0.2658452855         0.9327140220        -7.3085816134        -0.4782868352 
        4.6950000000        -0.2617714440         0.9531056338        -6.7773864385        -0.5039082400 
        4.7000000000        -0.2576871869         0.9352629734        -7.2421822165        -0.5423403473 
        4.7050000000        -0.2535927567         0.9505566824        -6.8437858353        -0.5839751301 
        4.7100000000        -0.2494883151         0.9378119249        -7.1757828197        -0.6224072374 
        4.7150001000        -0.2453739418         0.9531056338        -6.7773864385        -0.6480286422 
        4.7200000000        -0.2412500462         0.9352629734        -7.2421822165        -0.6960687762 
        4.7250000000        -0.2371165442         0.9582035368        -6.6445876447        -0.7184875055 
        4.7300001000        -0.2329735982         0.9480077309        -6.9101852322        -0.7505142615 
        4.7350000000        -0.2288216208         0.9607524883        -6.5781882478        -0.7793383419 
        4.7401414000        -0.2245427214         0.9633014398        -6.5117888510        -0.8113650980 
        4.7450001000        -0.2204904803         0.9683993428        -6.3789900572        -0.8529998808 
        4.7500000000        -0.2163118961         0.9582035368        -6.6445876447        -0.8754186101 
        4.7550000000        -0.2121246887         0.9709482942        -6.3125906604        -0.8978373393 
        4.7600000000        -0.2079291071         0.9658503913        -6.4453894541        -0.9426747977 
        4.7650000000        -0.2037253168         0.9811441002        -6.0469930729        -0.9682962026 
        4.7700000000        -0.1995134837         0.9734972457        -6.2461912635        -1.0035256342 
        4.7750001000        -0.1952936898         0.9760461972        -6.1797918666        -1.0227416878 
        4.7800000000        -0.1910663549         0.9836930517        -5.9805936760        -1.0483630927 
        4.7850000000        -0.1868313925         0.9887909546        -5.8477948823        -1.0867951999 
        4.7900000000        -0.1825890544         0.9887909546        -5.8477948823        -1.0996059023 
        4.7950000000        -0.1783395080         1.0066336150        -5.3829991042        -1.1316326584 
        4.8000000000        -0.1740829210         0.9964378091        -5.6485966917        -1.1604567388 
        4.8050000000        -0.1698194616         1.0219273240        -4.9846027230        -1.1860781436 
        4.8100000000        -0.1655492979         0.9964378091        -5.6485966917        -1.2245102509 
        4.8150001000        -0.1612725131         1.0117315180        -5.2502003105        -1.2405236289 
        4.8200000000        -0.1569895327         1.0117315180        -5.2502003105        -1.2597396825 
        4.8250000000        -0.1527002690         1.0244762754        -4.9182033261        -1.2949691142 
        4.8300000000        -0.1484049769         1.0193783725        -5.0510021199        -1.3141851678 
        4.8350000000        -0.1441038261         1.0193783725        -5.0510021199        -1.3430092482 
        4.8400001000        -0.1397969002         1.0193783725        -5.0510021199        -1.3750360043 
        4.8450000000        -0.1354846276         1.0219273240        -4.9846027230        -1.3910493823 
        4.8500000000        -0.1311669202         1.0423189359        -4.4534075480        -1.4006574091 
        4.8550001000        -0.1268439480         1.0423189359        -4.4534075480        -1.4358868407 
        4.8600000000        -0.1225161413         1.0321231299        -4.7190051355        -1.4583055700 
        4.8650000000        -0.1181834113         1.0423189359        -4.4534075480        -1.4839269748 
        4.8700001000        -0.1138459289         1.0525147418        -4.1878099606        -1.5031430284 
        4.8750000000        -0.1095041255         1.0525147418        -4.1878099606        -1.5255617576 
        4.8800000000        -0.1051579124         1.0499657903        -4.2542093574        -1.5479804869 
        4.8850000000        -0.1008075478         1.0703574022        -3.7230141825        -1.5639938649 
        4.8900000000        -0.0964532035         1.0550636933        -4.1214105637        -1.5928179453 
        4.8950000000        -0.0920950514         1.0678084507        -3.7894135793        -1.6056286477 
        4.9000001000        -0.0877331762         1.0805532081        -3.4574165950        -1.6152366745 
        4.9050000000        -0.0833680121         1.0678084507        -3.7894135793        -1.6472634306 
        4.9100000000        -0.0789994694         1.0805532081        -3.4574165950        -1.6568714574 
        4.9150000000        -0.0746278080         1.0805532081        -3.4574165950        -1.6696821598 
        4.9200000000        -0.0702532004         1.0805532081        -3.4574165950        -1.6953035646 
        4.9250000000        -0.0658758193         1.0882000626        -3.2582184044        -1.7049115914 
        4.9300000000        -0.0614958376         1.0882000626        -3.2582184044        -1.7209249695 
        4.9350000000        -0.0571134281         1.0882000626        -3.2582184044        -1.7369383475 
        4.9400001000        -0.0527286762         1.0983958685        -2.9926208169        -1.7465463743 
        4.9450000000        -0.0483420180         1.0907490141        -3.1918190075        -1.7689651035 
        4.9500000000        -0.0439533637         1.0958469171        -3.0590202138        -1.7817758059 
        4.9550000000        -0.0395629741         1.1034937715        -2.8598220232        -1.7913838328 
        4.9600000000        -0.0351710227         1.1136895775        -2.5942244357        -1.8009918596 
        4.9650001000        -0.0307775950         1.1085916745        -2.7270232294        -1.8266132644 
        4.9700000000        -0.0263831279         1.1136895775        -2.5942244357        -1.8394239668 
        4.9750008000        -0.0219868280         1.1162385289        -2.5278250388        -1.8586400204 
        4.9800001000        -0.0175909789         1.1213364319        -2.3950262451        -1.8618426960 
        4.9850000000        -0.0131939078         1.1315322379        -2.1294286576        -1.8746533985 
        4.9900000000        -0.0087962279         1.1315322379        -2.1294286576        -1.8842614253 
        4.9950001000        -0.0043981128         1.1468259468        -1.7310322764        -1.8906667765 
        5.0000000000        -0.0000000000         1.1519238497        -1.5982334826        -1.9002748033 
        5.0050000000         0.0043982008         1.1595707042        -1.3990352920        -1.9098828301 
        5.0100000000         0.0087962279         1.1621196557        -1.3326358952        -1.9162881813 
        5.0150000000         0.0131939078         1.1850602191        -0.7350413233        -1.9098828301 
        5.0200000000         0.0175910668         1.1774133646        -0.9342395140        -1.9194908569 
        5.0250001000         0.0219876193         1.1978049765        -0.4030443390        -1.9258962081 
        5.0300000000         0.0263831279         1.1952560250        -0.4694437359        -1.9323015593 
        5.0350000000         0.0307776828         1.2283923943         0.3937484234        -1.9290988837 
        5.0400000000         0.0351710227         1.2232944913         0.2609496297        -1.9258962081 
        5.0450000000         0.0395629741         1.2130986854        -0.0046479578        -1.9258962081 
        5.0500000000         0.0439533637         1.2130986854        -0.0046479578        -1.9323015593 
        5.0550000000         0.0483420180         1.2054518309        -0.2038461484        -1.9323015593 
        5.0600000000         0.0527287639         1.2130986854        -0.0046479578        -1.9323015593 
        5.0650001000         0.0571135158         1.2130986854        -0.0046479578        -1.9323015593 
        5.0700000000         0.0614958376         1.2615287636         1.2569405827        -1.9258962081 
        5.0750000000         0.0658758193         1.2870182785         1.9209345514        -1.9130855057 
        5.0800000000         0.0702532004         1.2538819092         1.0577423921        -1.9130855057 
        5.0850000000         0.0746278080         1.2487840062         0.9249435984        -1.9226935325 
        5.0900001000         0.0789995568         1.2742735211         1.5889375671        -1.9002748033 
        5.0950000000         0.0833680121         1.2538819092         1.0577423921        -1.9034774789 
        5.1000000000         0.0877332635         1.2717245696         1.5225381702        -1.8906667765 
        5.1050001000         0.0920951386         1.2717245696         1.5225381702        -1.8746533985 
        5.1100000000         0.0964532035         1.2691756181         1.4561387733        -1.8810587497 
        5.1150000000         0.1008075478         1.2768224726         1.6553369640        -1.8650453716 
        5.1200001000         0.1051579993         1.2793714240         1.7217363608        -1.8522346692 
        5.1250000000         0.1095041255         1.2691756181         1.4561387733        -1.8586400204 
        5.1300000000         0.1138460156         1.2793714240         1.7217363608        -1.8426266424 
        5.1350000000         0.1181834113         1.2691756181         1.4561387733        -1.8362212912 
        5.1400000000         0.1225161413         1.2946651330         2.1201327420        -1.8202079132 
        5.1450000000         0.1268440345         1.2895672300         1.9873339483        -1.8170052376 
        5.1500001000         0.1311670066         1.2895672300         1.9873339483        -1.8041945352 
        5.1550000000         0.1354846276         1.2921161815         2.0537333452        -1.8073972108 
        5.1600000000         0.1397969864         1.2946651330         2.1201327420        -1.7753704547 
        5.1650000000         0.1441038261         1.3023119874         2.3193309326        -1.7753704547 
        5.1700000000         0.1484049769         1.2972140844         2.1865321389        -1.7657624279 
        5.1750000000         0.1527002690         1.2997630359         2.2529315358        -1.7657624279 
        5.1800000000         0.1569895327         1.2972140844         2.1865321389        -1.7497490499 
        5.1850012000         0.1612736258         1.3125077934         2.5849285201        -1.7209249695 
        5.1900001000         0.1655493834         1.3074098904         2.4521297264        -1.7145196183 
        5.1950000000         0.1698194616         1.3176056963         2.7177273139        -1.6953035646 
        5.2003096000         0.1743466902         1.2997630359         2.2529315358        -1.6985062402 
        5.2050000000         0.1783395080         1.3099588419         2.5185291233        -1.6728848354 
        5.2100000000         0.1825890544         1.3227035993         2.8505261076        -1.6696821598 
        5.2150001000         0.1868314773         1.3125077934         2.5849285201        -1.6568714574 
        5.2200000000         0.1910663549         1.3201546478         2.7841267107        -1.6440607550 
        5.2250000000         0.1952937742         1.3099588419         2.5185291233        -1.6312500526 
        5.2300001000         0.1995135680         1.3227035993         2.8505261076        -1.6184393501 
        5.2350066000         0.2037308711         1.3227035993         2.8505261076        -1.6056286477 
        5.2400000000         0.2079291071         1.3328994052         3.1161236951        -1.5864125941 
        5.2450001000         0.2121247726         1.3125077934         2.5849285201        -1.5800072429 
        5.2500000000         0.2163118961         1.3456441627         3.4481206794        -1.5543858381 
        5.2550000000         0.2204905638         1.3328994052         3.1161236951        -1.5415751357 
        5.2600000000         0.2246605269         1.3328994052         3.1161236951        -1.5319671088 
        5.2650000000         0.2288216208         1.3405462597         3.3153218857        -1.5031430284 
        5.2700000000         0.2329736812         1.3379973082         3.2489224888        -1.5031430284 
        5.2750001000         0.2371166269         1.3481931142         3.5145200763        -1.4743189480 
        5.2800000000         0.2412500462         1.3354483567         3.1825230919        -1.4775216236 
        5.2850010000         0.2453748480         1.3456441627         3.4481206794        -1.4519002187 
        5.2900000000         0.2494883151         1.3558399686         3.7137182669        -1.4198734627 
        5.2950000000         0.2535927567         1.3532910171         3.6473188700        -1.4198734627 
        5.3000000000         0.2576871869         1.3660357746         3.9793158544        -1.3878467067 
        5.3050000000         0.2617714440         1.3660357746         3.9793158544        -1.3654279774 
        5.3100000000         0.2658453669         1.3634868231         3.9129164575        -1.3686306530 
        5.3150001000         0.2699088757         1.3685847260         4.0457152513        -1.3269958702 
        5.3200000000         0.2739615668         1.3711336775         4.1121146481        -1.3237931946 
        5.3250000000         0.2780035234         1.3634868231         3.9129164575        -1.3013744654 
        5.3300000000         0.2820345050         1.3813294835         4.3777122356        -1.2789557361 
        5.3350000000         0.2860543523         1.3660357746         3.9793158544        -1.2661450337 
        5.3400001000         0.2900629867         1.3838784350         4.4441116325        -1.2341182777 
        5.3450000000         0.2940600099         1.3838784350         4.4441116325        -1.2084968729 
        5.3500020000         0.2980470960         1.3864273864         4.5105110293        -1.1956861704 
        5.3550001000         0.3020193113         1.3838784350         4.4441116325        -1.1700647656 
        5.3600000000         0.3059810367         1.3838784350         4.4441116325        -1.1572540632 
        5.3650000000         0.3099307617         1.3966231924         4.7761086168        -1.1316326584 
        5.3700017000         0.3138695879         1.3915252894         4.6433098231        -1.1060112535 
        5.3750000000         0.3177933498         1.4042700468         4.9753068074        -1.0835925243 
        5.3800000000         0.3217059024         1.3991721439         4.8425080137        -1.0579711195 
        5.3850000000         0.3256057547         1.4093679498         5.1081056012        -1.0451604171 
        5.3900000000         0.3294927525         1.4144658528         5.2409043949        -1.0067283098 
        5.3950000000         0.3333667426         1.4042700468         4.9753068074        -0.9907149318 
        5.4000001000         0.3372276489         1.4042700468         4.9753068074        -0.9682962026 
        5.4050000000         0.3410750880         1.4195637558         5.3737031886        -0.9458774733 
        5.4100000000         0.3449091391         1.4093679498         5.1081056012        -0.9234587441 
        5.4150000000         0.3487295737         1.4348574647         5.7720995699        -0.8914319881 
        5.4200000000         0.3525362411         1.4093679498         5.1081056012        -0.8626079076 
        5.4250000000         0.3563289910         1.4144658528         5.2409043949        -0.8369865028 
        5.4300000000         0.3601076736         1.4246616587         5.5065019824        -0.8145677736 
        5.4350000000         0.3638721398         1.4297595617         5.6393007761        -0.7793383419 
        5.4400001000         0.3676223158         1.4348574647         5.7720995699        -0.7473115859 
        5.4450000000         0.3713578290         1.4374064162         5.8384989667        -0.7345008835 
        5.4500000000         0.3750787565         1.4323085132         5.7057001730        -0.6960687762 
        5.4550000000         0.3787848765         1.4272106102         5.5729013792        -0.6928661006 
        5.4600000000         0.3824760427         1.4501511736         6.1704959511        -0.6480286422 
        5.4650001000         0.3861521828         1.4399553677         5.9048983636        -0.6160018861 
        5.4700002000         0.3898130777         1.4628959310         6.5024929354        -0.5871778057 
        5.4750000000         0.3934583645         1.4399553677         5.9048983636        -0.5711644277 
        5.4800001000         0.3970883368         1.4374064162         5.8384989667        -0.5423403473 
        5.4850000000         0.4007024879         1.4501511736         6.1704959511        -0.5039082400 
        5.4900000000         0.4043008924         1.4552490766         6.3032947448        -0.4718814840 
        5.4950001000         0.4078834072         1.4705427855         6.7016911260        -0.4334493767 
        5.5000000000         0.4114496766         1.4577980281         6.3696941417        -0.4110306475 
        5.5050000000         0.4149997741         1.4577980281         6.3696941417        -0.3854092427 
        5.5100000000         0.4185334881         1.4705427855         6.7016911260        -0.3501798110 
        5.5150000000         0.4220506792         1.4730917370         6.7680905229        -0.3085450282 
        5.5200000000         0.4255512084         1.4705427855         6.7016911260        -0.2893289746 
        5.5250001000         0.4290350071         1.4577980281         6.3696941417        -0.2605048941 
        5.5300000000         0.4325017292         1.4756406885         6.8344899198        -0.2156674357 
        5.5350000000         0.4359514463         1.4730917370         6.7680905229        -0.1868433552 
        5.5400000000         0.4393839529         1.4832875429         7.0336881104        -0.1548165992 
        5.5450000000         0.4427991133         1.4756406885         6.8344899198        -0.1195871676 
        5.5500000000         0.4461967928         1.4832875429         7.0336881104        -0.0811550603 
        5.5550000000         0.4495768572         1.4832875429         7.0336881104        -0.0523309799 
        5.5600000000         0.4529391731         1.4756406885         6.8344899198        -0.0267095750 
        5.5650001000         0.4562836744         1.4960323003         7.3656850947         0.0245332346 
        5.5700000000         0.4596100290         1.4781896399         6.9008893166         0.0597626663 
        5.5750000000         0.4629183057         1.4883854459         7.1664869041         0.0725733687 
        5.5800000000         0.4662083072         1.4832875429         7.0336881104         0.1110054759 
        5.5850000000         0.4694799036         1.5062281063         7.6312826822         0.1622482856 
        5.5900001000         0.4727330306         1.4807385914         6.9672887135         0.1814643392 
        5.5950000000         0.4759673651         1.4985812518         7.4320844916         0.2230991221 
        5.6000000000         0.4791829742         1.5036791548         7.5648832853         0.2615312293 
        5.6050001000         0.4823797296         1.5062281063         7.6312826822         0.2999633365 
        5.6100000000         0.4855573141         1.5164239122         7.8968802697         0.3415981194 
        5.6150000000         0.4887157933         1.5062281063         7.6312826822         0.3768275510 
        5.6200001000         0.4918550414         1.5164239122         7.8968802697         0.4120569827 
        5.6250000000         0.4949747468         1.5240707667         8.0960784603         0.4504890899 
        5.6300000000         0.4980749740         1.5138749607         7.8304808728         0.4857185216 
        5.6350000000         0.5011555381         1.4985812518         7.4320844916         0.5177452776 
        5.6400000000         0.5042163174         1.5495602815         8.7600724290         0.5721907629 
        5.6450000000         0.5072571911         1.5062281063         7.6312826822         0.5978121677 
        5.6500001000         0.5102780994         1.5521092330         8.8264718258         0.6490549774 
        5.6550000000         0.5132787424         1.5062281063         7.6312826822         0.6714737066 
        5.6600000000         0.5162591822         1.5291686697         8.2288772540         0.7195138406 
        5.6650000000         0.5192192409         1.5291686697         8.2288772540         0.7515405967 
        5.6700000000         0.5221588018         1.5572071360         8.9592706196         0.8123914332 
        5.6750000000         0.5250777487         1.5164239122         7.8968802697         0.8444181892 
        5.6800000000         0.5279759665         1.5317176211         8.2952766509         0.8764449452 
        5.6850000000         0.5308533407         1.5470113301         8.6936730321         0.9276877549 
        5.6900001000         0.5337098146         1.5368155241         8.4280754446         0.9693225377 
        5.6950000000         0.5365451048         1.5674029419         9.2248682071         1.0077546450 
        5.7000000000         0.5393592699         1.5393644756         8.4944748415         1.0493894278 
        5.7050000000         0.5421521421         1.5521092330         8.8264718258         1.1038349131 
        5.7100000000         0.5449236111         1.5521092330         8.8264718258         1.1326589935 
        5.7150001000         0.5476736222         1.5470113301         8.6936730321         1.1742937764 
        5.7200000000         0.5504019025         1.5368155241         8.4280754446         1.2223339104 
        5.7250000000         0.5531085087         1.5546581845         8.8928712227         1.2575633421 
        5.7300001000         0.5557933325         1.5648539905         9.1584688102         1.3216168542 
        5.7350000000         0.5584561077         1.5546581845         8.8928712227         1.3536436102 
        5.7402679000         0.5612377582         1.5572071360         8.9592706196         1.3952783931 
        5.7450001000         0.5637155721         1.5572071360         8.9592706196         1.4433185271 
        5.7500000000         0.5663118961         1.5826966509         9.6232645883         1.5009666880 
        5.7550000000         0.5688859151         1.5470113301         8.6936730321         1.5329934440 
        5.7600000000         0.5714374755         1.5750497964         9.4240663977         1.5778309025 
        5.7650000000         0.5739664765         1.5597560875         9.0256700165         1.6290737121 
        5.7700000000         0.5764728183         1.5775987479         9.4904657945         1.6578977926 
        5.7750001000         0.5789564514         1.5546581845         8.8928712227         1.7027352510 
        5.7800000000         0.5814171294         1.5979903598        10.0216609695         1.7539780607 
        5.7850000000         0.5838549035         1.5521092330         8.8264718258         1.7988155191 
        5.7900000000         0.5862696280         1.6081861657        10.2872585570         1.8532610044 
        5.7950000000         0.5886612076         1.5546581845         8.8928712227         1.8916931116 
        5.8000000000         0.5910295479         1.5725008449         9.3576670008         1.9397332457 
        5.8050000000         0.5933745553         1.5699518934         9.2912676039         1.9973814066 
        5.8100000000         0.5956961373         1.5979903598        10.0216609695         2.0390161894 
        5.8150001000         0.5979942479         1.5775987479         9.4904657945         2.0838536479 
        5.8200000000         0.6002686593         1.5699518934         9.2912676039         2.1254884307 
        5.8250000000         0.6025194189         1.5801476994         9.5568651914         2.1767312404 
        5.8300000000         0.6047463920         1.5979903598        10.0216609695         2.2375820769 
        5.8350000000         0.6069494908         1.5648539905         9.1584688102         2.2824195353 
        5.8400001000         0.6091286716         1.6107351172        10.3536579538         2.3144462913 
        5.8450000000         0.6112837184         1.5699518934         9.2912676039         2.3720944522 
        5.8500000000         0.6134146760         1.6158330202        10.4864567476         2.4297426131 
        5.8550001000         0.6155214590         1.5801476994         9.5568651914         2.4617693691 
        5.8600005000         0.6176040655         1.6158330202        10.4864567476         2.5290255568 
        5.8650000000         0.6196619179         1.6005393113        10.0880603664         2.5802683665 
        5.8700001000         0.6216955546         1.5903435053         9.8224627789         2.6315111761 
        5.8750000000         0.6237045669         1.6209309231        10.6192555413         2.6699432834 
        5.8800000000         0.6256889969         1.5928924568         9.8888621758         2.7243887686 
        5.8850000000         0.6276487257         1.6081861657        10.2872585570         2.7660235515 
        5.8900000000         0.6295836761         1.5928924568         9.8888621758         2.8300770636 
        5.8950000000         0.6314937716         1.6234798746        10.6856549382         2.8909279000 
        5.9000001000         0.6333789742         1.6005393113        10.0880603664         2.9357653585 
        5.9050000000         0.6352390972         1.5979903598        10.0216609695         2.9838054925 
        5.9100000000         0.6370741795         1.6158330202        10.4864567476         3.0286429510 
        5.9150000000         0.6388841112         1.6107351172        10.3536579538         3.0926964631 
        5.9200000000         0.6406688208         1.6183819717        10.5528561444         3.1407365971 
        5.9250000000         0.6424282380         1.6285777776        10.8184537319         3.1471419483 
        5.9300000000         0.6441622932         1.6311267291        10.8848531288         3.1471419483 
        5.9350000000         0.6458709179         1.6183819717        10.5528561444        -1.7529517255 
        5.9400001000         0.6475540782         1.6158330202        10.4864567476        -1.7689651035 
        5.9450000000         0.6492116073         1.6464204380        11.2832495100        -3.1301022351 
        5.9500000000         0.6508435401         1.6285777776        10.8184537319        -3.1365075864 
        5.9550000000         0.6524497787         1.6413225350        11.1504507163        -3.1397102620 
        5.9600000000         0.6540302597         1.6260288261        10.7520543351        -3.0916701279 
        5.9650001000         0.6555849516         1.6464204380        11.2832495100        -3.0276166158 
        5.9700793000         0.6571377380         1.6285777776        10.8184537319        -2.9795764818 
        5.9750000000         0.6586165383         1.6566162440        11.5488470975        -2.9123202941 
        5.9800001000         0.6600934044         1.6260288261        10.7520543351        -2.8738881868 
        5.9850000000         0.6615441526         1.6668120499        11.8144446850        -2.7970239724 
        5.9900000000         0.6629688135         1.6387735836        11.0840513194        -2.7489838383 
        5.9950001000         0.6643673292         1.6642630984        11.7480452881        -2.6817276506 
        6.0000000000         0.6657395614         1.6311267291        10.8848531288        -2.6432955434 
        6.0050000000         0.6670855391         1.6566162440        11.5488470975        -2.5824447069 
        6.0100000000         0.6684051813         1.6719099529        11.9472434787        -2.5151885192 
        6.0150000000         0.6696984361         1.6591651954        11.6152464944        -2.4575403583 
        6.0200001000         0.6709652774         1.6489693895        11.3496489069        -2.4127028999 
        6.0250001000         0.6722056045         1.6719099529        11.9472434787        -2.3422440366 
        6.0300000000         0.6734193701         1.6642630984        11.7480452881        -2.2942039026 
        6.0350000000         0.6746065748         1.6489693895        11.3496489069        -2.2461637685 
        6.0400000000         0.6757671472         1.6795568073        12.1464416693        -2.1789075808 
        6.0450000000         0.6769010414         1.6719099529        11.9472434787        -2.1116513931 
        6.0500000000         0.6780082128         1.6719099529        11.9472434787        -2.0700166103 
        6.0550000000         0.6790886175         1.6668120499        11.8144446850        -2.0027604226 
        6.0600000000         0.6801422130         1.6744589044        12.0136428756        -1.9483149373 
        6.0650001000         0.6811689780         1.6795568073        12.1464416693        -1.8906667765 
        6.0700000000         0.6821688110         1.6719099529        11.9472434787        -1.8298159400 
        6.0793859000         0.6839729586         1.6872036618        12.3456398599        -1.7017089158 
        6.0811840000         0.6843077348         1.6719099529        11.9472434787        -1.7049115914 
        6.0850000000         0.6850066330         1.6846547103        12.2792404631        -1.6472634306 
        6.0900001000         0.6858985542         1.6897526133        12.4120392568        -1.5896152697 
        6.0953845000         0.6868287451         1.6719099529        11.9472434787        -1.5415751357 
        6.1000000000         0.6876010755         1.6923015648        12.4784386537        -1.4679135968 
        6.1050001000         0.6884116594         1.6948505162        12.5448380505        -1.4102654359 
        6.1103309000         0.6892459194         1.7101442252        12.9432344317        -1.3366038970 
        6.1150159000         0.6899535778         1.6897526133        12.4120392568        -1.2757530605 
        6.1200327000         0.6906848385         1.6923015648        12.4784386537        -1.2277129265 
        6.1250000000         0.6913818384         1.7050463222        12.8104356380        -1.1444433608 
        6.1300000000         0.6920562213         1.6923015648        12.4784386537        -1.1092139291 
        6.1350000000         0.6927032830         1.7152421281        13.0760332255        -1.0419577415 
        6.1400000000         0.6933229980         1.6973994677        12.6112374474        -0.9907149318 
        6.1450001000         0.6939153533         1.6973994677        12.6112374474        -0.9266614197 
        6.1500001000         0.6944803019         1.7177910796        13.1424326224        -0.8594052320 
        6.1550000000         0.6950178232         1.7024973707        12.7440362411        -0.8049597468 
        6.1600000000         0.6955279174         1.7050463222        12.8104356380        -0.7377035591 
        6.1650000000         0.6960105533         1.7177910796        13.1424326224        -0.6672446958 
        6.1700000000         0.6964657119         1.7101442252        12.9432344317        -0.6160018861 
        6.1750000000         0.6968933752         1.7203400311        13.2088320192        -0.5423403473 
        6.1800000000         0.6972935264         1.7024973707        12.7440362411        -0.4910975376 
        6.1850000000         0.6976661496         1.7203400311        13.2088320192        -0.4302467011 
        6.1900001000         0.6980112368         1.7126931766        13.0096338286        -0.3533824866 
        6.1950000000         0.6983287545         1.7254379341        13.3416308130        -0.2957343258 
        6.2000000000         0.6986187099         1.7126931766        13.0096338286        -0.2316808137 
        6.2050000000         0.6988810851         1.6973994677        12.6112374474        -0.1772353284 
        6.2100000000         0.6991158696         1.7203400311        13.2088320192        -0.1163844920 
        6.2150001000         0.6993230581         1.7177910796        13.1424326224        -0.0427229531 
        6.2200000000         0.6995026308         1.7177910796        13.1424326224         0.0085198566 
        6.2250000000         0.6996545923         1.7177910796        13.1424326224         0.0789787199 
        6.2300001000         0.6997789347         1.7024973707        12.7440362411         0.1430322320 
        6.2350000000         0.6998756467         1.7305358370        13.4744296067         0.2102884196 
        6.2400000000         0.6999447309         1.7101442252        12.9432344317         0.2743419317 
        6.2450001000         0.6999861832         1.7254379341        13.3416308130         0.3351927682 
        6.2500000000         0.7000000000         1.7126931766        13.0096338286         0.3992462803 
        6.2550000000         0.6999861826         1.7177910796        13.1424326224         0.4665024679 
        6.2600000000         0.6999447309         1.7228889826        13.2752314161         0.5369613312 
        6.2650000000         0.6998756467         1.7126931766        13.0096338286         0.5850014653 
        6.2700001000         0.6997789303         1.7228889826        13.2752314161         0.6458523018 
        6.2750001000         0.6996545895         1.7024973707        12.7440362411         0.7131084894 
        6.2800000000         0.6995026308         1.7305358370        13.4744296067         0.7739593259 
        6.2850000000         0.6993230543         1.6897526133        12.4120392568         0.8412155136 
        6.2900000000         0.6991158696         1.7305358370        13.4744296067         0.9212824037 
        6.2950000000         0.6988810851         1.7126931766        13.0096338286         0.9693225377 
        6.3000000000         0.6986187099         1.7152421281        13.0760332255         1.0301733742 
        6.3050000000         0.6983287545         1.7152421281        13.0760332255         1.1070375887 
        6.3100000000         0.6980112302         1.7075952737        12.8768350349         1.1710911008 
        6.3151006000         0.6976589239         1.7228889826        13.2752314161         1.2479553153 
        6.3200000000         0.6972935264         1.7254379341        13.3416308130         1.2991981249 
        6.3250000000         0.6968933752         1.7126931766        13.0096338286         1.3536436102 
        6.3300000000         0.6964657119         1.7024973707        12.7440362411         1.4305078247 
        6.3350000000         0.6960105533         1.7356337400        13.6072284004         1.5041693636 
        6.3400001000         0.6955279074         1.6846547103        12.2792404631         1.5426014708 
        6.3450000000         0.6950178232         1.7381826915        13.6736277973         1.6322763877 
        6.3500000000         0.6944802909         1.7024973707        12.7440362411         1.6739111706 
        6.3550001000         0.6939153302         1.7152421281        13.0760332255         1.7347620071 
        6.3600000000         0.6933229980         1.7075952737        12.8768350349         1.8020181947 
        6.3650000000         0.6927032830         1.7024973707        12.7440362411         1.8660717068 
        6.3700001000         0.6920562081         1.7254379341        13.3416308130         1.9429359213 
        6.3750000000         0.6913818384         1.6948505162        12.5448380505         1.9877733798 
        6.3800000000         0.6906801609         1.7254379341        13.3416308130         2.0614349186 
        6.3850000000         0.6899512166         1.7101442252        12.9432344317         2.1350964575 
        6.3900000000         0.6891950342         1.7126931766        13.0096338286         2.1991499696 
        6.3950001000         0.6884116276         1.6973994677        12.6112374474         2.2471901037 
        6.4000001000         0.6876010590         1.7126931766        13.0096338286         2.3176489670 
        6.4050000000         0.6867633622         1.7024973707        12.7440362411         2.3849051546 
        6.4100000000         0.6858985367         1.7024973707        12.7440362411         2.4393506399 
        6.4150000000         0.6850066330         1.7101442252        12.9432344317         2.5098095032 
        6.4200000000         0.6840876865         1.6795568073        12.1464416693         2.5706603397 
        6.4250000000         0.6831417334         1.7126931766        13.0096338286         2.6283085005 
        6.4300000000         0.6821688110         1.6923015648        12.4784386537         2.6987673638 
        6.4350000000         0.6811689577         1.7075952737        12.8768350349         2.7724289027 
        6.4400001000         0.6801421922         1.7024973707        12.7440362411         2.8396850904 
        6.4450000000         0.6790886175         1.6948505162        12.5448380505         2.8909279000 
        6.4500000000         0.6780082128         1.6923015648        12.4784386537         2.9517787365 
        6.4550029000         0.6769003915         1.7024973707        12.7440362411         3.0222375998 
        6.4600000000         0.6757671472         1.7050463222        12.8104356380         3.0894937875 
        6.4650001000         0.6746065513         1.7024973707        12.7440362411         3.1503446239 
        6.4700000000         0.6734193701         1.7126931766        13.0096338286         3.1471419483 
        6.4750000000         0.6722055800         1.7126931766        13.0096338286         3.1375339215 
        6.4800001000         0.6709652272         1.7050463222        12.8104356380        -1.7561544011 
        6.4850000000         0.6696984361         1.7228889826        13.2752314161        -3.1333049108 
        6.4900000000         0.6684051813         1.7024973707        12.7440362411        -3.1397102620 
        6.4950001000         0.6670855124         1.7126931766        13.0096338286        -3.1204942083 
        6.5000062000         0.6657378761         1.7050463222        12.8104356380        -3.0628460475 
        6.5050000000         0.6643673015         1.7126931766        13.0096338286        -2.9891845086 
        6.5100000000         0.6629688135         1.7126931766        13.0096338286        -2.9315363477 
        6.5150000000         0.6615441526         1.7177910796        13.1424326224        -2.8514694576 
        6.5200001000         0.6600933458         1.7203400311        13.2088320192        -2.7938212967 
        6.5250001000         0.6586165085         1.7024973707        12.7440362411        -2.7329704603 
        6.5300000000         0.6571137004         1.7126931766        13.0096338286        -2.6785249750 
        6.5350000000         0.6555849207         1.6973994677        12.6112374474        -2.6144714629 
        6.5400000000         0.6540302597         1.7126931766        13.0096338286        -2.5536206265 
        6.5450000000         0.6524497787         1.7203400311        13.2088320192        -2.4671483852 
        6.5500000000         0.6508435401         1.7228889826        13.2752314161        -2.4095002243 
        6.5550000000         0.6492116073         1.7126931766        13.0096338286        -2.3422440366 
        6.5600000000         0.6475540448         1.7126931766        13.0096338286        -2.2877985513 
        6.5650001000         0.6458708840         1.7254379341        13.3416308130        -2.2141370125 
        6.5700000000         0.6441622932         1.7279868856        13.4080302098        -2.1436781492 
        6.5750000000         0.6424282380         1.7152421281        13.0760332255        -2.0828273127 
        6.5800000000         0.6406688208         1.7101442252        12.9432344317        -2.0251791518 
        6.5850000000         0.6388841112         1.7101442252        12.9432344317        -1.9611256398 
        6.5900001000         0.6370741430         1.7305358370        13.4744296067        -1.9066801545 
        6.5950000000         0.6352390972         1.7024973707        12.7440362411        -1.8426266424 
        6.6000000000         0.6333789367         1.7203400311        13.2088320192        -1.7721677791 
        6.6050001000         0.6314937336         1.7305358370        13.4744296067        -1.6953035646 
        6.6100000000         0.6295836761         1.6999484192        12.6776368443        -1.6536687818 
        6.6150000000         0.6276487257         1.7305358370        13.4744296067        -1.5896152697 
        6.6200001000         0.6256889575         1.7152421281        13.0760332255        -1.5095483796 
        6.6252553000         0.6236025805         1.7254379341        13.3416308130        -1.4390895163 
        6.6300000000         0.6216955142         1.7126931766        13.0096338286        -1.3942520579 
        6.6350000000         0.6196619179         1.7075952737        12.8768350349        -1.3269958702 
        6.6400000000         0.6176038585         1.7228889826        13.2752314161        -1.2693477093 
        6.6450001000         0.6155213752         1.7050463222        12.8104356380        -1.1988888460 
        6.6500001000         0.6134146337         1.7101442252        12.9432344317        -1.1444433608 
        6.6550000000         0.6112837184         1.7050463222        12.8104356380        -1.0739844975 
        6.6600000000         0.6091286283         1.7228889826        13.2752314161        -1.0099309854 
        6.6650000000         0.6069494908         1.6999484192        12.6776368443        -0.9426747977 
        6.6700017000         0.6047456389         1.7254379341        13.3416308130        -0.8786212857 
        6.6750000000         0.6025194189         1.7050463222        12.8104356380        -0.8241758004 
        6.6800000000         0.6002686593         1.7050463222        12.8104356380        -0.7633249639 
        6.6850000000         0.5979942022         1.7203400311        13.2088320192        -0.7056768031 
        6.6900001000         0.5956960911         1.6846547103        12.2792404631        -0.6480286422 
        6.6950000000         0.5933745553         1.7177910796        13.1424326224        -0.5807724545 
        6.7000000000         0.5910295479         1.7024973707        12.7440362411        -0.5167189424 
        6.7050000000         0.5886612076         1.7126931766        13.0096338286        -0.4430574035 
        6.7100000000         0.5862696280         1.7050463222        12.8104356380        -0.3918145939 
        6.7150001000         0.5838548550         1.6973994677        12.6112374474        -0.3309637574 
        6.7200000000         0.5814171294         1.7126931766        13.0096338286        -0.2605048941 
        6.7250000000         0.5789564020         1.6821057588        12.2128410662        -0.2092620845 
        6.7300001000         0.5764727684         1.7152421281        13.0760332255        -0.1484112480 
        6.7350000000         0.5739664765         1.6821057588        12.2128410662        -0.0939657627 
        6.7400000000         0.5714374755         1.6897526133        12.4120392568        -0.0331149263 
        6.7450001000         0.5688858639         1.6846547103        12.2792404631         0.0245332346 
        6.7500000000         0.5663118961         1.6821057588        12.2128410662         0.0821813955 
        6.7550000000         0.5637155200         1.6923015648        12.4784386537         0.1494375832 
        6.7600000000         0.5610968894         1.6923015648        12.4784386537         0.2102884196 
        6.7650017000         0.5584552061         1.6923015648        12.4784386537         0.2807472829 
        6.7700001000         0.5557932256         1.6770078558        12.0800422724         0.3223820658 
        6.7750001000         0.5531084548         1.6693610014        11.8808440818         0.3960436047 
        6.7800000000         0.5504019025         1.6999484192        12.6776368443         0.4440837387 
        6.7850005000         0.5476732935         1.6693610014        11.8808440818         0.5081372508 
        6.7900000000         0.5449236111         1.6821057588        12.2128410662         0.5561773849 
        6.7950000000         0.5421521421         1.6693610014        11.8808440818         0.6234335725 
        6.8000000000         0.5393592699         1.6923015648        12.4784386537         0.6842844090 
        6.8050000000         0.5365451048         1.6489693895        11.3496489069         0.7387298943 
        6.8100000000         0.5337097577         1.6744589044        12.0136428756         0.8059860819 
        6.8150001000         0.5308532834         1.6795568073        12.1464416693         0.8668369184 
        6.8200000000         0.5279759665         1.6591651954        11.6152464944         0.9052690257 
        6.8250000000         0.5250777487         1.6668120499        11.8144446850         0.9789305646 
        6.8300000000         0.5221588018         1.6617141469        11.6816458912         1.0301733742 
        6.8350000000         0.5192192409         1.6464204380        11.2832495100         1.0878215351 
        6.8400001000         0.5162591228         1.6923015648        12.4784386537         1.1550777228 
        6.8450000000         0.5132787424         1.6413225350        11.1504507163         1.2031178568 
        6.8500000000         0.5102780392         1.6642630984        11.7480452881         1.2575633421 
        6.8550007000         0.5072567668         1.6591651954        11.6152464944         1.3056034761 
        6.8600000000         0.5042163174         1.6515183410        11.4160483038         1.3728596638 
        6.8650000000         0.5011555381         1.6438714865        11.2168501131         1.4337105003 
        6.8700001000         0.4980749122         1.6591651954        11.6152464944         1.4753452831 
        6.8750000000         0.4949747468         1.6234798746        10.6856549382         1.5393987952 
        6.8800026000         0.4918533515         1.6668120499        11.8144446850         1.5906416049 
        6.8850000000         0.4887157933         1.6234798746        10.6856549382         1.6482897658 
        6.8900000000         0.4855573141         1.6515183410        11.4160483038         1.6995325754 
        6.8950001000         0.4823796021         1.6209309231        10.6192555413         1.7507753851 
        6.9000001000         0.4791829100         1.6209309231        10.6192555413         1.8020181947 
        6.9050000000         0.4759673651         1.6311267291        10.8848531288         1.8500583288 
        6.9100000000         0.4727329657         1.6311267291        10.8848531288         1.9141118409 
        6.9150000000         0.4694799036         1.6311267291        10.8848531288         1.9685573261 
        6.9200000000         0.4662083072         1.6158330202        10.4864567476         2.0198001358 
        6.9250000000         0.4629183057         1.6362246321        11.0176519225         2.0838536479 
        6.9300000000         0.4596100290         1.5903435053         9.8224627789         2.1222857551 
        6.9350000000         0.4562836077         1.6311267291        10.8848531288         2.1799339160 
        6.9400001000         0.4529391060         1.6005393113        10.0880603664         2.2279740500 
        6.9450000000         0.4495768572         1.6005393113        10.0880603664         2.2728115085 
        6.9500000000         0.4461967928         1.6209309231        10.6192555413         2.3336623450 
        6.9550000000         0.4427991133         1.6030882627        10.1544597632         2.3849051546 
        6.9600000000         0.4393839529         1.6081861657        10.2872585570         2.4329452887 
        6.9650001000         0.4359513775         1.5826966509         9.6232645883         2.4777827471 
        6.9700000000         0.4325017292         1.6081861657        10.2872585570         2.5322282324 
        6.9750000000         0.4290349376         1.5903435053         9.8224627789         2.5834710421 
        6.9800001000         0.4255511386         1.6081861657        10.2872585570         2.6379165273 
        6.9850000000         0.4220506792         1.6030882627        10.1544597632         2.6987673638 
        6.9900000000         0.4185334881         1.5954414083         9.9552615726         2.7371994711 
        6.9950001000         0.4149997033         1.5979903598        10.0216609695         2.7884422807 
        7.0000000000         0.4114496766         1.5775987479         9.4904657945         2.8364824148 
        7.0050000000         0.4078833358         1.5954414083         9.9552615726         2.8845225488 
        7.0100000000         0.4043008924         1.5826966509         9.6232645883         2.9357653585 
        7.0150000000         0.4007024879         1.5979903598        10.0216609695         2.9902108438 
        7.0200001000         0.3970881919         1.5801476994         9.5568651914         3.0286429510 
        7.0250001000         0.3934582918         1.5903435053         9.8224627789         3.0894937875 
        7.0300032000         0.3898105935         1.6005393113        10.0880603664         3.1407365971 
        7.0350000000         0.3861521094         1.5750497964         9.4240663977         3.1407365971 
        7.0400000000         0.3824760427         1.5852456023         9.6896639851         3.1407365971 
        7.0450000000         0.3787848765         1.5877945538         9.7560633820        -1.7561544011 
        7.0500000000         0.3750787565         1.5775987479         9.4904657945        -1.7561544011 
        7.0550000000         0.3713578290         1.5877945538         9.7560633820        -3.1397102620 
        7.0600000000         0.3676222410         1.5852456023         9.6896639851        -3.1301022351 
        7.0650009000         0.3638714635         1.5801476994         9.5568651914        -3.1429129376 
        7.0700000000         0.3601076736         1.5674029419         9.2248682071        -3.1429129376 
        7.0750000000         0.3563289910         1.5775987479         9.4904657945        -3.1076835059 
        7.0800000000         0.3525362411         1.5597560875         9.0256700165        -3.0596433719 
        7.0850000000         0.3487295737         1.5775987479         9.4904657945        -3.0051978866 
        7.0900001000         0.3449090625         1.5775987479         9.4904657945        -2.9475497257 
        7.0950000000         0.3410750880         1.5623050390         9.0920694133        -2.8963069161 
        7.1000000000         0.3372275719         1.5546581845         8.8928712227        -2.8674828356 
        7.1050001000         0.3333666652         1.5674029419         9.2248682071        -2.8034293236 
        7.1100000000         0.3294927525         1.5572071360         8.9592706196        -2.6977410286 
        7.1199450000         0.3217488702         1.5470113301         8.6936730321        -2.6849303262 
        7.1212996000         0.3206901671         1.5546581845         8.8928712227        -2.6689169482 
        7.1250000000         0.3177933498         1.5597560875         9.0256700165        -2.6432955434 
        7.1300000000         0.3138682513         1.5495602815         8.7600724290        -2.5920527337 
        7.1350000000         0.3099307617         1.5674029419         9.2248682071        -2.5536206265 
        7.1400000000         0.3059810367         1.5393644756         8.4944748415        -2.5119858436 
        7.1450001000         0.3020191526         1.5470113301         8.6936730321        -2.4543376827 
        7.1500001000         0.2980454245         1.5317176211         8.2952766509        -2.4159055755 
        7.1550000000         0.2940600099         1.5572071360         8.9592706196        -2.3742707926 
        7.1600000000         0.2900629067         1.5240707667         8.0960784603        -2.3390413610 
        7.1650000000         0.2860543523         1.5572071360         8.9592706196        -2.2781905245 
        7.1700000000         0.2820345050         1.5419134271         8.5608742384        -2.2397584173 
        7.1750000000         0.2780035234         1.5393644756         8.4944748415        -2.2077316612 
        7.1800000000         0.2739615668         1.5342665726         8.3616760478        -2.1628942028 
        7.1850000000         0.2699087946         1.5113260093         7.7640814759        -2.1340701224 
        7.1900001000         0.2658452855         1.5291686697         8.2288772540        -2.0956380151 
        7.1950000000         0.2617714440         1.5087770578         7.6976820791        -2.0475978811 
        7.2000000000         0.2576871869         1.5317176211         8.2952766509        -2.0155711250 
        7.2050000000         0.2535927567         1.4985812518         7.4320844916        -1.9803416934 
        7.2100000000         0.2494883151         1.5266197182         8.1624778572        -1.9483149373 
        7.2150001000         0.2453739418         1.5011302033         7.4984838885        -1.8970721277 
        7.2200000000         0.2412500462         1.5164239122         7.8968802697        -1.8554373448 
        7.2250000000         0.2371165442         1.5087770578         7.6976820791        -1.8202079132 
        7.2300001000         0.2329735982         1.5087770578         7.6976820791        -1.7785731303 
        7.2350000000         0.2288216208         1.4985812518         7.4320844916        -1.7433436987 
        7.2400000000         0.2246605269         1.4985812518         7.4320844916        -1.7049115914 
        7.2450001000         0.2204904803         1.4960323003         7.3656850947        -1.6632768086 
        7.2500000000         0.2163118961         1.5087770578         7.6976820791        -1.6280473770 
        7.2550000000         0.2121246887         1.4934833489         7.2992856979        -1.6120339989 
        7.2600000000         0.2079291071         1.4807385914         6.9672887135        -1.5736018917 
        7.2650000000         0.2037253168         1.4985812518         7.4320844916        -1.5191564064 
        7.2700001000         0.1995133994         1.4985812518         7.4320844916        -1.4871296504 
        7.2750001000         0.1952936898         1.4934833489         7.2992856979        -1.4486975431 
        7.2800000000         0.1910663549         1.4858364944         7.1000875072        -1.4134681115 
        7.2850000000         0.1868313925         1.4883854459         7.1664869041        -1.3942520579 
        7.2900000000         0.1825890544         1.4730917370         6.7680905229        -1.3526172750 
        7.2950000000         0.1783395080         1.4858364944         7.1000875072        -1.3205905190 
        7.3000000000         0.1740829210         1.4756406885         6.8344899198        -1.2949691142 
        7.3050000000         0.1698194616         1.4807385914         6.9672887135        -1.2565370069 
        7.3100000000         0.1655492979         1.4730917370         6.7680905229        -1.2084968729 
        7.3150001000         0.1612725131         1.4756406885         6.8344899198        -1.1860781436 
        7.3200000000         0.1569895327         1.4628959310         6.5024929354        -1.1540513876 
        7.3250000000         0.1527002690         1.4705427855         6.7016911260        -1.1092139291 
        7.3300000000         0.1484049769         1.4577980281         6.3696941417        -1.0932005511 
        7.3350000000         0.1441038261         1.4603469795         6.4360935385        -1.0611737951 
        7.3400001000         0.1397969002         1.4527001251         6.2368953479        -1.0323497146 
        7.3450000000         0.1354846276         1.4577980281         6.3696941417        -1.0035256342 
        7.3500000000         0.1311669202         1.4450532706         6.0376971573        -0.9714988782 
        7.3550001000         0.1268439480         1.4603469795         6.4360935385        -0.9426747977 
        7.3600000000         0.1225161413         1.4450532706         6.0376971573        -0.9170533929 
        7.3650000000         0.1181834113         1.4450532706         6.0376971573        -0.8818239613 
        7.3700001000         0.1138459289         1.4323085132         5.7057001730        -0.8594052320 
        7.3750000000         0.1095041255         1.4476022221         6.1040965542        -0.8145677736 
        7.3800000000         0.1051579124         1.4374064162         5.8384989667        -0.7953517200 
        7.3850000000         0.1008075478         1.4374064162         5.8384989667        -0.7665276395 
        7.3900000000         0.0964532035         1.4323085132         5.7057001730        -0.7441089103 
        7.3950001000         0.0920949642         1.4272106102         5.5729013792        -0.7216901811 
        7.4000001000         0.0877331762         1.4323085132         5.7057001730        -0.6800553982 
        7.4050000000         0.0833680121         1.4348574647         5.7720995699        -0.6576366690 
        7.4100000000         0.0789994694         1.4272106102         5.5729013792        -0.6256099130 
        7.4150000000         0.0746278080         1.4195637558         5.3737031886        -0.6095965349 
        7.4200000000         0.0702532004         1.4170148043         5.3073037918        -0.5807724545 
        7.4250000000         0.0658758193         1.4195637558         5.3737031886        -0.5423403473 
        7.4300000000         0.0614958376         1.4119169013         5.1745049980        -0.5231242936 
        7.4350000000         0.0571134281         1.4170148043         5.3073037918        -0.4910975376 
        7.4400001000         0.0527286762         1.4042700468         4.9753068074        -0.4782868352 
        7.4450000000         0.0483420180         1.4068189983         5.0417062043        -0.4622734572 
        7.4500000000         0.0439533637         1.3966231924         4.7761086168        -0.4302467011 
        7.4550000000         0.0395629741         1.3864273864         4.5105110293        -0.4110306475 
        7.4600000000         0.0351710227         1.3838784350         4.4441116325        -0.3886119183 
        7.4650001000         0.0307775950         1.3966231924         4.7761086168        -0.3661931891 
        7.4700000000         0.0263831279         1.3762315805         4.2449134419        -0.3533824866 
        7.4750000000         0.0219875314         1.3864273864         4.5105110293        -0.3245584062 
        7.4800001000         0.0175909789         1.3762315805         4.2449134419        -0.3021396770 
        7.4850000000         0.0131939078         1.3685847260         4.0457152513        -0.2893289746 
        7.4900000000         0.0087962279         1.3660357746         3.9793158544        -0.2573022185 
        7.4950001000         0.0043981128         1.3634868231         3.9129164575        -0.2348834893 
        7.5000000000         0.0000000000         1.3481931142         3.5145200763        -0.2284781381 
        7.5050000000        -0.0043982008         1.3379973082         3.2489224888        -0.2220727869 
        7.5100000000        -0.0087962279         1.3430952112         3.3817212826        -0.1868433552 
        7.5152999000        -0.0134576658         1.3201546478         2.7841267107        -0.1836406796 
        7.5211579000        -0.0186092682         1.3227035993         2.8505261076        -0.1612219504 
        7.5259430000        -0.0228166125         1.3176056963         2.7177273139        -0.1420058968 
        7.5300312000        -0.0264105533         1.3099588419         2.5185291233        -0.1356005456 
        7.5350000000        -0.0307776828         1.2538819092         1.0577423921        -0.1452085724 
        7.5400000000        -0.0351710227         1.2360392488         0.5929466140        -0.1356005456 
        7.5450000000        -0.0395629741         1.2156476369         0.0617514391        -0.1195871676 
        7.5500000000        -0.0439533637         1.2105497339        -0.0710473547        -0.1259925188 
        7.5550000000        -0.0483420180         1.2156476369         0.0617514391        -0.1195871676 
        7.5600000000        -0.0527287639         1.2207455399         0.1945502328        -0.1195871676 
        7.5650001000        -0.0571135158         1.2130986854        -0.0046479578        -0.1356005456 
        7.5700000000        -0.0614958376         1.2156476369         0.0617514391        -0.1291951944 
        7.5750000000        -0.0658758193         1.2080007824        -0.1374467515        -0.1356005456 
        7.5800000000        -0.0702532004         1.1927070735        -0.5358431327        -0.1420058968 
        7.5850000000        -0.0746278080         1.1315322379        -2.1294286576        -0.1388032212 
        7.5900001000        -0.0789995568         1.1748644131        -1.0006389108        -0.1548165992 
        7.5950000000        -0.0833680121         1.1697665101        -1.1334377046        -0.1484112480 
        7.6000000000        -0.0877332635         1.1519238497        -1.5982334826        -0.1516139236 
        7.6050001000        -0.0920951386         1.1723154616        -1.0670383077        -0.1580192748 
        7.6100000000        -0.0964532035         1.1519238497        -1.5982334826        -0.1740326528 
        7.6150000000        -0.1008075478         1.1621196557        -1.3326358952        -0.1676273016 
        7.6200001000        -0.1051579993         1.1697665101        -1.1334377046        -0.1772353284 
        7.6250000000        -0.1095041255         1.1544728012        -1.5318340858        -0.1900460308 
        7.6300000000        -0.1138460156         1.1570217527        -1.4654346889        -0.1996540577 
        7.6350000000        -0.1181834113         1.1595707042        -1.3990352920        -0.2060594089 
        7.6400000000        -0.1225161413         1.1493748983        -1.6646328795        -0.2220727869 
        7.6450001000        -0.1268441211         1.1646686072        -1.2662364983        -0.2124647601 
        7.6500001000        -0.1311670066         1.1519238497        -1.5982334826        -0.2252754625 
        7.6550000000        -0.1354846276         1.1493748983        -1.6646328795        -0.2412888405 
        7.6600000000        -0.1397969864         1.1468259468        -1.7310322764        -0.2444915161 
        7.6650000000        -0.1441038261         1.1417280438        -1.8638310701        -0.2508968673 
        7.6700000000        -0.1484049769         1.1442769953        -1.7974316733        -0.2508968673 
        7.6750000000        -0.1527002690         1.1544728012        -1.5318340858        -0.2605048941 
        7.6800000000        -0.1569895327         1.1417280438        -1.8638310701        -0.2797209477 
        7.6850842000        -0.1613446715         1.1315322379        -2.1294286576        -0.2893289746 
        7.6900001000        -0.1655493834         1.1391790923        -1.9302304670        -0.2989370014 
        7.6950000000        -0.1698194616         1.1417280438        -1.8638310701        -0.2989370014 
        7.7003761000        -0.1744033426         1.1417280438        -1.8638310701        -0.3085450282 
        7.7050000000        -0.1783395080         1.1366301408        -1.9966298639        -0.3245584062 
        7.7100000000        -0.1825890544         1.1442769953        -1.7974316733        -0.3437744598 
        7.7150001000        -0.1868314773         1.1442769953        -1.7974316733        -0.3373691086 
        7.7200000000        -0.1910663549         1.1544728012        -1.5318340858        -0.3373691086 
        7.7250000000        -0.1952937742         1.1417280438        -1.8638310701        -0.3629905134 
        7.7300001000        -0.1995135680         1.1264343349        -2.2622274513        -0.3790038915 
        7.7350000000        -0.2037253168         1.1289832864        -2.1958280545        -0.3854092427 
        7.7400000000        -0.2079291071         1.1136895775        -2.5942244357        -0.4014226207 
        7.7450001000        -0.2121247726         1.1315322379        -2.1294286576        -0.4046252963 
        7.7500254000        -0.2163331454         1.1085916745        -2.7270232294        -0.4142333231 
        7.7550000000        -0.2204905638         1.1340811893        -2.0630292607        -0.4238413499 
        7.7600000000        -0.2246605269         1.0983958685        -2.9926208169        -0.4366520523 
        7.7650000000        -0.2288216208         1.1213364319        -2.3950262451        -0.4526654304 
        7.7700001000        -0.2329737641         1.0958469171        -3.0590202138        -0.4654761328 
        7.7750001000        -0.2371166269         1.1060427230        -2.7934226263        -0.4782868352 
        7.7800000000        -0.2412500462         1.0907490141        -3.1918190075        -0.4910975376 
        7.7850000000        -0.2453740241         1.1034937715        -2.8598220232        -0.5039082400 
        7.7900000000        -0.2494883151         1.0856511111        -3.3246178012        -0.5231242936 
        7.7950000000        -0.2535927567         1.1060427230        -2.7934226263        -0.5295296448 
        7.8000000000        -0.2576871869         1.0703574022        -3.7230141825        -0.5519483741 
        7.8050000000        -0.2617714440         1.0907490141        -3.1918190075        -0.5807724545 
        7.8100001000        -0.2658454482         1.0729063537        -3.6566147856        -0.5871778057 
        7.8150001000        -0.2699088757         1.0907490141        -3.1918190075        -0.6063938593 
        7.8200000000        -0.2739615668         1.0703574022        -3.7230141825        -0.6224072374 
        7.8250000000        -0.2780035234         1.0805532081        -3.4574165950        -0.6480286422 
        7.8300000000        -0.2820345050         1.0652594992        -3.8558129762        -0.6480286422 
        7.8350000000        -0.2860543523         1.0780042567        -3.5238159919        -0.6704473714 
        7.8400001000        -0.2900629867         1.0525147418        -4.1878099606        -0.6992714518 
        7.8450000000        -0.2940600099         1.0729063537        -3.6566147856        -0.7120821543 
        7.8500000000        -0.2980455041         1.0703574022        -3.7230141825        -0.7248928567 
        7.8550001000        -0.3020193113         1.0576126448        -4.0550111668        -0.7473115859 
        7.8600000000        -0.3059810367         1.0678084507        -3.7894135793        -0.7537169371 
        7.8650000000        -0.3099307617         1.0601615963        -3.9886117699        -0.7761356663 
        7.8700001000        -0.3138683299         1.0576126448        -4.0550111668        -0.8049597468 
        7.8750000000        -0.3177933498         1.0397699844        -4.5198069449        -0.8273784760 
        7.8800000000        -0.3217059024         1.0499657903        -4.2542093574        -0.8433918540 
        7.8850000000        -0.3256057547         1.0372210329        -4.5862063418        -0.8754186101 
        7.8900000000        -0.3294927525         1.0397699844        -4.5198069449        -0.8882293125 
        7.8950001000        -0.3333668199         1.0525147418        -4.1878099606        -0.9010400149 
        7.9000001000        -0.3372276489         1.0423189359        -4.4534075480        -0.9234587441 
        7.9050000000        -0.3410750880         1.0423189359        -4.4534075480        -0.9554855002 
        7.9100000000        -0.3449091391         1.0346720814        -4.6526057386        -0.9650935270 
        7.9150000000        -0.3487295737         1.0321231299        -4.7190051355        -1.0003229586 
        7.9200000000        -0.3525362411         1.0295741784        -4.7854045324        -1.0099309854 
        7.9250000000        -0.3563289910         1.0244762754        -4.9182033261        -1.0419577415 
        7.9300000000        -0.3601076736         1.0448678873        -4.3870081512        -1.0643764707 
        7.9350001000        -0.3638722150         1.0270252269        -4.8518039292        -1.0803898487 
        7.9400001000        -0.3676223158         1.0321231299        -4.7190051355        -1.1124166047 
        7.9450000000        -0.3713578290         1.0270252269        -4.8518039292        -1.1348353340 
        7.9500000000        -0.3750787565         1.0295741784        -4.7854045324        -1.1508487120 
        7.9550000000        -0.3787848765         1.0193783725        -5.0510021199        -1.1828754680 
        7.9600000000        -0.3824760427         1.0091825665        -5.3165997073        -1.2084968729 
        7.9650001000        -0.3861521828         1.0091825665        -5.3165997073        -1.2341182777 
        7.9700000000        -0.3898129315         1.0117315180        -5.2502003105        -1.2629423581 
        7.9750000000        -0.3934583645         1.0193783725        -5.0510021199        -1.2789557361 
        7.9800001000        -0.3970883368         0.9964378091        -5.6485966917        -1.3141851678 
        7.9850000000        -0.4007024879         0.9964378091        -5.6485966917        -1.3494145994 
        7.9900000000        -0.4043008924         0.9989867606        -5.5821972948        -1.3686306530 
        7.9950001000        -0.4078834072         0.9964378091        -5.6485966917        -1.3910493823 
        8.0000000000        -0.4114496766         1.0040846636        -5.4493985011        -1.4134681115 
        8.0050000000        -0.4149997741         0.9964378091        -5.6485966917        -1.4519002187 
        8.0100001000        -0.4185335586         0.9989867606        -5.5821972948        -1.4775216236 
        8.0150000000        -0.4220506792         0.9785951487        -6.1133924698        -1.5031430284 
        8.0200001000        -0.4255512782         1.0091825665        -5.3165997073        -1.5415751357 
        8.0250000000        -0.4290349376         0.9709482942        -6.3125906604        -1.5703992161 
        8.0300000000        -0.4325017292         0.9964378091        -5.6485966917        -1.5960206209 
        8.0350000000        -0.4359514463         0.9709482942        -6.3125906604        -1.6248447014 
        8.0400000000        -0.4393839529         0.9785951487        -6.1133924698        -1.6664794842 
        8.0450001000        -0.4427991815         0.9709482942        -6.3125906604        -1.6888982134 
        8.0500000000        -0.4461967928         0.9683993428        -6.3789900572        -1.7177222939 
        8.0550001000        -0.4495769247         0.9811441002        -6.0469930729        -1.7401410231 
        8.0600000000        -0.4529391731         0.9785951487        -6.1133924698        -1.7689651035 
        8.0650001000        -0.4562836744         0.9607524883        -6.5781882478        -1.8105998864 
        8.0700000000        -0.4596100290         0.9556545853        -6.7109870416        -1.8394239668 
        8.0750000000        -0.4629183057         0.9633014398        -6.5117888510        -1.8714507228 
        8.0800000000        -0.4662083072         0.9556545853        -6.7109870416        -1.9130855057 
        8.0850000000        -0.4694799036         0.9633014398        -6.5117888510        -1.9290988837 
        8.0900001000        -0.4727330306         0.9403608764        -7.1093834228        -1.9739363422 
        8.0950000000        -0.4759673651         0.9480077309        -6.9101852322        -2.0123684494 
        8.1000001000        -0.4791830383         0.9429098279        -7.0429840259        -2.0379898542 
        8.1050000000        -0.4823796659         0.9429098279        -7.0429840259        -2.0700166103 
        8.1100000000        -0.4855573141         0.9480077309        -6.9101852322        -2.0956380151 
        8.1150000000        -0.4887157933         0.9429098279        -7.0429840259        -2.1308674468 
        8.1200001000        -0.4918550414         0.9276161190        -7.4413804072        -2.1789075808 
        8.1250001000        -0.4949748090         0.9480077309        -6.9101852322        -2.2045289856 
        8.1300000000        -0.4980749740         0.9301650705        -7.3749810103        -2.2493664441 
        8.1350001000        -0.5011555995         0.9250671675        -7.5077798040        -2.2813932001 
        8.1400000000        -0.5042163174         0.9378119249        -7.1757828197        -2.3134199562 
        8.1450001000        -0.5072572518         0.9148713616        -7.7733773915        -2.3614600902 
        8.1500000000        -0.5102780392         0.9276161190        -7.4413804072        -2.4030948731 
        8.1550000000        -0.5132787424         0.9046755556        -8.0389749790        -2.4415269803 
        8.1600000000        -0.5162591822         0.9174203130        -7.7069779946        -2.4767564120 
        8.1650000000        -0.5192192409         0.8868328952        -8.5037707571        -2.5279992216 
        8.1700001000        -0.5221588604         0.9225182160        -7.5741792009        -2.5568233021 
        8.1750000000        -0.5250777487         0.8817349922        -8.6365695508        -2.5984580849 
        8.1800001000        -0.5279760243         0.9199692645        -7.6405785978        -2.6304848410 
        8.1850000000        -0.5308533407         0.8919307982        -8.3709719633        -2.6817276506 
        8.1900001000        -0.5337098146         0.9097734586        -7.9061761852        -2.7169570823 
        8.1950000000        -0.5365451048         0.8817349922        -8.6365695508        -2.7617945407 
        8.2000000000        -0.5393592699         0.9072245071        -7.9725755821        -2.8066319992 
        8.2050000000        -0.5421521421         0.8893818467        -8.4373713602        -2.8386587552 
        8.2100000000        -0.5449236111         0.8970287012        -8.2381731696        -2.8931042405 
        8.2150001000        -0.5476736222         0.8740881378        -8.8357677414        -2.9475497257 
        8.2200000000        -0.5504019025         0.8970287012        -8.2381731696        -2.9827791574 
        8.2250000000        -0.5531085087         0.8664412833        -9.0349659320        -3.0340219670 
        8.2300462000        -0.5558179842         0.8944797497        -8.3045725665        -3.0788594255 
        8.2350000000        -0.5584561077         0.8587944289        -9.2341641226        -3.1076835059 
        8.2400000000        -0.5610968894         0.9046755556        -8.0389749790        -3.1525209644 
        8.2450001000        -0.5637155721         0.8435007200        -9.6325605038        -3.1461156132 
        8.2500001000        -0.5663119478         0.8995776526        -8.1717737727        -3.1333049108 
        8.2550000000        -0.5688859151         0.8638923318        -9.1013653289        -3.1397102620 
        8.2600000000        -0.5714374755         0.8868328952        -8.5037707571        -1.7465463743 
        8.2650000000        -0.5739664765         0.8638923318        -9.1013653289        -1.7561544011 
        8.2700000000        -0.5764728183         0.8868328952        -8.5037707571         3.1503446239 
        8.2750000000        -0.5789564020         0.8562454774        -9.3005635195         3.1407365971 
        8.2800000000        -0.5814171294         0.8715391863        -8.9021671383         3.1407365971 
        8.2850000000        -0.5838549035         0.8740881378        -8.8357677414         3.1023044899 
        8.2900000000        -0.5862696280         0.8460496714        -9.5661611070         3.0510616802 
        8.2950001000        -0.5886612552         0.8638923318        -9.1013653289         2.9998188706 
        8.3000000000        -0.5910295479         0.8485986229        -9.4997617101         2.9613867633 
        8.3050000000        -0.5933745553         0.8638923318        -9.1013653289         2.9133466293 
        8.3100000000        -0.5956961373         0.8409517685        -9.6989599007         2.8621038196 
        8.3150000000        -0.5979942022         0.8638923318        -9.1013653289         2.8172663611 
        8.3200000000        -0.6002686593         0.8562454774        -9.3005635195         2.7724289027 
        8.3250000000        -0.6025194189         0.8409517685        -9.6989599007         2.7243887686 
        8.3300000000        -0.6047463920         0.8536965259        -9.3669629164         2.6827539858 
        8.3350000000        -0.6069494908         0.8435007200        -9.6325605038         2.6219031493 
        8.3400286000        -0.6091410239         0.8409517685        -9.6989599007         2.5834710421 
        8.3450000000        -0.6112837184         0.8333049140        -9.8981580913         2.5258228812 
        8.3500000000        -0.6134146760         0.8282070110       -10.0309568851         2.4681747203 
        8.3550000000        -0.6155214171         0.8333049140        -9.8981580913         2.4265399375 
        8.3600000000        -0.6176038585         0.8409517685        -9.6989599007         2.3784998034 
        8.3650000000        -0.6196619179         0.8154622536       -10.3629538694         2.3272569938 
        8.3700001000        -0.6216955546         0.8307559625        -9.9645574882         2.2760141841 
        8.3750001000        -0.6237046069         0.8256580595       -10.0973562819         2.2247713744 
        8.3800000000        -0.6256889969         0.8205601566       -10.2301550757         2.1671232136 
        8.3850000000        -0.6276487257         0.7848748358       -11.1597466318         2.1062723771 
        8.3900000000        -0.6295836761         0.8282070110       -10.0309568851         2.0646375943 
        8.3950000000        -0.6314937716         0.8333049140        -9.8981580913         2.0262054870 
        8.4000000000        -0.6333789367         0.8078153991       -10.5621520600         1.9717600017 
        8.4050000000        -0.6352390972         0.8180112051       -10.2965544725         1.9173145165 
        8.4100000000        -0.6370741795         0.8078153991       -10.5621520600         1.8628690312 
        8.4150000000        -0.6388841112         0.8256580595       -10.0973562819         1.8244369240 
        8.4200001000        -0.6406688563         0.8078153991       -10.5621520600         1.7731941143 
        8.4250000000        -0.6424282380         0.8154622536       -10.3629538694         1.7091406022 
        8.4300000000        -0.6441622932         0.8027174962       -10.6949508538         1.6643031438 
        8.4350000000        -0.6458709179         0.8154622536       -10.3629538694         1.6162630097 
        8.4400000000        -0.6475540448         0.8052664477       -10.6285514569         1.5650202001 
        8.4450000000        -0.6492116073         0.8078153991       -10.5621520600         1.5137773904 
        8.4500000000        -0.6508435401         0.7848748358       -11.1597466318         1.4561292295 
        8.4550000000        -0.6524497787         0.8103643506       -10.4957526631         1.4016837443 
        8.4600000000        -0.6540302597         0.8078153991       -10.5621520600         1.3600489614 
        8.4650001000        -0.6555849516         0.7848748358       -11.1597466318         1.3056034761 
        8.4700000000        -0.6571137004         0.8205601566       -10.2301550757         1.2543606665 
        8.4750000000        -0.6586165383         0.7823258843       -11.2261460287         1.2031178568 
        8.4800000000        -0.6600933751         0.8205601566       -10.2301550757         1.1422670204 
        8.4850000000        -0.6615441526         0.7644832239       -11.6909418068         1.1006322375 
        8.4900000000        -0.6629688135         0.8154622536       -10.3629538694         1.0397814010 
        8.4950001000        -0.6643673292         0.8052664477       -10.6285514569         0.9949439426 
        8.5000001000        -0.6657395886         0.7899727387       -11.0269478381         0.9372957817 
        8.5050000000        -0.6670855391         0.7976195932       -10.8277496475         0.8892556476 
        8.5100000000        -0.6684051813         0.7797769328       -11.2925454256         0.8187967844 
        8.5150000000        -0.6696984361         0.7874237873       -11.0933472350         0.7771620015 
        8.5200000000        -0.6709652523         0.7950706417       -10.8941490444         0.7195138406 
        8.5250000000        -0.6722055800         0.7950706417       -10.8941490444         0.6746763822 
        8.5300000000        -0.6734193701         0.7797769328       -11.2925454256         0.6106228701 
        8.5350000000        -0.6746065748         0.7925216902       -10.9605484412         0.5593800605 
        8.5400000000        -0.6757671472         0.7746790298       -11.4253442193         0.5113399264 
        8.5450001000        -0.6769010638         0.7823258843       -11.2261460287         0.4408810631 
        8.5500000000        -0.6780082128         0.7797769328       -11.2925454256         0.4024489559 
        8.5550000000        -0.6790886175         0.8052664477       -10.6285514569         0.3383954438 
        8.5600000000        -0.6801422130         0.7644832239       -11.6909418068         0.2935579853 
        8.5650000000        -0.6811689577         0.7950706417       -10.8941490444         0.2295044733 
        8.5700000000        -0.6821688110         0.7593853209       -11.8237406005         0.1750589880 
        8.5750000000        -0.6831417334         0.7848748358       -11.1597466318         0.1206135027 
        8.5800001000        -0.6840877051         0.7466405635       -12.1557375849         0.0629653419 
        8.5850000000        -0.6850066330         0.8027174962       -10.6949508538         0.0213305590 
        8.5900001000        -0.6858985542         0.7746790298       -11.4253442193        -0.0427229531 
        8.5950000000        -0.6867633622         0.7619342724       -11.7573412037        -0.0939657627 
        8.6000000000        -0.6876010755         0.7746790298       -11.4253442193        -0.1580192748 
        8.6050000000        -0.6884116435         0.7619342724       -11.7573412037        -0.2156674357 
        8.6100000000        -0.6891950342         0.7517384665       -12.0229387911        -0.2733155965 
        8.6150000000        -0.6899512166         0.7670321754       -11.6245424099        -0.3245584062 
        8.6200001000        -0.6906801752         0.7542874179       -11.9565393943        -0.3854092427 
        8.6250001000        -0.6913818522         0.7593853209       -11.8237406005        -0.4270440255 
        8.6300000000        -0.6920562213         0.7823258843       -11.2261460287        -0.4846921864 
        8.6350000000        -0.6927032830         0.7542874179       -11.9565393943        -0.5455430229 
        8.6400000000        -0.6933229980         0.7644832239       -11.6909418068        -0.5967858325 
        8.6450000000        -0.6939153417         0.7517384665       -12.0229387911        -0.6736500470 
        8.6500000000        -0.6944802909         0.7619342724       -11.7573412037        -0.7216901811 
        8.6550000000        -0.6950178232         0.7542874179       -11.9565393943        -0.7793383419 
        8.6600000000        -0.6955279174         0.7619342724       -11.7573412037        -0.8241758004 
        8.6650000000        -0.6960105533         0.7542874179       -11.9565393943        -0.8914319881 
        8.6700001000        -0.6964657207         0.7415426605       -12.2885363786        -0.9522828245 
        8.6750000000        -0.6968933752         0.7797769328       -11.2925454256        -1.0003229586 
        8.6800000000        -0.6972935264         0.7338958061       -12.4877345692        -1.0675791463 
        8.6850000000        -0.6976661496         0.7517384665       -12.0229387911        -1.1220246316 
        8.6900000000        -0.6980112302         0.7568363694       -11.8901399974        -1.1796727924 
        8.6950000000        -0.6983287545         0.7466405635       -12.1557375849        -1.2405236289 
        8.7000000000        -0.6986187099         0.7517384665       -12.0229387911        -1.2885637630 
        8.7050001000        -0.6988810900         0.7644832239       -11.6909418068        -1.3590226262 
        8.7100000000        -0.6991158696         0.7313468546       -12.5541339661        -1.4134681115 
        8.7150001000        -0.6993230581         0.7670321754       -11.6245424099        -1.4775216236 
        8.7200000000        -0.6995026308         0.7338958061       -12.4877345692        -1.5383724600 
        8.7250000000        -0.6996545923         0.7568363694       -11.8901399974        -1.5960206209 
        8.7300000000        -0.6997789325         0.7313468546       -12.5541339661        -1.6664794842 
        8.7350000000        -0.6998756467         0.7593853209       -11.8237406005        -1.7145196183 
        8.7400000000        -0.6999447309         0.7237000001       -12.7533321567        -1.7817758059 
        8.7450001000        -0.6999861832         0.7466405635       -12.1557375849        -1.8394239668 
        8.7500001000        -0.7000000000         0.7211510486       -12.8197315536        -1.9034774789 
        8.7550000000        -0.6999861826         0.7440916120       -12.2221369817        -1.9643283154 
        8.7600000000        -0.6999447309         0.7262489516       -12.6869327598        -2.0155711250 
        8.7650000000        -0.6998756467         0.7593853209       -11.8237406005        -2.0700166103 
        8.7700000000        -0.6997789325         0.7237000001       -12.7533321567        -2.1372727980 
        8.7750388000        -0.6996535194         0.7466405635       -12.1557375849        -2.2013263100 
        8.7800000000        -0.6995026308         0.7211510486       -12.8197315536        -2.2621771465 
        8.7850000000        -0.6993230543         0.7364447575       -12.4213351724        -2.3198253074 
        8.7900000000        -0.6991158696         0.7389937090       -12.3549357755        -2.3806761439 
        8.7950001000        -0.6988810801         0.7313468546       -12.5541339661        -2.4447296559 
        8.8000000000        -0.6986187099         0.7364447575       -12.4213351724        -2.5055804924 
        8.8050000000        -0.6983287545         0.7287979031       -12.6205333630        -2.5664313289 
        8.8100000000        -0.6980112302         0.7237000001       -12.7533321567        -2.6368901922 
        8.8150000000        -0.6976661496         0.7262489516       -12.6869327598        -2.7073490554 
        8.8200000000        -0.6972935264         0.7262489516       -12.6869327598        -2.7521865139 
        8.8250000000        -0.6968933752         0.7338958061       -12.4877345692        -2.8226453772 
        8.8300001000        -0.6964657031         0.7211510486       -12.8197315536        -2.8866988893 
        8.8350000000        -0.6960105533         0.7160531457       -12.9525303473        -2.9507524013 
        8.8400001000        -0.6955279074         0.7160531457       -12.9525303473        -3.0276166158 
        8.8450000000        -0.6950178232         0.7109552427       -13.0853291410        -3.0852647767 
        8.8500000000        -0.6944802909         0.7491895150       -12.0893381880        -3.1365075864 
        8.8550000000        -0.6939153417         0.7033083882       -13.2845273317        -3.1301022351 
        8.8600000000        -0.6933229980         0.7338958061       -12.4877345692        -3.1301022351 
        8.8650000000        -0.6927032830         0.7440916120       -12.2221369817        -1.7529517255 
        8.8700001000        -0.6920562081         0.7007594367       -13.3509267285         3.1311285703 
        8.8750001000        -0.6913818247         0.7389937090       -12.3549357755         3.1311285703 
        8.8800000000        -0.6906801609         0.7109552427       -13.0853291410         3.1215205435 
        8.8850000000        -0.6899512166         0.7287979031       -12.6205333630         3.0606697070 
        8.8900000000        -0.6891950342         0.7287979031       -12.6205333630         2.9934135194 
        8.8950000000        -0.6884116435         0.7389937090       -12.3549357755         2.9389680341 
        8.9000000000        -0.6876010755         0.7109552427       -13.0853291410         2.8621038196 
        8.9050000000        -0.6867633622         0.7364447575       -12.4213351724         2.8012529831 
        8.9100000000        -0.6858985367         0.7440916120       -12.2221369817         2.7468074979 
        8.9150000000        -0.6850066330         0.7186020971       -12.8861309504         2.6795513102 
        8.9200001000        -0.6840876678         0.7466405635       -12.1557375849         2.6122951225 
        8.9250000000        -0.6831417334         0.7058573397       -13.2181279348         2.5322282324 
        8.9300000000        -0.6821688110         0.7389937090       -12.3549357755         2.4809854227 
        8.9350000000        -0.6811689577         0.7135041942       -13.0189297442         2.4201345863 
        8.9400000000        -0.6801422130         0.7517384665       -12.0229387911         2.3688917766 
        8.9450000000        -0.6790886175         0.6956615338       -13.4837255223         2.2952302377 
        8.9500000000        -0.6780082128         0.7440916120       -12.2221369817         2.2375820769 
        8.9550001000        -0.6769010190         0.7338958061       -12.4877345692         2.1575151868 
        8.9600000000        -0.6757671472         0.7619342724       -11.7573412037         2.1190830795 
        8.9650001000        -0.6746065513         0.7007594367       -13.3509267285         2.0390161894 
        8.9700000000        -0.6734193701         0.7466405635       -12.1557375849         1.9749626773 
        8.9750000000        -0.6722055800         0.6982104853       -13.4173261254         1.9077064897 
        8.9800000000        -0.6709652523         0.7466405635       -12.1557375849         1.8532610044 
        8.9850000000        -0.6696984361         0.7389937090       -12.3549357755         1.7924101679 
        8.9900000000        -0.6684051813         0.7440916120       -12.2221369817         1.7347620071 
        8.9950001000        -0.6670855124         0.7338958061       -12.4877345692         1.6739111706 
        9.0000001000        -0.6657395342         0.7313468546       -12.5541339661         1.6162630097 
        9.0050000000        -0.6643673015         0.7262489516       -12.6869327598         1.5458041464 
        9.0100000000        -0.6629688135         0.7313468546       -12.5541339661         1.4945613368 
        9.0150000000        -0.6615441526         0.7491895150       -12.0893381880         1.4273051491 
        9.0200000000        -0.6600933751         0.7160531457       -12.9525303473         1.3728596638 
        9.0250000000        -0.6586165383         0.7491895150       -12.0893381880         1.2991981249 
        9.0300000000        -0.6571137004         0.7440916120       -12.2221369817         1.2607660177 
        9.0350000000        -0.6555849207         0.7364447575       -12.4213351724         1.1839018032 
        9.0400000000        -0.6540302597         0.7415426605       -12.2885363786         1.1326589935 
        9.0450001000        -0.6524497468         0.7440916120       -12.2221369817         1.0718081571 
        9.0500000000        -0.6508435401         0.7440916120       -12.2221369817         1.0077546450 
        9.0550000000        -0.6492116073         0.7517384665       -12.0229387911         0.9533091597 
        9.0600000000        -0.6475540448         0.7338958061       -12.4877345692         0.8924583233 
        9.0650000000        -0.6458709179         0.7415426605       -12.2885363786         0.8284048112 
        9.0700000000        -0.6441622932         0.7619342724       -11.7573412037         0.7835673527 
        9.0750000000        -0.6424282380         0.7466405635       -12.1557375849         0.7131084894 
        9.0800001000        -0.6406687854         0.7415426605       -12.2885363786         0.6490549774 
        9.0850033000        -0.6388829249         0.7517384665       -12.0229387911         0.6042175189 
        9.0900001000        -0.6370741430         0.7517384665       -12.0229387911         0.5337586556 
        9.0950000000        -0.6352390972         0.7109552427       -13.0853291410         0.4697051435 
        9.1000000000        -0.6333789367         0.7670321754       -11.6245424099         0.4248676851 
        9.1050000000        -0.6314937716         0.7772279813       -11.3589448224         0.3672195242 
        9.1100000000        -0.6295836761         0.7313468546       -12.5541339661         0.3031660121 
        9.1150000000        -0.6276487257         0.7721300783       -11.4917436162         0.2487205269 
        9.1200001000        -0.6256889575         0.7313468546       -12.5541339661         0.1782616636 
        9.1250001000        -0.6237045270         0.7848748358       -11.1597466318         0.1398295564 
        9.1300000000        -0.6216955142         0.7517384665       -12.0229387911         0.0725733687 
        9.1350000000        -0.6196619179         0.7517384665       -12.0229387911         0.0085198566 
        9.1400000000        -0.6176038585         0.7670321754       -11.6245424099        -0.0395202775 
        9.1450000000        -0.6155214171         0.7440916120       -12.2221369817        -0.1035737895 
        9.1500000000        -0.6134146760         0.7670321754       -11.6245424099        -0.1516139236 
        9.1550000000        -0.6112837184         0.7466405635       -12.1557375849        -0.2188701113 
        9.1600000000        -0.6091286283         0.7619342724       -11.7573412037        -0.2733155965 
        9.1650000000        -0.6069494908         0.7619342724       -11.7573412037        -0.3245584062 
        9.1700672000        -0.6047166196         0.7746790298       -11.4253442193        -0.3758012159 
        9.1750000000        -0.6025194189         0.7440916120       -12.2221369817        -0.4366520523 
        9.1800000000        -0.6002686593         0.7721300783       -11.4917436162        -0.4910975376 
        9.1850000000        -0.5979942022         0.7440916120       -12.2221369817        -0.5487456985 
        9.1900000000        -0.5956961373         0.7925216902       -10.9605484412        -0.5967858325 
        9.1950000000        -0.5933745553         0.7491895150       -12.0893381880        -0.6608393446 
        9.2000000000        -0.5910295479         0.7797769328       -11.2925454256        -0.7184875055 
        9.2050008000        -0.5886608268         0.7593853209       -11.8237406005        -0.7729329907 
        9.2100000000        -0.5862696280         0.7721300783       -11.4917436162        -0.8369865028 
        9.2150001000        -0.5838548550         0.7644832239       -11.6909418068        -0.8850266369 
        9.2200000000        -0.5814171294         0.7721300783       -11.4917436162        -0.9426747977 
        9.2250000000        -0.5789564020         0.7644832239       -11.6909418068        -0.9907149318 
        9.2300016000        -0.5764720199         0.7848748358       -11.1597466318        -1.0515657683 
        9.2350000000        -0.5739664765         0.7746790298       -11.4253442193        -1.0932005511 
        9.2400000000        -0.5714374755         0.7797769328       -11.2925454256        -1.1604567388 
        9.2450001000        -0.5688858639         0.7746790298       -11.4253442193        -1.2116995485 
        9.2500001000        -0.5663118444         0.7925216902       -10.9605484412        -1.2565370069 
        9.2550000000        -0.5637155200         0.7746790298       -11.4253442193        -1.3237931946 
        9.2600000000        -0.5610968894         0.7848748358       -11.1597466318        -1.3782386799 
        9.2650000000        -0.5584561077         0.7721300783       -11.4917436162        -1.4294814895 
        9.2700000000        -0.5557932791         0.7899727387       -11.0269478381        -1.4871296504 
        9.2750000000        -0.5531085087         0.7746790298       -11.4253442193        -1.5447778113 
        9.2800000000        -0.5504019025         0.8001685447       -10.7613502506        -1.5896152697 
        9.2850000000        -0.5476735674         0.7976195932       -10.8277496475        -1.6504661062 
        9.2900000000        -0.5449236111         0.7721300783       -11.4917436162        -1.7017089158 
        9.2950001000        -0.5421520865         0.8129133021       -10.4293532663        -1.7465463743 
        9.3000000000        -0.5393592699         0.7874237873       -11.0933472350        -1.8009918596 
        9.3050000000        -0.5365451048         0.7874237873       -11.0933472350        -1.8650453716 
        9.3100000000        -0.5337097577         0.7925216902       -10.9605484412        -1.9226935325 
        9.3150000000        -0.5308533407         0.7976195932       -10.8277496475        -1.9739363422 
        9.3200000000        -0.5279759665         0.7823258843       -11.2261460287        -2.0315845030 
        9.3250000000        -0.5250777487         0.8052664477       -10.6285514569        -2.0828273127 
        9.3300001000        -0.5221587432         0.7823258843       -11.2261460287        -2.1340701224 
        9.3350000000        -0.5192192409         0.8052664477       -10.6285514569        -2.1821102564 
        9.3400001000        -0.5162591228         0.8001685447       -10.7613502506        -2.2365557417 
        9.3450000000        -0.5132787424         0.8154622536       -10.3629538694        -2.2813932001 
        9.3500000000        -0.5102780392         0.8078153991       -10.5621520600        -2.3422440366 
        9.3550000000        -0.5072571911         0.8001685447       -10.7613502506        -2.3934868463 
        9.3600000000        -0.5042163174         0.8129133021       -10.4293532663        -2.4383243047 
        9.3650000000        -0.5011555381         0.8027174962       -10.6949508538        -2.5023778168 
        9.3700001000        -0.4980749122         0.8078153991       -10.5621520600        -2.5568233021 
        9.3750001000        -0.4949746846         0.8001685447       -10.7613502506        -2.6080661117 
        9.3800000000        -0.4918549789         0.8256580595       -10.0973562819        -2.6593089214 
        9.3850000000        -0.4887157933         0.7950706417       -10.8941490444        -2.7233624335 
        9.3900000000        -0.4855573141         0.8027174962       -10.6949508538        -2.7681998919 
        9.3950000000        -0.4823796659         0.8256580595       -10.0973562819        -2.8162400260 
        9.4000000000        -0.4791829742         0.7976195932       -10.8277496475        -2.8738881868 
        9.4050000000        -0.4759673651         0.8231091081       -10.1637556788        -2.9283336721 
        9.4100000000        -0.4727329657         0.8103643506       -10.4957526631        -2.9891845086 
        9.4150000000        -0.4694799036         0.8231091081       -10.1637556788        -3.0340219670 
        9.4200001000        -0.4662082416         0.8154622536       -10.3629538694        -3.0852647767 
        9.4250000000        -0.4629183057         0.8256580595       -10.0973562819        -3.1365075864 
        9.4300000000        -0.4596100290         0.8154622536       -10.3629538694        -3.1301022351 
        9.4350000000        -0.4562836077         0.8129133021       -10.4293532663        -3.1429129376 
        9.4400000000        -0.4529391731         0.8358538655        -9.8317586944        -3.1301022351 
        9.4450000000        -0.4495768572         0.8231091081       -10.1637556788        -1.7593570767 
        9.4500000000        -0.4461967928         0.8256580595       -10.0973562819         3.1375339215 
        9.4550007000        -0.4427986364         0.8307559625        -9.9645574882         3.1343312459 
        9.4600000000        -0.4393839529         0.8333049140        -9.8981580913         3.1471419483 
        9.4650001000        -0.4359513775         0.8409517685        -9.6989599007         3.1183178679 
        9.4700000000        -0.4325017292         0.8409517685        -9.6989599007         3.0702777339 
        9.4750000000        -0.4290349376         0.8384028170        -9.7653592976         3.0254402754 
        9.4800000000        -0.4255512084         0.8435007200        -9.6325605038         2.9709947901 
        9.4850000000        -0.4220506792         0.8613433804        -9.1677647258         2.9197519805 
        9.4900000000        -0.4185334881         0.8358538655        -9.8317586944         2.8781171976 
        9.4950001000        -0.4149997033         0.8689902348        -8.9685665351         2.8332797392 
        9.5000001000        -0.4114496054         0.8358538655        -9.8317586944         2.7660235515 
        9.5050000000        -0.4078833358         0.8536965259        -9.3669629164         2.7307941198 
        9.5100000000        -0.4043008924         0.8485986229        -9.4997617101         2.6827539858 
        9.5150000000        -0.4007024879         0.8562454774        -9.3005635195         2.6411192029 
        9.5200000000        -0.3970882644         0.8562454774        -9.3005635195         2.5770656909 
        9.5250000000        -0.3934583645         0.8536965259        -9.3669629164         2.5386335836 
        9.5300000000        -0.3898129315         0.8613433804        -9.1677647258         2.4873907740 
        9.5350000000        -0.3861521094         0.8638923318        -9.1013653289         2.4457559911 
        9.5400000000        -0.3824760427         0.8536965259        -9.3669629164         2.4009185327 
        9.5450001000        -0.3787848025         0.8919307982        -8.3709719633         2.3624864254 
        9.5500000000        -0.3750787565         0.8333049140        -9.8981580913         2.3112436157 
        9.5550000000        -0.3713578290         0.8715391863        -8.9021671383         2.2567981305 
        9.5600000000        -0.3676222410         0.8638923318        -9.1013653289         2.2087579964 
        9.5650000000        -0.3638721398         0.8638923318        -9.1013653289         2.1767312404 
        9.5700000000        -0.3601076736         0.8664412833        -9.0349659320         2.1222857551 
        9.5750000000        -0.3563289910         0.8689902348        -8.9685665351         2.0838536479 
        9.5800001000        -0.3525361651         0.8664412833        -9.0349659320         2.0422188650 
        9.5850000000        -0.3487295737         0.8842839437        -8.5701701539         2.0005840822 
        9.5900001000        -0.3449090625         0.8791860408        -8.7029689477         1.9557466237 
        9.5950000000        -0.3410750880         0.8791860408        -8.7029689477         1.9109091653 
        9.6000000000        -0.3372275719         0.9021266041        -8.1053743758         1.8628690312 
        9.6050000000        -0.3333667426         0.8868328952        -8.5037707571         1.8340449508 
        9.6100000000        -0.3294927525         0.8944797497        -8.3045725665         1.7860048167 
        9.6150000000        -0.3256057547         0.8868328952        -8.5037707571         1.7475727095 
        9.6200001000        -0.3217058243         0.8995776526        -8.1717737727         1.7059379266 
        9.6250001000        -0.3177932715         0.8868328952        -8.5037707571         1.6578977926 
        9.6300000000        -0.3138682513         0.9072245071        -7.9725755821         1.6226683609 
        9.6350164000        -0.3099178265         0.8817349922        -8.6365695508         1.5874389293 
        9.6400000000        -0.3059810367         0.9429098279        -7.0429840259         1.5586148488 
        9.6450000000        -0.3020192320         0.8970287012        -8.2381731696         1.5201827416 
        9.6500000000        -0.2980455041         0.9097734586        -7.9061761852         1.4753452831 
        9.6550000000        -0.2940600099         0.9097734586        -7.9061761852         1.4337105003 
        9.6600000000        -0.2900629067         0.9148713616        -7.7733773915         1.4016837443 
        9.6650000000        -0.2860543523         0.9148713616        -7.7733773915         1.3536436102 
        9.6700001000        -0.2820344245         0.9250671675        -7.5077798040         1.3216168542 
        9.6750000000        -0.2780035234         0.9225182160        -7.5741792009         1.2959954493 
        9.6800000000        -0.2739615668         0.9378119249        -7.1757828197         1.2575633421 
        9.6850000000        -0.2699087946         0.9378119249        -7.1757828197         1.2159285592 
        9.6900000000        -0.2658453669         0.9429098279        -7.0429840259         1.1871044788 
        9.6950000000        -0.2617714440         0.9327140220        -7.3085816134         1.1454696960 
        9.7000000000        -0.2576871869         0.9403608764        -7.1093834228         1.1070375887 
        9.7050001000        -0.2535926747         0.9480077309        -6.9101852322         1.0686054815 
        9.7100000000        -0.2494883151         0.9429098279        -7.0429840259         1.0397814010 
        9.7150001000        -0.2453739418         0.9531056338        -6.7773864385         1.0141599962 
        9.7200000000        -0.2412500462         0.9658503913        -6.4453894541         0.9725252133 
        9.7250000000        -0.2371165442         0.9480077309        -6.9101852322         0.9501064841 
        9.7300000000        -0.2329736812         0.9505566824        -6.8437858353         0.9084717013 
        9.7350017000        -0.2288202075         0.9811441002        -6.0469930729         0.8860529720 
        9.7400000000        -0.2246605269         0.9633014398        -6.5117888510         0.8444181892 
        9.7450001000        -0.2204904803         0.9709482942        -6.3125906604         0.8187967844 
        9.7500001000        -0.2163118124         0.9633014398        -6.5117888510         0.7899727039 
        9.7550000000        -0.2121246887         0.9785951487        -6.1133924698         0.7515405967 
        9.7600000000        -0.2079291071         0.9887909546        -5.8477948823         0.7195138406 
        9.7650000000        -0.2037253168         0.9683993428        -6.3789900572         0.7002977870 
        9.7700000000        -0.1995134837         0.9836930517        -5.9805936760         0.6586630042 
        9.7750000000        -0.1952937742         0.9887909546        -5.8477948823         0.6330415993 
        9.7800000000        -0.1910663549         0.9734972457        -6.2461912635         0.5946094921 
        9.7850000000        -0.1868313925         0.9887909546        -5.8477948823         0.5721907629 
        9.7900000000        -0.1825890544         0.9913399061        -5.7813954854         0.5465693580 
        9.7950001000        -0.1783394229         1.0066336150        -5.3829991042         0.5305559800 
        9.8000000000        -0.1740829210         1.0091825665        -5.3165997073         0.4953265484 
        9.8052523000        -0.1696041483         0.9887909546        -5.8477948823         0.4536917655 
        9.8100000000        -0.1655492979         1.0193783725        -5.0510021199         0.4408810631 
        9.8150000000        -0.1612725987         1.0015357121        -5.5157978979         0.4056516315 
        9.8200000000        -0.1569895327         1.0244762754        -4.9182033261         0.3896382535 
        9.8250000000        -0.1527002690         1.0015357121        -5.5157978979         0.3608141730 
        9.8300001000        -0.1484048910         1.0193783725        -5.0510021199         0.3287874170 
        9.8350000000        -0.1441038261         1.0193783725        -5.0510021199         0.3127740390 
        9.8400001000        -0.1397969002         1.0397699844        -4.5198069449         0.3031660121 
        9.8450000000        -0.1354846276         1.0091825665        -5.3165997073         0.2647339049 
        9.8500000000        -0.1311669202         1.0346720814        -4.6526057386         0.2455178513 
        9.8550000000        -0.1268440345         1.0244762754        -4.9182033261         0.2198964464 
        9.8600000000        -0.1225161413         1.0525147418        -4.1878099606         0.2038830684 
        9.8650000000        -0.1181834113         1.0474168388        -4.3206087543         0.1814643392 
        9.8700001000        -0.1138459289         1.0474168388        -4.3206087543         0.1590456100 
        9.8750001000        -0.1095040387         1.0576126448        -4.0550111668         0.1398295564 
        9.8800000000        -0.1051579124         1.0601615963        -3.9886117699         0.1110054759 
        9.8850000000        -0.1008075478         1.0576126448        -4.0550111668         0.0981947735 
        9.8900000000        -0.0964532035         1.0754553052        -3.5902153887         0.0917894223 
        9.8950000000        -0.0920950514         1.0576126448        -4.0550111668         0.0565599907 
        9.9000000000        -0.0877332635         1.0754553052        -3.5902153887         0.0469519638 
        9.9050000000        -0.0833680121         1.0703574022        -3.7230141825         0.0277359102 
        9.9100000000        -0.0789994694         1.0754553052        -3.5902153887         0.0053171810 
        9.9150000000        -0.0746278080         1.0678084507        -3.7894135793        -0.0106961970 
        9.9200001000        -0.0702531129         1.0958469171        -3.0590202138        -0.0106961970 
        9.9250000000        -0.0658758193         1.0780042567        -3.5238159919        -0.0427229531 
        9.9300000000        -0.0614958376         1.0831021596        -3.3910171981        -0.0619390067 
        9.9350000000        -0.0571134281         1.0882000626        -3.2582184044        -0.0651416823 
        9.9400000000        -0.0527287639         1.0932979656        -3.1254196106        -0.0907630871 
        9.9450000000        -0.0483420180         1.1009448200        -2.9262214200        -0.0939657627 
        9.9500000000        -0.0439533637         1.1111406260        -2.6606238326        -0.0971684383 
        9.9550001000        -0.0395628863         1.1111406260        -2.6606238326        -0.1227898432 
        9.9600000000        -0.0351710227         1.1264343349        -2.2622274513        -0.1259925188 
        9.9650001000        -0.0307775950         1.1136895775        -2.5942244357        -0.1356005456 
        9.9700000000        -0.0263831279         1.1264343349        -2.2622274513        -0.1580192748 
        9.9750000000        -0.0219875314         1.1238853834        -2.3286268482        -0.1612219504 
        9.9800000000        -0.0175910668         1.1289832864        -2.1958280545        -0.1804380040 
        9.9850000000        -0.0131939078         1.1264343349        -2.2622274513        -0.1932487064 
        9.9900000000        -0.0087962279         1.1366301408        -1.9966298639        -0.1996540577 
        9.9950001000        -0.0043981128         1.1391790923        -1.9302304670        -0.2156674357 
