           Time[sec]           V_{cmd}[V]          V_{gyro}[V] \omega_{gyro}[rad/s]          \theta[rad] 
        0.0000000000         0.0000000000         1.2130986854        -0.0046479578        -2.2493664441 
        0.0050000000         0.0087962279         1.2080007824        -0.1374467515        -2.2461637685 
        0.0100001000         0.0175912426         1.2207455399         0.1945502328        -2.2333530661 
        0.0150001000         0.0263833036         1.2156476369         0.0617514391        -2.2397584173 
        0.0200001000         0.0351711984         1.2080007824        -0.1374467515        -2.2493664441 
        0.0250001000         0.0439535392         1.2080007824        -0.1374467515        -2.2397584173 
        0.0300001000         0.0527289393         1.2130986854        -0.0046479578        -2.2397584173 
        0.0350000000         0.0614958376         1.2207455399         0.1945502328        -2.2333530661 
        0.0400001000         0.0702533754         1.2130986854        -0.0046479578        -2.2365557417 
        0.0450001000         0.0789996441         1.2130986854        -0.0046479578        -2.2365557417 
        0.0500001000         0.0877334380         1.2181965884         0.1281508360        -2.2365557417 
        0.0550001000         0.0964533777         1.2844693270         1.8545351546        -2.2397584173 
        0.0600001000         0.1051580863         1.2513329577         0.9913429953        -2.2269477149 
        0.0650000000         0.1138460156         1.2538819092         1.0577423921        -2.2205423637 
        0.0700000000         0.1225161413         1.2793714240         1.7217363608        -2.2141370125 
        0.0750001000         0.1311670929         1.2615287636         1.2569405827        -2.2077316612 
        0.0800001000         0.1397971587         1.2742735211         1.5889375671        -2.2013263100 
        0.0850077000         0.1484182155         1.2768224726         1.6553369640        -2.2013263100 
        0.0900001000         0.1569897041         1.2946651330         2.1201327420        -2.1757049052 
        0.0950000000         0.1655492979         1.2844693270         1.8545351546        -2.1725022296 
        0.1000000000         0.1740829210         1.2921161815         2.0537333452        -2.1628942028 
        0.1050001000         0.1825892242         1.2972140844         2.1865321389        -2.1468808248 
        0.1100001000         0.1910665241         1.2946651330         2.1201327420        -2.1404754736 
        0.1150001000         0.1995136523         1.2895672300         1.9873339483        -2.1308674468 
        0.1200001000         0.2079292751         1.3201546478         2.7841267107        -2.1116513931 
        0.1250000000         0.2163118961         1.2946651330         2.1201327420        -2.1180567443 
        0.1300000000         0.2246605269         1.3150567448         2.6513279170        -2.0988406907 
        0.1350001000         0.2329738470         1.3099588419         2.5185291233        -2.0860299883 
        0.1400001000         0.2412502114         1.3227035993         2.8505261076        -2.0636112591 
        0.1450001000         0.2494884795         1.3150567448         2.6513279170        -2.0604085835 
        0.1500001000         0.2576873504         1.3328994052         3.1161236951        -2.0411925298 
        0.1550001000         0.2658455296         1.3354483567         3.1825230919        -2.0251791518 
        0.1600000000         0.2739615668         1.3252525508         2.9169255045        -2.0251791518 
        0.1650001000         0.2820346659         1.3354483567         3.1825230919        -2.0059630982 
        0.1700001000         0.2900630667         1.3354483567         3.1825230919        -1.9803416934 
        0.1750001000         0.2980456633         1.3456441627         3.4481206794        -1.9771390178 
        0.1800001000         0.3059811949         1.3507420656         3.5809194732        -1.9483149373 
        0.1850001000         0.3138684085         1.3507420656         3.5809194732        -1.9419095861 
        0.1900000000         0.3217059024         1.3558399686         3.7137182669        -1.9226935325 
        0.1950000000         0.3294927525         1.3558399686         3.7137182669        -1.9066801545 
        0.2000001000         0.3372277260         1.3583889201         3.7801176638        -1.8842614253 
        0.2050001000         0.3449092922         1.3711336775         4.1121146481        -1.8522346692 
        0.2100001000         0.3525363931         1.3558399686         3.7137182669        -1.8490319936 
        0.2150001000         0.3601078245         1.3660357746         3.9793158544        -1.8362212912 
        0.2200000000         0.3676222410         1.3762315805         4.2449134419        -1.8073972108 
        0.2250000000         0.3750787565         1.3838784350         4.4441116325        -1.7881811571 
        0.2300001000         0.3824761900         1.3915252894         4.6433098231        -1.7529517255 
        0.2350001000         0.3898130776         1.3915252894         4.6433098231        -1.7497490499 
        0.2400001000         0.3970884093         1.3966231924         4.7761086168        -1.7081142671 
        0.2450001000         0.4043010360         1.4144658528         5.2409043949        -1.6953035646 
        0.2500000000         0.4114496766         1.3966231924         4.7761086168        -1.6632768086 
        0.2550000000         0.4185334881         1.4246616587         5.5065019824        -1.6504661062 
        0.2600001000         0.4255513480         1.4042700468         4.9753068074        -1.6248447014 
        0.2650017000         0.4325040808         1.4272106102         5.5729013792        -1.6056286477 
        0.2700001000         0.4393840898         1.4246616587         5.5065019824        -1.5671965405 
        0.2750001000         0.4461969284         1.4552490766         6.3032947448        -1.5415751357 
        0.2800001000         0.4529393072         1.4246616587         5.5065019824        -1.5127510552 
        0.2850000000         0.4596100290         1.4577980281         6.3696941417        -1.4839269748 
        0.2900001000         0.4662084384         1.4323085132         5.7057001730        -1.4583055700 
        0.2950001000         0.4727330954         1.4501511736         6.1704959511        -1.4326841651 
        0.3000001000         0.4791831024         1.4628959310         6.5024929354        -1.3910493823 
        0.3050001000         0.4855574408         1.4552490766         6.3032947448        -1.3654279774 
        0.3100001000         0.4918551040         1.4654448825         6.5688923323        -1.3366038970 
        0.3150000000         0.4980749740         1.4781896399         6.9008893166        -1.2981717898 
        0.3200000000         0.5042163174         1.4781896399         6.9008893166        -1.2629423581 
        0.3250001000         0.5102781596         1.4883854459         7.1664869041        -1.2309156021 
        0.3300001000         0.5162593009         1.4960323003         7.3656850947        -1.1860781436 
        0.3350001000         0.5221589190         1.4756406885         6.8344899198        -1.1668620900 
        0.3400001000         0.5279760820         1.5087770578         7.6976820791        -1.1124166047 
        0.3450000000         0.5337097577         1.5036791548         7.5648832853        -1.0867951999 
        0.3500001000         0.5393593821         1.5011302033         7.4984838885        -1.0547684439 
        0.3550001000         0.5449237215         1.5189728637         7.9632796665        -1.0163363366 
        0.3600001000         0.5504020112         1.5189728637         7.9632796665        -0.9747015538 
        0.3650001000         0.5557933860         1.5164239122         7.8968802697        -0.9394721221 
        0.3700001000         0.5610969946         1.5419134271         8.5608742384        -0.9010400149 
        0.3750000000         0.5663118961         1.5266197182         8.1624778572        -0.8594052320 
        0.3800000000         0.5714374755         1.5266197182         8.1624778572        -0.8145677736 
        0.3850001000         0.5764729181         1.5368155241         8.4280754446        -0.7889463688 
        0.3900001000         0.5814172274         1.5495602815         8.7600724290        -0.7377035591 
        0.3950001000         0.5862697241         1.5521092330         8.8264718258        -0.6992714518 
        0.4000001000         0.5910296421         1.5597560875         9.0256700165        -0.6480286422 
        0.4050001000         0.5956962296         1.5572071360         8.9592706196        -0.6160018861 
        0.4100000000         0.6002686593         1.5674029419         9.2248682071        -0.5711644277 
        0.4150001000         0.6047464806         1.5750497964         9.4240663977        -0.5263269692 
        0.4200001000         0.6091287149         1.5572071360         8.9592706196        -0.4782868352 
        0.4250001000         0.6134147608         1.5801476994         9.5568651914        -0.4366520523 
        0.4300001000         0.6176039413         1.5775987479         9.4904657945        -0.3950172695 
        0.4350001000         0.6216955950         1.5826966509         9.6232645883        -0.3533824866 
        0.4400000000         0.6256889969         1.5826966509         9.6232645883        -0.3021396770 
        0.4450000000         0.6295836761         1.5903435053         9.8224627789        -0.2508968673 
        0.4500001000         0.6333790116         1.5775987479         9.4904657945        -0.2060594089 
        0.4550001000         0.6370742524         1.6081861657        10.2872585570        -0.1484112480 
        0.4600001000         0.6406688917         1.5877945538         9.7560633820        -0.1099791407 
        0.4650001000         0.6441623620         1.6005393113        10.0880603664        -0.0683443579 
        0.4700000000         0.6475540448         1.6030882627        10.1544597632        -0.0138988726 
        0.4750001000         0.6508436049         1.6030882627        10.1544597632         0.0277359102 
        0.4800001000         0.6540303224         1.5979903598        10.0216609695         0.0725733687 
        0.4850001000         0.6571137610         1.6209309231        10.6192555413         0.1366268808 
        0.4900001000         0.6600934337         1.6081861657        10.2872585570         0.1782616636 
        0.4950001000         0.6629688700         1.6005393113        10.0880603664         0.2295044733 
        0.5000000000         0.6657395614         1.6285777776        10.8184537319         0.2871526341 
        0.5050000000         0.6684051813         1.6030882627        10.1544597632         0.3319900926 
        0.5100001000         0.6709653024         1.6413225350        11.1504507163         0.3960436047 
        0.5150001000         0.6734194181         1.6209309231        10.6192555413         0.4344757119 
        0.5200001000         0.6757671931         1.6362246321        11.0176519225         0.4825158460 
        0.5250001000         0.6780082565         1.6183819717        10.5528561444         0.5433666824 
        0.5300001000         0.6801422546         1.6464204380        11.2832495100         0.5978121677 
        0.5350000000         0.6821688110         1.6311267291        10.8848531288         0.6362442749 
        0.5400001000         0.6840877238         1.6464204380        11.2832495100         0.7035004626 
        0.5450001000         0.6858985718         1.6489693895        11.3496489069         0.7611486235 
        0.5500001000         0.6876011085         1.6489693895        11.3496489069         0.8187967844 
        0.5550001000         0.6891950650         1.6387735836        11.0840513194         0.8700395940 
        0.5600001000         0.6906801896         1.6617141469        11.6816458912         0.9276877549 
        0.5650000000         0.6920562213         1.6515183410        11.4160483038         0.9853359158 
        0.5700001000         0.6933230222         1.6642630984        11.7480452881         1.0461867522 
        0.5750001000         0.6944803130         1.6668120499        11.8144446850         1.0910242107 
        0.5800001000         0.6955279372         1.6413225350        11.1504507163         1.1486723716 
        0.5850001000         0.6964657295         1.6770078558        12.0800422724         1.2063205324 
        0.5900001000         0.6972935419         1.6566162440        11.5488470975         1.2767793957 
        0.5950000000         0.6980112302         1.6591651954        11.6152464944         1.3184141786 
        0.6000000000         0.6986187099         1.6719099529        11.9472434787         1.3792650150 
        0.6050010000         0.6991159580         1.6566162440        11.5488470975         1.4337105003 
        0.6100001000         0.6995026375         1.6821057588        12.2128410662         1.5105747148 
        0.6150001000         0.6997789369         1.6719099529        11.9472434787         1.5650202001 
        0.6200001000         0.6999447332         1.6668120499        11.8144446850         1.6130603341 
        0.6250000000         0.7000000000         1.6795568073        12.1464416693         1.6675058194 
        0.6300000000         0.6999447309         1.6668120499        11.8144446850         1.7315593315 
        0.6350001000         0.6997789281         1.7050463222        12.8104356380         1.7924101679 
        0.6400001000         0.6995026242         1.6719099529        11.9472434787         1.8564636800 
        0.6450001000         0.6991158608         1.6973994677        12.6112374474         1.9013011385 
        0.6500001000         0.6986186989         1.6617141469        11.6816458912         1.9717600017 
        0.6550001000         0.6980112169         1.6897526133        12.4120392568         2.0326108382 
        0.6600000000         0.6972935264         1.6744589044        12.0136428756         2.0966643503 
        0.6650001000         0.6964656942         1.6897526133        12.4120392568         2.1607178624 
        0.6700001000         0.6955278975         1.6948505162        12.5448380505         2.2151633476 
        0.6750001000         0.6944802689         1.6872036618        12.3456398599         2.2760141841 
        0.6800001000         0.6933229737         1.6642630984        11.7480452881         2.3336623450 
        0.6850001000         0.6920561949         1.7050463222        12.8104356380         2.4009185327 
        0.6900000000         0.6906801609         1.6719099529        11.9472434787         2.4585666935 
        0.6950001000         0.6891950034         1.7050463222        12.8104356380         2.5194175300 
        0.7000001000         0.6876010426         1.6897526133        12.4120392568         2.5898763933 
        0.7050001000         0.6858985015         1.6846547103        12.2792404631         2.6411192029 
        0.7100001000         0.6840876492         1.6821057588        12.2128410662         2.7019700394 
        0.7150001000         0.6821687715         1.6923015648        12.4784386537         2.7724289027 
        0.7200000000         0.6801422130         1.6999484192        12.6776368443         2.8460904416 
        0.7250000000         0.6780082128         1.6897526133        12.4120392568         2.9037386025 
        0.7300001000         0.6757671013         1.6923015648        12.4784386537         2.9613867633 
        0.7350001000         0.6734193221         1.6923015648        12.4784386537         3.0318456266 
        0.7400001000         0.6709652022         1.6923015648        12.4784386537         3.0894937875 
        0.7450001000         0.6684051291         1.6846547103        12.2792404631         3.1311285703 
        0.7500000000         0.6657395614         1.6821057588        12.2128410662         3.1311285703 
        0.7550000000         0.6629688135         1.7126931766        13.0096338286         3.1471419483 
        0.7600001000         0.6600933166         1.6795568073        12.1464416693        -1.7593570767 
        0.7650001000         0.6571136397         1.7101442252        12.9432344317        -3.1301022351 
        0.7700001000         0.6540301970         1.6923015648        12.4784386537        -3.1301022351 
        0.7750001000         0.6508434754         1.7024973707        12.7440362411        -3.1333049108 
        0.7800001000         0.6475539780         1.6973994677        12.6112374474        -3.0660487231 
        0.7850000000         0.6441622932         1.7075952737        12.8768350349        -3.0019952110 
        0.7900001000         0.6406687500         1.6973994677        12.6112374474        -2.9443470501 
        0.7950001000         0.6370741066         1.6872036618        12.3456398599        -2.8802935381 
        0.8000001000         0.6333788618         1.7101442252        12.9432344317        -2.8226453772 
        0.8050001000         0.6295835992         1.6872036618        12.3456398599        -2.7553891895 
        0.8100001000         0.6256889180         1.7024973707        12.7440362411        -2.6977410286 
        0.8150000000         0.6216955142         1.6948505162        12.5448380505        -2.6304848410 
        0.8200001000         0.6176037757         1.6872036618        12.3456398599        -2.5728366801 
        0.8250001000         0.6134145913         1.7152421281        13.0760332255        -2.4959724656 
        0.8300001000         0.6091285416         1.7024973707        12.7440362411        -2.4319189535 
        0.8350001000         0.6047463034         1.7101442252        12.9432344317        -2.3646627658 
        0.8400001000         0.6002685688         1.6973994677        12.6112374474        -2.3102172806 
        0.8450000000         0.5956961373         1.7024973707        12.7440362411        -2.2589744709 
        0.8500000000         0.5910295479         1.6821057588        12.2128410662        -2.1981236344 
        0.8550001000         0.5862695319         1.6999484192        12.6776368443        -2.1340701224 
        0.8600001000         0.5814170315         1.7101442252        12.9432344317        -2.0508005567 
        0.8651581000         0.5763149904         1.6973994677        12.6112374474        -1.9995577470 
        0.8700001000         0.5714373739         1.7101442252        12.9432344317        -1.9451122617 
        0.8750000000         0.5663118961         1.6821057588        12.2128410662        -1.8970721277 
        0.8800000000         0.5610968894         1.6923015648        12.4784386537        -1.8298159400 
        0.8850001000         0.5557931721         1.6999484192        12.6776368443        -1.7689651035 
        0.8900001000         0.5504017938         1.6923015648        12.4784386537        -1.7049115914 
        0.8950001000         0.5449235007         1.6897526133        12.4120392568        -1.6472634306 
        0.9000001000         0.5393591578         1.6948505162        12.5448380505        -1.5703992161 
        0.9050001000         0.5337096439         1.6948505162        12.5448380505        -1.5159537308 
        0.9100000000         0.5279759665         1.7101442252        12.9432344317        -1.4454948675 
        0.9150001000         0.5221586847         1.6872036618        12.3456398599        -1.3942520579 
        0.9200001000         0.5162590634         1.6897526133        12.4120392568        -1.3366038970 
        0.9250001000         0.5102779188         1.6973994677        12.6112374474        -1.2757530605 
        0.9300001000         0.5042161954         1.6872036618        12.3456398599        -1.2181048997 
        0.9350001000         0.4980748504         1.7050463222        12.8104356380        -1.1380380096 
        0.9400000000         0.4918549789         1.6770078558        12.0800422724        -1.0835925243 
        0.9450001000         0.4855571874         1.7024973707        12.7440362411        -1.0291470390 
        0.9500001000         0.4791828460         1.6770078558        12.0800422724        -0.9811069050 
        0.9550001000         0.4727328360         1.6795568073        12.1464416693        -0.9234587441 
        0.9600001000         0.4662081760         1.6770078558        12.0800422724        -0.8594052320 
        0.9650001000         0.4596098963         1.6770078558        12.0800422724        -0.7953517200 
        0.9700000000         0.4529391731         1.6795568073        12.1464416693        -0.7473115859 
        0.9750000000         0.4461967928         1.6744589044        12.0136428756        -0.6928661006 
        0.9800001000         0.4393838160         1.6770078558        12.0800422724        -0.6224072374 
        0.9850001000         0.4325015909         1.6642630984        11.7480452881        -0.5743671033 
        0.9900001000         0.4255510687         1.6591651954        11.6152464944        -0.5103135912 
        0.9950001000         0.4185333471         1.6770078558        12.0800422724        -0.4462600791 
        1.0000000000         0.4114496766         1.6617141469        11.6816458912        -0.3918145939 
        1.0050000000         0.4043008924         1.6719099529        11.9472434787        -0.3277610818 
        1.0100011000         0.3970866707         1.6617141469        11.6816458912        -0.2893289746 
        1.0150001000         0.3898127854         1.6515183410        11.4160483038        -0.2252754625 
        1.0200001000         0.3824758954         1.6464204380        11.2832495100        -0.1676273016 
        1.0250001000         0.3750786080         1.6719099529        11.9472434787        -0.1067764651 
        1.0300001000         0.3676220913         1.6387735836        11.0840513194        -0.0715470335 
        1.0350000000         0.3601076736         1.6591651954        11.6152464944        -0.0042908458 
        1.0400001000         0.3525360892         1.6362246321        11.0176519225         0.0469519638 
        1.0450001000         0.3449089861         1.6489693895        11.3496489069         0.0981947735 
        1.0500001000         0.3372274177         1.6234798746        10.6856549382         0.1590456100 
        1.0550001000         0.3294925973         1.6566162440        11.5488470975         0.2134910952 
        1.0600001000         0.3217057462         1.6158330202        10.4864567476         0.2487205269 
        1.0650000000         0.3138682513         1.6438714865        11.2168501131         0.3063686878 
        1.0700000000         0.3059810367         1.6081861657        10.2872585570         0.3672195242 
        1.0750001000         0.2980453450         1.6387735836        11.0840513194         0.4184623339 
        1.0800001000         0.2900627466         1.6132840687        10.4200573507         0.4665024679 
        1.0850001000         0.2820343440         1.5928924568         9.8888621758         0.5113399264 
        1.0900001000         0.2739614049         1.6260288261        10.7520543351         0.5593800605 
        1.0950000000         0.2658453669         1.5979903598        10.0216609695         0.6202308969 
        1.1000000000         0.2576871869         1.6209309231        10.6192555413         0.6714737066 
        1.1050001000         0.2494881508         1.5775987479         9.4904657945         0.7002977870 
        1.1100001000         0.2412498811         1.6005393113        10.0880603664         0.7611486235 
        1.1150001000         0.2329735153         1.5877945538         9.7560633820         0.8091887576 
        1.1200001000         0.2246603603         1.5674029419         9.2248682071         0.8540262160 
        1.1250000000         0.2163118961         1.5877945538         9.7560633820         0.8988636745 
        1.1300000000         0.2079291071         1.5674029419         9.2248682071         0.9372957817 
        1.1350001000         0.1995133152         1.5750497964         9.4240663977         0.9885385914 
        1.1400001000         0.1910661856         1.5750497964         9.4240663977         1.0461867522 
        1.1450001000         0.1825888846         1.5597560875         9.0256700165         1.0878215351 
        1.1500001000         0.1740827506         1.5597560875         9.0256700165         1.1230509667 
        1.1550001000         0.1655491270         1.5368155241         8.4280754446         1.1678884252 
        1.1600000000         0.1569895327         1.5495602815         8.7600724290         1.2223339104 
        1.1650001000         0.1484048051         1.5495602815         8.7600724290         1.2511579909 
        1.1700001000         0.1397968140         1.5419134271         8.5608742384         1.2959954493 
        1.1750001000         0.1311667474         1.5342665726         8.3616760478         1.3376302322 
        1.1800001000         0.1225159681         1.5291686697         8.2288772540         1.3792650150 
        1.1850001000         0.1138458421         1.5266197182         8.1624778572         1.4273051491 
        1.1900000000         0.1051579124         1.5291686697         8.2288772540         1.4497238783 
        1.1950000000         0.0964532035         1.5189728637         7.9632796665         1.5041693636 
        1.2000001000         0.0877330890         1.4858364944         7.1000875072         1.5265880928 
        1.2050001000         0.0789992946         1.5036791548         7.5648832853         1.5586148488 
        1.2100001000         0.0702530254         1.4985812518         7.4320844916         1.6034523073 
        1.2150001000         0.0614956624         1.4934833489         7.2992856979         1.6354790633 
        1.2200000000         0.0527287639         1.4756406885         6.8344899198         1.6707084950 
        1.2250000000         0.0439533637         1.4756406885         6.8344899198         1.7059379266 
        1.2300001000         0.0351708471         1.4883854459         7.1664869041         1.7475727095 
        1.2350001000         0.0263829521         1.4934833489         7.2992856979         1.7795994655 
        1.2400001000         0.0175908910         1.4654448825         6.5688923323         1.8148288972 
        1.2450001000         0.0087960520         1.4476022221         6.1040965542         1.8340449508 
        1.2500000000         0.0000000000         1.4730917370         6.7680905229         1.8756797336 
        1.2550000000        -0.0087962279         1.4399553677         5.9048983636         1.8884904360 
        1.2600001000        -0.0175912426         1.4246616587         5.5065019824         1.9173145165 
        1.2650001000        -0.0263833036         1.4272106102         5.5729013792         1.9621519749 
        1.2700001000        -0.0351711984         1.4042700468         4.9753068074         1.9909760554 
        1.2750001000        -0.0439535392         1.3328994052         3.1161236951         1.9877733798 
        1.2800001000        -0.0527289393         1.3023119874         2.3193309326         2.0165974602 
        1.2850000000        -0.0614958376         1.2717245696         1.5225381702         2.0198001358 
        1.2900001000        -0.0702533754         1.2436861032         0.7921448047         2.0198001358 
        1.2950001000        -0.0789996441         1.2054518309        -0.2038461484         2.0326108382 
        1.3000001000        -0.0877334380         1.2080007824        -0.1374467515         2.0294081626 
        1.3050030000        -0.0964584309         1.2156476369         0.0617514391         2.0326108382 
        1.3100001000        -0.1051580863         1.2105497339        -0.0710473547         2.0198001358 
        1.3150000000        -0.1138460156         1.2054518309        -0.2038461484         2.0198001358 
        1.3200000000        -0.1225161413         1.2080007824        -0.1374467515         2.0198001358 
        1.3250031000        -0.1311722774         1.2105497339        -0.0710473547         2.0230028114 
        1.3300001000        -0.1397971587         1.1264343349        -2.2622274513         2.0198001358 
        1.3350001000        -0.1484051489         1.1621196557        -1.3326358952         2.0037867578 
        1.3400001000        -0.1569897041         1.1595707042        -1.3990352920         2.0069894334 
        1.3450000000        -0.1655492979         1.1468259468        -1.7310322764         1.9909760554 
        1.3500000000        -0.1740829210         1.1417280438        -1.8638310701         1.9877733798 
        1.3550001000        -0.1825892242         1.1493748983        -1.6646328795         1.9781653529 
        1.3600001000        -0.1910665241         1.1391790923        -1.9302304670         1.9685573261 
        1.3650001000        -0.1995136523         1.1493748983        -1.6646328795         1.9589492993 
        1.3700001000        -0.2079292751         1.1187874804        -2.4614256419         1.9461385969 
        1.3750000000        -0.2163118961         1.1315322379        -2.1294286576         1.9461385969 
        1.3800000000        -0.2246605269         1.1289832864        -2.1958280545         1.9205171921 
        1.3850001000        -0.2329738470         1.1315322379        -2.1294286576         1.9205171921 
        1.3900001000        -0.2412502114         1.1136895775        -2.5942244357         1.9013011385 
        1.3950001000        -0.2494884795         1.1187874804        -2.4614256419         1.8948957872 
        1.4000001000        -0.2576873504         1.1136895775        -2.5942244357         1.8756797336 
        1.4050001000        -0.2658455296         1.1009448200        -2.9262214200         1.8532610044 
        1.4100000000        -0.2739615668         1.1111406260        -2.6606238326         1.8500583288 
        1.4150001000        -0.2820346659         1.0831021596        -3.3910171981         1.8244369240 
        1.4200001000        -0.2900630667         1.1187874804        -2.4614256419         1.8276395996 
        1.4250001000        -0.2980456633         1.0805532081        -3.4574165950         1.8148288972 
        1.4300001000        -0.3059811949         1.0932979656        -3.1254196106         1.7860048167 
        1.4350001000        -0.3138684085         1.0678084507        -3.7894135793         1.7667887631 
        1.4400000000        -0.3217059024         1.0805532081        -3.4574165950         1.7475727095 
        1.4450000000        -0.3294927525         1.0576126448        -4.0550111668         1.7315593315 
        1.4500001000        -0.3372277260         1.0703574022        -3.7230141825         1.7187486290 
        1.4550001000        -0.3449092922         1.0601615963        -3.9886117699         1.7059379266 
        1.4600001000        -0.3525363931         1.0601615963        -3.9886117699         1.6867218730 
        1.4650001000        -0.3601078245         1.0499657903        -4.2542093574         1.6578977926 
        1.4700000000        -0.3676222410         1.0499657903        -4.2542093574         1.6386817389 
        1.4750019000        -0.3750815788         1.0295741784        -4.7854045324         1.6162630097 
        1.4800001000        -0.3824761900         1.0448678873        -4.3870081512         1.5906416049 
        1.4850001000        -0.3898130776         1.0270252269        -4.8518039292         1.5746282269 
        1.4900001000        -0.3970884093         1.0397699844        -4.5198069449         1.5522094976 
        1.4950001000        -0.4043010360         1.0091825665        -5.3165997073         1.5265880928 
        1.5000000000        -0.4114496766         1.0372210329        -4.5862063418         1.5041693636 
        1.5050000000        -0.4185334881         1.0295741784        -4.7854045324         1.4817506344 
        1.5100001000        -0.4255513480         1.0193783725        -5.0510021199         1.4497238783 
        1.5150001000        -0.4325018675         1.0168294210        -5.1174015167         1.4401158515 
        1.5200001000        -0.4393840898         1.0244762754        -4.9182033261         1.4080890955 
        1.5250001000        -0.4461969284         1.0091825665        -5.3165997073         1.3792650150 
        1.5300001000        -0.4529393072         1.0168294210        -5.1174015167         1.3632516370 
        1.5350000000        -0.4596100290         0.9887909546        -5.8477948823         1.3280222054 
        1.5400001000        -0.4662084384         0.9913399061        -5.7813954854         1.2991981249 
        1.5450001000        -0.4727330954         1.0066336150        -5.3829991042         1.2831847469 
        1.5500001000        -0.4791831024         0.9734972457        -6.2461912635         1.2415499641 
        1.5550001000        -0.4855574408         0.9785951487        -6.1133924698         1.2191312348 
        1.5600001000        -0.4918551040         0.9862420032        -5.9141942792         1.1839018032 
        1.5650000000        -0.4980749740         0.9760461972        -6.1797918666         1.1454696960 
        1.5700000000        -0.5042163174         0.9556545853        -6.7109870416         1.1198482911 
        1.5750001000        -0.5102781596         0.9785951487        -6.1133924698         1.0942268863 
        1.5800001000        -0.5162593009         0.9556545853        -6.7109870416         1.0686054815 
        1.5850001000        -0.5221589190         0.9683993428        -6.3789900572         1.0269706986 
        1.5900001000        -0.5279760820         0.9505566824        -6.8437858353         1.0045519694 
        1.5950000000        -0.5337097577         0.9429098279        -7.0429840259         0.9533091597 
        1.6000000000        -0.5393592699         0.9352629734        -7.2421822165         0.9180797281 
        1.6050001000        -0.5449237215         0.9352629734        -7.2421822165         0.8860529720 
        1.6100001000        -0.5504020112         0.9352629734        -7.2421822165         0.8604315672 
        1.6150001000        -0.5557933860         0.9480077309        -6.9101852322         0.8252021356 
        1.6200001000        -0.5610969946         0.9301650705        -7.3749810103         0.7867700283 
        1.6250000000        -0.5663118961         0.9276161190        -7.4413804072         0.7515405967 
        1.6300000000        -0.5714374755         0.9225182160        -7.5741792009         0.7035004626 
        1.6350001000        -0.5764729181         0.9072245071        -7.9725755821         0.6746763822 
        1.6400001000        -0.5814172274         0.9072245071        -7.9725755821         0.6298389237 
        1.6450001000        -0.5862697241         0.9021266041        -8.1053743758         0.5978121677 
        1.6500001000        -0.5910296421         0.9097734586        -7.9061761852         0.5593800605 
        1.6550001000        -0.5956962296         0.8740881378        -8.8357677414         0.5209479532 
        1.6600000000        -0.6002686593         0.9046755556        -8.0389749790         0.4793131704 
        1.6650001000        -0.6047464806         0.9123224101        -7.8397767884         0.4376783875 
        1.6700001000        -0.6091287149         0.8766370893        -8.7693683445         0.4056516315 
        1.6750001000        -0.6134147608         0.9046755556        -8.0389749790         0.3640168486 
        1.6800001000        -0.6176039413         0.8638923318        -9.1013653289         0.3223820658 
        1.6850001000        -0.6216955950         0.8944797497        -8.3045725665         0.2743419317 
        1.6900000000        -0.6256889969         0.8766370893        -8.7693683445         0.2295044733 
        1.6950000000        -0.6295836761         0.8460496714        -9.5661611070         0.1782616636 
        1.7000001000        -0.6333790116         0.8689902348        -8.9685665351         0.1366268808 
        1.7050001000        -0.6370742524         0.8536965259        -9.3669629164         0.0981947735 
        1.7100001000        -0.6406688917         0.8638923318        -9.1013653289         0.0501546394 
        1.7150001000        -0.6441623620         0.8562454774        -9.3005635195         0.0213305590 
        1.7200000000        -0.6475540448         0.8485986229        -9.4997617101        -0.0331149263 
        1.7250000000        -0.6508435401         0.8333049140        -9.8981580913        -0.0811550603 
        1.7300001000        -0.6540303224         0.8485986229        -9.4997617101        -0.1356005456 
        1.7350001000        -0.6571137610         0.8231091081       -10.1637556788        -0.1804380040 
        1.7400001000        -0.6600934337         0.8435007200        -9.6325605038        -0.2220727869 
        1.7450001000        -0.6629688700         0.8256580595       -10.0973562819        -0.2669102453 
        1.7500000000        -0.6657395614         0.8435007200        -9.6325605038        -0.3085450282 
        1.7550000000        -0.6684051813         0.8180112051       -10.2965544725        -0.3661931891 
        1.7600001000        -0.6709653024         0.8282070110       -10.0309568851        -0.4078279719 
        1.7650001000        -0.6734194181         0.8231091081       -10.1637556788        -0.4622734572 
        1.7700001000        -0.6757671931         0.7848748358       -11.1597466318        -0.5231242936 
        1.7750001000        -0.6780082565         0.8307559625        -9.9645574882        -0.5743671033 
        1.7800001000        -0.6801422546         0.7976195932       -10.8277496475        -0.6192045618 
        1.7850000000        -0.6821688110         0.8103643506       -10.4957526631        -0.6672446958 
        1.7900001000        -0.6840877238         0.8103643506       -10.4957526631        -0.7088794787 
        1.7950001000        -0.6858985718         0.8052664477       -10.6285514569        -0.7729329907 
        1.8000001000        -0.6876011085         0.7823258843       -11.2261460287        -0.8273784760 
        1.8050001000        -0.6891950650         0.7925216902       -10.9605484412        -0.8786212857 
        1.8100001000        -0.6906801896         0.8027174962       -10.6949508538        -0.9202560685 
        1.8150000000        -0.6920562213         0.7874237873       -11.0933472350        -0.9779042294 
        1.8200000000        -0.6933229980         0.7950706417       -10.8941490444        -1.0291470390 
        1.8250001000        -0.6944803130         0.7823258843       -11.2261460287        -1.0835925243 
        1.8300001000        -0.6955279372         0.7746790298       -11.4253442193        -1.1380380096 
        1.8350001000        -0.6964657295         0.7746790298       -11.4253442193        -1.1988888460 
        1.8400001000        -0.6972935419         0.7746790298       -11.4253442193        -1.2565370069 
        1.8450000000        -0.6980112302         0.7593853209       -11.8237406005        -1.3109824922 
        1.8500000000        -0.6986187099         0.7848748358       -11.1597466318        -1.3686306530 
        1.8550001000        -0.6991158785         0.7542874179       -11.9565393943        -1.4134681115 
        1.8600001000        -0.6995026375         0.7619342724       -11.7573412037        -1.4807242992 
        1.8650001000        -0.6997789369         0.7440916120       -12.2221369817        -1.5351697844 
        1.8700001000        -0.6999447332         0.7746790298       -11.4253442193        -1.5928179453 
        1.8750000000        -0.7000000000         0.7619342724       -11.7573412037        -1.6472634306 
        1.8800000000        -0.6999447309         0.7440916120       -12.2221369817        -1.7017089158 
        1.8850001000        -0.6997789281         0.7517384665       -12.0229387911        -1.7721677791 
        1.8900001000        -0.6995026242         0.7517384665       -12.0229387911        -1.8138025620 
        1.8950001000        -0.6991158608         0.7568363694       -11.8901399974        -1.8714507228 
        1.9000001000        -0.6986186989         0.7466405635       -12.1557375849        -1.9483149373 
        1.9050001000        -0.6980112169         0.7338958061       -12.4877345692        -1.9995577470 
        1.9100000000        -0.6972935264         0.7542874179       -11.9565393943        -2.0475978811 
        1.9150001000        -0.6964656942         0.7440916120       -12.2221369817        -2.1052460419 
        1.9200001000        -0.6955278975         0.7313468546       -12.5541339661        -2.1853129320 
        1.9250001000        -0.6944802689         0.7313468546       -12.5541339661        -2.2493664441 
        1.9300001000        -0.6933229737         0.7338958061       -12.4877345692        -2.3006092538 
        1.9350001000        -0.6920561949         0.7415426605       -12.2885363786        -2.3614600902 
        1.9400000000        -0.6906801609         0.7237000001       -12.7533321567        -2.4255136023 
        1.9450000000        -0.6891950342         0.7237000001       -12.7533321567        -2.4767564120 
        1.9500001000        -0.6876010426         0.7338958061       -12.4877345692        -2.5536206265 
        1.9550001000        -0.6858985015         0.7058573397       -13.2181279348        -2.6240794897 
        1.9600001000        -0.6840876492         0.7466405635       -12.1557375849        -2.6753222994 
        1.9650001000        -0.6821687715         0.7186020971       -12.8861309504        -2.7329704603 
        1.9700000000        -0.6801422130         0.7364447575       -12.4213351724        -2.7970239724 
        1.9750000000        -0.6780082128         0.7262489516       -12.6869327598        -2.8802935381 
        1.9800001000        -0.6757671013         0.7135041942       -13.0189297442        -2.9379416989 
        1.9850001000        -0.6734193221         0.7389937090       -12.3549357755        -3.0019952110 
        1.9900001000        -0.6709652022         0.7135041942       -13.0189297442        -3.0596433719 
        1.9950001000        -0.6684051291         0.7287979031       -12.6205333630        -3.1333049108 
        2.0000000000        -0.6657395614         0.7160531457       -12.9525303473        -3.1397102620 
        2.0050000000        -0.6629688135         0.7237000001       -12.7533321567        -3.1301022351 
        2.0100001000        -0.6600933166         0.7415426605       -12.2885363786        -1.7433436987 
        2.0150001000        -0.6571136397         0.7211510486       -12.8197315536         3.1311285703 
        2.0200001000        -0.6540301970         0.7186020971       -12.8861309504         3.1407365971 
        2.0250001000        -0.6508434754         0.7338958061       -12.4877345692         3.1375339215 
        2.0300001000        -0.6475539780         0.7109552427       -13.0853291410         3.0734804095 
        2.0350001000        -0.6441622243         0.7338958061       -12.4877345692         3.0190349242 
        2.0400001000        -0.6406687500         0.7517384665       -12.0229387911         2.9613867633 
        2.0450001000        -0.6370741066         0.7186020971       -12.8861309504         2.8973332512 
        2.0500001000        -0.6333788618         0.7338958061       -12.4877345692         2.8236717124 
        2.0550001000        -0.6295835992         0.7542874179       -11.9565393943         2.7660235515 
        2.0600001000        -0.6256889180         0.7109552427       -13.0853291410         2.6891593370 
        2.0650000000        -0.6216955142         0.7262489516       -12.6869327598         2.6219031493 
        2.0700000000        -0.6176038585         0.7619342724       -11.7573412037         2.5802683665 
        2.0750013000        -0.6134135742         0.7338958061       -12.4877345692         2.5162148544 
        2.0800001000        -0.6091285416         0.7542874179       -11.9565393943         2.4489586667 
        2.0850001000        -0.6047463034         0.7237000001       -12.7533321567         2.3784998034 
        2.0900001000        -0.6002685688         0.7338958061       -12.4877345692         2.3240543182 
        2.0950000000        -0.5956961373         0.7338958061       -12.4877345692         2.2632034817 
        2.1000000000        -0.5910295479         0.7542874179       -11.9565393943         2.2087579964 
        2.1050001000        -0.5862695319         0.7440916120       -12.2221369817         2.1479071600 
        2.1100001000        -0.5814170315         0.7389937090       -12.3549357755         2.0742456211 
        2.1150001000        -0.5764727186         0.7466405635       -12.1557375849         2.0262054870 
        2.1200001000        -0.5714373739         0.7415426605       -12.2885363786         1.9525439481 
        2.1250000000        -0.5663118961         0.7440916120       -12.2221369817         1.8852877604 
        2.1300000000        -0.5610968894         0.7466405635       -12.1557375849         1.8308422752 
        2.1350001000        -0.5557931721         0.7415426605       -12.2885363786         1.7667887631 
        2.1400001000        -0.5504017938         0.7568363694       -11.8901399974         1.7251539802 
        2.1450001000        -0.5449235007         0.7440916120       -12.2221369817         1.6546951170 
        2.1500001000        -0.5393591578         0.7389937090       -12.3549357755         1.5906416049 
        2.1550001000        -0.5337096439         0.7772279813       -11.3589448224         1.5426014708 
        2.1600001000        -0.5279758510         0.7287979031       -12.6205333630         1.4721426075 
        2.1650001000        -0.5221586847         0.7772279813       -11.3589448224         1.4401158515 
        2.1700001000        -0.5162590634         0.7440916120       -12.2221369817         1.3664543126 
        2.1750001000        -0.5102779188         0.7644832239       -11.6909418068         1.3024008005 
        2.1800002000        -0.5042160734         0.7619342724       -11.7573412037         1.2543606665 
        2.1850001000        -0.4980748504         0.7797769328       -11.2925454256         1.1967125056 
        2.1900000000        -0.4918549789         0.7899727387       -11.0269478381         1.1518750472 
        2.1950000000        -0.4855573141         0.7797769328       -11.2925454256         1.0942268863 
        2.2000001000        -0.4791828460         0.7925216902       -10.9605484412         1.0429840766 
        2.2050001000        -0.4727328360         0.8001685447       -10.7613502506         0.9853359158 
        2.2100001000        -0.4662081760         0.7644832239       -11.6909418068         0.9276877549 
        2.2150001000        -0.4596098963         0.8052664477       -10.6285514569         0.8668369184 
        2.2200000000        -0.4529391731         0.8180112051       -10.2965544725         0.8155941088 
        2.2250000000        -0.4461967928         0.7619342724       -11.7573412037         0.7611486235 
        2.2300001000        -0.4393838160         0.8231091081       -10.1637556788         0.7163111650 
        2.2350001000        -0.4325015909         0.8052664477       -10.6285514569         0.6586630042 
        2.2400001000        -0.4255510687         0.7848748358       -11.1597466318         0.6042175189 
        2.2450001000        -0.4185333471         0.8282070110       -10.0309568851         0.5657854117 
        2.2500000000        -0.4114496766         0.8129133021       -10.4293532663         0.5113399264 
        2.2550027000        -0.4042970147         0.8154622536       -10.3629538694         0.4600971167 
        2.2600001000        -0.3970881196         0.8358538655        -9.8317586944         0.4120569827 
        2.2650001000        -0.3898127854         0.8103643506       -10.4957526631         0.3448007950 
        2.2700001000        -0.3824758954         0.8103643506       -10.4957526631         0.2967606609 
        2.2750114000        -0.3750618226         0.8358538655        -9.8317586944         0.2583285537 
        2.2800001000        -0.3676220913         0.8256580595       -10.0973562819         0.1974777172 
        2.2850001000        -0.3601075228         0.8460496714        -9.5661611070         0.1590456100 
        2.2900001000        -0.3525360892         0.8180112051       -10.2965544725         0.1013974491 
        2.2950001000        -0.3449089861         0.8511475744        -9.4333623132         0.0629653419 
        2.3000001000        -0.3372274177         0.8409517685        -9.6989599007         0.0277359102 
        2.3050001000        -0.3294925973         0.8613433804        -9.1677647258        -0.0331149263 
        2.3100001000        -0.3217057462         0.8231091081       -10.1637556788        -0.0683443579 
        2.3150000000        -0.3138682513         0.8689902348        -8.9685665351        -0.1195871676 
        2.3200000000        -0.3059810367         0.8740881378        -8.8357677414        -0.1548165992 
        2.3250001000        -0.2980453450         0.8613433804        -9.1677647258        -0.1932487064 
        2.3300001000        -0.2900627466         0.8613433804        -9.1677647258        -0.2476941917 
        2.3350001000        -0.2820343440         0.8740881378        -8.8357677414        -0.2957343258 
        2.3400001000        -0.2739614049         0.8689902348        -8.9685665351        -0.3309637574 
        2.3450000000        -0.2658453669         0.8970287012        -8.2381731696        -0.3790038915 
        2.3500000000        -0.2576871869         0.8562454774        -9.3005635195        -0.4174359987 
        2.3550001000        -0.2494881508         0.9021266041        -8.1053743758        -0.4622734572 
        2.3600001000        -0.2412498811         0.8842839437        -8.5701701539        -0.4943002132 
        2.3650001000        -0.2329735153         0.9046755556        -8.0389749790        -0.5391376717 
        2.3700001000        -0.2246603603         0.8868328952        -8.5037707571        -0.5903804813 
        2.3750000000        -0.2163118961         0.9021266041        -8.1053743758        -0.6288125886 
        2.3800000000        -0.2079291071         0.9021266041        -8.1053743758        -0.6608393446 
        2.3850001000        -0.1995133152         0.9123224101        -7.8397767884        -0.6960687762 
        2.3900001000        -0.1910661856         0.9072245071        -7.9725755821        -0.7377035591 
        2.3950001000        -0.1825888846         0.8944797497        -8.3045725665        -0.7793383419 
        2.4000001000        -0.1740827506         0.9250671675        -7.5077798040        -0.8145677736 
        2.4050001000        -0.1655491270         0.9352629734        -7.2421822165        -0.8465945296 
        2.4100001000        -0.1569893612         0.9225182160        -7.5741792009        -0.8882293125 
        2.4150001000        -0.1484048051         0.9378119249        -7.1757828197        -0.9266614197 
        2.4200096000        -0.1397804374         0.9250671675        -7.5077798040        -0.9586881758 
        2.4250001000        -0.1311667474         0.9480077309        -6.9101852322        -0.9939176074 
        2.4300001000        -0.1225159681         0.9352629734        -7.2421822165        -1.0355523902 
        2.4350001000        -0.1138458421         0.9505566824        -6.8437858353        -1.0611737951 
        2.4400000000        -0.1051579124         0.9454587794        -6.9765846291        -1.0835925243 
        2.4450000000        -0.0964532035         0.9658503913        -6.4453894541        -1.1252273072 
        2.4500001000        -0.0877330890         0.9734972457        -6.2461912635        -1.1540513876 
        2.4550001000        -0.0789992946         0.9760461972        -6.1797918666        -1.1860781436 
        2.4600001000        -0.0702530254         0.9836930517        -5.9805936760        -1.2084968729 
        2.4650001000        -0.0614956624         0.9709482942        -6.3125906604        -1.2501316557 
        2.4700000000        -0.0527287639         0.9989867606        -5.5821972948        -1.2853610873 
        2.4750000000        -0.0439533637         0.9887909546        -5.8477948823        -1.3077798166 
        2.4800001000        -0.0351708471         1.0091825665        -5.3165997073        -1.3237931946 
        2.4850001000        -0.0263829521         0.9887909546        -5.8477948823        -1.3526172750 
        2.4900001000        -0.0175908910         1.0091825665        -5.3165997073        -1.3878467067 
        2.4950001000        -0.0087960520         1.0040846636        -5.4493985011        -1.4134681115 
        2.5001803000         0.0003172003         1.0321231299        -4.7190051355        -1.4390895163 
        2.5050000000         0.0087962279         1.0117315180        -5.2502003105        -1.4647109212 
        2.5100001000         0.0175912426         1.0499657903        -4.2542093574        -1.4871296504 
        2.5150001000         0.0263833036         1.0499657903        -4.2542093574        -1.4967376772 
        2.5200001000         0.0351711984         1.0805532081        -3.4574165950        -1.5287644332 
        2.5250001000         0.0439535392         1.1136895775        -2.5942244357        -1.5415751357 
        2.5300001000         0.0527289393         1.1468259468        -1.7310322764        -1.5575885137 
        2.5350001000         0.0614960128         1.1825112676        -0.8014407202        -1.5575885137 
        2.5400001000         0.0702533754         1.2181965884         0.1281508360        -1.5607911893 
        2.5450073000         0.0790122301         1.2258434428         0.3273490266        -1.5671965405 
        2.5500001000         0.0877334380         1.2207455399         0.1945502328        -1.5607911893 
        2.5550001000         0.0964533777         1.2130986854        -0.0046479578        -1.5575885137 
        2.5600001000         0.1051580863         1.2054518309        -0.2038461484        -1.5575885137 
        2.5650000000         0.1138460156         1.2232944913         0.2609496297        -1.5575885137 
        2.5700000000         0.1225161413         1.2130986854        -0.0046479578        -1.5543858381 
        2.5750001000         0.1311670929         1.2615287636         1.2569405827        -1.5607911893 
        2.5800001000         0.1397971587         1.3023119874         2.3193309326        -1.5383724600 
        2.5850001000         0.1484051489         1.2589798122         1.1905411859        -1.5447778113 
        2.5900001000         0.1569897041         1.2589798122         1.1905411859        -1.5223590820 
        2.5950000000         0.1655492979         1.3023119874         2.3193309326        -1.5287644332 
        2.6000000000         0.1740829210         1.2666266666         1.3897393765        -1.5063457040 
        2.6050001000         0.1825892242         1.3176056963         2.7177273139        -1.5031430284 
        2.6100001000         0.1910665241         1.2768224726         1.6553369640        -1.4871296504 
        2.6150067000         0.1995247820         1.3074098904         2.4521297264        -1.4807242992 
        2.6200001000         0.2079292751         1.3023119874         2.3193309326        -1.4743189480 
        2.6250000000         0.2163118961         1.3252525508         2.9169255045        -1.4486975431 
        2.6300000000         0.2246605269         1.3099588419         2.5185291233        -1.4390895163 
        2.6350001000         0.2329738470         1.3303504538         3.0497242982        -1.4166707871 
        2.6400001000         0.2412502114         1.3074098904         2.4521297264        -1.4262788139 
        2.6450001000         0.2494884795         1.3328994052         3.1161236951        -1.4038600847 
        2.6500001000         0.2576873504         1.3354483567         3.1825230919        -1.3814413555 
        2.6550001000         0.2658455296         1.3456441627         3.4481206794        -1.3654279774 
        2.6600001000         0.2739617287         1.3379973082         3.2489224888        -1.3622253018 
        2.6650001000         0.2820346659         1.3481931142         3.5145200763        -1.3366038970 
        2.6700001000         0.2900630667         1.3354483567         3.1825230919        -1.3366038970 
        2.6750001000         0.2980456633         1.3507420656         3.5809194732        -1.3109824922 
        2.6800001000         0.3059811949         1.3456441627         3.4481206794        -1.3013744654 
        2.6850001000         0.3138684085         1.3634868231         3.9129164575        -1.2661450337 
        2.6900000000         0.3217059024         1.3762315805         4.2449134419        -1.2469289801 
        2.6950000000         0.3294927525         1.3634868231         3.9129164575        -1.2277129265 
        2.7000001000         0.3372277260         1.3813294835         4.3777122356        -1.2149022241 
        2.7050001000         0.3449092922         1.3762315805         4.2449134419        -1.1860781436 
        2.7100001000         0.3525363931         1.3787805320         4.3113128387        -1.1732674412 
        2.7150001000         0.3601078245         1.3864273864         4.5105110293        -1.1444433608 
        2.7200000000         0.3676222410         1.3915252894         4.6433098231        -1.1316326584 
        2.7250000000         0.3750787565         1.3940742409         4.7097092199        -1.1060112535 
        2.7300001000         0.3824761900         1.4042700468         4.9753068074        -1.0835925243 
        2.7350001000         0.3898130776         1.4017210954         4.9089074106        -1.0611737951 
        2.7400001000         0.3970884093         1.4042700468         4.9753068074        -1.0355523902 
        2.7450001000         0.4043010360         1.4246616587         5.5065019824        -1.0067283098 
        2.7500000000         0.4114496766         1.4195637558         5.3737031886        -0.9907149318 
        2.7550000000         0.4185334881         1.4093679498         5.1081056012        -0.9747015538 
        2.7600001000         0.4255513480         1.4348574647         5.7720995699        -0.9298640953 
        2.7650001000         0.4325018675         1.4348574647         5.7720995699        -0.9170533929 
        2.7700001000         0.4393840898         1.4323085132         5.7057001730        -0.8850266369 
        2.7750001000         0.4461969284         1.4348574647         5.7720995699        -0.8465945296 
        2.7800001000         0.4529393072         1.4425043191         5.9712977605        -0.8273784760 
        2.7850001000         0.4596101617         1.4501511736         6.1704959511        -0.7985543956 
        2.7900001000         0.4662084384         1.4552490766         6.3032947448        -0.7729329907 
        2.7950001000         0.4727330954         1.4730917370         6.7680905229        -0.7280955323 
        2.8000001000         0.4791831024         1.4603469795         6.4360935385        -0.7088794787 
        2.8050001000         0.4855574408         1.4679938340         6.6352917292        -0.6768527226 
        2.8100001000         0.4918551040         1.4858364944         7.1000875072        -0.6448259666 
        2.8150000000         0.4980749740         1.4552490766         6.3032947448        -0.6224072374 
        2.8200000000         0.5042163174         1.5011302033         7.4984838885        -0.5679617521 
        2.8250001000         0.5102781596         1.4756406885         6.8344899198        -0.5423403473 
        2.8300001000         0.5162593009         1.4832875429         7.0336881104        -0.5071109156 
        2.8350001000         0.5221589190         1.4985812518         7.4320844916        -0.4654761328 
        2.8400001000         0.5279760820         1.5087770578         7.6976820791        -0.4302467011 
        2.8450000000         0.5337097577         1.4832875429         7.0336881104        -0.4142333231 
        2.8500000000         0.5393592699         1.5189728637         7.9632796665        -0.3693958647 
        2.8550001000         0.5449237215         1.5062281063         7.6312826822        -0.3309637574 
        2.8600001000         0.5504020112         1.5266197182         8.1624778572        -0.2861262990 
        2.8650001000         0.5557933860         1.5138749607         7.8304808728        -0.2540995429 
        2.8700001000         0.5610969946         1.5062281063         7.6312826822        -0.2284781381 
        2.8750000000         0.5663118961         1.5342665726         8.3616760478        -0.1772353284 
        2.8800000000         0.5714374755         1.5189728637         7.9632796665        -0.1484112480 
        2.8850001000         0.5764729181         1.5342665726         8.3616760478        -0.0971684383 
        2.8900001000         0.5814172274         1.5291686697         8.2288772540        -0.0651416823 
        2.8950001000         0.5862697241         1.5444623786         8.6272736352        -0.0203042238 
        2.9000001000         0.5910296421         1.5495602815         8.7600724290         0.0213305590 
        2.9050001000         0.5956962296         1.5317176211         8.2952766509         0.0501546394 
        2.9100001000         0.6002687498         1.5546581845         8.8928712227         0.1046001247 
        2.9150001000         0.6047464806         1.5521092330         8.8264718258         0.1462349076 
        2.9200001000         0.6091287149         1.5699518934         9.2912676039         0.2006803928 
        2.9250001000         0.6134147608         1.5393644756         8.4944748415         0.2327071489 
        2.9300001000         0.6176039413         1.5801476994         9.5568651914         0.2775446073 
        2.9350001000         0.6216955950         1.5597560875         9.0256700165         0.3287874170 
        2.9400000000         0.6256889969         1.5826966509         9.6232645883         0.3640168486 
        2.9450000000         0.6295836761         1.5750497964         9.4240663977         0.4216650095 
        2.9500001000         0.6333790116         1.5775987479         9.4904657945         0.4568944411 
        2.9550001000         0.6370742524         1.5826966509         9.6232645883         0.5081372508 
        2.9600001000         0.6406688917         1.5801476994         9.5568651914         0.5497720336 
        2.9650367000         0.6441875598         1.5903435053         9.8224627789         0.6074201945 
        2.9700000000         0.6475540448         1.6005393113        10.0880603664         0.6426496262 
        2.9750000000         0.6508435401         1.5903435053         9.8224627789         0.6906897602 
        2.9800001000         0.6540303224         1.6183819717        10.5528561444         0.7387298943 
        2.9850001000         0.6571137610         1.6005393113        10.0880603664         0.7931753795 
        2.9900020000         0.6600945462         1.6183819717        10.5528561444         0.8572288916 
        2.9950001000         0.6629688700         1.6005393113        10.0880603664         0.8860529720 
        3.0000000000         0.6657395614         1.6311267291        10.8848531288         0.9533091597 
        3.0050000000         0.6684051813         1.6081861657        10.2872585570         1.0013492938 
        3.0100001000         0.6709653024         1.6285777776        10.8184537319         1.0365787254 
        3.0150001000         0.6734194181         1.6285777776        10.8184537319         1.1006322375 
        3.0200001000         0.6757671931         1.6081861657        10.2872585570         1.1486723716 
        3.0250001000         0.6780082565         1.6566162440        11.5488470975         1.2127258836 
        3.0300001000         0.6801422546         1.6209309231        10.6192555413         1.2671713689 
        3.0350001000         0.6821688504         1.6311267291        10.8848531288         1.3088061517 
        3.0400001000         0.6840877238         1.6489693895        11.3496489069         1.3664543126 
        3.0450001000         0.6858985718         1.6209309231        10.6192555413         1.4176971223 
        3.0500001000         0.6876011085         1.6489693895        11.3496489069         1.4753452831 
        3.0550001000         0.6891950650         1.6464204380        11.2832495100         1.5329934440 
        3.0600001000         0.6906801896         1.6336756806        10.9512525257         1.5714255513 
        3.0650000000         0.6920562213         1.6285777776        10.8184537319         1.6226683609 
        3.0700000000         0.6933229980         1.6566162440        11.5488470975         1.6867218730 
        3.0750001000         0.6944803130         1.6387735836        11.0840513194         1.7379646827 
        3.0800001000         0.6955279372         1.6642630984        11.7480452881         1.7924101679 
        3.0850001000         0.6964657295         1.6515183410        11.4160483038         1.8564636800 
        3.0900001000         0.6972935419         1.6693610014        11.8808440818         1.9077064897 
        3.0950000000         0.6980112302         1.6311267291        10.8848531288         1.9653546505 
        3.1000000000         0.6986187099         1.6642630984        11.7480452881         2.0262054870 
        3.1050150000         0.6991171950         1.6438714865        11.2168501131         2.0838536479 
        3.1103988000         0.6995287231         1.6642630984        11.7480452881         2.1350964575 
        3.1150001000         0.6997789369         1.6515183410        11.4160483038         2.2055553208 
        3.1200001000         0.6999447332         1.6719099529        11.9472434787         2.2471901037 
        3.1250000000         0.7000000000         1.6413225350        11.1504507163         2.3112436157 
        3.1300000000         0.6999447309         1.6846547103        12.2792404631         2.3784998034 
        3.1350001000         0.6997789281         1.6515183410        11.4160483038         2.4169319107 
        3.1400001000         0.6995026242         1.6744589044        12.0136428756         2.4937961252 
        3.1450001000         0.6991158608         1.6591651954        11.6152464944         2.5450389348 
        3.1500001000         0.6986186989         1.6719099529        11.9472434787         2.6058897713 
        3.1550001000         0.6980112169         1.6591651954        11.6152464944         2.6635379322 
        3.1600005000         0.6972934491         1.6770078558        12.0800422724         2.7243887686 
        3.1650001000         0.6964656942         1.6515183410        11.4160483038         2.7788342539 
        3.1700001000         0.6955278975         1.6770078558        12.0800422724         2.8492931172 
        3.1750001000         0.6944802689         1.6719099529        11.9472434787         2.9069412781 
        3.1800001000         0.6933229737         1.6770078558        12.0800422724         2.9677921145 
        3.1850001000         0.6920561949         1.6566162440        11.5488470975         3.0190349242 
        3.1900000000         0.6906801609         1.6897526133        12.4120392568         3.0926964631 
        3.1950000000         0.6891950342         1.6821057588        12.2128410662         3.1503446239 
        3.2000001000         0.6876010426         1.6795568073        12.1464416693         3.1311285703 
        3.2050001000         0.6858985015         1.6948505162        12.5448380505         3.1343312459 
        3.2100001000         0.6840876492         1.6821057588        12.2128410662        -1.7433436987 
        3.2150001000         0.6821687715         1.6846547103        12.2792404631        -3.1397102620 
        3.2200000000         0.6801422130         1.6923015648        12.4784386537        -3.1301022351 
        3.2250000000         0.6780082128         1.6897526133        12.4120392568        -3.1461156132 
        3.2300001000         0.6757671013         1.6973994677        12.6112374474        -3.0692513987 
        3.2350001000         0.6734193221         1.6897526133        12.4120392568        -3.0180085890 
        3.2400001000         0.6709652022         1.6872036618        12.3456398599        -2.9507524013 
        3.2450001000         0.6684051291         1.6846547103        12.2792404631        -2.8802935381 
        3.2500000000         0.6657395614         1.7050463222        12.8104356380        -2.8322534040 
        3.2550000000         0.6629688135         1.6999484192        12.6776368443        -2.7521865139 
        3.2600005000         0.6600930824         1.7024973707        12.7440362411        -2.6977410286 
        3.2650001000         0.6571136397         1.6923015648        12.4784386537        -2.6400928678 
        3.2700001000         0.6540301970         1.6872036618        12.3456398599        -2.5824447069 
        3.2750001000         0.6508434754         1.7101442252        12.9432344317        -2.5119858436 
        3.2800001000         0.6475539780         1.6948505162        12.5448380505        -2.4543376827 
        3.2850001000         0.6441622243         1.7024973707        12.7440362411        -2.3838788195 
        3.2900001000         0.6406687500         1.6973994677        12.6112374474        -2.3326360098 
        3.2950001000         0.6370741066         1.7075952737        12.8768350349        -2.2589744709 
        3.3000001000         0.6333788618         1.6897526133        12.4120392568        -2.2077316612 
        3.3050001000         0.6295835992         1.7126931766        13.0096338286        -2.1276647712 
        3.3100001000         0.6256889180         1.7050463222        12.8104356380        -2.0668139347 
        3.3150000000         0.6216955142         1.7050463222        12.8104356380        -2.0059630982 
        3.3200000000         0.6176038585         1.7203400311        13.2088320192        -1.9419095861 
        3.3250001000         0.6134145913         1.6999484192        12.6776368443        -1.8906667765 
        3.3300001000         0.6091285416         1.7126931766        13.0096338286        -1.8170052376 
        3.3350001000         0.6047463034         1.6999484192        12.6776368443        -1.7753704547 
        3.3400001000         0.6002685688         1.7050463222        12.8104356380        -1.6921008890 
        3.3450000000         0.5956961373         1.6973994677        12.6112374474        -1.6472634306 
        3.3500000000         0.5910295479         1.6999484192        12.6776368443        -1.5896152697 
        3.3550001000         0.5862695319         1.7050463222        12.8104356380        -1.5127510552 
        3.3600001000         0.5814170315         1.7152421281        13.0760332255        -1.4454948675 
        3.3650001000         0.5764727186         1.7024973707        12.7440362411        -1.3878467067 
        3.3700001000         0.5714373739         1.7126931766        13.0096338286        -1.3205905190 
        3.3750000000         0.5663118961         1.7101442252        12.9432344317        -1.2533343313 
        3.3800000000         0.5610968894         1.7024973707        12.7440362411        -1.2052941973 
        3.3850001000         0.5557931721         1.7050463222        12.8104356380        -1.1412406852 
        3.3900001000         0.5504017938         1.6973994677        12.6112374474        -1.0835925243 
        3.3950001000         0.5449235007         1.7177910796        13.1424326224        -1.0163363366 
        3.4000001000         0.5393591578         1.6999484192        12.6776368443        -0.9522828245 
        3.4050001000         0.5337096439         1.6999484192        12.6776368443        -0.9010400149 
        3.4100001000         0.5279758510         1.6923015648        12.4784386537        -0.8401891784 
        3.4150001000         0.5221586847         1.6973994677        12.6112374474        -0.7793383419 
        3.4200001000         0.5162590634         1.7050463222        12.8104356380        -0.7216901811 
        3.4250001000         0.5102779188         1.6846547103        12.2792404631        -0.6736500470 
        3.4300001000         0.5042161954         1.6973994677        12.6112374474        -0.6063938593 
        3.4350001000         0.4980748504         1.6846547103        12.2792404631        -0.5487456985 
        3.4400000000         0.4918549789         1.6846547103        12.2792404631        -0.4814895108 
        3.4450000000         0.4855573141         1.6821057588        12.2128410662        -0.4270440255 
        3.4500001000         0.4791828460         1.6795568073        12.1464416693        -0.3661931891 
        3.4550001000         0.4727328360         1.6821057588        12.2128410662        -0.3053423526 
        3.4600001000         0.4662081760         1.6821057588        12.2128410662        -0.2476941917 
        3.4650001000         0.4596098963         1.6668120499        11.8144446850        -0.1804380040 
        3.4700000000         0.4529391731         1.6872036618        12.3456398599        -0.1388032212 
        3.4750000000         0.4461967928         1.6693610014        11.8808440818        -0.0715470335 
        3.4800001000         0.4393838160         1.6897526133        12.4120392568        -0.0042908458 
        3.4850001000         0.4325015909         1.6642630984        11.7480452881         0.0405466126 
        3.4900001000         0.4255510687         1.6668120499        11.8144446850         0.0853840711 
        3.4950001000         0.4185333471         1.6489693895        11.3496489069         0.1590456100 
        3.5000000000         0.4114496766         1.6744589044        12.0136428756         0.2070857440 
        3.5050000000         0.4043008924         1.6566162440        11.5488470975         0.2775446073 
        3.5100301000         0.3970446534         1.6591651954        11.6152464944         0.3127740390 
        3.5150001000         0.3898127854         1.6209309231        10.6192555413         0.3672195242 
        3.5200001000         0.3824758954         1.6744589044        12.0136428756         0.4344757119 
        3.5250001000         0.3750786080         1.6234798746        10.6856549382         0.4793131704 
        3.5300001000         0.3676220913         1.6387735836        11.0840513194         0.5401640068 
        3.5350001000         0.3601075228         1.6362246321        11.0176519225         0.5914068165 
        3.5400001000         0.3525360892         1.6387735836        11.0840513194         0.6362442749 
        3.5450001000         0.3449089861         1.6209309231        10.6192555413         0.7067031382 
        3.5500001000         0.3372274177         1.6234798746        10.6856549382         0.7451352455 
        3.5550001000         0.3294925973         1.6362246321        11.0176519225         0.8123914332 
        3.5600001000         0.3217057462         1.6005393113        10.0880603664         0.8540262160 
        3.5650000000         0.3138682513         1.6260288261        10.7520543351         0.9020663501 
        3.5700000000         0.3059810367         1.6005393113        10.0880603664         0.9469038085 
        3.5750001000         0.2980453450         1.6234798746        10.6856549382         1.0141599962 
        3.5800001000         0.2900627466         1.6081861657        10.2872585570         1.0557947790 
        3.5850001000         0.2820343440         1.6107351172        10.3536579538         1.1166456155 
        3.5900001000         0.2739614049         1.5775987479         9.4904657945         1.1486723716 
        3.5950000000         0.2658453669         1.5801476994         9.5568651914         1.1999151812 
        3.6000000000         0.2576871869         1.6005393113        10.0880603664         1.2511579909 
        3.6050001000         0.2494881508         1.5801476994         9.5568651914         1.2895900981 
        3.6100001000         0.2412498811         1.5928924568         9.8888621758         1.3472382590 
        3.6150001000         0.2329735153         1.5826966509         9.6232645883         1.4016837443 
        3.6200001000         0.2246603603         1.5877945538         9.7560633820         1.4529265539 
        3.6250000000         0.2163118961         1.5775987479         9.4904657945         1.4881559856 
        3.6300000000         0.2079291071         1.5419134271         8.5608742384         1.5361961196 
        3.6350001000         0.1995133152         1.5674029419         9.2248682071         1.5650202001 
        3.6400001000         0.1910661856         1.5521092330         8.8264718258         1.6130603341 
        3.6450001000         0.1825888846         1.5674029419         9.2248682071         1.6578977926 
        3.6500001000         0.1740827506         1.5368155241         8.4280754446         1.6931272242 
        3.6550001000         0.1655491270         1.5368155241         8.4280754446         1.7411673583 
        3.6600001000         0.1569893612         1.5342665726         8.3616760478         1.7763967899 
        3.6650001000         0.1484048051         1.5317176211         8.2952766509         1.8340449508 
        3.6700001000         0.1397968140         1.5342665726         8.3616760478         1.8692743824 
        3.6750001000         0.1311667474         1.5215218152         8.0296790634         1.9013011385 
        3.6800001000         0.1225159681         1.5138749607         7.8304808728         1.9429359213 
        3.6850001000         0.1138458421         1.5011302033         7.4984838885         1.9717600017 
        3.6900005000         0.1051570427         1.5164239122         7.8968802697         2.0133947846 
        3.6950000000         0.0964532035         1.4858364944         7.1000875072         2.0582322430 
        3.7000001000         0.0877330890         1.4985812518         7.4320844916         2.1062723771 
        3.7050001000         0.0789992946         1.4858364944         7.1000875072         2.1222857551 
        3.7100001000         0.0702530254         1.4858364944         7.1000875072         2.1671232136 
        3.7150001000         0.0614956624         1.4679938340         6.6352917292         2.1863392672 
        3.7200000000         0.0527287639         1.4654448825         6.5688923323         2.2215686988 
        3.7250000000         0.0439533637         1.4603469795         6.4360935385         2.2664061573 
        3.7300001000         0.0351708471         1.4705427855         6.7016911260         2.2984329133 
        3.7350001000         0.0263829521         1.4628959310         6.5024929354         2.3400676962 
        3.7400001000         0.0175908910         1.4577980281         6.3696941417         2.3624864254 
        3.7450001000         0.0087960520         1.4348574647         5.7720995699         2.3913105058 
        3.7500000000         0.0000000000         1.4323085132         5.7057001730         2.4137292351 
        3.7550000000        -0.0087962279         1.4246616587         5.5065019824         2.4393506399 
        3.7600001000        -0.0175912426         1.4272106102         5.5729013792         2.4841880984 
        3.7650001000        -0.0263833036         1.4093679498         5.1081056012         2.5002014764 
        3.7700001000        -0.0351711984         1.3915252894         4.6433098231         2.5258228812 
        3.7750001000        -0.0439535392         1.3558399686         3.7137182669         2.5450389348 
        3.7800001000        -0.0527289393         1.3328994052         3.1161236951         2.5610523128 
        3.7850001000        -0.0614960128         1.3074098904         2.4521297264         2.5770656909 
        3.7900001000        -0.0702533754         1.2844693270         1.8545351546         2.5866737177 
        3.7950001000        -0.0789996441         1.2436861032         0.7921448047         2.5994844201 
        3.8000001000        -0.0877334380         1.1697665101        -1.1334377046         2.5834710421 
        3.8050001000        -0.0964533777         1.2130986854        -0.0046479578         2.5866737177 
        3.8100001000        -0.1051580863         1.1927070735        -0.5358431327         2.5962817445 
        3.8150000000        -0.1138460156         1.1774133646        -0.9342395140         2.5802683665 
        3.8200000000        -0.1225161413         1.1723154616        -1.0670383077         2.5802683665 
        3.8250001000        -0.1311670929         1.1621196557        -1.3326358952         2.5610523128 
        3.8300001000        -0.1397971587         1.1595707042        -1.3990352920         2.5578496372 
        3.8350001000        -0.1484051489         1.1519238497        -1.5982334826         2.5450389348 
        3.8400001000        -0.1569897041         1.1442769953        -1.7974316733         2.5450389348 
        3.8450000000        -0.1655492979         1.1519238497        -1.5982334826         2.5354309080 
        3.8500014000        -0.1740853066         1.1340811893        -2.0630292607         2.5194175300 
        3.8550001000        -0.1825892242         1.1468259468        -1.7310322764         2.5162148544 
        3.8600001000        -0.1910665241         1.1315322379        -2.1294286576         2.5066068276 
        3.8650001000        -0.1995136523         1.1289832864        -2.1958280545         2.4969988008 
        3.8700001000        -0.2079292751         1.1315322379        -2.1294286576         2.4841880984 
        3.8750000000        -0.2163118961         1.1213364319        -2.3950262451         2.4777827471 
        3.8800000000        -0.2246605269         1.1187874804        -2.4614256419         2.4649720447 
        3.8850001000        -0.2329738470         1.1162385289        -2.5278250388         2.4489586667 
        3.8900028000        -0.2412546704         1.1111406260        -2.6606238326         2.4425533155 
        3.8950001000        -0.2494884795         1.1060427230        -2.7934226263         2.4265399375 
        3.9000001000        -0.2576873504         1.1085916745        -2.7270232294         2.4169319107 
        3.9050001000        -0.2658455296         1.1034937715        -2.8598220232         2.3913105058 
        3.9100001000        -0.2739617287         1.0831021596        -3.3910171981         2.3752971278 
        3.9150001000        -0.2820346659         1.1111406260        -2.6606238326         2.3656891010 
        3.9200001000        -0.2900630667         1.0831021596        -3.3910171981         2.3528783986 
        3.9250001000        -0.2980456633         1.0882000626        -3.2582184044         2.3272569938 
        3.9300001000        -0.3059811949         1.0882000626        -3.2582184044         2.3272569938 
        3.9350001000        -0.3138684085         1.0856511111        -3.3246178012         2.3112436157 
        3.9400000000        -0.3217059024         1.0703574022        -3.7230141825         2.2920275621 
        3.9450000000        -0.3294927525         1.0703574022        -3.7230141825         2.2728115085 
        3.9500223000        -0.3372619508         1.0525147418        -4.1878099606         2.2471901037 
        3.9550001000        -0.3449092922         1.0652594992        -3.8558129762         2.2215686988 
        3.9600001000        -0.3525363931         1.0652594992        -3.8558129762         2.2055553208 
        3.9650001000        -0.3601078245         1.0372210329        -4.5862063418         2.1863392672 
        3.9700001000        -0.3676223907         1.0601615963        -3.9886117699         2.1703258892 
        3.9750026000        -0.3750826185         1.0321231299        -4.7190051355         2.1415018087 
        3.9800001000        -0.3824761900         1.0448678873        -4.3870081512         2.1126777283 
        3.9850001000        -0.3898130776         1.0244762754        -4.9182033261         2.0966643503 
        3.9900001000        -0.3970884093         1.0270252269        -4.8518039292         2.0646375943 
        3.9950001000        -0.4043010360         1.0270252269        -4.8518039292         2.0486242162 
        4.0000000000        -0.4114496766         1.0270252269        -4.8518039292         2.0326108382 
        4.0050000000        -0.4185334881         1.0193783725        -5.0510021199         1.9973814066 
        4.0100001000        -0.4255513480         1.0091825665        -5.3165997073         1.9813680286 
        4.0150001000        -0.4325018675         1.0066336150        -5.3829991042         1.9333278945 
        4.0200001000        -0.4393840898         1.0015357121        -5.5157978979         1.9141118409 
        4.0250001000        -0.4461969284         1.0168294210        -5.1174015167         1.8980984629 
        4.0300001000        -0.4529393072         0.9887909546        -5.8477948823         1.8596663556 
        4.0350001000        -0.4596101617         1.0142804695        -5.1838009136         1.8404503020 
        4.0400001000        -0.4662084384         0.9836930517        -5.9805936760         1.8052208703 
        4.0450001000        -0.4727330954         0.9709482942        -6.3125906604         1.7667887631 
        4.0500001000        -0.4791831024         0.9785951487        -6.1133924698         1.7539780607 
        4.0550001000        -0.4855574408         0.9836930517        -5.9805936760         1.7187486290 
        4.0600001000        -0.4918551040         0.9556545853        -6.7109870416         1.6803165218 
        4.0650001000        -0.4980750976         0.9785951487        -6.1133924698         1.6643031438 
        4.0700001000        -0.5042164394         0.9531056338        -6.7773864385         1.6130603341 
        4.0750001000        -0.5102781596         0.9480077309        -6.9101852322         1.5938442805 
        4.0800001000        -0.5162593009         0.9658503913        -6.4453894541         1.5714255513 
        4.0850001000        -0.5221589190         0.9378119249        -7.1757828197         1.5297907684 
        4.0900001000        -0.5279760820         0.9480077309        -6.9101852322         1.4945613368 
        4.0950000000        -0.5337097577         0.9582035368        -6.6445876447         1.4625345807 
        4.1000000000        -0.5393592699         0.9225182160        -7.5741792009         1.4208997979 
        4.1050001000        -0.5449237215         0.9480077309        -6.9101852322         1.4016837443 
        4.1100001000        -0.5504020112         0.9250671675        -7.5077798040         1.3568462858 
        4.1150001000        -0.5557933860         0.9301650705        -7.3749810103         1.3216168542 
        4.1200001000        -0.5610969946         0.9199692645        -7.6405785978         1.2767793957 
        4.1250000000        -0.5663118961         0.9301650705        -7.3749810103         1.2543606665 
        4.1300000000        -0.5714374755         0.9072245071        -7.9725755821         1.2191312348 
        4.1350001000        -0.5764729181         0.9429098279        -7.0429840259         1.1678884252 
        4.1400001000        -0.5814172274         0.8868328952        -8.5037707571         1.1230509667 
        4.1450001000        -0.5862697241         0.9072245071        -7.9725755821         1.0846188595 
        4.1500001000        -0.5910296421         0.8919307982        -8.3709719633         1.0493894278 
        4.1550001000        -0.5956962296         0.9097734586        -7.9061761852         1.0237680230 
        4.1600000000        -0.6002686593         0.8944797497        -8.3045725665         0.9693225377 
        4.1650001000        -0.6047464806         0.8842839437        -8.5701701539         0.9276877549 
        4.1700001000        -0.6091287149         0.8868328952        -8.5037707571         0.9020663501 
        4.1750001000        -0.6134147608         0.8842839437        -8.5701701539         0.8508235404 
        4.1800001000        -0.6176039413         0.9046755556        -8.0389749790         0.8252021356 
        4.1850001000        -0.6216955950         0.8638923318        -9.1013653289         0.7643512991 
        4.1900001000        -0.6256890758         0.8919307982        -8.3709719633         0.7227165162 
        4.1950000000        -0.6295836761         0.8562454774        -9.3005635195         0.6810817334 
        4.2000001000        -0.6333790116         0.8689902348        -8.9685665351         0.6362442749 
        4.2050001000        -0.6370742524         0.8511475744        -9.4333623132         0.5817987897 
        4.2100001000        -0.6406688917         0.8562454774        -9.3005635195         0.5369613312 
        4.2150001000        -0.6441623620         0.8256580595       -10.0973562819         0.4953265484 
        4.2200000000        -0.6475540448         0.8817349922        -8.6365695508         0.4665024679 
        4.2250000000        -0.6508435401         0.8536965259        -9.3669629164         0.4088543071 
        4.2300001000        -0.6540303224         0.8536965259        -9.3669629164         0.3704221998 
        4.2350001000        -0.6571137610         0.8435007200        -9.6325605038         0.3287874170 
        4.2400001000        -0.6600934337         0.8333049140        -9.8981580913         0.2711392561 
        4.2450001000        -0.6629688700         0.8587944289        -9.2341641226         0.2327071489 
        4.2500000000        -0.6657395614         0.8282070110       -10.0309568851         0.1846670148 
        4.2550000000        -0.6684051813         0.8460496714        -9.5661611070         0.1334242051 
        4.2600001000        -0.6709653024         0.8154622536       -10.3629538694         0.0725733687 
        4.2650001000        -0.6734194181         0.8333049140        -9.8981580913         0.0277359102 
        4.2700001000        -0.6757671931         0.8256580595       -10.0973562819        -0.0267095750 
        4.2750001000        -0.6780082565         0.7874237873       -11.0933472350        -0.0683443579 
        4.2800001000        -0.6801422546         0.8256580595       -10.0973562819        -0.1195871676 
        4.2850000000        -0.6821688110         0.8027174962       -10.6949508538        -0.1772353284 
        4.2900004000        -0.6840878357         0.8129133021       -10.4293532663        -0.2188701113 
        4.2950001000        -0.6858985718         0.8001685447       -10.7613502506        -0.2669102453 
        4.3000001000        -0.6876011085         0.8001685447       -10.7613502506        -0.3309637574 
        4.3050001000        -0.6891950650         0.7899727387       -11.0269478381        -0.3693958647 
        4.3100001000        -0.6906801896         0.8052664477       -10.6285514569        -0.4142333231 
        4.3150001000        -0.6920562477         0.8001685447       -10.7613502506        -0.4654761328 
        4.3200000000        -0.6933229980         0.7721300783       -11.4917436162        -0.5295296448 
        4.3250001000        -0.6944803130         0.8231091081       -10.1637556788        -0.5743671033 
        4.3300001000        -0.6955279372         0.7644832239       -11.6909418068        -0.6512313178 
        4.3350001000        -0.6964657295         0.7925216902       -10.9605484412        -0.6928661006 
        4.3400001000        -0.6972935419         0.7695811269       -11.5581430131        -0.7473115859 
        4.3450000000        -0.6980112302         0.7772279813       -11.3589448224        -0.8081624224 
        4.3500000000        -0.6986187099         0.7517384665       -12.0229387911        -0.8658105832 
        4.3553139000        -0.6991433991         0.7950706417       -10.8941490444        -0.9138507173 
        4.3600001000        -0.6995026375         0.7491895150       -12.0893381880        -0.9650935270 
        4.3650001000        -0.6997789369         0.7772279813       -11.3589448224        -1.0195390122 
        4.3700001000        -0.6999447332         0.7593853209       -11.8237406005        -1.0771871731 
        4.3750000000        -0.7000000000         0.7644832239       -11.6909418068        -1.1316326584 
        4.3800000000        -0.6999447309         0.7644832239       -11.6909418068        -1.1796727924 
        4.3850001000        -0.6997789281         0.7644832239       -11.6909418068        -1.2469289801 
        4.3900001000        -0.6995026242         0.7517384665       -12.0229387911        -1.2981717898 
        4.3950001000        -0.6991158608         0.7695811269       -11.5581430131        -1.3654279774 
        4.4000001000        -0.6986186989         0.7364447575       -12.4213351724        -1.4230761383 
        4.4050001000        -0.6980112169         0.7644832239       -11.6909418068        -1.4775216236 
        4.4100000000        -0.6972935264         0.7338958061       -12.4877345692        -1.5543858381 
        4.4150001000        -0.6964656942         0.7619342724       -11.7573412037        -1.6024259721 
        4.4200001000        -0.6955278975         0.7338958061       -12.4877345692        -1.6664794842 
        4.4250001000        -0.6944802689         0.7440916120       -12.2221369817        -1.7177222939 
        4.4300001000        -0.6933229737         0.7364447575       -12.4213351724        -1.7785731303 
        4.4350001000        -0.6920561949         0.7338958061       -12.4877345692        -1.8362212912 
        4.4400001000        -0.6906801323         0.7389937090       -12.3549357755        -1.9066801545 
        4.4450000000        -0.6891950342         0.7517384665       -12.0229387911        -1.9515176129 
        4.4500001000        -0.6876010426         0.7186020971       -12.8861309504        -2.0283818274 
        4.4550001000        -0.6858985015         0.7440916120       -12.2221369817        -2.0860299883 
        4.4600001000        -0.6840876492         0.7237000001       -12.7533321567        -2.1372727980 
        4.4650001000        -0.6821687715         0.7440916120       -12.2221369817        -2.1981236344 
        4.4700000000        -0.6801422130         0.7237000001       -12.7533321567        -2.2621771465 
        4.4750000000        -0.6780082128         0.7338958061       -12.4877345692        -2.3230279830 
        4.4800001000        -0.6757671013         0.7287979031       -12.6205333630        -2.3870814951 
        4.4850001000        -0.6734193221         0.7287979031       -12.6205333630        -2.4383243047 
        4.4900005000        -0.6709650016         0.7237000001       -12.7533321567        -2.5183911948 
        4.4950001000        -0.6684051291         0.7084062912       -13.1517285379        -2.5792420313 
        4.5000000000        -0.6657395614         0.7211510486       -12.8197315536        -2.6497008946 
        4.5050000000        -0.6629688135         0.7517384665       -12.0229387911        -2.6945383530 
        4.5100001000        -0.6600933166         0.7109552427       -13.0853291410        -2.7778079187 
        4.5150001000        -0.6571136397         0.7262489516       -12.6869327598        -2.8450641064 
        4.5200001000        -0.6540301970         0.7211510486       -12.8197315536        -2.8995095917 
        4.5250001000        -0.6508434754         0.7237000001       -12.7533321567        -2.9731711306 
        4.5300026000        -0.6475523076         0.7415426605       -12.2885363786        -3.0244139402 
        4.5350000000        -0.6441622932         0.7186020971       -12.8861309504        -3.0948728035 
        4.5400001000        -0.6406687500         0.7364447575       -12.4213351724        -3.1397102620 
        4.5450001000        -0.6370741066         0.6956615338       -13.4837255223        -3.1365075864 
        4.5500001000        -0.6333788618         0.7389937090       -12.3549357755        -3.1429129376 
        4.5550001000        -0.6295835992         0.7364447575       -12.4213351724        -1.7369383475 
        4.5600001000        -0.6256889180         0.7109552427       -13.0853291410         3.1439392727 
        4.5650001000        -0.6216954333         0.7313468546       -12.5541339661         3.1343312459 
        4.5700000000        -0.6176038585         0.7287979031       -12.6205333630         3.1183178679 
        4.5750001000        -0.6134145913         0.7211510486       -12.8197315536         3.0574670314 
        4.5800001000        -0.6091285416         0.7415426605       -12.2885363786         2.9902108438 
        4.5850001000        -0.6047463034         0.7619342724       -11.7573412037         2.9389680341 
        4.5900001000        -0.6002685688         0.7007594367       -13.3509267285         2.8621038196 
        4.5950000000        -0.5956961373         0.7542874179       -11.9565393943         2.8108610099 
        4.6000000000        -0.5910295479         0.7517384665       -12.0229387911         2.7339967954 
        4.6050072000        -0.5862627068         0.7058573397       -13.2181279348         2.6667406078 
        4.6100001000        -0.5814170315         0.7389937090       -12.3549357755         2.6090924469 
        4.6150001000        -0.5764727186         0.7593853209       -11.8237406005         2.5546469616 
        4.6200001000        -0.5714373739         0.7338958061       -12.4877345692         2.4905934496 
        4.6250000000        -0.5663118961         0.7542874179       -11.9565393943         2.4297426131 
        4.6300000000        -0.5610968894         0.7517384665       -12.0229387911         2.3784998034 
        4.6350001000        -0.5557931721         0.7237000001       -12.7533321567         2.3016355889 
        4.6400001000        -0.5504017938         0.7542874179       -11.9565393943         2.2439874281 
        4.6450001000        -0.5449235007         0.7517384665       -12.0229387911         2.1863392672 
        4.6500001000        -0.5393591578         0.7466405635       -12.1557375849         2.1254884307 
        4.6550001000        -0.5337096439         0.7440916120       -12.2221369817         2.0710429455 
        4.6600000000        -0.5279759665         0.7542874179       -11.9565393943         2.0037867578 
        4.6650001000        -0.5221586847         0.7440916120       -12.2221369817         1.9397332457 
        4.6700001000        -0.5162590634         0.7670321754       -11.6245424099         1.8756797336 
        4.6750001000        -0.5102779188         0.7440916120       -12.2221369817         1.8244369240 
        4.6800001000        -0.5042161954         0.7619342724       -11.7573412037         1.7763967899 
        4.6850001000        -0.4980748504         0.7670321754       -11.6245424099         1.7155459534 
        4.6900001000        -0.4918548537         0.7644832239       -11.6909418068         1.6514924414 
        4.6950000000        -0.4855573141         0.7517384665       -12.0229387911         1.5938442805 
        4.7000001000        -0.4791828460         0.7874237873       -11.0933472350         1.5361961196 
        4.7050001000        -0.4727328360         0.7517384665       -12.0229387911         1.4849533100 
        4.7100001000        -0.4662081760         0.7950706417       -10.8941490444         1.4433185271 
        4.7150001000        -0.4596098963         0.7491895150       -12.0893381880         1.3632516370 
        4.7200000000        -0.4529391731         0.7772279813       -11.3589448224         1.3088061517 
        4.7250000000        -0.4461967928         0.7797769328       -11.2925454256         1.2639686933 
        4.7300001000        -0.4393838160         0.7950706417       -10.8941490444         1.2127258836 
        4.7350001000        -0.4325015909         0.7925216902       -10.9605484412         1.1454696960 
        4.7400001000        -0.4255510687         0.7874237873       -11.0933472350         1.1102402643 
        4.7450001000        -0.4185333471         0.7925216902       -10.9605484412         1.0333760498 
        4.7500000000        -0.4114496766         0.8052664477       -10.6285514569         0.9853359158 
        4.7550000000        -0.4043008924         0.7797769328       -11.2925454256         0.9437011329 
        4.7600001000        -0.3970881196         0.8027174962       -10.6949508538         0.8892556476 
        4.7650001000        -0.3898127854         0.8435007200        -9.6325605038         0.8508235404 
        4.7700012000        -0.3824742746         0.8180112051       -10.2965544725         0.7867700283 
        4.7750763000        -0.3749654122         0.8129133021       -10.4293532663         0.7419325699 
        4.7801823000        -0.3673492724         0.8256580595       -10.0973562819         0.6714737066 
        4.7850000000        -0.3601076736         0.8103643506       -10.4957526631         0.6234335725 
        4.7900001000        -0.3525360892         0.8333049140        -9.8981580913         0.5978121677 
        4.7950001000        -0.3449089861         0.8460496714        -9.5661611070         0.5433666824 
        4.8000001000        -0.3372274177         0.8052664477       -10.6285514569         0.4857185216 
        4.8050001000        -0.3294925973         0.8511475744        -9.4333623132         0.4536917655 
        4.8100001000        -0.3217057462         0.8333049140        -9.8981580913         0.3992462803 
        4.8150001000        -0.3138680940         0.8333049140        -9.8981580913         0.3383954438 
        4.8200000000        -0.3059810367         0.8384028170        -9.7653592976         0.3031660121 
        4.8250001000        -0.2980453450         0.8562454774        -9.3005635195         0.2487205269 
        4.8300001000        -0.2900627466         0.8435007200        -9.6325605038         0.2006803928 
        4.8350001000        -0.2820343440         0.8689902348        -8.9685665351         0.1654509612 
        4.8400001000        -0.2739614049         0.8435007200        -9.6325605038         0.1110054759 
        4.8450000000        -0.2658453669         0.8817349922        -8.6365695508         0.0821813955 
        4.8500000000        -0.2576871869         0.8562454774        -9.3005635195         0.0245332346 
        4.8550001000        -0.2494881508         0.8970287012        -8.2381731696         0.0053171810 
        4.8600001000        -0.2412498811         0.8689902348        -8.9685665351        -0.0363176019 
        4.8650001000        -0.2329735153         0.8740881378        -8.8357677414        -0.1003711139 
        4.8700001000        -0.2246603603         0.9046755556        -8.0389749790        -0.1195871676 
        4.8750000000        -0.2163118961         0.8715391863        -8.9021671383        -0.1804380040 
        4.8800000000        -0.2079291071         0.9021266041        -8.1053743758        -0.2092620845 
        4.8850001000        -0.1995133152         0.8766370893        -8.7693683445        -0.2573022185 
        4.8900001000        -0.1910661856         0.9174203130        -7.7069779946        -0.2893289746 
        4.8950001000        -0.1825888846         0.8893818467        -8.4373713602        -0.3277610818 
        4.9000001000        -0.1740827506         0.9429098279        -7.0429840259        -0.3565851622 
        4.9050001000        -0.1655491270         0.8817349922        -8.6365695508        -0.4046252963 
        4.9100000000        -0.1569895327         0.9250671675        -7.5077798040        -0.4462600791 
        4.9150001000        -0.1484048051         0.9301650705        -7.3749810103        -0.4782868352 
        4.9200001000        -0.1397968140         0.9097734586        -7.9061761852        -0.5199216180 
        4.9250001000        -0.1311667474         0.9250671675        -7.5077798040        -0.5487456985 
        4.9300001000        -0.1225159681         0.9327140220        -7.3085816134        -0.5871778057 
        4.9350001000        -0.1138458421         0.9454587794        -6.9765846291        -0.6160018861 
        4.9400001000        -0.1051577385         0.9480077309        -6.9101852322        -0.6480286422 
        4.9450000000        -0.0964532035         0.9454587794        -6.9765846291        -0.6832580738 
        4.9500001000        -0.0877330890         0.9556545853        -6.7109870416        -0.7216901811 
        4.9550001000        -0.0789992946         0.9454587794        -6.9765846291        -0.7537169371 
        4.9600001000        -0.0702530254         0.9582035368        -6.6445876447        -0.7921490444 
        4.9650001000        -0.0614956624         0.9556545853        -6.7109870416        -0.8241758004 
        4.9700000000        -0.0527287639         0.9785951487        -6.1133924698        -0.8465945296 
        4.9750000000        -0.0439533637         0.9760461972        -6.1797918666        -0.8658105832 
        4.9800001000        -0.0351708471         0.9760461972        -6.1797918666        -0.9042426905 
        4.9850001000        -0.0263829521         0.9862420032        -5.9141942792        -0.9266614197 
        4.9900001000        -0.0175908910         0.9913399061        -5.7813954854        -0.9650935270 
        4.9950001000        -0.0087960520         1.0066336150        -5.3829991042        -0.9779042294 
        5.0000000000        -0.0000000000         1.0040846636        -5.4493985011        -1.0227416878 
        5.0050000000         0.0087962279         1.0117315180        -5.2502003105        -1.0419577415 
        5.0100001000         0.0175912426         1.0270252269        -4.8518039292        -1.0579711195 
        5.0150001000         0.0263833036         1.0270252269        -4.8518039292        -1.0835925243 
        5.0200001000         0.0351711984         1.0448678873        -4.3870081512        -1.1156192803 
        5.0250001000         0.0439535392         1.0882000626        -3.2582184044        -1.1284299828 
        5.0300001000         0.0527289393         1.1187874804        -2.4614256419        -1.1316326584 
        5.0350000000         0.0614958376         1.1595707042        -1.3990352920        -1.1508487120 
        5.0400001000         0.0702533754         1.1927070735        -0.5358431327        -1.1604567388 
        5.0450001000         0.0789996441         1.2360392488         0.5929466140        -1.1476460364 
        5.0500001000         0.0877334380         1.2334902973         0.5265472172        -1.1444433608 
        5.0550001000         0.0964533777         1.2232944913         0.2609496297        -1.1572540632 
        5.0600001000         0.1051580863         1.2207455399         0.1945502328        -1.1540513876 
        5.0650001000         0.1138461892         1.2130986854        -0.0046479578        -1.1572540632 
        5.0700000000         0.1225161413         1.2589798122         1.1905411859        -1.1572540632 
        5.0750001000         0.1311670929         1.2742735211         1.5889375671        -1.1412406852 
        5.0800001000         0.1397971587         1.2691756181         1.4561387733        -1.1284299828 
        5.0850001000         0.1484051489         1.2666266666         1.3897393765        -1.1348353340 
        5.0900001000         0.1569897041         1.2921161815         2.0537333452        -1.1124166047 
        5.0950000000         0.1655492979         1.2895672300         1.9873339483        -1.1028085779 
        5.1000000000         0.1740829210         1.2921161815         2.0537333452        -1.0996059023 
        5.1050001000         0.1825892242         1.2921161815         2.0537333452        -1.0835925243 
        5.1100001000         0.1910665241         1.2946651330         2.1201327420        -1.0835925243 
        5.1150001000         0.1995136523         1.3125077934         2.5849285201        -1.0675791463 
        5.1200001000         0.2079292751         1.3099588419         2.5185291233        -1.0611737951 
        5.1250000000         0.2163118961         1.3099588419         2.5185291233        -1.0515657683 
        5.1300000000         0.2246605269         1.3176056963         2.7177273139        -1.0323497146 
        5.1350001000         0.2329738470         1.3125077934         2.5849285201        -1.0195390122 
        5.1400001000         0.2412502114         1.3227035993         2.8505261076        -1.0163363366 
        5.1450001000         0.2494884795         1.3354483567         3.1825230919        -1.0003229586 
        5.1500001000         0.2576873504         1.3278015023         2.9833249013        -0.9650935270 
        5.1550001000         0.2658455296         1.3405462597         3.3153218857        -0.9714988782 
        5.1600000000         0.2739615668         1.3150567448         2.6513279170        -0.9554855002 
        5.1650001000         0.2820346659         1.3634868231         3.9129164575        -0.9298640953 
        5.1700001000         0.2900630667         1.3558399686         3.7137182669        -0.9042426905 
        5.1750001000         0.2980456633         1.3634868231         3.9129164575        -0.8882293125 
        5.1800001000         0.3059811949         1.3507420656         3.5809194732        -0.8850266369 
        5.1850001000         0.3138684085         1.3583889201         3.7801176638        -0.8658105832 
        5.1900001000         0.3217060587         1.3660357746         3.9793158544        -0.8369865028 
        5.1950000000         0.3294927525         1.3558399686         3.7137182669        -0.8305811516 
        5.2000001000         0.3372277260         1.3838784350         4.4441116325        -0.8017570712 
        5.2050001000         0.3449092922         1.3762315805         4.2449134419        -0.7761356663 
        5.2100001000         0.3525363931         1.3864273864         4.5105110293        -0.7569196127 
        5.2150001000         0.3601078245         1.3966231924         4.7761086168        -0.7280955323 
        5.2200000000         0.3676222410         1.3940742409         4.7097092199        -0.7184875055 
        5.2250000000         0.3750787565         1.3991721439         4.8425080137        -0.6928661006 
        5.2300020000         0.3824789896         1.4042700468         4.9753068074        -0.6608393446 
        5.2350001000         0.3898130776         1.4144658528         5.2409043949        -0.6480286422 
        5.2400001000         0.3970884093         1.3940742409         4.7097092199        -0.6224072374 
        5.2450001000         0.4043010360         1.4348574647         5.7720995699        -0.5903804813 
        5.2500000000         0.4114496766         1.4119169013         5.1745049980        -0.5679617521 
        5.2550000000         0.4185334881         1.4399553677         5.9048983636        -0.5295296448 
        5.2600001000         0.4255513480         1.4144658528         5.2409043949        -0.5135162668 
        5.2650001000         0.4325018675         1.4297595617         5.6393007761        -0.4943002132 
        5.2700001000         0.4393840898         1.4221127072         5.4401025855        -0.4654761328 
        5.2750001000         0.4461969284         1.4425043191         5.9712977605        -0.4302467011 
        5.2800001000         0.4529393072         1.4297595617         5.6393007761        -0.4142333231 
        5.2850000000         0.4596100290         1.4577980281         6.3696941417        -0.3725985403 
        5.2900001000         0.4662084384         1.4552490766         6.3032947448        -0.3469771354 
        5.2950001000         0.4727330954         1.4679938340         6.6352917292        -0.3117477038 
        5.3000001000         0.4791831024         1.4679938340         6.6352917292        -0.2861262990 
        5.3050001000         0.4855574408         1.4679938340         6.6352917292        -0.2508968673 
        5.3100001000         0.4918551040         1.4705427855         6.7016911260        -0.2188701113 
        5.3150001000         0.4980750976         1.4858364944         7.1000875072        -0.1868433552 
        5.3200000000         0.5042163174         1.4730917370         6.7680905229        -0.1548165992 
        5.3250001000         0.5102781596         1.4909343974         7.2328863010        -0.1099791407 
        5.3300001000         0.5162593009         1.4858364944         7.1000875072        -0.0811550603 
        5.3350001000         0.5221589190         1.4934833489         7.2992856979        -0.0555336555 
        5.3400028000         0.5279792008         1.4960323003         7.3656850947        -0.0106961970 
        5.3450000000         0.5337097577         1.5011302033         7.4984838885         0.0085198566 
        5.3500000000         0.5393592699         1.4934833489         7.2992856979         0.0501546394 
        5.3550001000         0.5449237215         1.5011302033         7.4984838885         0.0725733687 
        5.3600001000         0.5504020112         1.5062281063         7.6312826822         0.1238161783 
        5.3650001000         0.5557933860         1.5266197182         8.1624778572         0.1622482856 
        5.3700001000         0.5610969946         1.5011302033         7.4984838885         0.1910723660 
        5.3750000000         0.5663118961         1.5138749607         7.8304808728         0.2391125001 
        5.3800000000         0.5714374755         1.5189728637         7.9632796665         0.2711392561 
        5.3850001000         0.5764729181         1.5266197182         8.1624778572         0.3063686878 
        5.3900001000         0.5814172274         1.5342665726         8.3616760478         0.3512061462 
        5.3950001000         0.5862697241         1.5368155241         8.4280754446         0.4024489559 
        5.4000001000         0.5910296421         1.5342665726         8.3616760478         0.4344757119 
        5.4050001000         0.5956962296         1.5546581845         8.8928712227         0.4665024679 
        5.4100000000         0.6002686593         1.5291686697         8.2288772540         0.5145426020 
        5.4150001000         0.6047464806         1.5572071360         8.9592706196         0.5625827361 
        5.4200001000         0.6091287149         1.5495602815         8.7600724290         0.5946094921 
        5.4250001000         0.6134147608         1.5648539905         9.1584688102         0.6394469506 
        5.4300001000         0.6176039413         1.5495602815         8.7600724290         0.6810817334 
        5.4350001000         0.6216955950         1.5801476994         9.5568651914         0.7387298943 
        5.4400001000         0.6256890758         1.5674029419         9.2248682071         0.7931753795 
        5.4450000000         0.6295836761         1.5775987479         9.4904657945         0.8187967844 
        5.4500001000         0.6333790116         1.5572071360         8.9592706196         0.8668369184 
        5.4550001000         0.6370742524         1.6005393113        10.0880603664         0.9308904305 
        5.4600001000         0.6406688917         1.5775987479         9.4904657945         0.9693225377 
        5.4650001000         0.6441623620         1.5903435053         9.8224627789         1.0109573206 
        5.4700000000         0.6475540448         1.6030882627        10.1544597632         1.0686054815 
        5.4750000000         0.6508435401         1.5979903598        10.0216609695         1.1134429399 
        5.4800001000         0.6540303224         1.5903435053         9.8224627789         1.1678884252 
        5.4850001000         0.6571137610         1.6234798746        10.6856549382         1.2223339104 
        5.4900001000         0.6600934337         1.5826966509         9.6232645883         1.2671713689 
        5.4950001000         0.6629688700         1.6030882627        10.1544597632         1.2991981249 
        5.5000000000         0.6657395614         1.6132840687        10.4200573507         1.3504409346 
        5.5050000000         0.6684051813         1.6005393113        10.0880603664         1.4144944467 
        5.5100001000         0.6709653024         1.6311267291        10.8848531288         1.4689399319 
        5.5150001000         0.6734194181         1.6132840687        10.4200573507         1.5105747148 
        5.5200001000         0.6757671931         1.6107351172        10.3536579538         1.5618175245 
        5.5250001000         0.6780082565         1.6183819717        10.5528561444         1.6194656853 
        5.5300001000         0.6801422546         1.6311267291        10.8848531288         1.6611004682 
        5.5350000000         0.6821688110         1.6107351172        10.3536579538         1.7187486290 
        5.5400001000         0.6840877238         1.6489693895        11.3496489069         1.7667887631 
        5.5450001000         0.6858985718         1.6081861657        10.2872585570         1.8148288972 
        5.5500001000         0.6876011085         1.6438714865        11.2168501131         1.8660717068 
        5.5550001000         0.6891950650         1.6311267291        10.8848531288         1.9365305701 
        5.5600001000         0.6906801896         1.6132840687        10.4200573507         1.9909760554 
        5.5650001000         0.6920562477         1.6591651954        11.6152464944         2.0390161894 
        5.5700000000         0.6933229980         1.6311267291        10.8848531288         2.1030697015 
        5.5750001000         0.6944803130         1.6591651954        11.6152464944         2.1575151868 
        5.5800001000         0.6955279372         1.6387735836        11.0840513194         2.2023526452 
        5.5850001000         0.6964657295         1.6540672925        11.4824477006         2.2728115085 
        5.5900001000         0.6972935419         1.6183819717        10.5528561444         2.3144462913 
        5.5950000000         0.6980112302         1.6693610014        11.8808440818         2.3656891010 
        5.6000000000         0.6986187099         1.6387735836        11.0840513194         2.4297426131 
        5.6050001000         0.6991158785         1.6566162440        11.5488470975         2.4905934496 
        5.6100001000         0.6995026375         1.6566162440        11.5488470975         2.5450389348 
        5.6150001000         0.6997789369         1.6591651954        11.6152464944         2.6026870957 
        5.6200001000         0.6999447332         1.6413225350        11.1504507163         2.6667406078 
        5.6250000000         0.7000000000         1.6693610014        11.8808440818         2.7179834174 
        5.6300000000         0.6999447309         1.6591651954        11.6152464944         2.7852396051 
        5.6350001000         0.6997789281         1.6744589044        12.0136428756         2.8428877660 
        5.6400001000         0.6995026242         1.6617141469        11.6816458912         2.8941305756 
        5.6450001000         0.6991158608         1.6642630984        11.7480452881         2.9549814121 
        5.6500001000         0.6986186989         1.6566162440        11.5488470975         3.0158322486 
        5.6550001000         0.6980112169         1.6693610014        11.8808440818         3.0766830851 
        5.6600000000         0.6972935264         1.6693610014        11.8808440818         3.1247232191 
        5.6650001000         0.6964656942         1.6693610014        11.8808440818         3.1311285703 
        5.6700001000         0.6955278975         1.6872036618        12.3456398599         3.1375339215 
        5.6750001000         0.6944802689         1.6719099529        11.9472434787        -1.7689651035 
        5.6800001000         0.6933229737         1.6821057588        12.2128410662        -3.1397102620 
        5.6850001000         0.6920561949         1.6795568073        12.1464416693        -3.1493182888 
        5.6900001000         0.6906801323         1.6872036618        12.3456398599        -3.1301022351 
        5.6950000000         0.6891950342         1.7024973707        12.7440362411        -3.1044808303 
        5.7000001000         0.6876010426         1.6719099529        11.9472434787        -3.0436299938 
        5.7050001000         0.6858985015         1.6923015648        12.4784386537        -2.9891845086 
        5.7100001000         0.6840876492         1.6795568073        12.1464416693        -2.9219283209 
        5.7150001000         0.6821687715         1.6846547103        12.2792404631        -2.8642801600 
        5.7200000000         0.6801422130         1.7024973707        12.7440362411        -2.7810105943 
        5.7250000000         0.6780082128         1.6846547103        12.2792404631        -2.7361731359 
        5.7300001000         0.6757671013         1.6973994677        12.6112374474        -2.6689169482 
        5.7350001000         0.6734193221         1.6821057588        12.2128410662        -2.6080661117 
        5.7400001000         0.6709652022         1.7050463222        12.8104356380        -2.5440125996 
        5.7450001000         0.6684051291         1.6973994677        12.6112374474        -2.4799590876 
        5.7500000000         0.6657395614         1.6897526133        12.4120392568        -2.4255136023 
        5.7550000000         0.6629688135         1.7075952737        12.8768350349        -2.3582574146 
        5.7600001000         0.6600933166         1.6999484192        12.6776368443        -2.2877985513 
        5.7650001000         0.6571136397         1.7126931766        13.0096338286        -2.2333530661 
        5.7700001000         0.6540301970         1.6973994677        12.6112374474        -2.1789075808 
        5.7750001000         0.6508434754         1.7152421281        13.0760332255        -2.0988406907 
        5.7800001000         0.6475539780         1.6973994677        12.6112374474        -2.0443952055 
        5.7850000000         0.6441622932         1.7050463222        12.8104356380        -1.9931523958 
        5.7900001000         0.6406687500         1.7228889826        13.2752314161        -1.9130855057 
        5.7950001000         0.6370741066         1.6973994677        12.6112374474        -1.8618426960 
        5.8000001000         0.6333788618         1.7177910796        13.1424326224        -1.7945865084 
        5.8050001000         0.6295835992         1.7101442252        12.9432344317        -1.7337356719 
        5.8100001000         0.6256889180         1.7203400311        13.2088320192        -1.6568714574 
        5.8150001000         0.6216954333         1.7177910796        13.1424326224        -1.6088313233 
        5.8200527000         0.6175602119         1.7050463222        12.8104356380        -1.5415751357 
        5.8250001000         0.6134145913         1.7254379341        13.3416308130        -1.4743189480 
        5.8300001000         0.6091285416         1.7126931766        13.0096338286        -1.4166707871 
        5.8350001000         0.6047463034         1.7075952737        12.8768350349        -1.3622253018 
        5.8400001000         0.6002685688         1.7050463222        12.8104356380        -1.3013744654 
        5.8450000000         0.5956961373         1.7050463222        12.8104356380        -1.2309156021 
        5.8500031000         0.5910266256         1.7254379341        13.3416308130        -1.1572540632 
        5.8550001000         0.5862695319         1.7024973707        12.7440362411        -1.0899978755 
        5.8600001000         0.5814170315         1.7203400311        13.2088320192        -1.0515657683 
        5.8650001000         0.5764727186         1.6973994677        12.6112374474        -0.9875122562 
        5.8700001000         0.5714373739         1.7050463222        12.8104356380        -0.9266614197 
        5.8750000000         0.5663118961         1.7126931766        13.0096338286        -0.8497972052 
        5.8800000000         0.5610968894         1.7101442252        12.9432344317        -0.7953517200 
        5.8850001000         0.5557931721         1.7024973707        12.7440362411        -0.7441089103 
        5.8900001000         0.5504017938         1.7050463222        12.8104356380        -0.6736500470 
        5.8950001000         0.5449235007         1.7050463222        12.8104356380        -0.6063938593 
        5.9000001000         0.5393591578         1.6973994677        12.6112374474        -0.5583537253 
        5.9050001000         0.5337096439         1.6897526133        12.4120392568        -0.4878948620 
        5.9100000000         0.5279759665         1.7101442252        12.9432344317        -0.4270440255 
        5.9150001000         0.5221586847         1.6846547103        12.2792404631        -0.3725985403 
        5.9200001000         0.5162590634         1.6897526133        12.4120392568        -0.3149503794 
        5.9250001000         0.5102779188         1.6923015648        12.4784386537        -0.2508968673 
        5.9300001000         0.5042161954         1.6719099529        11.9472434787        -0.1964513820 
        5.9350001000         0.4980748504         1.7126931766        13.0096338286        -0.1227898432 
        5.9400001000         0.4918548537         1.6872036618        12.3456398599        -0.0555336555 
        5.9450000000         0.4855573141         1.7075952737        12.8768350349         0.0053171810 
        5.9500001000         0.4791828460         1.6719099529        11.9472434787         0.0437492882 
        5.9550001000         0.4727328360         1.6897526133        12.4120392568         0.1110054759 
        5.9600001000         0.4662081760         1.6693610014        11.8808440818         0.1718563124 
        5.9650001000         0.4596098963         1.6821057588        12.2128410662         0.2295044733 
        5.9700000000         0.4529391731         1.6923015648        12.4784386537         0.2967606609 
        5.9750000000         0.4461967928         1.6642630984        11.7480452881         0.3383954438 
        5.9800001000         0.4393838160         1.6591651954        11.6152464944         0.3960436047 
        5.9850001000         0.4325015909         1.6693610014        11.8808440818         0.4536917655 
        5.9900001000         0.4255510687         1.6489693895        11.3496489069         0.5209479532 
        5.9950001000         0.4185333471         1.6872036618        12.3456398599         0.5850014653 
        6.0000000000         0.4114496766         1.6566162440        11.5488470975         0.6298389237 
        6.0050000000         0.4043008924         1.6515183410        11.4160483038         0.6778790578 
        6.0100001000         0.3970881196         1.6464204380        11.2832495100         0.7387298943 
        6.0150001000         0.3898127854         1.6617141469        11.6816458912         0.8027834063 
        6.0200001000         0.3824758954         1.6387735836        11.0840513194         0.8668369184 
        6.0250001000         0.3750786080         1.6591651954        11.6152464944         0.9116743769 
        6.0300001000         0.3676220913         1.6413225350        11.1504507163         0.9597145109 
        6.0350000000         0.3601076736         1.6336756806        10.9512525257         1.0173626718 
        6.0400001000         0.3525360892         1.6362246321        11.0176519225         1.0814161839 
        6.0450001000         0.3449089861         1.6489693895        11.3496489069         1.1262536423 
        6.0500001000         0.3372274177         1.6056372142        10.2208591601         1.1742937764 
        6.0550001000         0.3294925973         1.6387735836        11.0840513194         1.2447526397 
        6.0600001000         0.3217057462         1.6311267291        10.8848531288         1.2927927737 
        6.0650001000         0.3138680940         1.6132840687        10.4200573507         1.3280222054 
        6.0700000000         0.3059810367         1.6183819717        10.5528561444         1.3888730418 
        6.0750001000         0.2980453450         1.6081861657        10.2872585570         1.4337105003 
        6.0800001000         0.2900627466         1.6183819717        10.5528561444         1.4945613368 
        6.0850001000         0.2820343440         1.5826966509         9.6232645883         1.5458041464 
        6.0900001000         0.2739614049         1.6209309231        10.6192555413         1.5874389293 
        6.0950000000         0.2658453669         1.5801476994         9.5568651914         1.6322763877 
        6.1000000000         0.2576871869         1.5979903598        10.0216609695         1.6899245486 
        6.1050001000         0.2494881508         1.5852456023         9.6896639851         1.7315593315 
        6.1100001000         0.2412498811         1.5801476994         9.5568651914         1.7763967899 
        6.1150001000         0.2329735153         1.5775987479         9.4904657945         1.8308422752 
        6.1200001000         0.2246603603         1.5801476994         9.5568651914         1.8692743824 
        6.1250000000         0.2163118961         1.5750497964         9.4240663977         1.9141118409 
        6.1300000000         0.2079291071         1.5572071360         8.9592706196         1.9653546505 
        6.1350001000         0.1995133152         1.5674029419         9.2248682071         2.0037867578 
        6.1400001000         0.1910661856         1.5623050390         9.0920694133         2.0550295674 
        6.1450001000         0.1825888846         1.5393644756         8.4944748415         2.0998670259 
        6.1500001000         0.1740827506         1.5877945538         9.7560633820         2.1415018087 
        6.1550001000         0.1655491270         1.5419134271         8.5608742384         2.1863392672 
        6.1600000000         0.1569895327         1.5342665726         8.3616760478         2.2279740500 
        6.1650001000         0.1484048051         1.5470113301         8.6936730321         2.2792168597 
        6.1700001000         0.1397968140         1.5393644756         8.4944748415         2.3208516426 
        6.1750001000         0.1311667474         1.5189728637         7.9632796665         2.3528783986 
        6.1800001000         0.1225159681         1.5266197182         8.1624778572         2.3977158570 
        6.1850001000         0.1138458421         1.5087770578         7.6976820791         2.4233372619 
        6.1900001000         0.1051577385         1.5087770578         7.6976820791         2.4649720447 
        6.1950000000         0.0964532035         1.5164239122         7.8968802697         2.5162148544 
        6.2000001000         0.0877330890         1.4934833489         7.2992856979         2.5386335836 
        6.2050001000         0.0789992946         1.4883854459         7.1664869041         2.5834710421 
        6.2100001000         0.0702530254         1.5087770578         7.6976820791         2.6251058249 
        6.2150001000         0.0614956624         1.4909343974         7.2328863010         2.6603352566 
        6.2200000000         0.0527287639         1.4960323003         7.3656850947         2.6987673638 
        6.2250000000         0.0439533637         1.4679938340         6.6352917292         2.7307941198 
        6.2300001000         0.0351708471         1.4883854459         7.1664869041         2.7628208759 
        6.2350001000         0.0263829521         1.4552490766         6.3032947448         2.7884422807 
        6.2400001000         0.0175908910         1.4858364944         7.1000875072         2.8428877660 
        6.2451851000         0.0084706078         1.4501511736         6.1704959511         2.8589011440 
        6.2500000000         0.0000000000         1.4450532706         6.0376971573         2.8973332512 
        6.2550000000        -0.0087962279         1.4272106102         5.5729013792         2.9261573317 
        6.2600001000        -0.0175912426         1.4272106102         5.5729013792         2.9549814121 
        6.2650001000        -0.0263833036         1.4195637558         5.3737031886         2.9774001413 
        6.2700001000        -0.0351711984         1.4093679498         5.1081056012         2.9966161950 
        6.2750001000        -0.0439535392         1.3787805320         4.3113128387         3.0350483022 
        6.2800001000        -0.0527289393         1.3481931142         3.5145200763         3.0574670314 
        6.2850000000        -0.0614958376         1.3252525508         2.9169255045         3.0702777339 
        6.2900001000        -0.0702533754         1.3074098904         2.4521297264         3.0798857607 
        6.2950001000        -0.0789996441         1.2003539280        -0.3366449421         3.0894937875 
        6.3000001000        -0.0877334380         1.1901581220        -0.6022425296         3.0958991387 
        6.3050001000        -0.0964533777         1.2105497339        -0.0710473547         3.0894937875 
        6.3100001000        -0.1051580863         1.2003539280        -0.3366449421         3.0798857607 
        6.3150001000        -0.1138461892         1.1519238497        -1.5982334826         3.0702777339 
        6.3200267000        -0.1225623890         1.1774133646        -0.9342395140         3.0670750582 
        6.3250001000        -0.1311670929         1.1774133646        -0.9342395140         3.0702777339 
        6.3300001000        -0.1397971587         1.1544728012        -1.5318340858         3.0446563290 
        6.3350001000        -0.1484051489         1.1621196557        -1.3326358952         3.0446563290 
        6.3400001000        -0.1569897041         1.1621196557        -1.3326358952         3.0478590046 
        6.3450000000        -0.1655492979         1.1646686072        -1.2662364983         3.0350483022 
        6.3500000000        -0.1740829210         1.1570217527        -1.4654346889         3.0158322486 
        6.3550001000        -0.1825892242         1.1519238497        -1.5982334826         3.0190349242 
        6.3600001000        -0.1910665241         1.1519238497        -1.5982334826         2.9966161950 
        6.3650001000        -0.1995136523         1.1519238497        -1.5982334826         3.0126295730 
        6.3700001000        -0.2079292751         1.1570217527        -1.4654346889         2.9998188706 
        6.3750000000        -0.2163118961         1.1442769953        -1.7974316733         2.9774001413 
        6.3800000000        -0.2246605269         1.1417280438        -1.8638310701         2.9645894389 
        6.3850001000        -0.2329738470         1.1519238497        -1.5982334826         2.9645894389 
        6.3900001000        -0.2412502114         1.1519238497        -1.5982334826         2.9517787365 
        6.3950001000        -0.2494884795         1.1595707042        -1.3990352920         2.9549814121 
        6.4000001000        -0.2576873504         1.1519238497        -1.5982334826         2.9421707097 
        6.4050001000        -0.2658455296         1.1417280438        -1.8638310701         2.9229546561 
        6.4100000000        -0.2739615668         1.1340811893        -2.0630292607         2.9165493049 
        6.4150001000        -0.2820346659         1.1442769953        -1.7974316733         2.9165493049 
        6.4200001000        -0.2900630667         1.1187874804        -2.4614256419         2.8973332512 
        6.4250001000        -0.2980456633         1.1238853834        -2.3286268482         2.8941305756 
        6.4300001000        -0.3059811949         1.1187874804        -2.4614256419         2.8813198732 
        6.4350001000        -0.3138684085         1.1009448200        -2.9262214200         2.8589011440 
        6.4400001000        -0.3217060587         1.0983958685        -2.9926208169         2.8524957928 
        6.4450000000        -0.3294927525         1.0882000626        -3.2582184044         2.8364824148 
        6.4500001000        -0.3372277260         1.0907490141        -3.1918190075         2.8108610099 
        6.4550001000        -0.3449092922         1.0754553052        -3.5902153887         2.8140636855 
        6.4601854000        -0.3528179911         1.0907490141        -3.1918190075         2.7916449563 
        6.4650001000        -0.3601078245         1.0525147418        -4.1878099606         2.7628208759 
        6.4700000000        -0.3676222410         1.0652594992        -3.8558129762         2.7404021467 
        6.4750000000        -0.3750787565         1.0576126448        -4.0550111668         2.7307941198 
        6.4800001000        -0.3824761900         1.0627105477        -3.9222123731         2.7083753906 
        6.4850001000        -0.3898130776         1.0499657903        -4.2542093574         2.6859566614 
        6.4900001000        -0.3970884093         1.0499657903        -4.2542093574         2.6603352566 
        6.4950001000        -0.4043010360         1.0066336150        -5.3829991042         2.6283085005 
        6.5000000000        -0.4114496766         1.0321231299        -4.7190051355         2.6058897713 
        6.5050000000        -0.4185334881         1.0270252269        -4.8518039292         2.5866737177 
        6.5100001000        -0.4255513480         1.0270252269        -4.8518039292         2.5642549884 
        6.5150001000        -0.4325018675         1.0219273240        -4.9846027230         2.5450389348 
        6.5200001000        -0.4393840898         1.0244762754        -4.9182033261         2.5130121788 
        6.5250001000        -0.4461969284         0.9964378091        -5.6485966917         2.4809854227 
        6.5300001000        -0.4529393072         1.0091825665        -5.3165997073         2.4553640179 
        6.5350000000        -0.4596100290         0.9913399061        -5.7813954854         2.4265399375 
        6.5400001000        -0.4662084384         1.0066336150        -5.3829991042         2.4041212083 
        6.5450001000        -0.4727330954         0.9862420032        -5.9141942792         2.3688917766 
        6.5500001000        -0.4791831024         0.9811441002        -6.0469930729         2.3400676962 
        6.5550001000        -0.4855574408         0.9887909546        -5.8477948823         2.3272569938 
        6.5600001000        -0.4918551040         0.9913399061        -5.7813954854         2.2888248865 
        6.5650001000        -0.4980750976         0.9531056338        -6.7773864385         2.2567981305 
        6.5700000000        -0.5042163174         0.9658503913        -6.4453894541         2.2119606720 
        6.5750001000        -0.5102781596         0.9785951487        -6.1133924698         2.1927446184 
        6.5800001000        -0.5162593009         0.9480077309        -6.9101852322         2.1607178624 
        6.5850001000        -0.5221589190         0.9658503913        -6.4453894541         2.1254884307 
        6.5900001000        -0.5279760820         0.9429098279        -7.0429840259         2.1030697015 
        6.5950000000        -0.5337097577         0.9403608764        -7.1093834228         2.0518268918 
        6.6000000000        -0.5393592699         0.9556545853        -6.7109870416         2.0262054870 
        6.6050001000        -0.5449237215         0.9429098279        -7.0429840259         1.9941787310 
        6.6100001000        -0.5504020112         0.9199692645        -7.6405785978         1.9429359213 
        6.6150001000        -0.5557933860         0.9250671675        -7.5077798040         1.9109091653 
        6.6200001000        -0.5610969946         0.9378119249        -7.1757828197         1.8788824092 
        6.6250000000        -0.5663118961         0.9021266041        -8.1053743758         1.8340449508 
        6.6300000000        -0.5714374755         0.9276161190        -7.4413804072         1.8020181947 
        6.6350001000        -0.5764729181         0.8842839437        -8.5701701539         1.7507753851 
        6.6400001000        -0.5814172274         0.9250671675        -7.5077798040         1.7315593315 
        6.6450001000        -0.5862697241         0.8944797497        -8.3045725665         1.6835191974 
        6.6500001000        -0.5910296421         0.8868328952        -8.5037707571         1.6354790633 
        6.6550001000        -0.5956962296         0.9021266041        -8.1053743758         1.6066549829 
        6.6600000000        -0.6002686593         0.8791860408        -8.7029689477         1.5618175245 
        6.6650001000        -0.6047464806         0.8893818467        -8.4373713602         1.5169800660 
        6.6700001000        -0.6091287149         0.8791860408        -8.7029689477         1.4753452831 
        6.6750001000        -0.6134147608         0.8893818467        -8.4373713602         1.4337105003 
        6.6800001000        -0.6176039413         0.8638923318        -9.1013653289         1.3984810687 
        6.6850001000        -0.6216955950         0.8842839437        -8.5701701539         1.3472382590 
        6.6900001000        -0.6256890758         0.8536965259        -9.3669629164         1.3024008005 
        6.6950000000        -0.6295836761         0.8842839437        -8.5701701539         1.2671713689 
        6.7000001000        -0.6333790116         0.8460496714        -9.5661611070         1.2255365860 
        6.7050001000        -0.6370742524         0.8766370893        -8.7693683445         1.1839018032 
        6.7100006000        -0.6406692461         0.8638923318        -9.1013653289         1.1454696960 
        6.7150001000        -0.6441623620         0.8613433804        -9.1677647258         1.0974295619 
        6.7200000000        -0.6475540448         0.8384028170        -9.7653592976         1.0365787254 
        6.7250000000        -0.6508435401         0.8638923318        -9.1013653289         1.0045519694 
        6.7300001000        -0.6540303224         0.8384028170        -9.7653592976         0.9501064841 
        6.7350001000        -0.6571137610         0.8435007200        -9.6325605038         0.9052690257 
        6.7400001000        -0.6600934337         0.8282070110       -10.0309568851         0.8668369184 
        6.7450001000        -0.6629688700         0.8511475744        -9.4333623132         0.8091887576 
        6.7500000000        -0.6657395614         0.8384028170        -9.7653592976         0.7643512991 
        6.7550000000        -0.6684051813         0.8333049140        -9.8981580913         0.7067031382 
        6.7600001000        -0.6709653024         0.8129133021       -10.4293532663         0.6586630042 
        6.7650001000        -0.6734194181         0.8282070110       -10.0309568851         0.6138255457 
        6.7700001000        -0.6757671931         0.8409517685        -9.6989599007         0.5753934385 
        6.7750001000        -0.6780082565         0.7976195932       -10.8277496475         0.5177452776 
        6.7800001000        -0.6801422546         0.8282070110       -10.0309568851         0.4665024679 
        6.7850000000        -0.6821688110         0.8333049140        -9.8981580913         0.4184623339 
        6.7900001000        -0.6840877238         0.8078153991       -10.5621520600         0.3672195242 
        6.7950001000        -0.6858985718         0.8001685447       -10.7613502506         0.3127740390 
        6.8000001000        -0.6876011085         0.8078153991       -10.5621520600         0.2743419317 
        6.8050001000        -0.6891950650         0.8205601566       -10.2301550757         0.2198964464 
        6.8100001000        -0.6906801896         0.7976195932       -10.8277496475         0.1622482856 
        6.8150001000        -0.6920562477         0.8027174962       -10.6949508538         0.1206135027 
        6.8200000000        -0.6933229980         0.7899727387       -11.0269478381         0.0469519638 
        6.8250001000        -0.6944803130         0.7976195932       -10.8277496475         0.0053171810 
        6.8300001000        -0.6955279372         0.7848748358       -11.1597466318        -0.0459256287 
        6.8350001000        -0.6964657295         0.7848748358       -11.1597466318        -0.0811550603 
        6.8400001000        -0.6972935419         0.7925216902       -10.9605484412        -0.1484112480 
        6.8450000000        -0.6980112302         0.7823258843       -11.2261460287        -0.2060594089 
        6.8500000000        -0.6986187099         0.7797769328       -11.2925454256        -0.2669102453 
        6.8550001000        -0.6991158785         0.7874237873       -11.0933472350        -0.3117477038 
        6.8600001000        -0.6995026375         0.7695811269       -11.5581430131        -0.3693958647 
        6.8650001000        -0.6997789369         0.7670321754       -11.6245424099        -0.4302467011 
        6.8700001000        -0.6999447332         0.7721300783       -11.4917436162        -0.4782868352 
        6.8750000000        -0.7000000000         0.7542874179       -11.9565393943        -0.5391376717 
        6.8800000000        -0.6999447309         0.7976195932       -10.8277496475        -0.5903804813 
        6.8850001000        -0.6997789281         0.7542874179       -11.9565393943        -0.6384206154 
        6.8900001000        -0.6995026242         0.7874237873       -11.0933472350        -0.6960687762 
        6.8950001000        -0.6991158608         0.7466405635       -12.1557375849        -0.7729329907 
        6.9000001000        -0.6986186989         0.7721300783       -11.4917436162        -0.8145677736 
        6.9050001000        -0.6980112169         0.7619342724       -11.7573412037        -0.8626079076 
        6.9102828000        -0.6972496419         0.7695811269       -11.5581430131        -0.9298640953 
        6.9150001000        -0.6964656942         0.7389937090       -12.3549357755        -0.9843095806 
        6.9200001000        -0.6955278975         0.7670321754       -11.6245424099        -1.0387550659 
        6.9250001000        -0.6944802689         0.7568363694       -11.8901399974        -1.0899978755 
        6.9300001000        -0.6933229737         0.7466405635       -12.1557375849        -1.1604567388 
        6.9350001000        -0.6920561949         0.7593853209       -11.8237406005        -1.2084968729 
        6.9400001000        -0.6906801323         0.7593853209       -11.8237406005        -1.2789557361 
        6.9450000000        -0.6891950342         0.7440916120       -12.2221369817        -1.3334012214 
        6.9500001000        -0.6876010426         0.7542874179       -11.9565393943        -1.3910493823 
        6.9550001000        -0.6858985015         0.7389937090       -12.3549357755        -1.4519002187 
        6.9600001000        -0.6840876492         0.7338958061       -12.4877345692        -1.5191564064 
        6.9650001000        -0.6821687715         0.7440916120       -12.2221369817        -1.5703992161 
        6.9700000000        -0.6801422130         0.7517384665       -12.0229387911        -1.6312500526 
        6.9750000000        -0.6780082128         0.7389937090       -12.3549357755        -1.6824928622 
        6.9800001000        -0.6757671013         0.7440916120       -12.2221369817        -1.7497490499 
        6.9850001000        -0.6734193221         0.7338958061       -12.4877345692        -1.8105998864 
        6.9900001000        -0.6709652022         0.7237000001       -12.7533321567        -1.8810587497 
        6.9950001000        -0.6684051291         0.7517384665       -12.0229387911        -1.9323015593 
        7.0000000000        -0.6657395614         0.7237000001       -12.7533321567        -1.9835443690 
        7.0050000000        -0.6629688135         0.7389937090       -12.3549357755        -2.0604085835 
        7.0100001000        -0.6600933166         0.7237000001       -12.7533321567        -2.1148540687 
        7.0150001000        -0.6571136397         0.7211510486       -12.8197315536        -2.1853129320 
        7.0200001000        -0.6540301970         0.7389937090       -12.3549357755        -2.2333530661 
        7.0250001000        -0.6508434754         0.7237000001       -12.7533321567        -2.3102172806 
        7.0300001000        -0.6475539780         0.7389937090       -12.3549357755        -2.3614600902 
        7.0350000000        -0.6441622932         0.7186020971       -12.8861309504        -2.4159055755 
        7.0400001000        -0.6406687500         0.7237000001       -12.7533321567        -2.4895671144 
        7.0450001000        -0.6370741066         0.7237000001       -12.7533321567        -2.5568233021 
        7.0500001000        -0.6333788618         0.7211510486       -12.8197315536        -2.6080661117 
        7.0550001000        -0.6295835992         0.7466405635       -12.1557375849        -2.6817276506 
        7.0600001000        -0.6256889180         0.7109552427       -13.0853291410        -2.7393758115 
        7.0650001000        -0.6216954333         0.7313468546       -12.5541339661        -2.8066319992 
        7.0700000000        -0.6176038585         0.7313468546       -12.5541339661        -2.8706855112 
        7.0750001000        -0.6134145913         0.7160531457       -12.9525303473        -2.9379416989 
        7.0800001000        -0.6091285416         0.7338958061       -12.4877345692        -3.0051978866 
        7.0850001000        -0.6047463034         0.7058573397       -13.2181279348        -3.0756567499 
        7.0900001000        -0.6002685688         0.7440916120       -12.2221369817        -3.1268995595 
        7.0950000000        -0.5956961373         0.7262489516       -12.6869327598        -3.1397102620 
        7.1000000000        -0.5910295479         0.7262489516       -12.6869327598        -3.1397102620 
        7.1050001000        -0.5862695319         0.7415426605       -12.2885363786        -1.7593570767 
        7.1100001000        -0.5814170315         0.7491895150       -12.0893381880        -1.7497490499 
        7.1150001000        -0.5764727186         0.7237000001       -12.7533321567         3.1439392727 
        7.1200001000        -0.5714373739         0.7415426605       -12.2885363786         3.1311285703 
        7.1250000000        -0.5663118961         0.7313468546       -12.5541339661         3.0926964631 
        7.1300000000        -0.5610968894         0.7440916120       -12.2221369817         3.0286429510 
        7.1350001000        -0.5557931721         0.7619342724       -11.7573412037         2.9709947901 
        7.1400001000        -0.5504017938         0.7415426605       -12.2885363786         2.9069412781 
        7.1450001000        -0.5449235007         0.7313468546       -12.5541339661         2.8396850904 
        7.1500001000        -0.5393591578         0.7746790298       -11.4253442193         2.7884422807 
        7.1550001000        -0.5337096439         0.7695811269       -11.5581430131         2.7307941198 
        7.1600000000        -0.5279759665         0.7338958061       -12.4877345692         2.6667406078 
        7.1650001000        -0.5221586847         0.7670321754       -11.6245424099         2.6058897713 
        7.1700001000        -0.5162590634         0.7721300783       -11.4917436162         2.5386335836 
        7.1750001000        -0.5102779188         0.7491895150       -12.0893381880         2.4713773959 
        7.1800001000        -0.5042161954         0.7517384665       -12.0229387911         2.4201345863 
        7.1850001000        -0.4980748504         0.7619342724       -11.7573412037         2.3720944522 
        7.1900001000        -0.4918548537         0.7338958061       -12.4877345692         2.2920275621 
        7.1950000000        -0.4855573141         0.7797769328       -11.2925454256         2.2471901037 
        7.2000001000        -0.4791828460         0.7695811269       -11.5581430131         2.1735285648 
        7.2050001000        -0.4727328360         0.7440916120       -12.2221369817         2.1286911063 
        7.2100001000        -0.4662081760         0.7848748358       -11.1597466318         2.0710429455 
        7.2150001000        -0.4596098963         0.7670321754       -11.6245424099         2.0133947846 
        7.2200000000        -0.4529391731         0.7670321754       -11.6245424099         1.9525439481 
        7.2250000000        -0.4461967928         0.7746790298       -11.4253442193         1.8884904360 
        7.2300001000        -0.4393838160         0.7848748358       -11.1597466318         1.8372476264 
        7.2350001000        -0.4325015909         0.7772279813       -11.3589448224         1.7828021411 
        7.2400001000        -0.4255510687         0.7848748358       -11.1597466318         1.7379646827 
        7.2450001000        -0.4185333471         0.7925216902       -10.9605484412         1.6867218730 
        7.2500000000        -0.4114496766         0.7874237873       -11.0933472350         1.6194656853 
        7.2550000000        -0.4043008924         0.7874237873       -11.0933472350         1.5618175245 
        7.2600001000        -0.3970881196         0.8154622536       -10.3629538694         1.5201827416 
        7.2650001000        -0.3898127854         0.7823258843       -11.2261460287         1.4657372563 
        7.2700001000        -0.3824758954         0.8358538655        -9.8317586944         1.4305078247 
        7.2750001000        -0.3750786080         0.7772279813       -11.3589448224         1.3664543126 
        7.2800001000        -0.3676220913         0.8256580595       -10.0973562819         1.3152115030 
        7.2850000000        -0.3601076736         0.8231091081       -10.1637556788         1.2735767201 
        7.2900001000        -0.3525360892         0.8231091081       -10.1637556788         1.2159285592 
        7.2950001000        -0.3449089861         0.8562454774        -9.3005635195         1.1710911008 
        7.3000001000        -0.3372274177         0.8180112051       -10.2965544725         1.1198482911 
        7.3050001000        -0.3294925973         0.8460496714        -9.5661611070         1.0782135083 
        7.3100001000        -0.3217057462         0.8536965259        -9.3669629164         1.0301733742 
        7.3150001000        -0.3138680940         0.8613433804        -9.1677647258         0.9757278890 
        7.3200000000        -0.3059810367         0.8205601566       -10.2301550757         0.9372957817 
        7.3250001000        -0.2980453450         0.8740881378        -8.8357677414         0.8956609989 
        7.3300001000        -0.2900627466         0.8740881378        -8.8357677414         0.8348101624 
        7.3350001000        -0.2820343440         0.8460496714        -9.5661611070         0.7867700283 
        7.3400001000        -0.2739614049         0.8536965259        -9.3669629164         0.7483379211 
        7.3450000000        -0.2658453669         0.8868328952        -8.5037707571         0.7131084894 
        7.3500000000        -0.2576871869         0.8715391863        -8.9021671383         0.6682710310 
        7.3550001000        -0.2494881508         0.8842839437        -8.5701701539         0.6234335725 
        7.3600001000        -0.2412498811         0.8715391863        -8.9021671383         0.5721907629 
        7.3650001000        -0.2329735153         0.8995776526        -8.1717737727         0.5465693580 
        7.3700001000        -0.2246603603         0.8868328952        -8.5037707571         0.4889211972 
        7.3750000000        -0.2163118961         0.8944797497        -8.3045725665         0.4600971167 
        7.3800000000        -0.2079291071         0.8944797497        -8.3045725665         0.4120569827 
        7.3850001000        -0.1995133152         0.8919307982        -8.3709719633         0.3576114974 
        7.3900001000        -0.1910661856         0.9046755556        -8.0389749790         0.3255847414 
        7.3950001000        -0.1825888846         0.9072245071        -7.9725755821         0.2967606609 
        7.4000001000        -0.1740827506         0.9174203130        -7.7069779946         0.2519232025 
        7.4050001000        -0.1655491270         0.9046755556        -8.0389749790         0.2102884196 
        7.4100000000        -0.1569895327         0.9403608764        -7.1093834228         0.1814643392 
        7.4150001000        -0.1484048051         0.9276161190        -7.4413804072         0.1494375832 
        7.4200001000        -0.1397968140         0.9352629734        -7.2421822165         0.1078028003 
        7.4250001000        -0.1311667474         0.9352629734        -7.2421822165         0.0693706931 
        7.4300001000        -0.1225159681         0.9301650705        -7.3749810103         0.0309385858 
        7.4350001000        -0.1138458421         0.9352629734        -7.2421822165        -0.0042908458 
        7.4400001000        -0.1051577385         0.9429098279        -7.0429840259        -0.0331149263 
        7.4450000000        -0.0964532035         0.9378119249        -7.1757828197        -0.0587363311 
        7.4500001000        -0.0877330890         0.9556545853        -6.7109870416        -0.0843577359 
        7.4550001000        -0.0789992946         0.9811441002        -6.0469930729        -0.1163844920 
        7.4600001000        -0.0702530254         0.9505566824        -6.8437858353        -0.1644246260 
        7.4650001000        -0.0614956624         0.9683993428        -6.3789900572        -0.1836406796 
        7.4700000000        -0.0527287639         0.9683993428        -6.3789900572        -0.2220727869 
        7.4750000000        -0.0439533637         0.9683993428        -6.3789900572        -0.2508968673 
        7.4800001000        -0.0351708471         0.9913399061        -5.7813954854        -0.2797209477 
        7.4850001000        -0.0263829521         0.9760461972        -6.1797918666        -0.3053423526 
        7.4900001000        -0.0175908910         1.0040846636        -5.4493985011        -0.3245584062 
        7.4950001000        -0.0087960520         0.9964378091        -5.6485966917        -0.3597878378 
        7.5000000000        -0.0000000000         0.9989867606        -5.5821972948        -0.3886119183 
        7.5050000000         0.0087962279         1.0066336150        -5.3829991042        -0.4206386743 
        7.5100001000         0.0175912426         1.0423189359        -4.4534075480        -0.4270440255 
        7.5150001000         0.0263833036         1.0219273240        -4.9846027230        -0.4590707816 
        7.5200001000         0.0351711984         1.0576126448        -4.0550111668        -0.4782868352 
        7.5250001000         0.0439535392         1.0780042567        -3.5238159919        -0.5039082400 
        7.5300001000         0.0527289393         1.1111406260        -2.6606238326        -0.5039082400 
        7.5350000000         0.0614958376         1.1417280438        -1.8638310701        -0.5167189424 
        7.5400001000         0.0702533754         1.1595707042        -1.3990352920        -0.5455430229 
        7.5450001000         0.0789996441         1.1901581220        -0.6022425296        -0.5455430229 
        7.5500001000         0.0877334380         1.2258434428         0.3273490266        -0.5391376717 
        7.5550001000         0.0964533777         1.2411371518         0.7257454078        -0.5359349961 
        7.5600001000         0.1051580863         1.2334902973         0.5265472172        -0.5327323204 
        7.5650001000         0.1138461892         1.2462350547         0.8585442015        -0.5231242936 
        7.5700000000         0.1225161413         1.2691756181         1.4561387733        -0.5263269692 
        7.5750001000         0.1311670929         1.2615287636         1.2569405827        -0.5199216180 
        7.5800001000         0.1397971587         1.2666266666         1.3897393765        -0.5071109156 
        7.5850001000         0.1484051489         1.2819203755         1.7881357577        -0.5007055644 
        7.5900001000         0.1569897041         1.2768224726         1.6553369640        -0.5039082400 
        7.5950000000         0.1655492979         1.2895672300         1.9873339483        -0.4943002132 
        7.6000000000         0.1740829210         1.2819203755         1.7881357577        -0.4910975376 
        7.6050001000         0.1825892242         1.2946651330         2.1201327420        -0.4782868352 
        7.6100001000         0.1910665241         1.2972140844         2.1865321389        -0.4686788084 
        7.6150001000         0.1995136523         1.3125077934         2.5849285201        -0.4430574035 
        7.6200001000         0.2079292751         1.3023119874         2.3193309326        -0.4398547279 
        7.6250000000         0.2163118961         1.3023119874         2.3193309326        -0.4366520523 
        7.6300000000         0.2246605269         1.2997630359         2.2529315358        -0.4206386743 
        7.6350001000         0.2329738470         1.3328994052         3.1161236951        -0.3950172695 
        7.6400001000         0.2412502114         1.3176056963         2.7177273139        -0.3918145939 
        7.6450001000         0.2494884795         1.3379973082         3.2489224888        -0.3693958647 
        7.6500001000         0.2576873504         1.3405462597         3.3153218857        -0.3629905134 
        7.6550001000         0.2658455296         1.3227035993         2.8505261076        -0.3565851622 
        7.6600000000         0.2739615668         1.3456441627         3.4481206794        -0.3405717842 
        7.6650001000         0.2820346659         1.3379973082         3.2489224888        -0.3149503794 
        7.6700001000         0.2900630667         1.3507420656         3.5809194732        -0.3053423526 
        7.6750001000         0.2980456633         1.3430952112         3.3817212826        -0.2893289746 
        7.6800001000         0.3059811949         1.3583889201         3.7801176638        -0.2573022185 
        7.6850001000         0.3138684085         1.3558399686         3.7137182669        -0.2348834893 
        7.6900001000         0.3217060587         1.3736826290         4.1785140450        -0.2252754625 
        7.6950000000         0.3294927525         1.3583889201         3.7801176638        -0.2124647601 
        7.7000001000         0.3372277260         1.3685847260         4.0457152513        -0.1900460308 
        7.7050001000         0.3449092922         1.3634868231         3.9129164575        -0.1740326528 
        7.7100001000         0.3525363931         1.3838784350         4.4441116325        -0.1420058968 
        7.7150001000         0.3601078245         1.3736826290         4.1785140450        -0.1259925188 
        7.7200000000         0.3676222410         1.3966231924         4.7761086168        -0.1035737895 
        7.7250000000         0.3750787565         1.3813294835         4.3777122356        -0.0907630871 
        7.7300001000         0.3824761900         1.3915252894         4.6433098231        -0.0683443579 
        7.7350001000         0.3898130776         1.3966231924         4.7761086168        -0.0363176019 
        7.7400001000         0.3970884093         1.4119169013         5.1745049980        -0.0106961970 
        7.7450001000         0.4043010360         1.4068189983         5.0417062043         0.0117225322 
        7.7500000000         0.4114496766         1.4068189983         5.0417062043         0.0341412614 
        7.7550000000         0.4185334881         1.4144658528         5.2409043949         0.0501546394 
        7.7600001000         0.4255513480         1.4272106102         5.5729013792         0.0821813955 
        7.7650001000         0.4325018675         1.4170148043         5.3073037918         0.1142081515 
        7.7700001000         0.4393840898         1.4450532706         6.0376971573         0.1494375832 
        7.7750001000         0.4461969284         1.4272106102         5.5729013792         0.1686536368 
        7.7800001000         0.4529393072         1.4450532706         6.0376971573         0.1942750416 
        7.7850000000         0.4596100290         1.4246616587         5.5065019824         0.2295044733 
        7.7900001000         0.4662084384         1.4730917370         6.7680905229         0.2615312293 
        7.7950001000         0.4727330954         1.4425043191         5.9712977605         0.2903553097 
        7.8000001000         0.4791831024         1.4527001251         6.2368953479         0.3031660121 
        7.8050001000         0.4855574408         1.4399553677         5.9048983636         0.3287874170 
        7.8100001000         0.4918551040         1.4654448825         6.5688923323         0.3640168486 
        7.8150001000         0.4980750976         1.4654448825         6.5688923323         0.3960436047 
        7.8200000000         0.5042163174         1.4654448825         6.5688923323         0.4376783875 
        7.8250001000         0.5102781596         1.4756406885         6.8344899198         0.4665024679 
        7.8300001000         0.5162593009         1.4705427855         6.7016911260         0.5081372508 
        7.8350001000         0.5221589190         1.5011302033         7.4984838885         0.5369613312 
        7.8400001000         0.5279760820         1.4934833489         7.2992856979         0.5817987897 
        7.8450000000         0.5337097577         1.4934833489         7.2992856979         0.6106228701 
        7.8500000000         0.5393592699         1.5011302033         7.4984838885         0.6426496262 
        7.8550001000         0.5449237215         1.4985812518         7.4320844916         0.6778790578 
        7.8600001000         0.5504020112         1.5215218152         8.0296790634         0.7259191919 
        7.8650001000         0.5557933860         1.4985812518         7.4320844916         0.7419325699 
        7.8700001000         0.5610969946         1.5393644756         8.4944748415         0.8091887576 
        7.8750000000         0.5663118961         1.5215218152         8.0296790634         0.8412155136 
        7.8800000000         0.5714374755         1.5215218152         8.0296790634         0.8732422696 
        7.8850001000         0.5764729181         1.5317176211         8.2952766509         0.9148770525 
        7.8900001000         0.5814172274         1.5470113301         8.6936730321         0.9597145109 
        7.8950001000         0.5862697241         1.5291686697         8.2288772540         0.9917412670 
        7.9000001000         0.5910296421         1.5470113301         8.6936730321         1.0269706986 
        7.9050001000         0.5956962296         1.5495602815         8.7600724290         1.0814161839 
        7.9100000000         0.6002686593         1.5495602815         8.7600724290         1.1230509667 
        7.9150001000         0.6047464806         1.5521092330         8.8264718258         1.1614830740 
        7.9200001000         0.6091287149         1.5674029419         9.2248682071         1.2031178568 
        7.9250001000         0.6134147608         1.5266197182         8.1624778572         1.2479553153 
        7.9300001000         0.6176039413         1.5801476994         9.5568651914         1.2959954493 
        7.9350001000         0.6216955950         1.5597560875         9.0256700165         1.3312248810 
        7.9400001000         0.6256890758         1.5623050390         9.0920694133         1.3824676906 
        7.9450000000         0.6295836761         1.5775987479         9.4904657945         1.4433185271 
        7.9500001000         0.6333790116         1.5826966509         9.6232645883         1.4849533100 
        7.9550001000         0.6370742524         1.5750497964         9.4240663977         1.5201827416 
        7.9600001000         0.6406688917         1.5725008449         9.3576670008         1.5778309025 
        7.9650001000         0.6441623620         1.5801476994         9.5568651914         1.6226683609 
        7.9700000000         0.6475540448         1.6081861657        10.2872585570         1.6675058194 
        7.9750000000         0.6508435401         1.5699518934         9.2912676039         1.6963298998 
        7.9800001000         0.6540303224         1.6030882627        10.1544597632         1.7475727095 
        7.9850001000         0.6571137610         1.5801476994         9.5568651914         1.8020181947 
        7.9900001000         0.6600934337         1.6209309231        10.6192555413         1.8468556532 
        7.9950001000         0.6629688700         1.6005393113        10.0880603664         1.8980984629 
        8.0000000000         0.6657395614         1.5877945538         9.7560633820         1.9493412725 
        8.0050000000         0.6684051813         1.6081861657        10.2872585570         2.0037867578 
        8.0100001000         0.6709653024         1.6107351172        10.3536579538         2.0582322430 
        8.0150001000         0.6734194181         1.6158330202        10.4864567476         2.1094750527 
        8.0201383000         0.6758305717         1.6132840687        10.4200573507         2.1671232136 
        8.0250001000         0.6780082565         1.6285777776        10.8184537319         2.2055553208 
        8.0300001000         0.6801422546         1.6132840687        10.4200573507         2.2503927793 
        8.0350000000         0.6821688110         1.6081861657        10.2872585570         2.3048382645 
        8.0400001000         0.6840877238         1.6413225350        11.1504507163         2.3720944522 
        8.0450001000         0.6858985718         1.6030882627        10.1544597632         2.4137292351 
        8.0500001000         0.6876011085         1.6515183410        11.4160483038         2.4745800715 
        8.0550001000         0.6891950650         1.6285777776        10.8184537319         2.5290255568 
        8.0600001000         0.6906801896         1.6362246321        11.0176519225         2.5834710421 
        8.0650001000         0.6920562477         1.6311267291        10.8848531288         2.6443218785 
        8.0700000000         0.6933229980         1.6387735836        11.0840513194         2.6891593370 
        8.0750001000         0.6944803130         1.6336756806        10.9512525257         2.7468074979 
        8.0800025000         0.6955284137         1.6566162440        11.5488470975         2.8236717124 
        8.0850001000         0.6964657295         1.6566162440        11.5488470975         2.8685091708 
        8.0900001000         0.6972935419         1.6464204380        11.2832495100         2.9261573317 
        8.0950000000         0.6980112302         1.6591651954        11.6152464944         2.9870081682 
        8.1000001000         0.6986187209         1.6311267291        10.8848531288         3.0350483022 
        8.1050001000         0.6991158785         1.6617141469        11.6816458912         3.0926964631 
        8.1100001000         0.6995026375         1.6515183410        11.4160483038         3.1407365971 
        8.1150001000         0.6997789369         1.6719099529        11.9472434787         3.1503446239 
        8.1200071000         0.6999448878         1.6668120499        11.8144446850         3.1311285703 
        8.1250001000         0.7000000000         1.6591651954        11.6152464944        -1.7369383475 
        8.1300000000         0.6999447309         1.6770078558        12.0800422724        -3.1397102620 
        8.1350001000         0.6997789281         1.6744589044        12.0136428756        -3.1397102620 
        8.1400001000         0.6995026242         1.6821057588        12.2128410662        -3.1429129376 
        8.1450001000         0.6991158608         1.6744589044        12.0136428756        -3.0884674523 
        8.1500001000         0.6986186989         1.6744589044        12.0136428756        -3.0276166158 
        8.1550028000         0.6980108591         1.6821057588        12.2128410662        -2.9667657794 
        8.1600000000         0.6972935264         1.6846547103        12.2792404631        -2.8899015649 
        8.1650001000         0.6964656942         1.6973994677        12.6112374474        -2.8290507284 
        8.1700001000         0.6955278975         1.6846547103        12.2792404631        -2.7714025675 
        8.1750001000         0.6944802689         1.6948505162        12.5448380505        -2.7169570823 
        8.1800001000         0.6933229737         1.6948505162        12.5448380505        -2.6529035702 
        8.1850001000         0.6920561949         1.6821057588        12.2128410662        -2.5920527337 
        8.1900001000         0.6906801323         1.7024973707        12.7440362411        -2.5312018972 
        8.1950000000         0.6891950342         1.6897526133        12.4120392568        -2.4799590876 
        8.2000001000         0.6876010426         1.6999484192        12.6776368443        -2.4095002243 
        8.2050001000         0.6858985015         1.7050463222        12.8104356380        -2.3422440366 
        8.2100001000         0.6840876492         1.6999484192        12.6776368443        -2.2813932001 
        8.2150001000         0.6821687715         1.6999484192        12.6776368443        -2.2173396881 
        8.2200000000         0.6801422130         1.7101442252        12.9432344317        -2.1564888516 
        8.2250000000         0.6780082128         1.7024973707        12.7440362411        -2.1052460419 
        8.2300001000         0.6757671013         1.6999484192        12.6776368443        -2.0347871786 
        8.2350001000         0.6734193221         1.7152421281        13.0760332255        -1.9739363422 
        8.2400001000         0.6709652022         1.6897526133        12.4120392568        -1.9162881813 
        8.2450001000         0.6684051291         1.7101442252        12.9432344317        -1.8426266424 
        8.2500001000         0.6657395070         1.7152421281        13.0760332255        -1.7785731303 
        8.2550000000         0.6629688135         1.7228889826        13.2752314161        -1.7113169427 
        8.2600001000         0.6600933166         1.7152421281        13.0760332255        -1.6440607550 
        8.2650001000         0.6571136397         1.7305358370        13.4744296067        -1.5896152697 
        8.2700001000         0.6540301970         1.7203400311        13.2088320192        -1.5255617576 
        8.2750001000         0.6508434754         1.7228889826        13.2752314161        -1.4679135968 
        8.2800001000         0.6475539780         1.7075952737        12.8768350349        -1.4102654359 
        8.2850000000         0.6441622932         1.7254379341        13.3416308130        -1.3366038970 
        8.2900001000         0.6406687500         1.7126931766        13.0096338286        -1.2789557361 
        8.2950001000         0.6370741066         1.7075952737        12.8768350349        -1.2149022241 
        8.3000001000         0.6333788618         1.7228889826        13.2752314161        -1.1444433608 
        8.3050001000         0.6295835992         1.7254379341        13.3416308130        -1.0707818219 
        8.3100001000         0.6256889180         1.7407316430        13.7400271942        -1.0099309854 
        8.3150000000         0.6216955142         1.7075952737        12.8768350349        -0.9522828245 
        8.3200000000         0.6176038585         1.7177910796        13.1424326224        -0.8914319881 
        8.3250001000         0.6134145913         1.7152421281        13.0760332255        -0.8273784760 
        8.3300001000         0.6091285416         1.7228889826        13.2752314161        -0.7697303151 
        8.3350001000         0.6047463034         1.7305358370        13.4744296067        -0.7056768031 
        8.3400001000         0.6002685688         1.7152421281        13.0760332255        -0.6448259666 
        8.3450054000         0.5956911480         1.7126931766        13.0096338286        -0.5871778057 
        8.3500000000         0.5910295479         1.7075952737        12.8768350349        -0.5071109156 
        8.3550001000         0.5862695319         1.7203400311        13.2088320192        -0.4622734572 
        8.3600001000         0.5814170315         1.7050463222        12.8104356380        -0.3950172695 
        8.3650001000         0.5764727186         1.7024973707        12.7440362411        -0.3373691086 
        8.3700001000         0.5714373739         1.7228889826        13.2752314161        -0.2669102453 
        8.3750001000         0.5663117927         1.7050463222        12.8104356380        -0.1900460308 
        8.3800000000         0.5610968894         1.7254379341        13.3416308130        -0.1323978700 
        8.3850001000         0.5557931721         1.7101442252        12.9432344317        -0.0683443579 
        8.3900001000         0.5504017938         1.7101442252        12.9432344317        -0.0203042238 
        8.3950001000         0.5449235007         1.7024973707        12.7440362411         0.0469519638 
        8.4000001000         0.5393591578         1.6999484192        12.6776368443         0.0981947735 
        8.4050001000         0.5337096439         1.6846547103        12.2792404631         0.1686536368 
        8.4100025000         0.5279730787         1.6999484192        12.6776368443         0.2230991221 
        8.4150001000         0.5221586847         1.7101442252        12.9432344317         0.2999633365 
        8.4200001000         0.5162590634         1.6846547103        12.2792404631         0.3480034706 
        8.4250001000         0.5102779188         1.6923015648        12.4784386537         0.4088543071 
        8.4300001000         0.5042161954         1.6821057588        12.2128410662         0.4665024679 
        8.4350001000         0.4980748504         1.6795568073        12.1464416693         0.5337586556 
        8.4400000000         0.4918549789         1.6999484192        12.6776368443         0.5914068165 
        8.4450000000         0.4855573141         1.6897526133        12.4120392568         0.6586630042 
        8.4500001000         0.4791828460         1.6846547103        12.2792404631         0.7227165162 
        8.4550001000         0.4727328360         1.7024973707        12.7440362411         0.7835673527 
        8.4600001000         0.4662081760         1.6770078558        12.0800422724         0.8348101624 
        8.4650001000         0.4596098963         1.6617141469        11.6816458912         0.8924583233 
        8.4700000000         0.4529391731         1.6846547103        12.2792404631         0.9372957817 
        8.4750000000         0.4461967928         1.6795568073        12.1464416693         1.0109573206 
        8.4800001000         0.4393838160         1.6693610014        11.8808440818         1.0654028059 
        8.4850001000         0.4325015909         1.6719099529        11.9472434787         1.1294563179 
        8.4900001000         0.4255510687         1.6489693895        11.3496489069         1.1774964520 
        8.4950001000         0.4185333471         1.6591651954        11.6152464944         1.2351446129 
        8.5000001000         0.4114495343         1.6642630984        11.7480452881         1.2895900981 
        8.5050000000         0.4043008924         1.6387735836        11.0840513194         1.3408329078 
        8.5100001000         0.3970881196         1.6515183410        11.4160483038         1.4016837443 
        8.5150001000         0.3898127854         1.6566162440        11.5488470975         1.4593319051 
        8.5200001000         0.3824758954         1.6285777776        10.8184537319         1.5041693636 
        8.5250001000         0.3750786080         1.6209309231        10.6192555413         1.5586148488 
        8.5300001000         0.3676220913         1.6387735836        11.0840513194         1.6194656853 
        8.5350012000         0.3601058633         1.6413225350        11.1504507163         1.6803165218 
        8.5400001000         0.3525360892         1.6387735836        11.0840513194         1.7283566558 
        8.5450001000         0.3449089861         1.6158330202        10.4864567476         1.7667887631 
        8.5500001000         0.3372274177         1.6081861657        10.2872585570         1.8276395996 
        8.5550001000         0.3294925973         1.6209309231        10.6192555413         1.8756797336 
        8.5600001000         0.3217057462         1.6336756806        10.9512525257         1.9429359213 
        8.5650000000         0.3138682513         1.5877945538         9.7560633820         1.9909760554 
        8.5700000000         0.3059810367         1.6311267291        10.8848531288         2.0326108382 
        8.5750001000         0.2980453450         1.5826966509         9.6232645883         2.0934616747 
        8.5800001000         0.2900627466         1.6183819717        10.5528561444         2.1382991331 
        8.5850001000         0.2820343440         1.5826966509         9.6232645883         2.1863392672 
        8.5900001000         0.2739614049         1.5674029419         9.2248682071         2.2247713744 
        8.5950000000         0.2658453669         1.5801476994         9.5568651914         2.2728115085 
        8.6000000000         0.2576871869         1.5877945538         9.7560633820         2.3272569938 
        8.6050001000         0.2494881508         1.5826966509         9.6232645883         2.3881078302 
        8.6100001000         0.2412498811         1.5623050390         9.0920694133         2.4169319107 
        8.6150001000         0.2329735153         1.5801476994         9.5568651914         2.4777827471 
        8.6200001000         0.2246603603         1.5572071360         8.9592706196         2.5034041520 
        8.6250001000         0.2163117288         1.5444623786         8.6272736352         2.5578496372 
        8.6300000000         0.2079291071         1.5750497964         9.4240663977         2.6122951225 
        8.6350001000         0.1995133152         1.5572071360         8.9592706196         2.6571325810 
        8.6400001000         0.1910661856         1.5623050390         9.0920694133         2.7019700394 
        8.6450001000         0.1825888846         1.5317176211         8.2952766509         2.7371994711 
        8.6500001000         0.1740827506         1.5444623786         8.6272736352         2.7724289027 
        8.6550001000         0.1655491270         1.5164239122         7.8968802697         2.8140636855 
        8.6600000000         0.1569895327         1.5419134271         8.5608742384         2.8492931172 
        8.6650036000         0.1483987875         1.5113260093         7.7640814759         2.9069412781 
        8.6700001000         0.1397968140         1.5189728637         7.9632796665         2.9549814121 
        8.6750001000         0.1311667474         1.5317176211         8.2952766509         2.9934135194 
        8.6800001000         0.1225159681         1.5113260093         7.7640814759         3.0190349242 
        8.6850001000         0.1138458421         1.5113260093         7.7640814759         3.0670750582 
        8.6900000000         0.1051579124         1.5087770578         7.6976820791         3.1119125167 
        8.6950000000         0.0964532035         1.4909343974         7.2328863010         3.1247232191 
        8.7000001000         0.0877330890         1.4960323003         7.3656850947         3.1343312459 
        8.7050001000         0.0789992946         1.4807385914         6.9672887135         3.1311285703 
        8.7100001000         0.0702530254         1.4909343974         7.2328863010         3.1311285703 
        8.7150001000         0.0614956624         1.4730917370         6.7680905229        -1.7433436987 
        8.7200000000         0.0527287639         1.4960323003         7.3656850947        -1.7433436987 
        8.7250000000         0.0439533637         1.4730917370         6.7680905229        -1.7561544011 
        8.7300001000         0.0351708471         1.4807385914         6.9672887135        -3.1461156132 
        8.7350001000         0.0263829521         1.4705427855         6.7016911260        -3.1301022351 
        8.7400001000         0.0175908910         1.4730917370         6.7680905229        -3.1301022351 
        8.7450001000         0.0087960520         1.4603469795         6.4360935385        -3.1365075864 
        8.7500001000        -0.0000001759         1.4476022221         6.1040965542        -3.1365075864 
        8.7550000000        -0.0087962279         1.4476022221         6.1040965542        -3.1108861815 
        8.7600001000        -0.0175912426         1.4399553677         5.9048983636        -3.0820621011 
        8.7650001000        -0.0263833036         1.4170148043         5.3073037918        -3.0532380207 
        8.7700001000        -0.0351711984         1.4068189983         5.0417062043        -3.0372246426 
        8.7750001000        -0.0439535392         1.3558399686         3.7137182669        -3.0148059134 
        8.7800001000        -0.0527289393         1.2972140844         2.1865321389        -2.9987925354 
        8.7850000000        -0.0614958376         1.2666266666         1.3897393765        -2.9923871842 
        8.7900001000        -0.0702533754         1.2411371518         0.7257454078        -2.9763738062 
        8.7950001000        -0.0789996441         1.1952560250        -0.4694437359        -2.9795764818 
        8.8000001000        -0.0877334380         1.2029028795        -0.2702455453        -2.9827791574 
        8.8050001000        -0.0964533777         1.2080007824        -0.1374467515        -2.9795764818 
        8.8100001000        -0.1051580863         1.2130986854        -0.0046479578        -2.9795764818 
        8.8150000000        -0.1138460156         1.2080007824        -0.1374467515        -2.9891845086 
        8.8200000000        -0.1225161413         1.2130986854        -0.0046479578        -2.9827791574 
        8.8250001000        -0.1311670929         1.2207455399         0.1945502328        -2.9763738062 
        8.8300001000        -0.1397971587         1.1136895775        -2.5942244357        -2.9891845086 
        8.8350001000        -0.1484051489         1.1621196557        -1.3326358952        -2.9987925354 
        8.8400001000        -0.1569897041         1.1697665101        -1.1334377046        -3.0019952110 
        8.8450000000        -0.1655492979         1.1187874804        -2.4614256419        -3.0116032378 
        8.8500000000        -0.1740829210         1.1621196557        -1.3326358952        -3.0180085890 
        8.8550001000        -0.1825892242         1.1544728012        -1.5318340858        -3.0276166158 
        8.8600001000        -0.1910665241         1.1442769953        -1.7974316733        -3.0372246426 
        8.8650001000        -0.1995136523         1.1264343349        -2.2622274513        -3.0596433719 
        8.8700001000        -0.2079292751         1.1417280438        -1.8638310701        -3.0628460475 
        8.8750001000        -0.2163120634         1.1187874804        -2.4614256419        -3.0756567499 
        8.8801941000        -0.2249839139         1.1315322379        -2.1294286576        -3.0852647767 
        8.8850001000        -0.2329738470         1.1034937715        -2.8598220232        -3.0948728035 
        8.8900001000        -0.2412502114         1.1162385289        -2.5278250388        -3.1076835059 
        8.8950001000        -0.2494884795         1.1111406260        -2.6606238326        -3.1204942083 
        8.9000001000        -0.2576873504         1.1213364319        -2.3950262451        -3.1204942083 
        8.9050001000        -0.2658455296         1.0958469171        -3.0590202138        -3.1493182888 
        8.9100000000        -0.2739615668         1.1213364319        -2.3950262451        -3.1301022351 
        8.9150001000        -0.2820346659         1.0983958685        -2.9926208169        -3.1429129376 
        8.9200001000        -0.2900630667         1.0932979656        -3.1254196106        -3.1429129376 
        8.9250001000        -0.2980456633         1.0882000626        -3.2582184044        -3.1397102620 
        8.9300001000        -0.3059811949         1.0932979656        -3.1254196106        -3.1397102620 
        8.9350001000        -0.3138684085         1.0729063537        -3.6566147856        -3.1365075864 
        8.9400000000        -0.3217059024         1.0882000626        -3.2582184044        -3.1333049108 
        8.9450000000        -0.3294927525         1.0703574022        -3.7230141825        -3.1365075864 
        8.9500001000        -0.3372277260         1.0780042567        -3.5238159919        -3.1204942083 
        8.9550001000        -0.3449092922         1.0652594992        -3.8558129762        -1.7433436987 
        8.9600001000        -0.3525363931         1.0499657903        -4.2542093574        -1.7785731303 
        8.9650001000        -0.3601078245         1.0423189359        -4.4534075480        -1.7753704547 
        8.9700000000        -0.3676222410         1.0678084507        -3.7894135793        -1.7561544011 
        8.9750000000        -0.3750787565         1.0372210329        -4.5862063418         3.1375339215 
        8.9800001000        -0.3824761900         1.0499657903        -4.2542093574         3.1311285703 
        8.9850001000        -0.3898130776         1.0193783725        -5.0510021199         3.1311285703 
        8.9900001000        -0.3970884093         1.0423189359        -4.4534075480         3.1439392727 
        8.9950001000        -0.4043010360         1.0448678873        -4.3870081512         3.1503446239 
        9.0000001000        -0.4114498189         1.0244762754        -4.9182033261         3.1503446239 
        9.0050000000        -0.4185334881         1.0193783725        -5.0510021199         3.1215205435 
        9.0100001000        -0.4255513480         1.0168294210        -5.1174015167         3.0894937875 
        9.0150001000        -0.4325018675         1.0066336150        -5.3829991042         3.0702777339 
        9.0200001000        -0.4393840898         1.0219273240        -4.9846027230         3.0510616802 
        9.0250001000        -0.4461969284         0.9964378091        -5.6485966917         3.0158322486 
        9.0300001000        -0.4529393072         1.0040846636        -5.4493985011         2.9934135194 
        9.0350000000        -0.4596100290         1.0142804695        -5.1838009136         2.9549814121 
        9.0400001000        -0.4662084384         0.9938888576        -5.7149960885         2.9325626829 
        9.0450001000        -0.4727330954         1.0091825665        -5.3165997073         2.9005359268 
        9.0500001000        -0.4791831024         0.9887909546        -5.8477948823         2.8653064952 
        9.0550001000        -0.4855574408         1.0066336150        -5.3829991042         2.8556984684 
        9.0600001000        -0.4918551040         0.9862420032        -5.9141942792         2.8172663611 
        9.0650000000        -0.4980749740         0.9836930517        -5.9805936760         2.7884422807 
        9.0700000000        -0.5042163174         0.9709482942        -6.3125906604         2.7500101735 
        9.0750001000        -0.5102781596         0.9505566824        -6.8437858353         2.7147807418 
        9.0800001000        -0.5162593009         0.9760461972        -6.1797918666         2.6859566614 
        9.0850001000        -0.5221589190         0.9658503913        -6.4453894541         2.6603352566 
        9.0900001000        -0.5279760820         0.9378119249        -7.1757828197         2.6251058249 
        9.0950000000        -0.5337097577         0.9556545853        -6.7109870416         2.5898763933 
        9.1000000000        -0.5393592699         0.9505566824        -6.8437858353         2.5418362592 
        9.1050001000        -0.5449237215         0.9301650705        -7.3749810103         2.5066068276 
        9.1100001000        -0.5504020112         0.9301650705        -7.3749810103         2.4745800715 
        9.1150001000        -0.5557933860         0.9327140220        -7.3085816134         2.4521613423 
        9.1200001000        -0.5610969946         0.9301650705        -7.3749810103         2.4073238839 
        9.1250001000        -0.5663119995         0.9301650705        -7.3749810103         2.3720944522 
        9.1300000000        -0.5714374755         0.9046755556        -8.0389749790         2.3400676962 
        9.1350001000        -0.5764729181         0.9148713616        -7.7733773915         2.2856222109 
        9.1400001000        -0.5814172274         0.9046755556        -8.0389749790         2.2535954549 
        9.1450001000        -0.5862697241         0.8893818467        -8.4373713602         2.2151633476 
        9.1500001000        -0.5910296421         0.9174203130        -7.7069779946         2.1735285648 
        9.1550001000        -0.5956962296         0.8842839437        -8.5701701539         2.1254884307 
        9.1600000000        -0.6002686593         0.9097734586        -7.9061761852         2.0966643503 
        9.1650001000        -0.6047464806         0.8740881378        -8.8357677414         2.0550295674 
        9.1700001000        -0.6091287149         0.8970287012        -8.2381731696         2.0198001358 
        9.1750001000        -0.6134147608         0.8689902348        -8.9685665351         1.9589492993 
        9.1800001000        -0.6176039413         0.8766370893        -8.7693683445         1.9205171921 
        9.1850030000        -0.6216979398         0.8715391863        -8.9021671383         1.8820850848 
        9.1900000000        -0.6256889969         0.8766370893        -8.7693683445         1.8308422752 
        9.1950000000        -0.6295836761         0.8791860408        -8.7029689477         1.7988155191 
        9.2000001000        -0.6333790116         0.8435007200        -9.6325605038         1.7379646827 
        9.2050001000        -0.6370742524         0.8689902348        -8.9685665351         1.7059379266 
        9.2100001000        -0.6406688917         0.8333049140        -9.8981580913         1.6578977926 
        9.2150001000        -0.6441623620         0.8664412833        -9.0349659320         1.6130603341 
        9.2200000000        -0.6475540448         0.8256580595       -10.0973562819         1.5682228757 
        9.2250038000        -0.6508460011         0.8689902348        -8.9685665351         1.5297907684 
        9.2300001000        -0.6540303224         0.8358538655        -9.8317586944         1.4689399319 
        9.2350001000        -0.6571137610         0.8536965259        -9.3669629164         1.4337105003 
        9.2400001000        -0.6600934337         0.8180112051       -10.2965544725         1.3760623394 
        9.2450001000        -0.6629688700         0.8536965259        -9.3669629164         1.3440355834 
        9.2500001000        -0.6657396158         0.8180112051       -10.2965544725         1.2767793957 
        9.2550000000        -0.6684051813         0.8282070110       -10.0309568851         1.2319419373 
        9.2600001000        -0.6709653024         0.8103643506       -10.4957526631         1.1871044788 
        9.2650001000        -0.6734194181         0.8435007200        -9.6325605038         1.1390643447 
        9.2700001000        -0.6757671931         0.8052664477       -10.6285514569         1.0942268863 
        9.2750001000        -0.6780082565         0.8333049140        -9.8981580913         1.0461867522 
        9.2800001000        -0.6801422546         0.8103643506       -10.4957526631         0.9821332402 
        9.2850000000        -0.6821688110         0.7976195932       -10.8277496475         0.9372957817 
        9.2900001000        -0.6840877238         0.8027174962       -10.6949508538         0.8860529720 
        9.2950001000        -0.6858985718         0.8052664477       -10.6285514569         0.8252021356 
        9.3000001000        -0.6876011085         0.8052664477       -10.6285514569         0.7803646771 
        9.3050001000        -0.6891950650         0.8001685447       -10.7613502506         0.7259191919 
        9.3100001000        -0.6906801896         0.8052664477       -10.6285514569         0.6778790578 
        9.3150000000        -0.6920562213         0.7772279813       -11.3589448224         0.6170282213 
        9.3200000000        -0.6933229980         0.7925216902       -10.9605484412         0.5561773849 
        9.3250001000        -0.6944803130         0.7670321754       -11.6245424099         0.5113399264 
        9.3300001000        -0.6955279372         0.7848748358       -11.1597466318         0.4504890899 
        9.3350001000        -0.6964657295         0.7950706417       -10.8941490444         0.4024489559 
        9.3400256000        -0.6972974816         0.7644832239       -11.6909418068         0.3448007950 
        9.3450000000        -0.6980112302         0.7772279813       -11.3589448224         0.2903553097 
        9.3500000000        -0.6986187099         0.7721300783       -11.4917436162         0.2391125001 
        9.3550001000        -0.6991158785         0.7721300783       -11.4917436162         0.1814643392 
        9.3600001000        -0.6995026375         0.7797769328       -11.2925454256         0.1174108271 
        9.3650001000        -0.6997789369         0.7644832239       -11.6909418068         0.0661680175 
        9.3700001000        -0.6999447332         0.7466405635       -12.1557375849         0.0053171810 
        9.3750001000        -0.7000000000         0.7746790298       -11.4253442193        -0.0427229531 
        9.3800000000        -0.6999447309         0.7389937090       -12.3549357755        -0.1067764651 
        9.3850001000        -0.6997789281         0.7670321754       -11.6245424099        -0.1548165992 
        9.3900001000        -0.6995026242         0.7593853209       -11.8237406005        -0.2092620845 
        9.3950001000        -0.6991158608         0.7517384665       -12.0229387911        -0.2765182721 
        9.4000001000        -0.6986186989         0.7568363694       -11.8901399974        -0.3277610818 
        9.4050001000        -0.6980112169         0.7517384665       -12.0229387911        -0.3758012159 
        9.4100000000        -0.6972935264         0.7415426605       -12.2885363786        -0.4526654304 
        9.4150001000        -0.6964656942         0.7313468546       -12.5541339661        -0.5039082400 
        9.4200001000        -0.6955278975         0.7466405635       -12.1557375849        -0.5711644277 
        9.4250001000        -0.6944802689         0.7568363694       -11.8901399974        -0.6224072374 
        9.4300001000        -0.6933229737         0.7364447575       -12.4213351724        -0.6736500470 
        9.4350001000        -0.6920561949         0.7466405635       -12.1557375849        -0.7441089103 
        9.4400000000        -0.6906801609         0.7313468546       -12.5541339661        -0.8049597468 
        9.4450000000        -0.6891950342         0.7415426605       -12.2885363786        -0.8529998808 
        9.4500001000        -0.6876010426         0.7440916120       -12.2221369817        -0.9170533929 
        9.4550001000        -0.6858985015         0.7338958061       -12.4877345692        -0.9650935270 
        9.4600001000        -0.6840876492         0.7466405635       -12.1557375849        -1.0227416878 
        9.4650001000        -0.6821687715         0.7262489516       -12.6869327598        -1.1060112535 
        9.4700000000        -0.6801422130         0.7237000001       -12.7533321567        -1.1572540632 
        9.4750000000        -0.6780082128         0.7313468546       -12.5541339661        -1.2245102509 
        9.4800001000        -0.6757671013         0.7415426605       -12.2885363786        -1.2789557361 
        9.4850001000        -0.6734193221         0.7364447575       -12.4213351724        -1.3334012214 
        9.4900001000        -0.6709652022         0.7237000001       -12.7533321567        -1.4006574091 
        9.4950001000        -0.6684051291         0.7160531457       -12.9525303473        -1.4711162724 
        9.5000001000        -0.6657395070         0.7160531457       -12.9525303473        -1.5351697844 
        9.5050000000        -0.6629688135         0.7186020971       -12.8861309504        -1.5992232965 
        9.5100001000        -0.6600933166         0.7542874179       -11.9565393943        -1.6408580794 
        9.5150001000        -0.6571136397         0.6982104853       -13.4173261254        -1.7209249695 
        9.5200001000        -0.6540301970         0.7338958061       -12.4877345692        -1.7785731303 
        9.5250001000        -0.6508434754         0.7058573397       -13.2181279348        -1.8362212912 
        9.5300001000        -0.6475539780         0.7338958061       -12.4877345692        -1.8906667765 
        9.5350000000        -0.6441622932         0.7466405635       -12.1557375849        -1.9579229641 
        9.5400001000        -0.6406687500         0.7033083882       -13.2845273317        -2.0155711250 
        9.5450001000        -0.6370741066         0.7389937090       -12.3549357755        -2.0828273127 
        9.5500001000        -0.6333788618         0.7287979031       -12.6205333630        -2.1404754736 
        9.5550001000        -0.6295835992         0.7415426605       -12.2885363786        -2.2077316612 
        9.5600001000        -0.6256889180         0.7109552427       -13.0853291410        -2.2717851733 
        9.5650000000        -0.6216955142         0.7262489516       -12.6869327598        -2.3358386854 
        9.5700000000        -0.6176038585         0.7364447575       -12.4213351724        -2.3902841707 
        9.5750001000        -0.6134145913         0.7211510486       -12.8197315536        -2.4607430339 
        9.5800001000        -0.6091285416         0.7287979031       -12.6205333630        -2.5312018972 
        9.5850001000        -0.6047463034         0.7135041942       -13.0189297442        -2.5760393557 
        9.5900001000        -0.6002685688         0.7440916120       -12.2221369817        -2.6432955434 
        9.5950000000        -0.5956961373         0.7415426605       -12.2885363786        -2.7201597579 
        9.6000000000        -0.5910295479         0.7109552427       -13.0853291410        -2.7746052431 
        9.6050001000        -0.5862695319         0.7415426605       -12.2885363786        -2.8354560796 
        9.6100001000        -0.5814170315         0.7237000001       -12.7533321567        -2.9027122673 
        9.6150001000        -0.5764727186         0.7364447575       -12.4213351724        -2.9731711306 
        9.6200001000        -0.5714373739         0.7338958061       -12.4877345692        -3.0404273182 
        9.6250001000        -0.5663117927         0.7389937090       -12.3549357755        -3.0884674523 
        9.6300000000        -0.5610968894         0.7568363694       -11.8901399974        -3.1429129376 
        9.6350001000        -0.5557931721         0.7135041942       -13.0189297442        -3.1333049108 
        9.6400001000        -0.5504017938         0.7440916120       -12.2221369817        -3.1301022351 
        9.6450001000        -0.5449235007         0.7619342724       -11.7573412037        -1.7433436987 
        9.6500001000        -0.5393591578         0.7313468546       -12.5541339661         3.1343312459 
        9.6550001000        -0.5337096439         0.7517384665       -12.0229387911         3.1503446239 
        9.6600000000        -0.5279759665         0.7542874179       -11.9565393943         3.1407365971 
        9.6650001000        -0.5221586847         0.7389937090       -12.3549357755         3.0702777339 
        9.6700001000        -0.5162590634         0.7619342724       -11.7573412037         3.0190349242 
        9.6750001000        -0.5102779188         0.7670321754       -11.6245424099         2.9517787365 
        9.6800001000        -0.5042161954         0.7313468546       -12.5541339661         2.8909279000 
        9.6850001000        -0.4980748504         0.7466405635       -12.1557375849         2.8204690368 
        9.6900000000        -0.4918549789         0.7823258843       -11.2261460287         2.7692262271 
        9.6950000000        -0.4855573141         0.7772279813       -11.3589448224         2.7083753906 
        9.7000001000        -0.4791828460         0.7389937090       -12.3549357755         2.6475245541 
        9.7050001000        -0.4727328360         0.7848748358       -11.1597466318         2.5994844201 
        9.7100001000        -0.4662081760         0.7874237873       -11.0933472350         2.5322282324 
        9.7150001000        -0.4596098963         0.7721300783       -11.4917436162         2.4777827471 
        9.7200000000        -0.4529391731         0.7619342724       -11.7573412037         2.4105265595 
        9.7250000000        -0.4461967928         0.7823258843       -11.2261460287         2.3624864254 
        9.7300001000        -0.4393838160         0.7466405635       -12.1557375849         2.3016355889 
        9.7350001000        -0.4325015909         0.7848748358       -11.1597466318         2.2375820769 
        9.7400001000        -0.4255510687         0.8052664477       -10.6285514569         2.1895419428 
        9.7450001000        -0.4185333471         0.7619342724       -11.7573412037         2.1254884307 
        9.7500001000        -0.4114495343         0.7925216902       -10.9605484412         2.0838536479 
        9.7550000000        -0.4043008924         0.7848748358       -11.1597466318         2.0230028114 
        9.7600001000        -0.3970881196         0.7899727387       -11.0269478381         1.9589492993 
        9.7650001000        -0.3898127854         0.7823258843       -11.2261460287         1.9109091653 
        9.7700001000        -0.3824758954         0.8129133021       -10.4293532663         1.8596663556 
        9.7750001000        -0.3750786080         0.7874237873       -11.0933472350         1.8052208703 
        9.7800001000        -0.3676220913         0.8001685447       -10.7613502506         1.7443700339 
        9.7850000000        -0.3601076736         0.8027174962       -10.6949508538         1.7027352510 
        9.7900001000        -0.3525360892         0.8027174962       -10.6949508538         1.6386817389 
        9.7950001000        -0.3449089861         0.7925216902       -10.9605484412         1.5906416049 
        9.8000001000        -0.3372274177         0.8333049140        -9.8981580913         1.5490068220 
        9.8050001000        -0.3294925973         0.8052664477       -10.6285514569         1.5041693636 
        9.8100001000        -0.3217057462         0.8256580595       -10.0973562819         1.4625345807 
        9.8150000000        -0.3138682513         0.8333049140        -9.8981580913         1.4144944467 
        9.8200000000        -0.3059810367         0.8078153991       -10.5621520600         1.3408329078 
        9.8250001000        -0.2980453450         0.8307559625        -9.9645574882         1.2959954493 
        9.8300001000        -0.2900627466         0.8205601566       -10.2301550757         1.2479553153 
        9.8350001000        -0.2820343440         0.8358538655        -9.8317586944         1.2159285592 
        9.8400047000        -0.2739539577         0.8562454774        -9.3005635195         1.1614830740 
        9.8450000000        -0.2658453669         0.8282070110       -10.0309568851         1.1070375887 
        9.8500000000        -0.2576871869         0.8435007200        -9.6325605038         1.0589974547 
        9.8550001000        -0.2494881508         0.8587944289        -9.2341641226         1.0237680230 
        9.8600001000        -0.2412498811         0.8664412833        -9.0349659320         0.9757278890 
        9.8650001000        -0.2329735153         0.8384028170        -9.7653592976         0.9372957817 
        9.8700001000        -0.2246603603         0.8664412833        -9.0349659320         0.8860529720 
        9.8750001000        -0.2163117288         0.8842839437        -8.5701701539         0.8412155136 
        9.8800000000        -0.2079291071         0.8740881378        -8.8357677414         0.7963780551 
        9.8850001000        -0.1995133152         0.8562454774        -9.3005635195         0.7547432723 
        9.8900001000        -0.1910661856         0.8944797497        -8.3045725665         0.7002977870 
        9.8950001000        -0.1825888846         0.8842839437        -8.5701701539         0.6778790578 
        9.9000001000        -0.1740827506         0.8817349922        -8.6365695508         0.6266362481 
        9.9050001000        -0.1655491270         0.8995776526        -8.1717737727         0.5946094921 
        9.9100000000        -0.1569895327         0.9148713616        -7.7733773915         0.5529747092 
        9.9150001000        -0.1484048051         0.8893818467        -8.4373713602         0.5017318996 
        9.9200001000        -0.1397968140         0.9021266041        -8.1053743758         0.4665024679 
        9.9250001000        -0.1311667474         0.9097734586        -7.9061761852         0.4280703607 
        9.9300001000        -0.1225159681         0.8995776526        -8.1717737727         0.3896382535 
        9.9350001000        -0.1138458421         0.9250671675        -7.5077798040         0.3512061462 
        9.9400000000        -0.1051579124         0.9072245071        -7.9725755821         0.3031660121 
        9.9450000000        -0.0964532035         0.9225182160        -7.5741792009         0.2647339049 
        9.9500001000        -0.0877330890         0.9429098279        -7.0429840259         0.2519232025 
        9.9550001000        -0.0789992946         0.9276161190        -7.4413804072         0.2070857440 
        9.9600001000        -0.0702530254         0.9505566824        -6.8437858353         0.1622482856 
        9.9650001000        -0.0614956624         0.9352629734        -7.2421822165         0.1398295564 
        9.9700000000        -0.0527287639         0.9480077309        -6.9101852322         0.1013974491 
        9.9750000000        -0.0439533637         0.9582035368        -6.6445876447         0.0661680175 
        9.9800001000        -0.0351708471         0.9607524883        -6.5781882478         0.0405466126 
        9.9850001000        -0.0263829521         0.9607524883        -6.5781882478         0.0149252078 
        9.9900001000        -0.0175908910         0.9785951487        -6.1133924698        -0.0106961970 
        9.9950001000        -0.0087960520         0.9683993428        -6.3789900572        -0.0491283043 
