           Time[sec]           V_{cmd}[V]          V_{gyro}[V]          \theta[deg] \omega_{gyro}[deg/sec] 
        0.0000000000         0.0000000000         1.2130986854       115.8962238976         0.5858784012 
        0.0050000000         0.1051579124         1.2054518309       115.3457245119       -10.8273372073 
        0.0100000000         0.2079291071         1.2080007824       115.7127241024        -7.0229320044 
        0.0150000000         0.3059810367         1.2130986854       115.7127241024         0.5858784012 
        0.0200000000         0.3970882644         1.2130986854       115.7127241024         0.5858784012 
        0.0250000000         0.4791829742         1.2181965884       115.7127241024         8.1946888069 
        0.0300000000         0.5504019025         1.2029028795       115.1622247166       -14.6317424101 
        0.0350000000         0.6091286283         1.3685847260       116.0797236928       232.6545957738 
        0.0400000000         0.6540302597         1.3405462597       117.7312218501       190.8061385427 
        0.0450000000         0.6840876865         1.3660357746       118.6487208263       228.8501905710 
        0.0500000000         0.6986187099         1.3940742409       119.1992202121       270.6986478021 
        0.0550000000         0.6972935264         1.4093679498       120.6672185741       293.5250790191 
        0.0600000000         0.6801422130         1.4119169013       121.5847175503       297.3294842219 
        0.0650000000         0.6475540448         1.4348574647       123.9702148885       331.5691310474 
        0.0700000000         0.6002686593         1.4654448825       125.6217130458       377.2219934813 
        0.0750000000         0.5393592699         1.4450532706       126.1722124315       346.7867518587 
        0.0800000000         0.4662083072         1.4756406885       129.2917089507       392.4396142926 
        0.0850000000         0.3824760427         1.4679938340       130.9432071080       381.0263986842 
        0.0900000000         0.2900629067         1.4628959310       132.4112054700       373.4175882785 
        0.0950000000         0.1910663549         1.4577980281       133.5122042415       365.8087778728 
        0.1000000000         0.0877332635         1.4628959310       136.2647011702       373.4175882785 
        0.1050000000        -0.0175910668         1.4603469795       137.7326995322       369.6131830757 
        0.1100000001        -0.1225161438         1.4527001251       139.3841976894       358.1999674672 
        0.1150000001        -0.2246605292         1.4323085132       141.0356958466       327.7647258446 
        0.1200000000        -0.3217059024         1.3966231924       142.3201944134       274.5030530049 
        0.1250000000        -0.4114496766         1.3736826290       143.4211931849       240.2634061795 
        0.1300000000        -0.4918549789         1.3303504538       144.7056917516       175.5885177314 
        0.1350000000        -0.5610968894         1.2003539280       144.3386921611       -18.4361476129 
        0.1400000000        -0.6176038585         1.1519238497       144.5221919564       -90.7198464667 
        0.1450000000        -0.6600933751         1.1646686072       145.0726913421       -71.6978204525 
        0.1500000000        -0.6876010755         1.1213364319       143.7881927754      -136.3727089006 
        0.1550000000        -0.6995026308         1.0703574022       143.0541935944      -212.4608129572 
        0.1600000000        -0.6955279174         1.0729063537       142.3201944134      -208.6564077544 
        0.1650000000        -0.6757671472         1.0346720814       140.1181968704      -265.7224857968 
        0.1700000000        -0.6406688208         1.0423189359       139.3841976894      -254.3092701883 
        0.1750000000        -0.5910295479         0.9938888576       138.2831989179      -326.5929690421 
        0.1800001000        -0.5279745801         0.9989867606       137.1822001464      -318.9841586364 
        0.1850000000        -0.4529391731         0.9989867606       135.1637023987      -318.9841586364 
        0.1900000000        -0.3676222410         0.9964378091       134.0627036272      -322.7885638392 
        0.1950000000        -0.2739615668         0.9964378091       132.4112054700      -322.7885638392 
        0.2000000000        -0.1740829210         0.9964378091       129.8422083365      -322.7885638392 
        0.2050000000        -0.0702532004         0.9964378091       129.2917089507      -322.7885638392 
        0.2100001000         0.0351731316         1.0015357121       126.7227118173      -315.1797534336 
        0.2150000000         0.1397969864         1.0193783725       125.0712136600      -288.5489170138 
        0.2200000000         0.2412500462         1.0856511111       124.7042140695      -189.6343817402 
        0.2250000000         0.3372275719         1.1391790923       123.4197155028      -109.7418724808 
        0.2300000000         0.4255512084         1.1799623161       123.6032152980       -48.8713892355 
        0.2350000001         0.5042163192         1.2258434428       123.9702148885        19.6079044154 
        0.2400000001         0.5714374770         1.2105497339       123.2362157075        -3.2185268016 
        0.2450000000         0.6256889969         1.2029028795       123.0527159123       -14.6317424101 
        0.2500000000         0.6657395614         1.2105497339       123.9702148885        -3.2185268016 
        0.2550000000         0.6906801609         1.3711336775       123.7867150933       236.4590009766 
        0.2600000000         0.6999447309         1.3583889201       125.0712136600       217.4369749625 
        0.2650000000         0.6933229980         1.3787805320       126.1722124315       247.8722165851 
        0.2700000000         0.6709652523         1.4170148043       128.1907101792       304.9382946276 
        0.2750000000         0.6333789367         1.4170148043       128.7412095650       304.9382946276 
        0.2800000000         0.5814171294         1.4170148043       130.5762075175       304.9382946276 
        0.2850000000         0.5162591822         1.4348574647       132.7782050605       331.5691310474 
        0.2900001000         0.4393823092         1.4527001251       133.6957040367       358.1999674672 
        0.2950000000         0.3525362411         1.4170148043       134.7967028082       304.9382946276 
        0.3000000000         0.2576871869         1.4450532706       136.8152005559       346.7867518587 
        0.3050000000         0.1569895327         1.4501511736       138.2831989179       354.3955622644 
        0.3100000000         0.0527287639         1.4246616587       140.4851964609       316.3515102361 
        0.3150000000        -0.0527287639         1.4374064162       142.6871940039       335.3735362502 
        0.3200000000        -0.1569895327         1.4195637558       143.0541935944       308.7426998304 
        0.3250000000        -0.2576871869         1.3813294835       145.6231907279       251.6766217880 
        0.3300000000        -0.3525362411         1.3558399686       145.8066905231       213.6325697597 
        0.3350000000        -0.4393839529         1.3176056963       147.0911890898       156.5664917172 
        0.3400000000        -0.5162591822         1.2870182785       147.6416884756       110.9136292833 
        0.3450000000        -0.5814171294         1.1366301408       148.0086880661      -113.5462776836 
        0.3500001000        -0.6333798358         1.1697665101       147.4581886803       -64.0890100469 
        0.3550001000        -0.6709658541         1.1289832864       146.7241894993      -124.9594932921 
        0.3600000001        -0.6933229983         1.1060427230       145.8066905231      -159.1991401176 
        0.3650000001        -0.6999447309         1.0678084507       144.8891915469      -216.2652181600 
        0.3700000000        -0.6906801609         1.0678084507       144.1551923659      -216.2652181600 
        0.3750000000        -0.6657395614         1.0321231299       142.3201944134      -269.5268909996 
        0.3800000000        -0.6256889969         1.0117315180       141.5861952324      -299.9621326223 
        0.3850000000        -0.5714374755         1.0244762754       140.6686962561      -280.9401066081 
        0.3900000000        -0.5042163174         1.0040846636       139.2006978942      -311.3753482308 
        0.3950000000        -0.4255512084         0.9989867606       137.3656999417      -318.9841586364 
        0.4000000000        -0.3372275719         0.9836930517       135.5307019892      -341.8105898534 
        0.4050000000        -0.2412500462         0.9964378091       134.0627036272      -322.7885638392 
        0.4100000000        -0.1397969864         0.9964378091       132.4112054700      -322.7885638392 
        0.4150001000        -0.0351689139         1.0066336150       130.5762075175      -307.5709430279 
        0.4200001000         0.0702553012         1.0066336150       129.2917089507      -307.5709430279 
        0.4250000000         0.1740829210         1.0244762754       127.8237105888      -280.9401066081 
        0.4300000000         0.2739615668         1.0805532081       127.2732112030      -197.2431921459 
        0.4350000000         0.3676222410         1.1136895775       125.2547134553      -147.7859245091 
        0.4400000000         0.4529391731         1.1697665101       125.4382132505       -64.0890100469 
        0.4450000000         0.5279759665         1.2232944913       124.8877138648        15.8034992126 
        0.4500000000         0.5910295479         1.2156476369       125.2547134553         4.3902836041 
        0.4550000000         0.6406688208         1.2003539280       125.0712136600       -18.4361476129 
        0.4600000000         0.6757671472         1.3150567448       125.2547134553       152.7620865144 
        0.4650000000         0.6955279174         1.3762315805       126.5392120220       244.0678113823 
        0.4700000000         0.6995026308         1.3456441627       127.4567109983       198.4149489484 
        0.4750001000         0.6876006799         1.3991721439       128.7412095650       278.3074582078 
        0.4800001000         0.6600926724         1.3966231924       130.0257081317       274.5030530049 
        0.4850000001         0.6176038573         1.4170148043       132.0442058795       304.9382946276 
        0.4900000001         0.5610968879         1.4272106102       132.9617048557       320.1559154389 
        0.4950000000         0.4918549789         1.4577980281       134.9802026034       365.8087778728 
        0.5000000000         0.4114496766         1.4374064162       136.8152005559       335.3735362502 
        0.5050000000         0.3217059024         1.4476022221       137.9161993274       350.5911570615 
        0.5100000000         0.2246605269         1.4450532706       139.5676974847       346.7867518587 
        0.5150000000         0.1225161413         1.4501511736       141.7696950276       354.3955622644 
        0.5200000000         0.0175910668         1.4450532706       143.2376933896       346.7867518587 
        0.5250000000        -0.0877332635         1.4323085132       144.8891915469       327.7647258446 
        0.5300000000        -0.1910663549         1.4144658528       145.6231907279       301.1338894247 
        0.5350000000        -0.2900629067         1.3838784350       147.4581886803       255.4810269908 
        0.5400000000        -0.3824760427         1.3532910171       148.3756876566       209.8281645568 
        0.5450000000        -0.4662083072         1.3201546478       149.6601862233       160.3708969201 
        0.5500000000        -0.5393592699         1.2080007824       149.6601862233        -7.0229320044 
        0.5550000000        -0.6002686593         1.1468259468       149.1096868376       -98.3286568723 
        0.5600000000        -0.6475540448         1.1570217527       148.9261870423       -83.1110360610 
        0.5650000000        -0.6801422130         1.1187874804       148.3756876566      -140.1771141034 
        0.5700001000        -0.6972937119         1.0652594992       147.4581886803      -220.0696233629 
        0.5750001000        -0.6986185773         1.0831021596       147.0911890898      -193.4387869431 
        0.5800001000        -0.6840872388         1.0244762754       145.2561911374      -280.9401066081 
        0.5850000000        -0.6540302597         1.0372210329       143.7881927754      -261.9180805940 
        0.5900000000        -0.6091286283         0.9785951487       141.9531948229      -349.4194002591 
        0.5950000000        -0.5504019025         1.0168294210       141.7696950276      -292.3533222166 
        0.6000000000        -0.4791829742         0.9913399061       139.5676974847      -330.3973742449 
        0.6050000000        -0.3970882644         0.9913399061       137.9161993274      -330.3973742449 
        0.6100000001        -0.3059810344         0.9683993428       135.7142017844      -364.6370210704 
        0.6150000001        -0.2079291047         1.0040846636       135.1637023987      -311.3753482308 
        0.6200000000        -0.1051579124         0.9862420032       133.3287044462      -338.0061846506 
        0.6250000000        -0.0000000000         1.0015357121       131.1267069032      -315.1797534336 
        0.6300000000         0.1051579124         1.0040846636       129.8422083365      -311.3753482308 
        0.6350000000         0.2079291071         1.0244762754       128.5577097697      -280.9401066081 
        0.6400000000         0.3059810367         1.0703574022       126.9062116125      -212.4608129572 
        0.6450000000         0.3970882644         1.1034937715       126.3557122268      -163.0035453204 
        0.6500000000         0.4791829742         1.1595707042       126.1722124315       -79.3066308582 
        0.6550000000         0.5504019025         1.2105497339       125.0712136600        -3.2185268016 
        0.6600000000         0.6091286283         1.2334902973       126.1722124315        31.0211200239 
        0.6650000000         0.6540302597         1.2207455399       126.1722124315        11.9990940097 
        0.6700000000         0.6840876865         1.3660357746       126.3557122268       228.8501905710 
        0.6750000000         0.6986187099         1.3430952112       126.5392120220       194.6105437455 
        0.6800000000         0.6972935264         1.3711336775       127.8237105888       236.4590009766 
        0.6850000000         0.6801422130         1.3838784350       128.9247093602       255.4810269908 
        0.6900000000         0.6475540448         1.3991721439       130.3927077222       278.3074582078 
        0.6950001000         0.6002675731         1.4119169013       132.0442058795       297.3294842219 
        0.7000001000         0.5393579240         1.4246616587       132.7782050605       316.3515102361 
        0.7050001000         0.4662067321         1.4476022221       135.5307019892       350.5911570615 
        0.7100000000         0.3824760427         1.4323085132       136.9987003512       327.7647258446 
        0.7150000000         0.2900629067         1.4552490766       138.8336983037       362.0043726700 
        0.7200000000         0.1910663549         1.4272106102       139.7511972799       320.1559154389 
        0.7250000000         0.0877332635         1.4323085132       141.2191956419       327.7647258446 
        0.7300000000        -0.0175910668         1.4450532706       143.2376933896       346.7867518587 
        0.7350000001        -0.1225161438         1.4195637558       145.0726913421       308.7426998304 
        0.7400000001        -0.2246605292         1.4144658528       146.9076892946       301.1338894247 
        0.7450000000        -0.3217059024         1.3787805320       147.6416884756       247.8722165851 
        0.7500000000        -0.4114496766         1.3609378716       149.6601862233       221.2413801653 
        0.7550000000        -0.4918549789         1.3176056963       149.6601862233       156.5664917172 
        0.7600000000        -0.5610968894         1.1519238497       150.0271858138       -90.7198464667 
        0.7650000000        -0.6176038585         1.1697665101       149.6601862233       -64.0890100469 
        0.7700000000        -0.6600933751         1.1468259468       149.6601862233       -98.3286568723 
        0.7750000000        -0.6876010755         1.1187874804       149.1096868376      -140.1771141034 
        0.7800000000        -0.6995026308         1.0423189359       147.0911890898      -254.3092701883 
        0.7850000000        -0.6955279174         1.0805532081       146.5406897041      -197.2431921459 
        0.7900000000        -0.6757671472         1.0117315180       145.2561911374      -299.9621326223 
        0.7950000000        -0.6406688208         1.0372210329       144.3386921611      -261.9180805940 
        0.8000000000        -0.5910295479         0.9862420032       142.8706937991      -338.0061846506 
        0.8050000000        -0.5279759665         1.0066336150       140.8521960514      -307.5709430279 
        0.8100000000        -0.4529391731         0.9887909546       139.0171980989      -334.2017794477 
        0.8150000000        -0.3676222410         0.9785951487       137.7326995322      -349.4194002591 
        0.8200001000        -0.2739596237         0.9760461972       135.5307019892      -353.2238054619 
        0.8250001000        -0.1740808759         1.0066336150       134.9802026034      -307.5709430279 
        0.8300001000        -0.0702510996         0.9785951487       132.0442058795      -349.4194002591 
        0.8350001000         0.0351731316         1.0117315180       131.6772062890      -299.9621326223 
        0.8400000000         0.1397969864         1.0193783725       129.8422083365      -288.5489170138 
        0.8450000000         0.2412500462         1.0831021596       128.5577097697      -193.4387869431 
        0.8500000000         0.3372275719         1.1315322379       128.3742099745      -121.1550880893 
        0.8550000000         0.4255512084         1.1672175587       127.8237105888       -67.8934152497 
        0.8600000001         0.5042163192         1.2003539280       126.9062116125       -18.4361476129 
        0.8650000001         0.5714374770         1.2309413458       127.2732112030        27.2167148210 
        0.8700000000         0.6256889969         1.2156476369       127.4567109983         4.3902836041 
        0.8750000000         0.6657395614         1.2130986854       127.4567109983         0.5858784012 
        0.8800000000         0.6906801609         1.3430952112       128.1907101792       194.6105437455 
        0.8850000000         0.6999447309         1.3711336775       128.3742099745       236.4590009766 
        0.8900000000         0.6933229980         1.3660357746       129.6587085412       228.8501905710 
        0.8950000000         0.6709652523         1.4017210954       131.4937064937       282.1118634106 
        0.9000000000         0.6333789367         1.4042700468       132.4112054700       285.9162686134 
        0.9050000000         0.5814171294         1.4246616587       133.8792038320       316.3515102361 
        0.9100000000         0.5162591822         1.4272106102       135.1637023987       320.1559154389 
        0.9150000000         0.4393839529         1.4476022221       136.9987003512       350.5911570615 
        0.9200000000         0.3525362411         1.4450532706       138.6501985084       346.7867518587 
        0.9250000000         0.2576871869         1.4348574647       140.3016966657       331.5691310474 
        0.9300000000         0.1569895327         1.4476022221       142.1366946181       350.5911570615 
        0.9350000000         0.0527287639         1.4399553677       143.6046929801       339.1779414530 
        0.9400000000        -0.0527287639         1.4221127072       145.0726913421       312.5471050332 
        0.9450001000        -0.1569915904         1.4221127072       146.7241894993       312.5471050332 
        0.9500001000        -0.2576891501         1.3838784350       148.5591874518       255.4810269908 
        0.9550001000        -0.3525380653         1.3609378716       149.1096868376       221.2413801653 
        0.9600001000        -0.4393855966         1.3227035993       150.0271858138       164.1753021229 
        0.9650000000        -0.5162591822         1.2232944913       150.5776851996        15.8034992126 
        0.9700000000        -0.5814171294         1.1646686072       150.2106856091       -71.6978204525 
        0.9750000000        -0.6333789367         1.1621196557       150.0271858138       -75.5022256554 
        0.9800000000        -0.6709652523         1.1213364319       150.0271858138      -136.3727089006 
        0.9850000001        -0.6933229983         1.0805532081       148.1921878613      -197.2431921459 
        0.9900000001        -0.6999447309         1.0601615963       147.6416884756      -227.6784337685 
        0.9950000000        -0.6906801609         1.0474168388       146.9076892946      -246.7004597827 
        1.0000000000        -0.6657395614         1.0244762754       144.7056917516      -280.9401066081 
        1.0050000000        -0.6256889969         1.0015357121       143.7881927754      -315.1797534336 
        1.0100001000        -0.5714362560         0.9811441002       141.7696950276      -345.6149950562 
        1.0150000000        -0.5042163174         0.9913399061       140.1181968704      -330.3973742449 
        1.0200001000        -0.4255495319         0.9836930517       138.4666987132      -341.8105898534 
        1.0250000000        -0.3372275719         0.9811441002       137.7326995322      -345.6149950562 
        1.0300000000        -0.2412500462         0.9964378091       136.0812013749      -322.7885638392 
        1.0350000000        -0.1397969864         0.9913399061       134.7967028082      -330.3973742449 
        1.0400000000        -0.0351710227         0.9989867606       132.9617048557      -318.9841586364 
        1.0450000000         0.0702532004         1.0066336150       130.9432071080      -307.5709430279 
        1.0500000000         0.1740829210         1.0295741784       130.0257081317      -273.3312962025 
        1.0550000000         0.2739615668         1.0907490141       128.9247093602      -182.0255713346 
        1.0600000000         0.3676222410         1.1213364319       127.6402107935      -136.3727089006 
        1.0650000000         0.4529391731         1.1570217527       126.9062116125       -83.1110360610 
        1.0700000000         0.5279759665         1.1927070735       126.1722124315       -29.8493632214 
        1.0750056000         0.5910928870         1.2360392488       126.9062116125        34.8255252267 
        1.0800000000         0.6406688208         1.2156476369       126.1722124315         4.3902836041 
        1.0850000000         0.6757671472         1.2487840062       126.7227118173        53.8475512408 
        1.0900000000         0.6955279174         1.3787805320       128.1907101792       247.8722165851 
        1.0950000000         0.6995026308         1.3379973082       128.7412095650       187.0017333399 
        1.1000000000         0.6876010755         1.3966231924       130.7597073127       274.5030530049 
        1.1050000000         0.6600933751         1.3915252894       131.3102066985       266.8942425993 
        1.1100000001         0.6176038573         1.4221127072       132.5947052652       312.5471050332 
        1.1150000001         0.5610968879         1.4195637558       134.2462034225       308.7426998304 
        1.1200000000         0.4918549789         1.4221127072       135.8977015797       312.5471050332 
        1.1250000000         0.4114496766         1.4348574647       137.3656999417       331.5691310474 
        1.1300000000         0.3217059024         1.4501511736       139.5676974847       354.3955622644 
        1.1350001000         0.2246585271         1.4399553677       140.6686962561       339.1779414530 
        1.1400000000         0.1225161413         1.4450532706       142.1366946181       346.7867518587 
        1.1450001000         0.0175889560         1.4297595617       143.9716925706       323.9603206417 
        1.1500000000        -0.0877332635         1.4348574647       145.6231907279       331.5691310474 
        1.1550001000        -0.1910683862         1.4221127072       147.4581886803       312.5471050332 
        1.1600000000        -0.2900629067         1.3889763379       148.7426872471       263.0898373965 
        1.1650000000        -0.3824760427         1.3456441627       149.1096868376       198.4149489484 
        1.1700000000        -0.4662083072         1.3099588419       150.9446847901       145.1532761087 
        1.1750000000        -0.5393592699         1.1927070735       150.5776851996       -29.8493632214 
        1.1800000000        -0.6002686593         1.1519238497       150.7611849948       -90.7198464667 
        1.1850000000        -0.6475540448         1.1825112676       150.3941854043       -45.0669840327 
        1.1900000000        -0.6801422130         1.1034937715       149.6601862233      -163.0035453204 
        1.1950000000        -0.6972935264         1.0703574022       149.1096868376      -212.4608129572 
        1.2000000000        -0.6986187099         1.0474168388       147.0911890898      -246.7004597827 
        1.2050000000        -0.6840876865         1.0525147418       147.0911890898      -239.0916493770 
        1.2100000000        -0.6540302597         1.0168294210       144.8891915469      -292.3533222166 
        1.2150000000        -0.6091286283         1.0066336150       143.2376933896      -307.5709430279 
        1.2200000000        -0.5504019025         0.9760461972       141.5861952324      -353.2238054619 
        1.2250000000        -0.4791829742         1.0091825665       140.6686962561      -303.7665378251 
        1.2300000000        -0.3970882644         0.9887909546       138.8336983037      -334.2017794477 
        1.2350000001        -0.3059810344         0.9709482942       136.8152005559      -360.8326158675 
        1.2400000001        -0.2079291047         0.9989867606       136.2647011702      -318.9841586364 
        1.2450000000        -0.1051579124         0.9964378091       134.4297032177      -322.7885638392 
        1.2500000000        -0.0000000000         0.9964378091       132.4112054700      -322.7885638392 
        1.2550000000         0.1051579124         1.0091825665       131.1267069032      -303.7665378251 
        1.2600001000         0.2079311233         1.0474168388       129.6587085412      -246.7004597827 
        1.2650000000         0.3059810367         1.0856511111       128.5577097697      -189.6343817402 
        1.2700001000         0.3970900033         1.1289832864       127.8237105888      -124.9594932921 
        1.2750000000         0.4791829742         1.1595707042       126.9062116125       -79.3066308582 
        1.2800001000         0.5504032071         1.2130986854       127.6402107935         0.5858784012 
        1.2850000000         0.6091286283         1.2232944913       126.7227118173        15.8034992126 
        1.2900032001         0.6540543351         1.2105497339       126.9062116125        -3.2185268016 
        1.2950000000         0.6840876865         1.2768224726       126.9062116125        95.6960084720 
        1.3000000000         0.6986187099         1.3787805320       128.3742099745       247.8722165851 
        1.3050000000         0.6972935264         1.3456441627       129.2917089507       198.4149489484 
        1.3100000000         0.6801422130         1.3940742409       130.5762075175       270.6986478021 
        1.3150000000         0.6475540448         1.4093679498       132.5947052652       293.5250790191 
        1.3200000000         0.6002686593         1.4170148043       133.3287044462       304.9382946276 
        1.3250000000         0.5393592699         1.4170148043       134.9802026034       304.9382946276 
        1.3300000000         0.4662083072         1.4399553677       136.2647011702       339.1779414530 
        1.3350000000         0.3824760427         1.4374064162       138.2831989179       335.3735362502 
        1.3400000000         0.2900629067         1.4272106102       140.1181968704       320.1559154389 
        1.3450000000         0.1910663549         1.4374064162       141.0356958466       335.3735362502 
        1.3500000000         0.0877332635         1.4399553677       142.8706937991       339.1779414530 
        1.3550000000        -0.0175910668         1.4221127072       144.5221919564       312.5471050332 
        1.3600000001        -0.1225161438         1.4323085132       145.6231907279       327.7647258446 
        1.3650000001        -0.2246605292         1.4042700468       146.9076892946       285.9162686134 
        1.3700000000        -0.3217059024         1.3762315805       148.9261870423       244.0678113823 
        1.3750000000        -0.4114496766         1.3430952112       150.2106856091       194.6105437455 
        1.3800000000        -0.4918549789         1.3125077934       151.4951841758       148.9576813116 
        1.3850001000        -0.5610981519         1.2207455399       151.3116843806        11.9990940097 
        1.3900000000        -0.6176038585         1.1391790923       150.7611849948      -109.7418724808 
        1.3950001000        -0.6600940779         1.1417280438       150.3941854043      -105.9374672780 
        1.4000000000        -0.6876010755         1.1085916745       149.6601862233      -155.3947349148 
        1.4050001000        -0.6995027104         1.0703574022       149.6601862233      -212.4608129572 
        1.4100000000        -0.6955279174         1.0550636933       148.3756876566      -235.2872441742 
        1.4150000000        -0.6757671472         1.0321231299       146.7241894993      -269.5268909996 
        1.4200000000        -0.6406688208         1.0117315180       145.4396909326      -299.9621326223 
        1.4250000000        -0.5910295479         1.0091825665       144.3386921611      -303.7665378251 
        1.4300000000        -0.5279759665         0.9811441002       142.3201944134      -345.6149950562 
        1.4350000000        -0.4529391731         1.0015357121       140.6686962561      -315.1797534336 
        1.4400000000        -0.3676222410         0.9913399061       139.0171980989      -330.3973742449 
        1.4450000000        -0.2739615668         0.9658503913       136.9987003512      -368.4414262732 
        1.4500000000        -0.1740829210         0.9887909546       135.3472021939      -334.2017794477 
        1.4550000000        -0.0702532004         0.9938888576       134.2462034225      -326.5929690421 
        1.4600000000         0.0351710227         0.9887909546       132.5947052652      -334.2017794477 
        1.4650000000         0.1397969864         1.0193783725       130.5762075175      -288.5489170138 
        1.4700000000         0.2412500462         1.0780042567       130.5762075175      -201.0475973487 
        1.4750000000         0.3372275719         1.1136895775       128.9247093602      -147.7859245091 
        1.4800000000         0.4255512084         1.1621196557       128.5577097697       -75.5022256554 
        1.4850000001         0.5042163192         1.2080007824       128.5577097697        -7.0229320044 
        1.4900000001         0.5714374770         1.2309413458       129.1082091555        27.2167148210 
        1.4950000000         0.6256889969         1.2105497339       128.7412095650        -3.2185268016 
        1.5000000000         0.6657395614         1.2156476369       128.1907101792         4.3902836041 
        1.5050000000         0.6906801609         1.3762315805       128.7412095650       244.0678113823 
        1.5100001000         0.6999447575         1.3176056963       129.6587085412       156.5664917172 
        1.5150000000         0.6933229980         1.3940742409       131.3102066985       270.6986478021 
        1.5200001000         0.6709646505         1.3838784350       132.0442058795       255.4810269908 
        1.5250000000         0.6333789367         1.4348574647       134.2462034225       331.5691310474 
        1.5300001000         0.5814159536         1.3966231924       135.5307019892       274.5030530049 
        1.5350000000         0.5162591822         1.4603469795       137.1822001464       369.6131830757 
        1.5400001000         0.4393823092         1.4399553677       138.8336983037       339.1779414530 
        1.5450000000         0.3525362411         1.4272106102       140.1181968704       320.1559154389 
        1.5500000000         0.2576871869         1.4374064162       142.1366946181       335.3735362502 
        1.5550000000         0.1569895327         1.4527001251       143.6046929801       358.1999674672 
        1.5600000000         0.0527287639         1.4348574647       145.8066905231       331.5691310474 
        1.5650000000        -0.0527287639         1.4374064162       146.9076892946       335.3735362502 
        1.5700000000        -0.1569895327         1.4195637558       148.7426872471       308.7426998304 
        1.5750000000        -0.2576871869         1.3762315805       149.6601862233       244.0678113823 
        1.5800000000        -0.3525362411         1.3430952112       150.9446847901       194.6105437455 
        1.5850000000        -0.4393839529         1.3048609389       151.3116843806       137.5444657031 
        1.5900000000        -0.5162591822         1.2819203755       152.7796827425       103.3048188776 
        1.5950000000        -0.5814171294         1.1442769953       152.0456835616      -102.1330620752 
        1.6000000000        -0.6333789367         1.1646686072       151.8621837663       -71.6978204525 
        1.6050000000        -0.6709652523         1.1264343349       151.4951841758      -128.7638984950 
        1.6100000001        -0.6933229983         1.0958469171       150.3941854043      -174.4167609289 
        1.6150000001        -0.6999447309         1.0474168388       149.6601862233      -246.7004597827 
        1.6200000000        -0.6906801609         1.0423189359       148.3756876566      -254.3092701883 
        1.6250000000        -0.6657395614         1.0372210329       147.0911890898      -261.9180805940 
        1.6300000000        -0.6256889969         1.0091825665       145.9901903184      -303.7665378251 
        1.6350001000        -0.5714362560         1.0066336150       143.7881927754      -307.5709430279 
        1.6400000000        -0.5042163174         0.9760461972       142.5036942086      -353.2238054619 
        1.6450001000        -0.4255495319         0.9989867606       140.8521960514      -318.9841586364 
        1.6500000000        -0.3372275719         0.9760461972       138.6501985084      -353.2238054619 
        1.6550001000        -0.2412480641         0.9964378091       138.2831989179      -322.7885638392 
        1.6600000000        -0.1397969864         0.9785951487       136.2647011702      -349.4194002591 
        1.6650001000        -0.0351689139         1.0015357121       134.2462034225      -315.1797534336 
        1.6700000000         0.0702532004         0.9862420032       132.4112054700      -338.0061846506 
        1.6750000000         0.1740829210         1.0270252269       131.4937064937      -277.1357014053 
        1.6800000000         0.2739615668         1.0882000626       130.5762075175      -185.8299765374 
        1.6850000000         0.3676222410         1.1340811893       130.2092079270      -117.3506828865 
        1.6900000000         0.4529391731         1.1723154616       128.9247093602       -60.2846048440 
        1.6950000000         0.5279759665         1.2156476369       128.9247093602         4.3902836041 
        1.7000000000         0.5910295479         1.2207455399       128.9247093602        11.9990940097 
        1.7050000000         0.6406688208         1.2080007824       129.4752087460        -7.0229320044 
        1.7100000000         0.6757671472         1.2232944913       128.9247093602        15.8034992126 
        1.7150064000         0.6955431528         1.3864273864       129.8422083365       259.2854321936 
        1.7200000000         0.6995026308         1.3354483567       130.7597073127       183.1973281370 
        1.7250000000         0.6876010755         1.3966231924       131.4937064937       274.5030530049 
        1.7300000000         0.6600933751         1.3966231924       132.7782050605       274.5030530049 
        1.7350000001         0.6176038573         1.4246616587       134.6132030129       316.3515102361 
        1.7400059000         0.5610224064         1.4042700468       135.7142017844       285.9162686134 
        1.7450000000         0.4918549789         1.4552490766       137.5491997369       362.0043726700 
        1.7500000000         0.4114496766         1.4374064162       139.3841976894       335.3735362502 
        1.7550000000         0.3217059024         1.4297595617       140.8521960514       323.9603206417 
        1.7600001000         0.2246585271         1.4527001251       142.6871940039       358.1999674672 
        1.7650000000         0.1225161413         1.4348574647       144.7056917516       331.5691310474 
        1.7700001000         0.0175889560         1.4476022221       146.1736901136       350.5911570615 
        1.7750000000        -0.0877332635         1.4246616587       148.0086880661       316.3515102361 
        1.7800001000        -0.1910683862         1.4042700468       148.9261870423       285.9162686134 
        1.7850000000        -0.2900629067         1.3634868231       149.6601862233       225.0457853682 
        1.7900001000        -0.3824778112         1.3456441627       152.2291833568       198.4149489484 
        1.7950000000        -0.4662083072         1.3099588419       151.6786839711       145.1532761087 
        1.8000000000        -0.5393592699         1.2589798122       152.9631825378        69.0651720522 
        1.8050000000        -0.6002686593         1.1315322379       152.4126831521      -121.1550880893 
        1.8100000000        -0.6475540448         1.1774133646       152.5961829473       -52.6757944384 
        1.8150000000        -0.6801422130         1.1136895775       151.4951841758      -147.7859245091 
        1.8200000000        -0.6972935264         1.0754553052       151.3116843806      -204.8520025515 
        1.8250000000        -0.6986187099         1.0601615963       149.8436860186      -227.6784337685 
        1.8300000000        -0.6840876865         1.0346720814       148.7426872471      -265.7224857968 
        1.8350000000        -0.6540302597         1.0397699844       147.8251882708      -258.1136753912 
        1.8400000000        -0.6091286283         0.9760461972       145.6231907279      -353.2238054619 
        1.8450000000        -0.5504019025         1.0117315180       143.7881927754      -299.9621326223 
        1.8500000000        -0.4791829742         0.9683993428       141.5861952324      -364.6370210704 
        1.8550000000        -0.3970882644         1.0066336150       141.0356958466      -307.5709430279 
        1.8600000001        -0.3059810344         0.9709482942       139.2006978942      -360.8326158675 
        1.8650000001        -0.2079291047         1.0015357121       137.9161993274      -315.1797534336 
        1.8700000000        -0.1051579124         0.9836930517       135.7142017844      -341.8105898534 
        1.8750000000        -0.0000000000         0.9938888576       134.7967028082      -326.5929690421 
        1.8800000000         0.1051579124         0.9913399061       132.4112054700      -330.3973742449 
        1.8850001000         0.2079311233         1.0397699844       131.1267069032      -258.1136753912 
        1.8900000000         0.3059810367         1.0882000626       130.7597073127      -185.8299765374 
        1.8950001000         0.3970900033         1.1213364319       128.9247093602      -136.3727089006 
        1.9000000000         0.4791829742         1.1672175587       128.3742099745       -67.8934152497 
        1.9050001000         0.5504032071         1.2054518309       128.3742099745       -10.8273372073 
        1.9100000000         0.6091286283         1.2156476369       128.1907101792         4.3902836041 
        1.9150001000         0.6540310123         1.2080007824       128.9247093602        -7.0229320044 
        1.9200000000         0.6840876865         1.2513329577       128.5577097697        57.6519564437 
        1.9250000000         0.6986187099         1.3889763379       130.5762075175       263.0898373965 
        1.9300000000         0.6972935264         1.3354483567       130.5762075175       183.1973281370 
        1.9350000000         0.6801422130         1.3940742409       132.5947052652       270.6986478021 
        1.9400000000         0.6475540448         1.3966231924       133.5122042415       274.5030530049 
        1.9450000000         0.6002686593         1.4195637558       134.2462034225       308.7426998304 
        1.9500000000         0.5393592699         1.4017210954       135.8977015797       282.1118634106 
        1.9550000000         0.4662083072         1.4654448825       137.9161993274       377.2219934813 
        1.9600000000         0.3824760427         1.4272106102       139.3841976894       320.1559154389 
        1.9650000000         0.2900629067         1.4348574647       141.0356958466       331.5691310474 
        1.9700000000         0.1910663549         1.4476022221       142.8706937991       350.5911570615 
        1.9750000000         0.0877332635         1.4297595617       144.7056917516       323.9603206417 
        1.9800000000        -0.0175910668         1.4374064162       145.9901903184       335.3735362502 
        1.9850000001        -0.1225161438         1.4323085132       148.1921878613       327.7647258446 
        1.9900000001        -0.2246605292         1.4042700468       149.1096868376       285.9162686134 
        1.9950000000        -0.3217059024         1.3634868231       149.6601862233       225.0457853682 
        2.0000000000        -0.4114496766         1.3430952112       151.8621837663       194.6105437455 
        2.0050000000        -0.4918549789         1.3023119874       151.8621837663       133.7400605003 
        2.0100000000        -0.5610968894         1.2360392488       152.9631825378        34.8255252267 
        2.0150001000        -0.6176048524         1.1238853834       152.0456835616      -132.5683036978 
        2.0200001000        -0.6600940779         1.1621196557       152.4126831521       -75.5022256554 
        2.0250000000        -0.6876010755         1.1289832864       152.2291833568      -124.9594932921 
        2.0300000000        -0.6995026308         1.0550636933       150.9446847901      -235.2872441742 
        2.0350001000        -0.6955276791         1.0601615963       148.7426872471      -227.6784337685 
        2.0400001000        -0.6757665964         1.0270252269       148.1921878613      -277.1357014053 
        2.0450000000        -0.6406688208         1.0397699844       146.3571899089      -258.1136753912 
        2.0500000000        -0.5910295479         0.9658503913       144.3386921611      -368.4414262732 
        2.0550000000        -0.5279759665         1.0168294210       143.2376933896      -292.3533222166 
        2.0600000000        -0.4529391731         0.9683993428       141.0356958466      -364.6370210704 
        2.0650000000        -0.3676222410         1.0040846636       139.9346970752      -311.3753482308 
        2.0700000000        -0.2739615668         0.9760461972       138.6501985084      -353.2238054619 
        2.0750000000        -0.1740829210         0.9989867606       136.9987003512      -318.9841586364 
        2.0800000000        -0.0702532004         0.9836930517       135.1637023987      -341.8105898534 
        2.0850000000         0.0351710227         0.9938888576       133.8792038320      -326.5929690421 
        2.0900000000         0.1397969864         1.0117315180       132.2277056747      -299.9621326223 
        2.0950000000         0.2412500462         1.0627105477       131.4937064937      -223.8740285657 
        2.1000000000         0.3372275719         1.1162385289       130.3927077222      -143.9815193063 
        2.1050000000         0.4255512084         1.1595707042       129.6587085412       -79.3066308582 
        2.1100000001         0.5042163192         1.2156476369       129.4752087460         4.3902836041 
        2.1150000001         0.5714374770         1.2283923943       129.4752087460        23.4123096182 
        2.1200000000         0.6256889969         1.2207455399       129.8422083365        11.9990940097 
        2.1250000000         0.6657395614         1.2436861032       130.0257081317        46.2387408352 
        2.1300000000         0.6906801609         1.3634868231       129.6587085412       225.0457853682 
        2.1350000000         0.6999447309         1.3227035993       130.9432071080       164.1753021229 
        2.1400001000         0.6933227070         1.3889763379       132.4112054700       263.0898373965 
        2.1450000000         0.6709652523         1.3966231924       133.3287044462       274.5030530049 
        2.1500000000         0.6333789367         1.4272106102       135.3472021939       320.1559154389 
        2.1550000000         0.5814171294         1.4042700468       135.7142017844       285.9162686134 
        2.1600001000         0.5162577562         1.4476022221       137.5491997369       350.5911570615 
        2.1650000000         0.4393839529         1.4374064162       140.1181968704       335.3735362502 
        2.1700000000         0.3525362411         1.4272106102       140.8521960514       320.1559154389 
        2.1750000000         0.2576871869         1.4577980281       142.8706937991       365.8087778728 
        2.1800001000         0.1569874749         1.4425043191       145.0726913421       342.9823466559 
        2.1850000000         0.0527287639         1.4374064162       145.6231907279       335.3735362502 
        2.1900000000        -0.0527287639         1.4195637558       147.4581886803       308.7426998304 
        2.1950000000        -0.1569895327         1.4144658528       149.4766864281       301.1338894247 
        2.2000000000        -0.2576871869         1.3813294835       151.3116843806       251.6766217880 
        2.2050000000        -0.3525362411         1.3532910171       151.8621837663       209.8281645568 
        2.2100000000        -0.4393839529         1.3252525508       152.9631825378       167.9797073257 
        2.2150000000        -0.5162591822         1.2742735211       153.3301821283        91.8916032691 
        2.2200000000        -0.5814171294         1.1213364319       152.5961829473      -136.3727089006 
        2.2250000000        -0.6333789367         1.1672175587       152.9631825378       -67.8934152497 
        2.2300000000        -0.6709652523         1.1213364319       152.2291833568      -136.3727089006 
        2.2350000001        -0.6933229983         1.1187874804       151.3116843806      -140.1771141034 
        2.2400000001        -0.6999447309         1.0474168388       150.9446847901      -246.7004597827 
        2.2450000000        -0.6906801609         1.0652594992       148.9261870423      -220.0696233629 
        2.2500000000        -0.6657395614         1.0066336150       148.0086880661      -307.5709430279 
        2.2550000000        -0.6256889969         1.0270252269       146.1736901136      -277.1357014053 
        2.2600000000        -0.5714374755         0.9760461972       145.4396909326      -353.2238054619 
        2.2650001000        -0.5042148528         1.0244762754       143.2376933896      -280.9401066081 
        2.2700000000        -0.4255512084         0.9658503913       141.5861952324      -368.4414262732 
        2.2750000000        -0.3372275719         0.9964378091       140.1181968704      -322.7885638392 
        2.2800000000        -0.2412500462         0.9785951487       138.4666987132      -349.4194002591 
        2.2850001000        -0.1397949174         1.0015357121       137.1822001464      -315.1797534336 
        2.2900000000        -0.0351710227         0.9964378091       135.8977015797      -322.7885638392 
        2.2950000000         0.0702532004         1.0040846636       133.8792038320      -311.3753482308 
        2.3000000000         0.1740829210         1.0193783725       132.2277056747      -288.5489170138 
        2.3050001000         0.2739635099         1.0576126448       130.7597073127      -231.4828389714 
        2.3100000000         0.3676222410         1.1213364319       130.2092079270      -136.3727089006 
        2.3150000000         0.4529391731         1.1697665101       129.8422083365       -64.0890100469 
        2.3200000000         0.5279759665         1.2207455399       129.8422083365        11.9990940097 
        2.3250000000         0.5910295479         1.2258434428       129.2917089507        19.6079044154 
        2.3300000000         0.6406688208         1.2232944913       130.3927077222        15.8034992126 
        2.3350000000         0.6757671472         1.3150567448       129.6587085412       152.7620865144 
        2.3400000000         0.6955279174         1.3456441627       131.3102066985       198.4149489484 
        2.3450000000         0.6995026308         1.3456441627       131.3102066985       198.4149489484 
        2.3500000000         0.6876010755         1.3991721439       133.6957040367       278.3074582078 
        2.3550000000         0.6600933751         1.4042700468       134.0627036272       285.9162686134 
        2.3600000001         0.6176038573         1.4017210954       135.3472021939       282.1118634106 
        2.3650000001         0.5610968879         1.4374064162       137.9161993274       335.3735362502 
        2.3700000000         0.4918549789         1.4476022221       139.2006978942       350.5911570615 
        2.3750057000         0.4113523171         1.4272106102       140.6686962561       320.1559154389 
        2.3800000000         0.3217059024         1.4527001251       142.8706937991       358.1999674672 
        2.3850000000         0.2246605269         1.4476022221       144.3386921611       350.5911570615 
        2.3900001000         0.1225140624         1.4476022221       145.6231907279       350.5911570615 
        2.3950000000         0.0175910668         1.4348574647       146.7241894993       331.5691310474 
        2.4000000000        -0.0877332635         1.4374064162       149.2931866328       335.3735362502 
        2.4050000000        -0.1910663549         1.3966231924       150.0271858138       274.5030530049 
        2.4100001000        -0.2900648284         1.3736826290       151.6786839711       240.2634061795 
        2.4150000000        -0.3824760427         1.3507420656       153.8806815140       206.0237593540 
        2.4200000000        -0.4662083072         1.3048609389       153.5136819235       137.5444657031 
        2.4250000000        -0.5393592699         1.2742735211       154.2476811045        91.8916032691 
        2.4300001000        -0.6002697456         1.1340811893       153.6971817188      -117.3506828865 
        2.4350000000        -0.6475540448         1.1493748983       153.3301821283       -94.5242516695 
        2.4400000000        -0.6801422130         1.1289832864       153.8806815140      -124.9594932921 
        2.4450000000        -0.6972935264         1.1009448200       152.0456835616      -166.8079505233 
        2.4500000000        -0.6986187099         1.0372210329       150.7611849948      -261.9180805940 
        2.4550000000        -0.6840876865         1.0652594992       150.3941854043      -220.0696233629 
        2.4600000000        -0.6540302597         1.0168294210       148.3756876566      -292.3533222166 
        2.4650000000        -0.6091286283         1.0066336150       147.2746888851      -307.5709430279 
        2.4700000000        -0.5504019025         1.0040846636       145.9901903184      -311.3753482308 
        2.4750000000        -0.4791829742         0.9964378091       144.1551923659      -322.7885638392 
        2.4800000000        -0.3970882644         0.9887909546       142.8706937991      -334.2017794477 
        2.4850000001        -0.3059810344         0.9785951487       140.3016966657      -349.4194002591 
        2.4900000001        -0.2079291047         0.9989867606       139.3841976894      -318.9841586364 
        2.4950000000        -0.1051579124         0.9938888576       137.9161993274      -326.5929690421 
        2.5000000000        -0.0000000000         0.9913399061       136.0812013749      -330.3973742449 
        2.5050000000         0.1051579124         1.0142804695       135.5307019892      -296.1577274195 
        2.5100000000         0.2079291071         1.0295741784       133.3287044462      -273.3312962025 
        2.5150001000         0.3059829357         1.0678084507       131.6772062890      -216.2652181600 
        2.5200000000         0.3970882644         1.1136895775       131.4937064937      -147.7859245091 
        2.5250000000         0.4791829742         1.1697665101       131.1267069032       -64.0890100469 
        2.5300000000         0.5504019025         1.2207455399       130.7597073127        11.9990940097 
        2.5350001000         0.6091296687         1.2258434428       130.5762075175        19.6079044154 
        2.5400000000         0.6540302597         1.2487840062       131.3102066985        53.8475512408 
        2.5450000000         0.6840876865         1.3379973082       130.9432071080       187.0017333399 
        2.5500000000         0.6986187099         1.3227035993       132.2277056747       164.1753021229 
        2.5550001000         0.6972933409         1.3889763379       133.3287044462       263.0898373965 
        2.5600000000         0.6801422130         1.3940742409       134.4297032177       270.6986478021 
        2.5650000000         0.6475540448         1.4221127072       136.2647011702       312.5471050332 
        2.5700000000         0.6002686593         1.4195637558       137.7326995322       308.7426998304 
        2.5750000000         0.5393592699         1.4654448825       139.3841976894       377.2219934813 
        2.5800000000         0.4662083072         1.4246616587       140.4851964609       316.3515102361 
        2.5850000000         0.3824760427         1.4476022221       141.7696950276       350.5911570615 
        2.5900000000         0.2900629067         1.4399553677       143.7881927754       339.1779414530 
        2.5950000000         0.1910663549         1.4399553677       144.8891915469       339.1779414530 
        2.6000000000         0.0877332635         1.4399553677       147.0911890898       339.1779414530 
        2.6050000000        -0.0175910668         1.4348574647       148.5591874518       331.5691310474 
        2.6100000001        -0.1225161438         1.4272106102       150.7611849948       320.1559154389 
        2.6150000001        -0.2246605292         1.4272106102       152.5961829473       320.1559154389 
        2.6200000000        -0.3217059024         1.3736826290       152.7796827425       240.2634061795 
        2.6250000000        -0.4114496766         1.3507420656       154.6146806950       206.0237593540 
        2.6300000000        -0.4918549789         1.3125077934       154.6146806950       148.9576813116 
        2.6350000000        -0.5610968894         1.2207455399       155.7156794665        11.9990940097 
        2.6400001000        -0.6176048524         1.1366301408       154.9816802855      -113.5462776836 
        2.6450000000        -0.6600933751         1.1468259468       154.7981804903       -98.3286568723 
        2.6500000000        -0.6876010755         1.1289832864       154.4311808998      -124.9594932921 
        2.6550044000        -0.6995061258         1.0601615963       153.1466823330      -227.6784337685 
        2.6600001000        -0.6955276791         1.0652594992       152.9631825378      -220.0696233629 
        2.6650000000        -0.6757671472         1.0295741784       151.1281845853      -273.3312962025 
        2.6700000000        -0.6406688208         1.0346720814       149.6601862233      -265.7224857968 
        2.6750000000        -0.5910295479         0.9862420032       147.6416884756      -338.0061846506 
        2.6800001000        -0.5279745801         0.9964378091       146.1736901136      -322.7885638392 
        2.6850000000        -0.4529391731         0.9785951487       144.7056917516      -349.4194002591 
        2.6900000000        -0.3676222410         0.9964378091       143.4211931849      -322.7885638392 
        2.6950000000        -0.2739615668         0.9683993428       141.4026954371      -364.6370210704 
        2.7000000000        -0.1740829210         1.0066336150       139.9346970752      -307.5709430279 
        2.7050000000        -0.0702532004         0.9862420032       138.2831989179      -338.0061846506 
        2.7100066000         0.0353101824         0.9964378091       136.8152005559      -322.7885638392 
        2.7150000000         0.1397969864         1.0270252269       136.2647011702      -277.1357014053 
        2.7200000000         0.2412500462         1.0678084507       134.2462034225      -216.2652181600 
        2.7250000000         0.3372275719         1.1111406260       133.5122042415      -151.5903297119 
        2.7300000000         0.4255512084         1.1519238497       134.0627036272       -90.7198464667 
        2.7350000001         0.5042163192         1.1748644131       132.2277056747       -56.4801996412 
        2.7400039999         0.5714862444         1.1978049765       132.5947052652       -22.2405528157 
        2.7450000000         0.6256889969         1.2232944913       132.4112054700        15.8034992126 
        2.7500000000         0.6657395614         1.3201546478       133.1452046510       160.3708969201 
        2.7550000000         0.6906801609         1.3328994052       134.2462034225       179.3929229342 
        2.7600000000         0.6999447309         1.3583889201       134.7967028082       217.4369749625 
        2.7650001000         0.6933227070         1.3838784350       135.8977015797       255.4810269908 
        2.7700049000         0.6709357609         1.4068189983       136.8152005559       289.7206738163 
        2.7750000000         0.6333789367         1.4119169013       138.6501985084       297.3294842219 
        2.7800000000         0.5814171294         1.4170148043       139.7511972799       304.9382946276 
        2.7850001000         0.5162577562         1.4527001251       142.1366946181       358.1999674672 
        2.7900000000         0.4393839529         1.4297595617       142.8706937991       323.9603206417 
        2.7950000000         0.3525362411         1.4272106102       144.7056917516       320.1559154389 
        2.8000000000         0.2576871869         1.4527001251       147.2746888851       358.1999674672 
        2.8050001000         0.1569874749         1.4348574647       148.5591874518       331.5691310474 
        2.8100000000         0.0527287639         1.4374064162       150.3941854043       335.3735362502 
        2.8150000000        -0.0527287639         1.4476022221       151.8621837663       350.5911570615 
        2.8200000000        -0.1569895327         1.4068189983       153.8806815140       289.7206738163 
        2.8250000000        -0.2576871869         1.3736826290       154.0641813093       240.2634061795 
        2.8300000000        -0.3525362411         1.3278015023       155.7156794665       171.7841125285 
        2.8350000000        -0.4393839529         1.2997630359       157.0001780333       129.9356552974 
        2.8400000000        -0.5162591822         1.2666266666       156.8166782380        80.4783876607 
        2.8450000000        -0.5814171294         1.1544728012       156.4496786475       -86.9154412638 
        2.8500000000        -0.6333789367         1.1391790923       156.4496786475      -109.7418724808 
        2.8550000000        -0.6709652523         1.1187874804       156.6331784428      -140.1771141034 
        2.8600000001        -0.6933229983         1.1136895775       154.9816802855      -147.7859245091 
        2.8650000001        -0.6999447309         1.0193783725       154.7981804903      -288.5489170138 
        2.8700000000        -0.6906801609         1.0703574022       153.3301821283      -212.4608129572 
        2.8750000000        -0.6657395614         0.9964378091       151.1281845853      -322.7885638392 
        2.8800000000        -0.6256889969         1.0397699844       150.7611849948      -258.1136753912 
        2.8850000000        -0.5714374755         0.9709482942       149.2931866328      -360.8326158675 
        2.8900001000        -0.5042148528         0.9964378091       146.9076892946      -322.7885638392 
        2.8950000000        -0.4255512084         0.9785951487       144.7056917516      -349.4194002591 
        2.9000000000        -0.3372275719         0.9811441002       143.2376933896      -345.6149950562 
        2.9050000000        -0.2412500462         0.9760461972       142.3201944134      -353.2238054619 
        2.9100001000        -0.1397949174         0.9964378091       140.1181968704      -322.7885638392 
        2.9150000000        -0.0351710227         0.9964378091       139.0171980989      -322.7885638392 
        2.9200000000         0.0702532004         1.0015357121       137.1822001464      -315.1797534336 
        2.9250000000         0.1740829210         1.0219273240       136.0812013749      -284.7445118110 
        2.9300001000         0.2739635099         1.0780042567       134.7967028082      -201.0475973487 
        2.9350000000         0.3676222410         1.1162385289       134.2462034225      -143.9815193063 
        2.9400000000         0.4529391731         1.1493748983       133.3287044462       -94.5242516695 
        2.9450000000         0.5279759665         1.1876091705       133.3287044462       -37.4581736271 
        2.9500000000         0.5910295479         1.2029028795       132.5947052652       -14.6317424101 
        2.9550000000         0.6406688208         1.2385882003       133.3287044462        38.6299304295 
        2.9600000000         0.6757671472         1.3507420656       133.6957040367       206.0237593540 
        2.9650000000         0.6955279174         1.3125077934       134.2462034225       148.9576813116 
        2.9700000000         0.6995026308         1.3762315805       135.1637023987       244.0678113823 
        2.9750000000         0.6876010755         1.3864273864       136.0812013749       259.2854321936 
        2.9800000000         0.6600933751         1.4272106102       138.2831989179       320.1559154389 
        2.9850000001         0.6176038573         1.3991721439       138.8336983037       278.3074582078 
        2.9900000001         0.5610968879         1.4348574647       140.6686962561       331.5691310474 
        2.9950000000         0.4918549789         1.4552490766       142.1366946181       362.0043726700 
        3.0000000000         0.4114496766         1.4272106102       143.7881927754       320.1559154389 
        3.0050000000         0.3217059024         1.4552490766       145.9901903184       362.0043726700 
        3.0100000000         0.2246605269         1.4425043191       148.0086880661       342.9823466559 
        3.0150001000         0.1225140624         1.4323085132       148.3756876566       327.7647258446 
        3.0200000000         0.0175910668         1.4246616587       150.7611849948       316.3515102361 
        3.0250000000        -0.0877332635         1.4272106102       151.8621837663       320.1559154389 
        3.0300000000        -0.1910663549         1.4042700468       154.0641813093       285.9162686134 
        3.0350001000        -0.2900648284         1.3762315805       155.7156794665       244.0678113823 
        3.0400000000        -0.3824760427         1.3379973082       156.6331784428       187.0017333399 
        3.0450000000        -0.4662083072         1.2997630359       156.8166782380       129.9356552974 
        3.0500000000        -0.5393592699         1.2640777151       157.1836778285        76.6739824578 
        3.0550001000        -0.6002697456         1.1238853834       156.6331784428      -132.5683036978 
        3.0600000000        -0.6475540448         1.1544728012       157.3671776238       -86.9154412638 
        3.0650000000        -0.6801422130         1.1009448200       156.0826790570      -166.8079505233 
        3.0700000000        -0.6972935264         1.0958469171       154.9816802855      -174.4167609289 
        3.0750001000        -0.6986185773         1.0117315180       154.0641813093      -299.9621326223 
        3.0800000000        -0.6840876865         1.0729063537       153.5136819235      -208.6564077544 
        3.0850000000        -0.6540302597         0.9964378091       151.4951841758      -322.7885638392 
        3.0900000000        -0.6091286283         1.0244762754       149.6601862233      -280.9401066081 
        3.0950000000        -0.5504019025         0.9582035368       148.1921878613      -379.8546418817 
        3.1000000000        -0.4791829742         1.0168294210       147.0911890898      -292.3533222166 
        3.1050000000        -0.3970882644         0.9683993428       145.2561911374      -364.6370210704 
        3.1100000001        -0.3059810344         0.9913399061       143.7881927754      -330.3973742449 
        3.1150000001        -0.2079291047         0.9658503913       141.5861952324      -368.4414262732 
        3.1200000000        -0.1051579124         1.0142804695       139.9346970752      -296.1577274195 
        3.1250000000        -0.0000000000         0.9862420032       138.8336983037      -338.0061846506 
        3.1300000000         0.1051579124         1.0117315180       137.5491997369      -299.9621326223 
        3.1350000000         0.2079291071         1.0193783725       134.7967028082      -288.5489170138 
        3.1400001000         0.3059829357         1.0703574022       134.0627036272      -212.4608129572 
        3.1450000000         0.3970882644         1.1111406260       133.3287044462      -151.5903297119 
        3.1500000000         0.4791829742         1.1519238497       132.5947052652       -90.7198464667 
        3.1550000000         0.5504019025         1.1876091705       132.4112054700       -37.4581736271 
        3.1600001000         0.6091296687         1.2258434428       132.7782050605        19.6079044154 
        3.1650000000         0.6540302597         1.2334902973       132.0442058795        31.0211200239 
        3.1700000000         0.6840876865         1.3660357746       133.3287044462       228.8501905710 
        3.1750000000         0.6986187099         1.3048609389       134.0627036272       137.5444657031 
        3.1800001000         0.6972933409         1.3864273864       134.7967028082       259.2854321936 
        3.1850000000         0.6801422130         1.3940742409       137.1822001464       270.6986478021 
        3.1900000000         0.6475540448         1.4246616587       137.9161993274       316.3515102361 
        3.1950000000         0.6002686593         1.4042700468       139.2006978942       285.9162686134 
        3.2000001000         0.5393579240         1.4374064162       140.6686962561       335.3735362502 
        3.2050000000         0.4662083072         1.4399553677       142.8706937991       339.1779414530 
        3.2100000000         0.3824760427         1.4323085132       144.5221919564       327.7647258446 
        3.2150000000         0.2900629067         1.4450532706       145.2561911374       346.7867518587 
        3.2200000000         0.1910663549         1.4450532706       147.4581886803       346.7867518587 
        3.2250000000         0.0877332635         1.4374064162       149.6601862233       335.3735362502 
        3.2300000000        -0.0175910668         1.4221127072       150.2106856091       312.5471050332 
        3.2350000001        -0.1225161438         1.4246616587       152.0456835616       316.3515102361 
        3.2400000001        -0.2246605292         1.4042700468       153.6971817188       285.9162686134 
        3.2450000000        -0.3217059024         1.3609378716       154.4311808998       221.2413801653 
        3.2500000000        -0.4114496766         1.3252525508       156.0826790570       167.9797073257 
        3.2550000000        -0.4918549789         1.2972140844       156.4496786475       126.1312500946 
        3.2600000000        -0.5610968894         1.2513329577       156.6331784428        57.6519564437 
        3.2650001000        -0.6176048524         1.1340811893       157.3671776238      -117.3506828865 
        3.2700000000        -0.6600933751         1.1493748983       156.8166782380       -94.5242516695 
        3.2750000000        -0.6876010755         1.0907490141       155.3486798760      -182.0255713346 
        3.2800000000        -0.6995026308         1.0856511111       154.7981804903      -189.6343817402 
        3.2850001000        -0.6955276791         1.0295741784       154.0641813093      -273.3312962025 
        3.2900000000        -0.6757671472         1.0525147418       153.3301821283      -239.0916493770 
        3.2950000000        -0.6406688208         1.0091825665       151.1281845853      -303.7665378251 
        3.3000000000        -0.5910295479         0.9964378091       149.1096868376      -322.7885638392 
        3.3050001000        -0.5279745801         0.9785951487       147.4581886803      -349.4194002591 
        3.3100000000        -0.4529391731         0.9964378091       145.8066905231      -322.7885638392 
        3.3150000000        -0.3676222410         0.9836930517       144.8891915469      -341.8105898534 
        3.3200000000        -0.2739615668         0.9887909546       142.8706937991      -334.2017794477 
        3.3250001000        -0.1740808759         0.9862420032       140.3016966657      -338.0061846506 
        3.3300000000        -0.0702532004         1.0091825665       140.1181968704      -303.7665378251 
        3.3350000000         0.0351710227         0.9964378091       138.6501985084      -322.7885638392 
        3.3400000000         0.1397969864         1.0244762754       136.9987003512      -280.9401066081 
        3.3450000000         0.2412500462         1.0678084507       135.3472021939      -216.2652181600 
        3.3500000000         0.3372275719         1.1136895775       134.6132030129      -147.7859245091 
        3.3550000000         0.4255512084         1.1570217527       134.4297032177       -83.1110360610 
        3.3600000001         0.5042163192         1.2029028795       133.8792038320       -14.6317424101 
        3.3650000001         0.5714374770         1.2232944913       133.5122042415        15.8034992126 
        3.3700000000         0.6256889969         1.2181965884       134.0627036272         8.1946888069 
        3.3750000000         0.6657395614         1.2360392488       134.4297032177        34.8255252267 
        3.3800006000         0.6906822209         1.3762315805       134.4297032177       244.0678113823 
        3.3850000000         0.6999447309         1.3278015023       135.7142017844       171.7841125285 
        3.3900001000         0.6933227070         1.4017210954       136.4482009654       282.1118634106 
        3.3950000000         0.6709652523         1.3991721439       137.7326995322       278.3074582078 
        3.4000000000         0.6333789367         1.4221127072       139.7511972799       312.5471050332 
        3.4050000000         0.5814171294         1.4042700468       140.6686962561       285.9162686134 
        3.4100029000         0.5162178340         1.4527001251       142.5036942086       358.1999674672 
        3.4150000000         0.4393839529         1.4195637558       144.1551923659       308.7426998304 
        3.4200000000         0.3525362411         1.4374064162       145.4396909326       335.3735362502 
        3.4250000000         0.2576871869         1.4374064162       147.6416884756       335.3735362502 
        3.4300001000         0.1569874749         1.4527001251       150.0271858138       358.1999674672 
        3.4350000000         0.0527287639         1.4348574647       150.9446847901       331.5691310474 
        3.4400000000        -0.0527287639         1.4374064162       152.9631825378       335.3735362502 
        3.4450000000        -0.1569895327         1.4221127072       154.2476811045       312.5471050332 
        3.4500001000        -0.2576891501         1.3813294835       154.9816802855       251.6766217880 
        3.4550000000        -0.3525362411         1.3558399686       157.3671776238       213.6325697597 
        3.4600017000        -0.4394118917         1.3303504538       157.5506774190       175.5885177314 
        3.4650000000        -0.5162591822         1.2895672300       158.4681763953       114.7180344861 
        3.4700000000        -0.5814171294         1.1136895775       157.7341772143      -147.7859245091 
        3.4750000000        -0.6333789367         1.1723154616       157.3671776238       -60.2846048440 
        3.4800000000        -0.6709652523         1.0983958685       157.3671776238      -170.6123557261 
        3.4850000001        -0.6933229983         1.1111406260       156.8166782380      -151.5903297119 
        3.4900000001        -0.6999447309         1.0525147418       155.8991792618      -239.0916493770 
        3.4950000000        -0.6906801609         1.0474168388       154.0641813093      -246.7004597827 
        3.5000000000        -0.6657395614         1.0372210329       152.7796827425      -261.9180805940 
        3.5050000000        -0.6256889969         0.9913399061       151.1281845853      -330.3973742449 
        3.5100000000        -0.5714374755         1.0066336150       149.6601862233      -307.5709430279 
        3.5150001000        -0.5042148528         0.9862420032       148.3756876566      -338.0061846506 
        3.5200000000        -0.4255512084         0.9964378091       145.9901903184      -322.7885638392 
        3.5250000000        -0.3372275719         0.9582035368       144.3386921611      -379.8546418817 
        3.5300000000        -0.2412500462         0.9913399061       142.3201944134      -330.3973742449 
        3.5350001000        -0.1397949174         0.9887909546       141.7696950276      -334.2017794477 
        3.5400000000        -0.0351710227         1.0040846636       139.3841976894      -311.3753482308 
        3.5450002000         0.0702574021         0.9811441002       137.3656999417      -345.6149950562 
        3.5500000000         0.1740829210         1.0372210329       137.1822001464      -261.9180805940 
        3.5550001000         0.2739635099         1.0754553052       135.8977015797      -204.8520025515 
        3.5600000000         0.3676222410         1.1162385289       134.6132030129      -143.9815193063 
        3.5650000000         0.4529391731         1.1672175587       134.7967028082       -67.8934152497 
        3.5700000000         0.5279759665         1.2232944913       134.4297032177        15.8034992126 
        3.5750001000         0.5910306792         1.2283923943       134.6132030129        23.4123096182 
        3.5800000000         0.6406688208         1.2054518309       134.2462034225       -10.8273372073 
        3.5850000000         0.6757671472         1.2564308607       134.6132030129        65.2607668493 
        3.5900000000         0.6955279174         1.3838784350       135.1637023987       255.4810269908 
        3.5950000000         0.6995026308         1.3354483567       136.2647011702       183.1973281370 
        3.6000000000         0.6876010755         1.4068189983       137.5491997369       289.7206738163 
        3.6050000000         0.6600933751         1.4042700468       139.2006978942       285.9162686134 
        3.6100000001         0.6176038573         1.4246616587       140.3016966657       316.3515102361 
        3.6150000001         0.5610968879         1.4144658528       141.5861952324       301.1338894247 
        3.6200000000         0.4918549789         1.4552490766       143.6046929801       362.0043726700 
        3.6250000000         0.4114496766         1.4195637558       144.5221919564       308.7426998304 
        3.6300000000         0.3217059024         1.4399553677       146.3571899089       339.1779414530 
        3.6350000000         0.2246605269         1.4476022221       149.2931866328       350.5911570615 
        3.6400001000         0.1225140624         1.4425043191       150.3941854043       342.9823466559 
        3.6450000000         0.0175910668         1.4323085132       151.4951841758       327.7647258446 
        3.6500000000        -0.0877332635         1.4374064162       154.0641813093       335.3735362502 
        3.6550000000        -0.1910663549         1.4119169013       154.7981804903       297.3294842219 
        3.6600001000        -0.2900648284         1.3864273864       156.2661788523       259.2854321936 
        3.6650000000        -0.3824760427         1.3430952112       157.1836778285       194.6105437455 
        3.6700066000        -0.4663122347         1.3227035993       158.8351759858       164.1753021229 
        3.6750000000        -0.5393592699         1.2385882003       158.6516761905        38.6299304295 
        3.6800001000        -0.6002697456         1.1315322379       158.2846766000      -121.1550880893 
        3.6850000000        -0.6475540448         1.1723154616       157.7341772143       -60.2846048440 
        3.6900000000        -0.6801422130         1.1060427230       157.3671776238      -159.1991401176 
        3.6950000000        -0.6972935264         1.0831021596       157.0001780333      -193.4387869431 
        3.7000001000        -0.6986185773         1.0576126448       155.8991792618      -231.4828389714 
        3.7050164001        -0.6840141994         1.0397699844       154.9816802855      -258.1136753912 
        3.7100000000        -0.6540302597         1.0244762754       153.3301821283      -280.9401066081 
        3.7150000000        -0.6091286283         0.9964378091       152.0456835616      -322.7885638392 
        3.7200000000        -0.5504019025         0.9964378091       150.3941854043      -322.7885638392 
        3.7250000000        -0.4791829742         0.9989867606       148.7426872471      -318.9841586364 
        3.7300000000        -0.3970882644         0.9887909546       147.4581886803      -334.2017794477 
        3.7350000001        -0.3059810344         0.9862420032       145.4396909326      -338.0061846506 
        3.7400000001        -0.2079291047         0.9964378091       143.6046929801      -322.7885638392 
        3.7450000000        -0.1051579124         0.9913399061       142.1366946181      -330.3973742449 
        3.7500000000        -0.0000000000         1.0066336150       141.2191956419      -307.5709430279 
        3.7550000000         0.1051579124         1.0117315180       139.2006978942      -299.9621326223 
        3.7600000000         0.2079291071         1.0244762754       137.1822001464      -280.9401066081 
        3.7650001000         0.3059829357         1.0780042567       136.2647011702      -201.0475973487 
        3.7700000000         0.3970882644         1.1264343349       135.8977015797      -128.7638984950 
        3.7750000000         0.4791829742         1.1621196557       135.1637023987       -75.5022256554 
        3.7800000000         0.5504019025         1.2054518309       134.7967028082       -10.8273372073 
        3.7850001000         0.6091296687         1.2258434428       135.7142017844        19.6079044154 
        3.7900000000         0.6540302597         1.2232944913       135.8977015797        15.8034992126 
        3.7950000000         0.6840876865         1.3711336775       136.6317007607       236.4590009766 
        3.8000000000         0.6986187099         1.3354483567       137.3656999417       183.1973281370 
        3.8050001000         0.6972933409         1.4119169013       138.0996991227       297.3294842219 
        3.8100000000         0.6801422130         1.3864273864       139.7511972799       259.2854321936 
        3.8150000000         0.6475540448         1.4297595617       141.5861952324       323.9603206417 
        3.8200000000         0.6002686593         1.4093679498       141.7696950276       293.5250790191 
        3.8250001000         0.5393579240         1.4399553677       143.6046929801       339.1779414530 
        3.8300000000         0.4662083072         1.4374064162       145.2561911374       335.3735362502 
        3.8350000000         0.3824760427         1.4399553677       146.9076892946       339.1779414530 
        3.8400000000         0.2900629067         1.4374064162       148.7426872471       335.3735362502 
        3.8450000000         0.1910663549         1.4323085132       149.8436860186       327.7647258446 
        3.8500000000         0.0877332635         1.4476022221       152.5961829473       350.5911570615 
        3.8550000000        -0.0175910668         1.4246616587       153.6971817188       316.3515102361 
        3.8600000001        -0.1225161438         1.4425043191       155.8991792618       342.9823466559 
        3.8650000001        -0.2246605292         1.4042700468       156.4496786475       285.9162686134 
        3.8700000000        -0.3217059024         1.3838784350       158.6516761905       255.4810269908 
        3.8750000000        -0.4114496766         1.3558399686       159.0186757810       213.6325697597 
        3.8800000000        -0.4918549789         1.2819203755       159.7526749620       103.3048188776 
        3.8850000000        -0.5610968894         1.2105497339       160.6701739382        -3.2185268016 
        3.8900001000        -0.6176048524         1.1774133646       160.3031743477       -52.6757944384 
        3.8950000000        -0.6600933751         1.1187874804       159.5691751667      -140.1771141034 
        3.9000020000        -0.6876089860         1.1289832864       159.3856753715      -124.9594932921 
        3.9050000000        -0.6995026308         1.0576126448       158.4681763953      -231.4828389714 
        3.9100001000        -0.6955276791         1.0550636933       156.4496786475      -235.2872441742 
        3.9150000000        -0.6757671472         1.0091825665       155.5321796713      -303.7665378251 
        3.9200000000        -0.6406688208         1.0295741784       154.6146806950      -273.3312962025 
        3.9250000000        -0.5910295479         0.9862420032       152.4126831521      -338.0061846506 
        3.9300001000        -0.5279745801         0.9913399061       151.1281845853      -330.3973742449 
        3.9350000000        -0.4529391731         0.9989867606       149.6601862233      -318.9841586364 
        3.9400000000        -0.3676222410         0.9658503913       147.4581886803      -368.4414262732 
        3.9450000000        -0.2739615668         1.0040846636       146.7241894993      -311.3753482308 
        3.9500001000        -0.1740808759         0.9785951487       144.1551923659      -349.4194002591 
        3.9550000000        -0.0702532004         0.9887909546       142.1366946181      -334.2017794477 
        3.9600000000         0.0351710227         0.9913399061       141.2191956419      -330.3973742449 
        3.9650000000         0.1397969864         1.0499657903       139.9346970752      -242.8960545798 
        3.9700001000         0.2412520284         1.0805532081       138.2831989179      -197.2431921459 
        3.9750000000         0.3372275719         1.1391790923       138.2831989179      -109.7418724808 
        3.9800000000         0.4255512084         1.1672175587       137.1822001464       -67.8934152497 
        3.9850000001         0.5042163192         1.2181965884       137.9161993274         8.1946888069 
        3.9900000001         0.5714374770         1.2232944913       137.5491997369        15.8034992126 
        3.9950008000         0.6256965697         1.2080007824       137.3656999417        -7.0229320044 
        4.0000000000         0.6657395614         1.2130986854       137.3656999417         0.5858784012 
        4.0050000000         0.6906801609         1.3481931142       138.0996991227       202.2193541512 
        4.0100000000         0.6999447309         1.3889763379       139.5676974847       263.0898373965 
        4.0150000000         0.6933229980         1.3532910171       139.9346970752       209.8281645568 
        4.0200000000         0.6709652523         1.4119169013       141.4026954371       297.3294842219 
        4.0250001000         0.6333780377         1.4170148043       142.5036942086       304.9382946276 
        4.0300001000         0.5814159536         1.4144658528       143.9716925706       301.1338894247 
        4.0350001000         0.5162577562         1.4450532706       146.7241894993       346.7867518587 
        4.0400000000         0.4393839529         1.4527001251       148.0086880661       358.1999674672 
        4.0450000000         0.3525362411         1.4246616587       149.1096868376       316.3515102361 
        4.0500000000         0.2576871869         1.4527001251       151.8621837663       358.1999674672 
        4.0550000000         0.1569895327         1.4399553677       152.5961829473       339.1779414530 
        4.0600000000         0.0527287639         1.4450532706       154.7981804903       346.7867518587 
        4.0650001000        -0.0527308694         1.4348574647       156.8166782380       331.5691310474 
        4.0700001000        -0.1569915904         1.4093679498       157.7341772143       293.5250790191 
        4.0750001000        -0.2576891501         1.3787805320       159.2021755762       247.8722165851 
        4.0800000000        -0.3525362411         1.3303504538       160.3031743477       175.5885177314 
        4.0850000000        -0.4393839529         1.2462350547       160.1196745525        50.0431460380 
        4.0900000000        -0.5162591822         1.1825112676       160.4866741430       -45.0669840327 
        4.0950000000        -0.5814171294         1.2105497339       160.3031743477        -3.2185268016 
        4.1000000000        -0.6333789367         1.2181965884       160.4866741430         8.1946888069 
        4.1050000000        -0.6709652523         1.1697665101       160.3031743477       -64.0890100469 
        4.1100000001        -0.6933229983         1.0168294210       158.6516761905      -292.3533222166 
        4.1150000001        -0.6999447309         1.1009448200       158.2846766000      -166.8079505233 
        4.1200000000        -0.6906801609         1.0193783725       157.3671776238      -288.5489170138 
        4.1250000000        -0.6657395614         1.0372210329       156.4496786475      -261.9180805940 
        4.1300000000        -0.6256889969         1.0040846636       154.9816802855      -311.3753482308 
        4.1350000000        -0.5714374755         1.0168294210       153.1466823330      -292.3533222166 
        4.1400000000        -0.5042163174         0.9582035368       150.7611849948      -379.8546418817 
        4.1450000000        -0.4255512084         0.9964378091       149.1096868376      -322.7885638392 
        4.1500001000        -0.3372257215         0.9607524883       147.4581886803      -376.0502366789 
        4.1550000000        -0.2412500462         0.9964378091       145.9901903184      -322.7885638392 
        4.1600000000        -0.1397969864         0.9709482942       144.3386921611      -360.8326158675 
        4.1650000000        -0.0351710227         1.0142804695       143.4211931849      -296.1577274195 
        4.1700000000         0.0702532004         0.9785951487       141.4026954371      -349.4194002591 
        4.1750000000         0.1740829210         1.0372210329       140.3016966657      -261.9180805940 
        4.1800000000         0.2739615668         1.0907490141       139.3841976894      -182.0255713346 
        4.1850000000         0.3676222410         1.1315322379       137.5491997369      -121.1550880893 
        4.1900001000         0.4529407830         1.1697665101       137.9161993274       -64.0890100469 
        4.1950000000         0.5279759665         1.2054518309       137.3656999417       -10.8273372073 
        4.2000000000         0.5910295479         1.2258434428       137.9161993274        19.6079044154 
        4.2050000000         0.6406688208         1.2080007824       137.1822001464        -7.0229320044 
        4.2100000000         0.6757671472         1.2156476369       137.3656999417         4.3902836041 
        4.2150000000         0.6955279174         1.4170148043       138.4666987132       304.9382946276 
        4.2200000000         0.6995026308         1.3328994052       139.0171980989       179.3929229342 
        4.2250000000         0.6876010755         1.3966231924       140.4851964609       274.5030530049 
        4.2300000000         0.6600933751         1.3991721439       141.2191956419       278.3074582078 
        4.2350000001         0.6176038573         1.4348574647       143.2376933896       331.5691310474 
        4.2400000001         0.5610968879         1.4068189983       144.7056917516       289.7206738163 
        4.2450000000         0.4918549789         1.4603469795       147.0911890898       369.6131830757 
        4.2500000000         0.4114496766         1.4374064162       148.0086880661       335.3735362502 
        4.2550000000         0.3217059024         1.4348574647       150.3941854043       331.5691310474 
        4.2600000000         0.2246605269         1.4603469795       152.0456835616       369.6131830757 
        4.2650000000         0.1225161413         1.4450532706       153.6971817188       346.7867518587 
        4.2700000000         0.0175910668         1.4476022221       154.9816802855       350.5911570615 
        4.2750001000        -0.0877353583         1.4144658528       156.4496786475       301.1338894247 
        4.2800000000        -0.1910663549         1.3991721439       157.9176770095       278.3074582078 
        4.2850000000        -0.2900629067         1.3660357746       158.4681763953       228.8501905710 
        4.2900000000        -0.3824760427         1.3201546478       160.1196745525       160.3708969201 
        4.2950000000        -0.4662083072         1.2411371518       160.3031743477        42.4343356324 
        4.3000000000        -0.5393592699         1.1850602191       160.4866741430       -41.2625788299 
        4.3050000000        -0.6002686593         1.2232944913       161.0371735287        15.8034992126 
        4.3100000000        -0.6475540448         1.2130986854       160.6701739382         0.5858784012 
        4.3150001000        -0.6801427124         1.0983958685       160.8536737335      -170.6123557261 
        4.3200000000        -0.6972935264         1.0652594992       158.8351759858      -220.0696233629 
        4.3250000000        -0.6986187099         1.0882000626       157.9176770095      -185.8299765374 
        4.3300000000        -0.6840876865         1.0295741784       157.5506774190      -273.3312962025 
        4.3350000000        -0.6540302597         1.0040846636       155.8991792618      -311.3753482308 
        4.3400000000        -0.6091286283         1.0091825665       154.2476811045      -303.7665378251 
        4.3450000000        -0.5504019025         1.0040846636       153.1466823330      -311.3753482308 
        4.3500000000        -0.4791829742         0.9913399061       150.2106856091      -330.3973742449 
        4.3550001000        -0.3970865255         1.0040846636       149.4766864281      -311.3753482308 
        4.3600000001        -0.3059810344         0.9633014398       147.4581886803      -372.2458314760 
        4.3650000001        -0.2079291047         0.9964378091       145.8066905231      -322.7885638392 
        4.3700000000        -0.1051579124         0.9683993428       143.7881927754      -364.6370210704 
        4.3750000000        -0.0000000000         0.9964378091       142.6871940039      -322.7885638392 
        4.3800000000         0.1051579124         0.9989867606       141.5861952324      -318.9841586364 
        4.3850000000         0.2079291071         1.0423189359       139.5676974847      -254.3092701883 
        4.3900000000         0.3059810367         1.0907490141       139.3841976894      -182.0255713346 
        4.3950005000         0.3970969567         1.1213364319       137.3656999417      -136.3727089006 
        4.4000001000         0.4791845134         1.1595707042       136.8152005559       -79.3066308582 
        4.4050000000         0.5504019025         1.2029028795       136.8152005559       -14.6317424101 
        4.4100000000         0.6091286283         1.2232944913       137.9161993274        15.8034992126 
        4.4150000000         0.6540302597         1.2054518309       137.7326995322       -10.8273372073 
        4.4200000000         0.6840876865         1.2411371518       137.3656999417        42.4343356324 
        4.4250000000         0.6986187099         1.4170148043       138.6501985084       304.9382946276 
        4.4300000000         0.6972935264         1.3278015023       139.0171980989       171.7841125285 
        4.4350000000         0.6801422130         1.4246616587       140.6686962561       316.3515102361 
        4.4400001000         0.6475532429         1.4068189983       142.6871940039       289.7206738163 
        4.4450000000         0.6002686593         1.4323085132       143.6046929801       327.7647258446 
        4.4500000000         0.5393592699         1.4017210954       144.5221919564       282.1118634106 
        4.4550000000         0.4662083072         1.4679938340       147.4581886803       381.0263986842 
        4.4600000000         0.3824760427         1.4323085132       148.5591874518       327.7647258446 
        4.4650000000         0.2900629067         1.4170148043       150.0271858138       304.9382946276 
        4.4700000000         0.1910663549         1.4527001251       151.8621837663       358.1999674672 
        4.4750000000         0.0877332635         1.4323085132       153.3301821283       327.7647258446 
        4.4800001000        -0.0175931776         1.4425043191       154.7981804903       342.9823466559 
        4.4850000001        -0.1225161438         1.4144658528       157.1836778285       301.1338894247 
        4.4900000001        -0.2246605292         1.4068189983       157.9176770095       289.7206738163 
        4.4950000000        -0.3217059024         1.3736826290       159.2021755762       240.2634061795 
        4.5000000000        -0.4114496766         1.3048609389       159.7526749620       137.5444657031 
        4.5050000000        -0.4918549789         1.2334902973       160.4866741430        31.0211200239 
        4.5100000000        -0.5610968894         1.2003539280       160.8536737335       -18.4361476129 
        4.5150000000        -0.6176038585         1.2232944913       160.8536737335        15.8034992126 
        4.5200000000        -0.6600933751         1.2105497339       160.4866741430        -3.2185268016 
        4.5250001000        -0.6876014712         1.0346720814       159.2021755762      -265.7224857968 
        4.5300000000        -0.6995026308         1.1111406260       159.3856753715      -151.5903297119 
        4.5350000000        -0.6955279174         1.0219273240       157.7341772143      -284.7445118110 
        4.5400000000        -0.6757671472         1.0295741784       156.6331784428      -273.3312962025 
        4.5450000000        -0.6406688208         0.9938888576       155.1651800808      -326.5929690421 
        4.5500000000        -0.5910295479         1.0066336150       153.1466823330      -307.5709430279 
        4.5550000000        -0.5279759665         0.9887909546       152.0456835616      -334.2017794477 
        4.5600000000        -0.4529391731         1.0066336150       151.1281845853      -307.5709430279 
        4.5650001000        -0.3676204441         0.9836930517       148.5591874518      -341.8105898534 
        4.5700000000        -0.2739615668         0.9887909546       147.4581886803      -334.2017794477 
        4.5750000000        -0.1740829210         0.9964378091       145.2561911374      -322.7885638392 
        4.5800032001        -0.0701859832         0.9811441002       143.6046929801      -345.6149950562 
        4.5850000000         0.0351710227         0.9862420032       141.9531948229      -338.0061846506 
        4.5900000000         0.1397969864         1.0168294210       140.8521960514      -292.3533222166 
        4.5950000000         0.2412500462         1.0754553052       139.7511972799      -204.8520025515 
        4.6000000000         0.3372275719         1.1060427230       138.8336983037      -159.1991401176 
        4.6050001000         0.4255528849         1.1697665101       138.8336983037       -64.0890100469 
        4.6100000001         0.5042163192         1.1978049765       137.7326995322       -22.2405528157 
        4.6150000001         0.5714374770         1.2207455399       137.5491997369        11.9990940097 
        4.6200000000         0.6256889969         1.2105497339       138.2831989179        -3.2185268016 
        4.6250000000         0.6657395614         1.2054518309       137.9161993274       -10.8273372073 
        4.6300000000         0.6906801609         1.3940742409       139.0171980989       270.6986478021 
        4.6350000000         0.6999447309         1.3354483567       139.2006978942       183.1973281370 
        4.6400000000         0.6933229980         1.3813294835       140.4851964609       251.6766217880 
        4.6450000000         0.6709652523         1.4093679498       142.3201944134       293.5250790191 
        4.6500001000         0.6333780377         1.4272106102       144.1551923659       320.1559154389 
        4.6550000000         0.5814171294         1.4170148043       144.7056917516       304.9382946276 
        4.6600000000         0.5162591822         1.4450532706       146.7241894993       346.7867518587 
        4.6650000000         0.4393839529         1.4399553677       148.7426872471       339.1779414530 
        4.6700000000         0.3525362411         1.4221127072       149.6601862233       312.5471050332 
        4.6750000000         0.2576871869         1.4603469795       152.0456835616       369.6131830757 
        4.6800000000         0.1569895327         1.4323085132       153.3301821283       327.7647258446 
        4.6850000000         0.0527287639         1.4374064162       154.9816802855       335.3735362502 
        4.6900001000        -0.0527308694         1.4246616587       157.0001780333       316.3515102361 
        4.6950000000        -0.1569895327         1.4093679498       158.1011768048       293.5250790191 
        4.7000000000        -0.2576871869         1.3736826290       159.2021755762       240.2634061795 
        4.7050000000        -0.3525362411         1.3048609389       160.4866741430       137.5444657031 
        4.7100000000        -0.4393839529         1.2334902973       160.6701739382        31.0211200239 
        4.7150000000        -0.5162591822         1.1876091705       161.2206733240       -37.4581736271 
        4.7200000000        -0.5814171294         1.2156476369       160.8536737335         4.3902836041 
        4.7250000000        -0.6333789367         1.2156476369       160.8536737335         4.3902836041 
        4.7300001000        -0.6709658541         1.1901581220       160.3031743477       -33.6537684242 
        4.7350000001        -0.6933229983         1.0117315180       160.4866741430      -299.9621326223 
        4.7400000001        -0.6999447309         1.1009448200       158.8351759858      -166.8079505233 
        4.7450000000        -0.6906801609         1.0295741784       157.7341772143      -273.3312962025 
        4.7500000000        -0.6657395614         1.0270252269       157.0001780333      -277.1357014053 
        4.7550000000        -0.6256889969         0.9913399061       154.9816802855      -330.3973742449 
        4.7600000000        -0.5714374755         1.0142804695       153.3301821283      -296.1577274195 
        4.7650000000        -0.5042163174         0.9785951487       152.5961829473      -349.4194002591 
        4.7700000000        -0.4255512084         0.9887909546       149.8436860186      -334.2017794477 
        4.7750001000        -0.3372257215         0.9785951487       148.5591874518      -349.4194002591 
        4.7800000000        -0.2412500462         0.9785951487       147.0911890898      -349.4194002591 
        4.7850000000        -0.1397969864         0.9811441002       144.7056917516      -345.6149950562 
        4.7900000000        -0.0351710227         0.9989867606       143.6046929801      -318.9841586364 
        4.7950000000         0.0702532004         0.9862420032       142.1366946181      -338.0061846506 
        4.8000000000         0.1740829210         1.0244762754       140.1181968704      -280.9401066081 
        4.8050000000         0.2739615668         1.0780042567       139.9346970752      -201.0475973487 
        4.8100000000         0.3676222410         1.1315322379       139.2006978942      -121.1550880893 
        4.8150001000         0.4529407830         1.1672175587       138.2831989179       -67.8934152497 
        4.8200000000         0.5279759665         1.2130986854       138.0996991227         0.5858784012 
        4.8250000000         0.5910295479         1.2334902973       138.0996991227        31.0211200239 
        4.8300000000         0.6406688208         1.2156476369       138.6501985084         4.3902836041 
        4.8350000000         0.6757671472         1.2997630359       138.0996991227       129.9356552974 
        4.8400000000         0.6955279174         1.3634868231       139.7511972799       225.0457853682 
        4.8450000000         0.6995026308         1.3532910171       140.1181968704       209.8281645568 
        4.8500000000         0.6876010755         1.4042700468       141.4026954371       285.9162686134 
        4.8550001000         0.6600926724         1.4119169013       143.2376933896       297.3294842219 
        4.8600000001         0.6176038573         1.4093679498       145.0726913421       293.5250790191 
        4.8650000001         0.5610968879         1.4272106102       145.4396909326       320.1559154389 
        4.8700000000         0.4918549789         1.4476022221       147.6416884756       350.5911570615 
        4.8750000000         0.4114496766         1.4246616587       148.7426872471       316.3515102361 
        4.8800000000         0.3217059024         1.4450532706       151.4951841758       346.7867518587 
        4.8850000000         0.2246605269         1.4476022221       152.5961829473       350.5911570615 
        4.8900000000         0.1225161413         1.4476022221       154.4311808998       350.5911570615 
        4.8950000000         0.0175910668         1.4374064162       156.6331784428       335.3735362502 
        4.9000001000        -0.0877353583         1.4272106102       157.1836778285       320.1559154389 
        4.9050000000        -0.1910663549         1.4068189983       158.6516761905       289.7206738163 
        4.9100000000        -0.2900629067         1.3558399686       160.3031743477       213.6325697597 
        4.9150000000        -0.3824760427         1.2946651330       161.9546725050       122.3268448918 
        4.9200000000        -0.4662083072         1.2309413458       161.7711727097        27.2167148210 
        4.9250000000        -0.5393592699         1.1952560250       161.9546725050       -26.0449580186 
        4.9300000000        -0.6002686593         1.2130986854       161.0371735287         0.5858784012 
        4.9350000000        -0.6475540448         1.2156476369       161.9546725050         4.3902836041 
        4.9400001000        -0.6801427124         1.1876091705       161.2206733240       -37.4581736271 
        4.9450000000        -0.6972935264         0.9964378091       160.3031743477      -322.7885638392 
        4.9500000000        -0.6986187099         1.1009448200       159.2021755762      -166.8079505233 
        4.9550000000        -0.6840876865         1.0219273240       158.1011768048      -284.7445118110 
        4.9600000000        -0.6540302597         1.0219273240       157.0001780333      -284.7445118110 
        4.9650000000        -0.6091286283         0.9811441002       154.9816802855      -345.6149950562 
        4.9700000000        -0.5504019025         1.0168294210       153.8806815140      -292.3533222166 
        4.9750000000        -0.4791829742         0.9607524883       152.0456835616      -376.0502366789 
        4.9800001000        -0.3970865255         0.9913399061       150.2106856091      -330.3973742449 
        4.9850000001        -0.3059810344         0.9734972457       148.3756876566      -357.0282106647 
        4.9900000001        -0.2079291047         0.9785951487       146.3571899089      -349.4194002591 
        4.9950000000        -0.1051579124         0.9938888576       145.2561911374      -326.5929690421 
        5.0000000000        -0.0000000000         0.9964378091       144.1551923659      -322.7885638392 
        5.0050000000         0.1051579124         1.0015357121       141.5861952324      -315.1797534336 
        5.0100000000         0.2079291071         1.0244762754       140.8521960514      -280.9401066081 
        5.0150000000         0.3059810367         1.0882000626       140.3016966657      -185.8299765374 
        5.0200000000         0.3970882644         1.1417280438       139.5676974847      -105.9374672780 
        5.0250001000         0.4791845134         1.1646686072       138.0996991227       -71.6978204525 
        5.0300000000         0.5504019025         1.2080007824       137.9161993274        -7.0229320044 
        5.0350000000         0.6091286283         1.2309413458       139.2006978942        27.2167148210 
        5.0400000000         0.6540302597         1.2029028795       137.9161993274       -14.6317424101 
        5.0450000000         0.6840876865         1.3532910171       139.2006978942       209.8281645568 
        5.0500000000         0.6986187099         1.3252525508       140.3016966657       167.9797073257 
        5.0550000000         0.6972935264         1.3864273864       140.6686962561       259.2854321936 
        5.0600000000         0.6801422130         1.3991721439       142.1366946181       278.3074582078 
        5.0650001000         0.6475532429         1.4068189983       143.4211931849       289.7206738163 
        5.0700000000         0.6002686593         1.4042700468       144.8891915469       285.9162686134 
        5.0750000000         0.5393592699         1.4501511736       147.2746888851       354.3955622644 
        5.0800000000         0.4662083072         1.4323085132       147.8251882708       327.7647258446 
        5.0850000000         0.3824760427         1.4195637558       150.0271858138       308.7426998304 
        5.0900000000         0.2900629067         1.4552490766       151.6786839711       362.0043726700 
        5.0950000000         0.1910663549         1.4374064162       153.3301821283       335.3735362502 
        5.1000000000         0.0877332635         1.4501511736       154.7981804903       354.3955622644 
        5.1050001000        -0.0175931776         1.4170148043       156.2661788523       304.9382946276 
        5.1100000001        -0.1225161438         1.4323085132       157.7341772143       327.7647258446 
        5.1150000001        -0.2246605292         1.4221127072       159.7526749620       312.5471050332 
        5.1200000000        -0.3217059024         1.3481931142       161.4041731192       202.2193541512 
        5.1250000000        -0.4114496766         1.2793714240       161.0371735287        99.5004136748 
        5.1300000000        -0.4918549789         1.2309413458       161.7711727097        27.2167148210 
        5.1350000000        -0.5610968894         1.2029028795       162.3216720955       -14.6317424101 
        5.1400000000        -0.6176038585         1.2130986854       161.9546725050         0.5858784012 
        5.1450000000        -0.6600933751         1.2181965884       162.1381723002         8.1946888069 
        5.1500001000        -0.6876014712         1.1570217527       161.0371735287       -83.1110360610 
        5.1550000000        -0.6995026308         1.0117315180       161.0371735287      -299.9621326223 
        5.1600000000        -0.6955279174         1.1009448200       159.7526749620      -166.8079505233 
        5.1650000000        -0.6757671472         1.0091825665       159.0186757810      -303.7665378251 
        5.1700000000        -0.6406688208         1.0219273240       157.0001780333      -284.7445118110 
        5.1750000000        -0.5910295479         0.9760461972       155.7156794665      -353.2238054619 
        5.1800000000        -0.5279759665         1.0142804695       153.8806815140      -296.1577274195 
        5.1850000000        -0.4529391731         0.9709482942       152.5961829473      -360.8326158675 
        5.1900001000        -0.3676204441         0.9836930517       150.2106856091      -341.8105898534 
        5.1950000000        -0.2739615668         0.9811441002       148.9261870423      -345.6149950562 
        5.2000000000        -0.1740829210         0.9709482942       146.1736901136      -360.8326158675 
        5.2050000000        -0.0702532004         0.9989867606       145.4396909326      -318.9841586364 
        5.2100000000         0.0351710227         0.9913399061       143.6046929801      -330.3973742449 
        5.2150000000         0.1397969864         1.0168294210       142.3201944134      -292.3533222166 
        5.2200000000         0.2412500462         1.0729063537       141.7696950276      -208.6564077544 
        5.2250000000         0.3372275719         1.1111406260       140.8521960514      -151.5903297119 
        5.2300001000         0.4255528849         1.1621196557       139.9346970752       -75.5022256554 
        5.2350000001         0.5042163192         1.2207455399       140.1181968704        11.9990940097 
        5.2400000001         0.5714374770         1.2283923943       139.7511972799        23.4123096182 
        5.2450000000         0.6256889969         1.2105497339       139.7511972799        -3.2185268016 
        5.2500000000         0.6657395614         1.2283923943       139.9346970752        23.4123096182 
        5.2550000000         0.6906801609         1.3991721439       140.4851964609       278.3074582078 
        5.2600000000         0.6999447309         1.3252525508       141.4026954371       167.9797073257 
        5.2650000000         0.6933229980         1.3991721439       142.1366946181       278.3074582078 
        5.2700000000         0.6709652523         1.3736826290       143.2376933896       240.2634061795 
        5.2750001000         0.6333780377         1.4450532706       144.8891915469       346.7867518587 
        5.2800000000         0.5814171294         1.4042700468       146.7241894993       285.9162686134 
        5.2850000000         0.5162591822         1.4501511736       148.5591874518       354.3955622644 
        5.2900000000         0.4393839529         1.4348574647       150.9446847901       331.5691310474 
        5.2950030000         0.3524815232         1.4425043191       151.4951841758       342.9823466559 
        5.3000000000         0.2576871869         1.4348574647       153.5136819235       331.5691310474 
        5.3050000000         0.1569895327         1.4628959310       155.8991792618       373.4175882785 
        5.3100000000         0.0527287639         1.4272106102       157.0001780333       320.1559154389 
        5.3150001000        -0.0527308694         1.4399553677       159.0186757810       339.1779414530 
        5.3200000000        -0.1569895327         1.4068189983       159.7526749620       289.7206738163 
        5.3250000000        -0.2576871869         1.3328994052       160.8536737335       179.3929229342 
        5.3300000000        -0.3525362411         1.2819203755       161.7711727097       103.3048188776 
        5.3350000000        -0.4393839529         1.2462350547       162.3216720955        50.0431460380 
        5.3400000000        -0.5162591822         1.2003539280       162.3216720955       -18.4361476129 
        5.3450000000        -0.5814171294         1.2283923943       162.8721714812        23.4123096182 
        5.3500000000        -0.6333789367         1.2105497339       162.1381723002        -3.2185268016 
        5.3550001000        -0.6709658541         1.2156476369       162.8721714812         4.3902836041 
        5.3600000001        -0.6933229983         1.0168294210       161.9546725050      -292.3533222166 
        5.3650000001        -0.6999447309         1.0907490141       160.4866741430      -182.0255713346 
        5.3700000000        -0.6906801609         1.0295741784       159.7526749620      -273.3312962025 
        5.3750000000        -0.6657395614         1.0244762754       157.5506774190      -280.9401066081 
        5.3800000000        -0.6256889969         0.9709482942       156.0826790570      -360.8326158675 
        5.3850000000        -0.5714374755         1.0066336150       154.7981804903      -307.5709430279 
        5.3900000000        -0.5042163174         0.9734972457       153.6971817188      -357.0282106647 
        5.3950000000        -0.4255512084         0.9811441002       151.4951841758      -345.6149950562 
        5.4000001000        -0.3372257215         0.9913399061       150.3941854043      -330.3973742449 
        5.4050000000        -0.2412500462         0.9658503913       148.0086880661      -368.4414262732 
        5.4100000000        -0.1397969864         0.9938888576       146.7241894993      -326.5929690421 
        5.4150000000        -0.0351710227         0.9811441002       144.3386921611      -345.6149950562 
        5.4200000000         0.0702532004         0.9964378091       142.5036942086      -322.7885638392 
        5.4250000000         0.1740829210         0.9964378091       141.5861952324      -322.7885638392 
        5.4300000000         0.2739615668         1.0627105477       140.1181968704      -223.8740285657 
        5.4350000000         0.3676222410         1.1111406260       139.3841976894      -151.5903297119 
        5.4400001000         0.4529407830         1.1595707042       138.6501985084       -79.3066308582 
        5.4450000000         0.5279759665         1.1876091705       138.0996991227       -37.4581736271 
        5.4500000000         0.5910295479         1.2207455399       138.2831989179        11.9990940097 
        5.4550000000         0.6406688208         1.2156476369       138.6501985084         4.3902836041 
        5.4600000000         0.6757671472         1.3354483567       139.0171980989       183.1973281370 
        5.4650000000         0.6955279174         1.3303504538       139.9346970752       175.5885177314 
        5.4700000000         0.6995026308         1.3711336775       140.6686962561       236.4590009766 
        5.4750000000         0.6876010755         1.3940742409       142.5036942086       270.6986478021 
        5.4800001000         0.6600926724         1.4246616587       143.7881927754       316.3515102361 
        5.4850000001         0.6176038573         1.4119169013       144.5221919564       297.3294842219 
        5.4900000001         0.5610968879         1.4399553677       145.9901903184       339.1779414530 
        5.4950000000         0.4918549789         1.4374064162       148.0086880661       335.3735362502 
        5.5000000000         0.4114496766         1.4246616587       149.1096868376       316.3515102361 
        5.5050000000         0.3217059024         1.4527001251       151.8621837663       358.1999674672 
        5.5100000000         0.2246605269         1.4348574647       152.4126831521       331.5691310474 
        5.5150000000         0.1225161413         1.4501511736       154.6146806950       354.3955622644 
        5.5200000000         0.0175910668         1.4272106102       156.2661788523       320.1559154389 
        5.5250001000        -0.0877353583         1.4246616587       157.5506774190       316.3515102361 
        5.5300000000        -0.1910663549         1.4017210954       159.0186757810       282.1118634106 
        5.5350000000        -0.2900629067         1.3558399686       160.8536737335       213.6325697597 
        5.5400000000        -0.3824760427         1.2844693270       161.2206733240       107.1092240804 
        5.5450000000        -0.4662083072         1.2258434428       162.1381723002        19.6079044154 
        5.5500000000        -0.5393592699         1.1876091705       161.0371735287       -37.4581736271 
        5.5550000000        -0.6002686593         1.2130986854       161.5876729145         0.5858784012 
        5.5600000000        -0.6475540448         1.2130986854       160.6701739382         0.5858784012 
        5.5650001000        -0.6801427124         1.1646686072       161.4041731192       -71.6978204525 
        5.5700000000        -0.6972935264         1.0091825665       160.4866741430      -303.7665378251 
        5.5750000000        -0.6986187099         1.1111406260       159.5691751667      -151.5903297119 
        5.5800000000        -0.6840876865         1.0040846636       157.9176770095      -311.3753482308 
        5.5850000000        -0.6540302597         1.0219273240       156.6331784428      -284.7445118110 
        5.5900000000        -0.6091286283         0.9760461972       155.3486798760      -353.2238054619 
        5.5950000000        -0.5504019025         1.0193783725       154.2476811045      -288.5489170138 
        5.6000000000        -0.4791829742         0.9658503913       152.0456835616      -368.4414262732 
        5.6050001000        -0.3970865255         0.9964378091       150.3941854043      -322.7885638392 
        5.6100000001        -0.3059810344         0.9734972457       148.7426872471      -357.0282106647 
        5.6150000001        -0.2079291047         0.9785951487       147.4581886803      -349.4194002591 
        5.6200000000        -0.1051579124         0.9887909546       144.8891915469      -334.2017794477 
        5.6250000000        -0.0000000000         0.9989867606       143.7881927754      -318.9841586364 
        5.6300000000         0.1051579124         0.9785951487       141.5861952324      -349.4194002591 
        5.6350000000         0.2079291071         1.0270252269       140.6686962561      -277.1357014053 
        5.6400000000         0.3059810367         1.0831021596       139.9346970752      -193.4387869431 
        5.6450000000         0.3970882644         1.1136895775       138.8336983037      -147.7859245091 
        5.6500001000         0.4791845134         1.1672175587       138.2831989179       -67.8934152497 
        5.6550000000         0.5504019025         1.2130986854       138.4666987132         0.5858784012 
        5.6600000000         0.6091286283         1.2283923943       137.9161993274        23.4123096182 
        5.6650000000         0.6540302597         1.2207455399       138.4666987132        11.9990940097 
        5.6700000000         0.6840876865         1.3456441627       139.0171980989       198.4149489484 
        5.6750000000         0.6986187099         1.3278015023       138.8336983037       171.7841125285 
        5.6800000000         0.6972935264         1.3762315805       140.1181968704       244.0678113823 
        5.6850000000         0.6801422130         1.3864273864       142.3201944134       259.2854321936 
        5.6900001000         0.6475532429         1.4374064162       143.9716925706       335.3735362502 
        5.6950000000         0.6002686593         1.4042700468       144.3386921611       285.9162686134 
        5.7000000000         0.5393592699         1.4476022221       145.6231907279       350.5911570615 
        5.7050000000         0.4662083072         1.4476022221       148.1921878613       350.5911570615 
        5.7100000000         0.3824760427         1.4297595617       149.6601862233       323.9603206417 
        5.7150000000         0.2900629067         1.4425043191       151.1281845853       342.9823466559 
        5.7200000000         0.1910663549         1.4527001251       153.1466823330       358.1999674672 
        5.7250000000         0.0877332635         1.4476022221       154.0641813093       350.5911570615 
        5.7300001000        -0.0175931776         1.4323085132       156.0826790570       327.7647258446 
        5.7350000001        -0.1225161438         1.4323085132       158.2846766000       327.7647258446 
        5.7400000001        -0.2246605292         1.4119169013       159.2021755762       297.3294842219 
        5.7450000000        -0.3217059024         1.3583889201       160.8536737335       217.4369749625 
        5.7500000000        -0.4114496766         1.2844693270       161.0371735287       107.1092240804 
        5.7550000000        -0.4918549789         1.2334902973       161.9546725050        31.0211200239 
        5.7600000000        -0.5610968894         1.1952560250       160.8536737335       -26.0449580186 
        5.7650000000        -0.6176038585         1.2156476369       161.4041731192         4.3902836041 
        5.7700000000        -0.6600933751         1.2130986854       161.2206733240         0.5858784012 
        5.7750001000        -0.6876014712         1.1009448200       160.8536737335      -166.8079505233 
        5.7800000000        -0.6995026308         1.0448678873       159.7526749620      -250.5048649855 
        5.7850000000        -0.6955279174         1.0882000626       158.4681763953      -185.8299765374 
        5.7900000000        -0.6757671472         1.0040846636       157.7341772143      -311.3753482308 
        5.7950000000        -0.6406688208         0.9938888576       155.5321796713      -326.5929690421 
        5.8000000000        -0.5910295479         0.9913399061       154.0641813093      -330.3973742449 
        5.8050000000        -0.5279759665         1.0168294210       153.8806815140      -292.3533222166 
        5.8100000000        -0.4529391731         0.9658503913       151.1281845853      -368.4414262732 
        5.8150019001        -0.3675881040         1.0040846636       149.8436860186      -311.3753482308 
        5.8200000000        -0.2739615668         0.9683993428       148.3756876566      -364.6370210704 
        5.8250000000        -0.1740829210         1.0091825665       146.5406897041      -303.7665378251 
        5.8300000000        -0.0702532004         0.9811441002       144.7056917516      -345.6149950562 
        5.8350000000         0.0351710227         1.0091825665       143.2376933896      -303.7665378251 
        5.8400000000         0.1397969864         0.9887909546       141.0356958466      -334.2017794477 
        5.8450000000         0.2412500462         1.0627105477       141.2191956419      -223.8740285657 
        5.8500000000         0.3372275719         1.1060427230       139.7511972799      -159.1991401176 
        5.8550001000         0.4255528849         1.1493748983       139.2006978942       -94.5242516695 
        5.8600000001         0.5042163192         1.2003539280       139.3841976894       -18.4361476129 
        5.8650000001         0.5714374770         1.2360392488       139.2006978942        34.8255252267 
        5.8700000000         0.6256889969         1.2029028795       138.2831989179       -14.6317424101 
        5.8750000000         0.6657395614         1.2615287636       138.4666987132        72.8695772550 
        5.8800000000         0.6906801609         1.3583889201       139.2006978942       217.4369749625 
        5.8850000000         0.6999447309         1.3252525508       141.0356958466       167.9797073257 
        5.8900000000         0.6933229980         1.3966231924       141.7696950276       274.5030530049 
        5.8950000000         0.6709652523         1.4042700468       143.0541935944       285.9162686134 
        5.9000001000         0.6333780377         1.3915252894       144.1551923659       266.8942425993 
        5.9050000000         0.5814171294         1.4170148043       145.9901903184       304.9382946276 
        5.9100000000         0.5162591822         1.4577980281       148.1921878613       365.8087778728 
        5.9150000000         0.4393839529         1.4348574647       149.6601862233       331.5691310474 
        5.9200000000         0.3525362411         1.4450532706       151.4951841758       346.7867518587 
        5.9250000000         0.2576871869         1.4374064162       152.7796827425       335.3735362502 
        5.9300000000         0.1569895327         1.4450532706       153.8806815140       346.7867518587 
        5.9350037000         0.0526508725         1.4399553677       156.8166782380       339.1779414530 
        5.9400001000        -0.0527308694         1.4297595617       157.7341772143       323.9603206417 
        5.9450000000        -0.1569895327         1.4144658528       158.8351759858       301.1338894247 
        5.9500000000        -0.2576871869         1.3481931142       159.3856753715       202.2193541512 
        5.9550000000        -0.3525362411         1.2844693270       160.6701739382       107.1092240804 
        5.9600000000        -0.4393839529         1.2436861032       162.1381723002        46.2387408352 
        5.9650000000        -0.5162591822         1.2003539280       161.2206733240       -18.4361476129 
        5.9700000000        -0.5814171294         1.2130986854       161.4041731192         0.5858784012 
        5.9750000000        -0.6333789367         1.2232944913       161.4041731192        15.8034992126 
        5.9800001000        -0.6709658541         1.2080007824       160.8536737335        -7.0229320044 
        5.9850000001        -0.6933229983         1.0142804695       160.6701739382      -296.1577274195 
        5.9900000001        -0.6999447309         1.0907490141       159.7526749620      -182.0255713346 
        5.9950000000        -0.6906801609         1.0499657903       158.1011768048      -242.8960545798 
        6.0000000000        -0.6657395614         1.0168294210       157.3671776238      -292.3533222166 
        6.0050000000        -0.6256889969         0.9938888576       155.8991792618      -326.5929690421 
        6.0100000000        -0.5714374755         1.0066336150       154.2476811045      -307.5709430279 
        6.0150000000        -0.5042163174         0.9862420032       152.5961829473      -338.0061846506 
        6.0200001000        -0.4255495319         0.9658503913       150.3941854043      -368.4414262732 
        6.0250001000        -0.3372257215         0.9964378091       149.1096868376      -322.7885638392 
        6.0300000000        -0.2412500462         0.9556545853       146.9076892946      -383.6590470845 
        6.0350000000        -0.1397969864         0.9964378091       145.2561911374      -322.7885638392 
        6.0400000000        -0.0351710227         0.9836930517       144.1551923659      -341.8105898534 
        6.0450000000         0.0702532004         1.0040846636       142.8706937991      -311.3753482308 
        6.0500000000         0.1740829210         1.0040846636       140.4851964609      -311.3753482308 
        6.0550000000         0.2739615668         1.0601615963       139.2006978942      -227.6784337685 
        6.0600000000         0.3676222410         1.1187874804       138.8336983037      -140.1771141034 
        6.0650001000         0.4529407830         1.1672175587       139.3841976894       -67.8934152497 
        6.0700000000         0.5279759665         1.1927070735       138.0996991227       -29.8493632214 
        6.0750000000         0.5910295479         1.2258434428       139.0171980989        19.6079044154 
        6.0800000000         0.6406688208         1.2130986854       138.2831989179         0.5858784012 
        6.0850000000         0.6757671472         1.3430952112       139.0171980989       194.6105437455 
        6.0900000000         0.6955279174         1.3176056963       139.0171980989       156.5664917172 
        6.0950000000         0.6995026308         1.3736826290       140.4851964609       240.2634061795 
        6.1000000000         0.6876010755         1.3838784350       141.9531948229       255.4810269908 
        6.1050001000         0.6600926724         1.4144658528       142.6871940039       301.1338894247 
        6.1100000001         0.6176038573         1.3940742409       144.5221919564       270.6986478021 
        6.1150000001         0.5610968879         1.4450532706       145.9901903184       346.7867518587 
        6.1200000000         0.4918549789         1.4476022221       148.1921878613       350.5911570615 
        6.1250000000         0.4114496766         1.4399553677       149.8436860186       339.1779414530 
        6.1300000000         0.3217059024         1.4425043191       151.3116843806       342.9823466559 
        6.1350048000         0.2245645509         1.4348574647       152.2291833568       331.5691310474 
        6.1400000000         0.1225161413         1.4552490766       154.9816802855       362.0043726700 
        6.1450001000         0.0175889560         1.4374064162       156.4496786475       335.3735362502 
        6.1500001000        -0.0877353583         1.4195637558       157.3671776238       308.7426998304 
        6.1550000000        -0.1910663549         1.4093679498       158.8351759858       293.5250790191 
        6.1600000000        -0.2900629067         1.3456441627       159.9361747572       198.4149489484 
        6.1650000000        -0.3824760427         1.2946651330       161.4041731192       122.3268448918 
        6.1700000000        -0.4662083072         1.2360392488       161.5876729145        34.8255252267 
        6.1750000000        -0.5393592699         1.1927070735       162.1381723002       -29.8493632214 
        6.1800000000        -0.6002686593         1.2130986854       161.5876729145         0.5858784012 
        6.1850000000        -0.6475540448         1.2181965884       161.4041731192         8.1946888069 
        6.1900001000        -0.6801427124         1.1774133646       160.8536737335       -52.6757944384 
        6.1950000000        -0.6972935264         0.9964378091       160.4866741430      -322.7885638392 
        6.2000000000        -0.6986187099         1.0932979656       159.2021755762      -178.2211661317 
        6.2050000000        -0.6840876865         1.0193783725       158.1011768048      -288.5489170138 
        6.2100000000        -0.6540302597         1.0193783725       156.4496786475      -288.5489170138 
        6.2150000000        -0.6091286283         0.9785951487       155.1651800808      -349.4194002591 
        6.2200000000        -0.5504019025         1.0168294210       153.5136819235      -292.3533222166 
        6.2250000000        -0.4791829742         0.9607524883       152.2291833568      -376.0502366789 
        6.2300001000        -0.3970865255         0.9913399061       150.3941854043      -330.3973742449 
        6.2350000001        -0.3059810344         0.9964378091       149.2931866328      -322.7885638392 
        6.2400000001        -0.2079291047         0.9683993428       146.7241894993      -364.6370210704 
        6.2450000000        -0.1051579124         0.9887909546       144.8891915469      -334.2017794477 
        6.2500000000        -0.0000000000         0.9964378091       143.2376933896      -322.7885638392 
        6.2550000000         0.1051579124         0.9887909546       141.7696950276      -334.2017794477 
        6.2600099001         0.2081286701         1.0295741784       141.2191956419      -273.3312962025 
        6.2650000000         0.3059810367         1.0780042567       139.5676974847      -201.0475973487 
        6.2700001000         0.3970900033         1.1187874804       138.4666987132      -140.1771141034 
        6.2750001000         0.4791845134         1.1544728012       138.2831989179       -86.9154412638 
        6.2800000000         0.5504019025         1.2105497339       139.3841976894        -3.2185268016 
        6.2850000000         0.6091286283         1.2334902973       138.6501985084        31.0211200239 
        6.2900000000         0.6540302597         1.2232944913       138.4666987132        15.8034992126 
        6.2950000000         0.6840876865         1.3736826290       139.2006978942       240.2634061795 
        6.3000000000         0.6986187099         1.3176056963       140.1181968704       156.5664917172 
        6.3050000000         0.6972935264         1.3991721439       140.6686962561       278.3074582078 
        6.3100000000         0.6801422130         1.3940742409       142.3201944134       270.6986478021 
        6.3150001000         0.6475532429         1.4272106102       144.3386921611       320.1559154389 
        6.3200000000         0.6002686593         1.4068189983       144.8891915469       289.7206738163 
        6.3250000000         0.5393592699         1.4450532706       146.7241894993       346.7867518587 
        6.3300000000         0.4662083072         1.4323085132       148.0086880661       327.7647258446 
        6.3350000000         0.3824760427         1.4195637558       149.8436860186       308.7426998304 
        6.3400000000         0.2900629067         1.4603469795       152.0456835616       369.6131830757 
        6.3450000000         0.1910663549         1.4374064162       153.3301821283       335.3735362502 
        6.3500000000         0.0877332635         1.4450532706       154.6146806950       346.7867518587 
        6.3550001000        -0.0175931776         1.4246616587       156.8166782380       316.3515102361 
        6.3600000001        -0.1225161438         1.4246616587       158.1011768048       316.3515102361 
        6.3650000001        -0.2246605292         1.4068189983       159.2021755762       289.7206738163 
        6.3700000000        -0.3217059024         1.3430952112       160.8536737335       194.6105437455 
        6.3750000000        -0.4114496766         1.2870182785       162.1381723002       110.9136292833 
        6.3800000000        -0.4918549789         1.2385882003       161.9546725050        38.6299304295 
        6.3850000000        -0.5610968894         1.1927070735       161.4041731192       -29.8493632214 
        6.3900000000        -0.6176038585         1.2156476369       161.4041731192         4.3902836041 
        6.3950001000        -0.6600940779         1.2130986854       161.4041731192         0.5858784012 
        6.4000001000        -0.6876014712         1.0932979656       162.1381723002      -178.2211661317 
        6.4050000000        -0.6995026308         1.0270252269       160.4866741430      -277.1357014053 
        6.4100000000        -0.6955279174         1.1034937715       160.3031743477      -163.0035453204 
        6.4150000000        -0.6757671472         1.0117315180       158.4681763953      -299.9621326223 
        6.4200000000        -0.6406688208         1.0193783725       157.5506774190      -288.5489170138 
        6.4250000000        -0.5910295479         0.9836930517       155.5321796713      -341.8105898534 
        6.4300000000        -0.5279759665         0.9989867606       153.5136819235      -318.9841586364 
        6.4350000000        -0.4529391731         0.9709482942       152.0456835616      -360.8326158675 
        6.4400001000        -0.3676204441         0.9938888576       150.7611849948      -326.5929690421 
        6.4450000000        -0.2739615668         0.9836930517       148.9261870423      -341.8105898534 
        6.4500000000        -0.1740829210         0.9785951487       147.0911890898      -349.4194002591 
        6.4550000000        -0.0702532004         1.0091825665       145.9901903184      -303.7665378251 
        6.4600000000         0.0351710227         0.9836930517       143.7881927754      -341.8105898534 
        6.4650000000         0.1397969864         1.0193783725       142.5036942086      -288.5489170138 
        6.4700006001         0.2412619390         1.0678084507       141.4026954371      -216.2652181600 
        6.4750000000         0.3372275719         1.1111406260       140.1181968704      -151.5903297119 
        6.4800001000         0.4255528849         1.1697665101       140.4851964609       -64.0890100469 
        6.4850000001         0.5042163192         1.2258434428       140.1181968704        19.6079044154 
        6.4900000001         0.5714374770         1.2283923943       139.2006978942        23.4123096182 
        6.4950000000         0.6256889969         1.2130986854       140.3016966657         0.5858784012 
        6.5000000000         0.6657395614         1.2207455399       139.9346970752        11.9990940097 
        6.5050000000         0.6906801609         1.4093679498       140.6686962561       293.5250790191 
        6.5100000000         0.6999447309         1.3278015023       141.4026954371       171.7841125285 
        6.5150000000         0.6933229980         1.4042700468       142.3201944134       285.9162686134 
        6.5200001000         0.6709646505         1.3787805320       144.1551923659       247.8722165851 
        6.5250001000         0.6333780377         1.4476022221       145.4396909326       350.5911570615 
        6.5300000000         0.5814171294         1.4068189983       146.7241894993       289.7206738163 
        6.5350028000         0.5162192601         1.4450532706       148.3756876566       346.7867518587 
        6.5400000000         0.4393839529         1.4297595617       150.3941854043       323.9603206417 
        6.5450000000         0.3525362411         1.4450532706       152.2291833568       346.7867518587 
        6.5500000000         0.2576871869         1.4399553677       153.6971817188       339.1779414530 
        6.5550000000         0.1569895327         1.4552490766       155.5321796713       362.0043726700 
        6.5600000000         0.0527287639         1.4374064162       157.7341772143       335.3735362502 
        6.5650001000        -0.0527308694         1.4348574647       158.8351759858       331.5691310474 
        6.5700000000        -0.1569895327         1.4093679498       160.3031743477       293.5250790191 
        6.5750000000        -0.2576871869         1.3379973082       161.4041731192       187.0017333399 
        6.5800000000        -0.3525362411         1.2921161815       162.6886716860       118.5224396889 
        6.5850000000        -0.4393839529         1.2538819092       162.3216720955        61.4563616465 
        6.5900000000        -0.5162591822         1.1927070735       162.1381723002       -29.8493632214 
        6.5950000000        -0.5814171294         1.2080007824       162.6886716860        -7.0229320044 
        6.6000000000        -0.6333789367         1.2207455399       162.8721714812        11.9990940097 
        6.6050052000        -0.6709965336         1.2130986854       162.8721714812         0.5858784012 
        6.6100000001        -0.6933229983         1.0015357121       161.7711727097      -315.1797534336 
        6.6150000001        -0.6999447309         1.1009448200       160.6701739382      -166.8079505233 
        6.6200000000        -0.6906801609         1.0270252269       160.4866741430      -277.1357014053 
        6.6250000000        -0.6657395614         1.0321231299       158.2846766000      -269.5268909996 
        6.6300000000        -0.6256889969         0.9862420032       156.8166782380      -338.0061846506 
        6.6350000000        -0.5714374755         0.9989867606       154.7981804903      -318.9841586364 
        6.6400000000        -0.5042163174         0.9658503913       154.2476811045      -368.4414262732 
        6.6450001000        -0.4255495319         0.9785951487       151.4951841758      -349.4194002591 
        6.6500001000        -0.3372257215         0.9913399061       150.7611849948      -330.3973742449 
        6.6550000000        -0.2412500462         0.9836930517       148.1921878613      -341.8105898534 
        6.6600000000        -0.1397969864         0.9760461972       145.9901903184      -353.2238054619 
        6.6650000000        -0.0351710227         0.9964378091       145.0726913421      -322.7885638392 
        6.6700000000         0.0702532004         0.9862420032       142.8706937991      -338.0061846506 
        6.6750000000         0.1740829210         1.0219273240       142.3201944134      -284.7445118110 
        6.6800000000         0.2739615668         1.0576126448       140.1181968704      -231.4828389714 
        6.6850000000         0.3676222410         1.1111406260       139.9346970752      -151.5903297119 
        6.6900001000         0.4529407830         1.1621196557       139.3841976894       -75.5022256554 
        6.6950000000         0.5279759665         1.1978049765       138.6501985084       -22.2405528157 
        6.7000000000         0.5910295479         1.2283923943       139.2006978942        23.4123096182 
        6.7050000000         0.6406688208         1.2105497339       139.2006978942        -3.2185268016 
        6.7100000000         0.6757671472         1.2997630359       139.3841976894       129.9356552974 
        6.7150000000         0.6955279174         1.3532910171       140.4851964609       209.8281645568 
        6.7200000000         0.6995026308         1.3507420656       141.0356958466       206.0237593540 
        6.7250000000         0.6876010755         1.4093679498       142.8706937991       293.5250790191 
        6.7300001000         0.6600926724         1.3991721439       143.7881927754       278.3074582078 
        6.7350000001         0.6176038573         1.4195637558       144.7056917516       308.7426998304 
        6.7400000001         0.5610968879         1.4221127072       146.9076892946       312.5471050332 
        6.7450000000         0.4918549789         1.4476022221       148.3756876566       350.5911570615 
        6.7500000000         0.4114496766         1.4221127072       150.0271858138       312.5471050332 
        6.7550000000         0.3217059024         1.4450532706       151.6786839711       346.7867518587 
        6.7600000000         0.2246605269         1.4297595617       153.1466823330       323.9603206417 
        6.7650000000         0.1225161413         1.4501511736       154.9816802855       354.3955622644 
        6.7700001000         0.0175889560         1.4323085132       157.3671776238       327.7647258446 
        6.7750001000        -0.0877353583         1.4297595617       158.2846766000       323.9603206417 
        6.7800000000        -0.1910663549         1.4195637558       160.6701739382       308.7426998304 
        6.7850050000        -0.2901589718         1.3303504538       160.3031743477       175.5885177314 
        6.7900000000        -0.3824760427         1.2819203755       161.5876729145       103.3048188776 
        6.7950000000        -0.4662083072         1.2283923943       161.4041731192        23.4123096182 
        6.8000000000        -0.5393592699         1.1927070735       161.9546725050       -29.8493632214 
        6.8050000000        -0.6002686593         1.2130986854       161.2206733240         0.5858784012 
        6.8100000000        -0.6475540448         1.2105497339       161.4041731192        -3.2185268016 
        6.8150001000        -0.6801427124         1.1901581220       161.9546725050       -33.6537684242 
        6.8200000000        -0.6972935264         0.9964378091       160.6701739382      -322.7885638392 
        6.8250000000        -0.6986187099         1.0958469171       159.3856753715      -174.4167609289 
        6.8300000000        -0.6840876865         1.0193783725       158.6516761905      -288.5489170138 
        6.8350000000        -0.6540302597         1.0193783725       157.1836778285      -288.5489170138 
        6.8400000000        -0.6091286283         0.9760461972       155.7156794665      -353.2238054619 
        6.8450000000        -0.5504019025         1.0142804695       154.0641813093      -296.1577274195 
        6.8500000000        -0.4791829742         0.9785951487       153.1466823330      -349.4194002591 
        6.8550001000        -0.3970865255         0.9836930517       150.3941854043      -341.8105898534 
        6.8600000001        -0.3059810344         0.9887909546       149.6601862233      -334.2017794477 
        6.8650000001        -0.2079291047         0.9683993428       146.9076892946      -364.6370210704 
        6.8700000000        -0.1051579124         1.0091825665       146.1736901136      -303.7665378251 
        6.8750000000        -0.0000000000         0.9913399061       144.3386921611      -330.3973742449 
        6.8800000000         0.1051579124         0.9887909546       142.1366946181      -334.2017794477 
        6.8850000000         0.2079291071         1.0168294210       140.8521960514      -292.3533222166 
        6.8900048000         0.3060721742         1.0729063537       139.9346970752      -208.6564077544 
        6.8950001000         0.3970900033         1.1264343349       139.0171980989      -128.7638984950 
        6.9000001000         0.4791845134         1.1646686072       138.6501985084       -71.6978204525 
        6.9050000000         0.5504019025         1.2105497339       138.2831989179        -3.2185268016 
        6.9100000000         0.6091286283         1.2207455399       137.9161993274        11.9990940097 
        6.9150000000         0.6540302597         1.2130986854       138.4666987132         0.5858784012 
        6.9200000000         0.6840876865         1.3303504538       139.3841976894       175.5885177314 
        6.9250000000         0.6986187099         1.3481931142       139.5676974847       202.2193541512 
        6.9300000000         0.6972935264         1.3583889201       140.4851964609       217.4369749625 
        6.9350000000         0.6801422130         1.4042700468       142.3201944134       285.9162686134 
        6.9400001000         0.6475532429         1.4144658528       143.7881927754       301.1338894247 
        6.9450000000         0.6002686593         1.4144658528       144.7056917516       301.1338894247 
        6.9500000000         0.5393592699         1.4399553677       146.9076892946       339.1779414530 
        6.9550000000         0.4662083072         1.4399553677       147.6416884756       339.1779414530 
        6.9600000000         0.3824760427         1.4195637558       149.2931866328       308.7426998304 
        6.9650000000         0.2900629067         1.4425043191       151.3116843806       342.9823466559 
        6.9700000000         0.1910663549         1.4450532706       153.1466823330       346.7867518587 
        6.9750000000         0.0877332635         1.4501511736       154.2476811045       354.3955622644 
        6.9800001000        -0.0175931776         1.4272106102       156.2661788523       320.1559154389 
        6.9850000001        -0.1225161438         1.4272106102       157.5506774190       320.1559154389 
        6.9900000001        -0.2246605292         1.4042700468       159.3856753715       285.9162686134 
        6.9950000000        -0.3217059024         1.3430952112       160.3031743477       194.6105437455 
        7.0000000000        -0.4114496766         1.2793714240       161.4041731192        99.5004136748 
        7.0050000000        -0.4918549789         1.2283923943       161.5876729145        23.4123096182 
        7.0100000000        -0.5610968894         1.2003539280       162.1381723002       -18.4361476129 
        7.0150000000        -0.6176038585         1.2130986854       161.4041731192         0.5858784012 
        7.0200001000        -0.6600940779         1.2181965884       161.2206733240         8.1946888069 
        7.0250001000        -0.6876014712         1.1136895775       160.4866741430      -147.7859245091 
        7.0300000000        -0.6995026308         1.0423189359       160.6701739382      -254.3092701883 
        7.0350000000        -0.6955279174         1.0932979656       158.8351759858      -178.2211661317 
        7.0400000000        -0.6757671472         0.9964378091       157.7341772143      -322.7885638392 
        7.0450000000        -0.6406688208         1.0168294210       156.8166782380      -292.3533222166 
        7.0500000000        -0.5910295479         0.9785951487       154.7981804903      -349.4194002591 
        7.0550000000        -0.5279759665         1.0091825665       152.9631825378      -303.7665378251 
        7.0600000000        -0.4529391731         0.9556545853       151.1281845853      -383.6590470845 
        7.0650001000        -0.3676204441         0.9964378091       149.4766864281      -322.7885638392 
        7.0700000000        -0.2739615668         0.9658503913       147.8251882708      -368.4414262732 
        7.0750000000        -0.1740829210         0.9887909546       146.7241894993      -334.2017794477 
        7.0800000000        -0.0702532004         0.9785951487       145.0726913421      -349.4194002591 
        7.0850000000         0.0351710227         1.0117315180       144.1551923659      -299.9621326223 
        7.0900000000         0.1397969864         0.9989867606       141.7696950276      -318.9841586364 
        7.0950055000         0.2413590415         1.0601615963       140.6686962561      -227.6784337685 
        7.1000000000         0.3372275719         1.1111406260       139.5676974847      -151.5903297119 
        7.1050001000         0.4255528849         1.1672175587       139.7511972799       -67.8934152497 
        7.1100000001         0.5042163192         1.2003539280       139.2006978942       -18.4361476129 
        7.1150000001         0.5714374770         1.2309413458       139.2006978942        27.2167148210 
        7.1200000000         0.6256889969         1.2054518309       139.5676974847       -10.8273372073 
        7.1250000000         0.6657395614         1.2309413458       139.0171980989        27.2167148210 
        7.1300000000         0.6906801609         1.3966231924       139.9346970752       274.5030530049 
        7.1350000000         0.6999447309         1.3176056963       140.1181968704       156.5664917172 
        7.1400000000         0.6933229980         1.4119169013       142.1366946181       297.3294842219 
        7.1450001000         0.6709646505         1.3864273864       143.2376933896       259.2854321936 
        7.1500001000         0.6333780377         1.4221127072       144.5221919564       312.5471050332 
        7.1550000000         0.5814171294         1.3991721439       145.6231907279       278.3074582078 
        7.1600000000         0.5162591822         1.4628959310       148.0086880661       373.4175882785 
        7.1650000000         0.4393839529         1.4323085132       150.0271858138       327.7647258446 
        7.1700000000         0.3525362411         1.4476022221       151.8621837663       350.5911570615 
        7.1750000000         0.2576871869         1.4374064162       152.7796827425       335.3735362502 
        7.1800000000         0.1569895327         1.4603469795       154.6146806950       369.6131830757 
        7.1850000000         0.0527287639         1.4297595617       156.8166782380       323.9603206417 
        7.1900001000        -0.0527308694         1.4323085132       157.7341772143       327.7647258446 
        7.1950000000        -0.1569895327         1.4144658528       159.2021755762       301.1338894247 
        7.2000000000        -0.2576871869         1.3507420656       161.4041731192       206.0237593540 
        7.2050000000        -0.3525362411         1.2870182785       161.4041731192       110.9136292833 
        7.2100000000        -0.4393839529         1.2309413458       161.4041731192        27.2167148210 
        7.2150000000        -0.5162591822         1.1927070735       161.9546725050       -29.8493632214 
        7.2200000000        -0.5814171294         1.2181965884       161.4041731192         8.1946888069 
        7.2250000000        -0.6333789367         1.2130986854       161.4041731192         0.5858784012 
        7.2300001000        -0.6709658541         1.2156476369       161.0371735287         4.3902836041 
        7.2350000001        -0.6933229983         1.0448678873       161.4041731192      -250.5048649855 
        7.2400000001        -0.6999447309         1.0627105477       159.5691751667      -223.8740285657 
        7.2450000000        -0.6906801609         1.0703574022       159.2021755762      -212.4608129572 
        7.2500000000        -0.6657395614         1.0142804695       157.3671776238      -296.1577274195 
        7.2550000000        -0.6256889969         0.9913399061       156.0826790570      -330.3973742449 
        7.2600000000        -0.5714374755         0.9938888576       153.8806815140      -326.5929690421 
        7.2650000000        -0.5042163174         0.9862420032       152.2291833568      -338.0061846506 
        7.2700001000        -0.4255495319         0.9734972457       151.6786839711      -357.0282106647 
        7.2750001000        -0.3372257215         0.9989867606       149.4766864281      -318.9841586364 
        7.2800000000        -0.2412500462         0.9633014398       147.6416884756      -372.2458314760 
        7.2850000000        -0.1397969864         1.0040846636       145.8066905231      -311.3753482308 
        7.2900000000        -0.0351710227         0.9785951487       144.1551923659      -349.4194002591 
        7.2950000000         0.0702532004         1.0091825665       143.0541935944      -303.7665378251 
        7.3000000000         0.1740829210         1.0066336150       141.2191956419      -307.5709430279 
        7.3050000000         0.2739615668         1.0729063537       139.9346970752      -208.6564077544 
        7.3100000000         0.3676222410         1.1136895775       139.2006978942      -147.7859245091 
        7.3150001000         0.4529407830         1.1595707042       138.6501985084       -79.3066308582 
        7.3200000000         0.5279759665         1.2130986854       138.2831989179         0.5858784012 
        7.3250000000         0.5910295479         1.2258434428       138.6501985084        19.6079044154 
        7.3300000000         0.6406688208         1.2130986854       138.4666987132         0.5858784012 
        7.3350000000         0.6757671472         1.3456441627       139.0171980989       198.4149489484 
        7.3400000000         0.6955279174         1.3125077934       139.3841976894       148.9576813116 
        7.3450000000         0.6995026308         1.3711336775       140.8521960514       236.4590009766 
        7.3500071000         0.6875729729         1.3762315805       141.4026954371       244.0678113823 
        7.3550001000         0.6600926724         1.4144658528       143.2376933896       301.1338894247 
        7.3600000001         0.6176038573         1.4042700468       144.5221919564       285.9162686134 
        7.3650060000         0.5610211437         1.4450532706       146.1736901136       346.7867518587 
        7.3700000000         0.4918549789         1.4348574647       147.4581886803       331.5691310474 
        7.3750000000         0.4114496766         1.4297595617       149.4766864281       323.9603206417 
        7.3800000000         0.3217059024         1.4527001251       151.8621837663       358.1999674672 
        7.3850000000         0.2246605269         1.4399553677       153.1466823330       339.1779414530 
        7.3900000000         0.1225161413         1.4527001251       154.6146806950       358.1999674672 
        7.3950001000         0.0175889560         1.4272106102       156.2661788523       320.1559154389 
        7.4000001000        -0.0877353583         1.4246616587       157.5506774190       316.3515102361 
        7.4050000000        -0.1910663549         1.4144658528       159.3856753715       301.1338894247 
        7.4100000000        -0.2900629067         1.3456441627       159.9361747572       198.4149489484 
        7.4150000000        -0.3824760427         1.2819203755       160.8536737335       103.3048188776 
        7.4200000000        -0.4662083072         1.2309413458       161.4041731192        27.2167148210 
        7.4250000000        -0.5393592699         1.1876091705       161.0371735287       -37.4581736271 
        7.4300000000        -0.6002686593         1.2130986854       160.8536737335         0.5858784012 
        7.4350000000        -0.6475540448         1.2232944913       161.5876729145        15.8034992126 
        7.4400001000        -0.6801427124         1.1927070735       161.4041731192       -29.8493632214 
        7.4450000000        -0.6972935264         0.9887909546       159.7526749620      -334.2017794477 
        7.4500000000        -0.6986187099         1.0932979656       159.9361747572      -178.2211661317 
        7.4550000000        -0.6840876865         1.0219273240       158.1011768048      -284.7445118110 
        7.4600000000        -0.6540302597         1.0219273240       157.7341772143      -284.7445118110 
        7.4650000000        -0.6091286283         0.9734972457       156.0826790570      -357.0282106647 
        7.4700000000        -0.5504019025         1.0168294210       153.8806815140      -292.3533222166 
        7.4750000000        -0.4791829742         0.9760461972       152.2291833568      -353.2238054619 
        7.4800001000        -0.3970865255         0.9836930517       151.4951841758      -341.8105898534 
        7.4850000001        -0.3059810344         0.9913399061       148.9261870423      -330.3973742449 
        7.4900000001        -0.2079291047         0.9709482942       147.6416884756      -360.8326158675 
        7.4950000000        -0.1051579124         0.9989867606       145.6231907279      -318.9841586364 
        7.5000000000        -0.0000000000         0.9913399061       144.1551923659      -330.3973742449 
        7.5050000000         0.1051579124         0.9938888576       141.9531948229      -326.5929690421 
        7.5100000000         0.2079291071         1.0193783725       141.2191956419      -288.5489170138 
        7.5150000000         0.3059810367         1.0678084507       139.2006978942      -216.2652181600 
        7.5200001000         0.3970900033         1.1111406260       138.6501985084      -151.5903297119 
        7.5250001000         0.4791845134         1.1570217527       138.0996991227       -83.1110360610 
        7.5300000000         0.5504019025         1.2054518309       138.4666987132       -10.8273372073 
        7.5350000000         0.6091286283         1.2309413458       138.0996991227        27.2167148210 
        7.5400000000         0.6540302597         1.2156476369       138.6501985084         4.3902836041 
        7.5450000000         0.6840876865         1.3762315805       139.7511972799       244.0678113823 
        7.5500000000         0.6986187099         1.3150567448       140.3016966657       152.7620865144 
        7.5550000000         0.6972935264         1.3889763379       140.8521960514       263.0898373965 
        7.5600000000         0.6801422130         1.3889763379       142.3201944134       263.0898373965 
        7.5650001000         0.6475532429         1.4144658528       143.0541935944       301.1338894247 
        7.5700000000         0.6002686593         1.4068189983       145.0726913421       289.7206738163 
        7.5750000000         0.5393592699         1.4399553677       146.1736901136       339.1779414530 
        7.5800000000         0.4662083072         1.4374064162       148.3756876566       335.3735362502 
        7.5850000000         0.3824760427         1.4272106102       150.3941854043       320.1559154389 
        7.5900000000         0.2900629067         1.4527001251       151.4951841758       358.1999674672 
        7.5950000000         0.1910663549         1.4450532706       153.5136819235       346.7867518587 
        7.6000000000         0.0877332635         1.4527001251       154.7981804903       358.1999674672 
        7.6050001000        -0.0175931776         1.4246616587       156.4496786475       316.3515102361 
        7.6100000001        -0.1225161438         1.4374064162       158.8351759858       335.3735362502 
        7.6150000001        -0.2246605292         1.4093679498       159.3856753715       293.5250790191 
        7.6200000000        -0.3217059024         1.3354483567       160.6701739382       183.1973281370 
        7.6250000000        -0.4114496766         1.2870182785       161.9546725050       110.9136292833 
        7.6300000000        -0.4918549789         1.2258434428       162.1381723002        19.6079044154 
        7.6350000000        -0.5610968894         1.1927070735       162.1381723002       -29.8493632214 
        7.6400000000        -0.6176038585         1.2130986854       161.7711727097         0.5858784012 
        7.6450001000        -0.6600940779         1.2207455399       162.6886716860        11.9990940097 
        7.6500001000        -0.6876014712         1.1544728012       161.7711727097       -86.9154412638 
        7.6550000000        -0.6995026308         1.0193783725       161.7711727097      -288.5489170138 
        7.6600000000        -0.6955279174         1.0882000626       159.3856753715      -185.8299765374 
        7.6650000000        -0.6757671472         1.0142804695       158.1011768048      -296.1577274195 
        7.6700000000        -0.6406688208         1.0193783725       157.3671776238      -288.5489170138 
        7.6750000000        -0.5910295479         0.9811441002       155.7156794665      -345.6149950562 
        7.6800000000        -0.5279759665         1.0066336150       154.6146806950      -307.5709430279 
        7.6850000000        -0.4529391731         0.9760461972       152.5961829473      -353.2238054619 
        7.6900001000        -0.3676204441         0.9836930517       150.3941854043      -341.8105898534 
        7.6950000000        -0.2739615668         0.9964378091       149.6601862233      -322.7885638392 
        7.7000000000        -0.1740829210         0.9709482942       147.4581886803      -360.8326158675 
        7.7050000000        -0.0702532004         1.0066336150       145.6231907279      -307.5709430279 
        7.7100000000         0.0351710227         0.9734972457       143.9716925706      -357.0282106647 
        7.7150000000         0.1397969864         1.0219273240       142.6871940039      -284.7445118110 
        7.7200000000         0.2412500462         1.0703574022       141.5861952324      -212.4608129572 
        7.7250000000         0.3372275719         1.1111406260       140.3016966657      -151.5903297119 
        7.7300001000         0.4255528849         1.1570217527       139.7511972799       -83.1110360610 
        7.7350000001         0.5042163192         1.2232944913       139.7511972799        15.8034992126 
        7.7400000001         0.5714374770         1.2207455399       139.7511972799        11.9990940097 
        7.7450000000         0.6256889969         1.2003539280       139.3841976894       -18.4361476129 
        7.7500000000         0.6657395614         1.2080007824       139.9346970752        -7.0229320044 
        7.7550043000         0.6906949192         1.3991721439       141.2191956419       278.3074582078 
        7.7600000000         0.6999447309         1.3405462597       142.1366946181       190.8061385427 
        7.7650000000         0.6933229980         1.4042700468       142.8706937991       285.9162686134 
        7.7700001000         0.6709646505         1.3787805320       144.3386921611       247.8722165851 
        7.7750001000         0.6333780377         1.4399553677       145.0726913421       339.1779414530 
        7.7800000000         0.5814171294         1.4119169013       147.0911890898       297.3294842219 
        7.7850000000         0.5162591822         1.4399553677       148.7426872471       339.1779414530 
        7.7900000000         0.4393839529         1.4348574647       150.3941854043       331.5691310474 
        7.7950000000         0.3525362411         1.4450532706       151.8621837663       346.7867518587 
        7.8000000000         0.2576871869         1.4425043191       154.0641813093       342.9823466559 
        7.8050000000         0.1569895327         1.4577980281       156.2661788523       365.8087778728 
        7.8100001000         0.0527266584         1.4348574647       157.3671776238       331.5691310474 
        7.8150001000        -0.0527308694         1.4399553677       159.3856753715       339.1779414530 
        7.8200000000        -0.1569895327         1.4170148043       161.2206733240       304.9382946276 
        7.8250000000        -0.2576871869         1.3532910171       161.7711727097       209.8281645568 
        7.8300000000        -0.3525362411         1.3125077934       163.0556712765       148.9576813116 
        7.8350000000        -0.4393839529         1.2666266666       163.2391710717        80.4783876607 
        7.8400000000        -0.5162591822         1.2334902973       163.6061706622        31.0211200239 
        7.8450000000        -0.5814171294         1.2080007824       163.7896704575        -7.0229320044 
        7.8500000000        -0.6333789367         1.2232944913       164.3401698432        15.8034992126 
        7.8550001000        -0.6709658541         1.2130986854       163.7896704575         0.5858784012 
        7.8600000001        -0.6933229983         1.0091825665       162.6886716860      -303.7665378251 
        7.8650000001        -0.6999447309         1.1111406260       161.0371735287      -151.5903297119 
        7.8700000000        -0.6906801609         1.0040846636       160.3031743477      -311.3753482308 
        7.8750000000        -0.6657395614         1.0499657903       159.0186757810      -242.8960545798 
        7.8800000000        -0.6256889969         0.9964378091       157.7341772143      -322.7885638392 
        7.8850000000        -0.5714374755         1.0040846636       155.5321796713      -311.3753482308 
        7.8900000000        -0.5042163174         0.9633014398       154.4311808998      -372.2458314760 
        7.8950001000        -0.4255495319         0.9862420032       152.5961829473      -338.0061846506 
        7.9000001000        -0.3372257215         0.9887909546       151.4951841758      -334.2017794477 
        7.9050000000        -0.2412500462         0.9785951487       149.2931866328      -349.4194002591 
        7.9100000000        -0.1397969864         0.9658503913       147.6416884756      -368.4414262732 
        7.9150000000        -0.0351710227         1.0091825665       145.8066905231      -303.7665378251 
        7.9200000000         0.0702532004         0.9734972457       144.3386921611      -357.0282106647 
        7.9250000000         0.1740829210         1.0295741784       143.0541935944      -273.3312962025 
        7.9300000000         0.2739615668         1.0678084507       141.5861952324      -216.2652181600 
        7.9350001000         0.3676240378         1.1136895775       140.6686962561      -147.7859245091 
        7.9400001000         0.4529407830         1.1519238497       139.9346970752       -90.7198464667 
        7.9450000000         0.5279759665         1.2258434428       140.1181968704        19.6079044154 
        7.9500000000         0.5910295479         1.2309413458       139.7511972799        27.2167148210 
        7.9550000000         0.6406688208         1.1978049765       140.1181968704       -22.2405528157 
        7.9600000000         0.6757671472         1.2513329577       140.8521960514        57.6519564437 
        7.9650000000         0.6955279174         1.3889763379       141.2191956419       263.0898373965 
        7.9700000000         0.6995026308         1.3354483567       142.1366946181       183.1973281370 
        7.9750000000         0.6876010755         1.4017210954       143.9716925706       282.1118634106 
        7.9800001000         0.6600926724         1.3889763379       144.1551923659       263.0898373965 
        7.9850000001         0.6176038573         1.4323085132       146.7241894993       327.7647258446 
        7.9900000001         0.5610968879         1.4144658528       147.6416884756       301.1338894247 
        7.9950000000         0.4918549789         1.4374064162       149.1096868376       335.3735362502 
        8.0000000000         0.4114496766         1.4374064162       151.1281845853       335.3735362502 
        8.0050000000         0.3217059024         1.4323085132       152.2291833568       327.7647258446 
        8.0100001000         0.2246585271         1.4476022221       154.2476811045       350.5911570615 
        8.0150000000         0.1225161413         1.4374064162       156.0826790570       335.3735362502 
        8.0200001000         0.0175889560         1.4246616587       157.3671776238       316.3515102361 
        8.0250000000        -0.0877332635         1.4399553677       159.7526749620       339.1779414530 
        8.0300000000        -0.1910663549         1.3940742409       160.6701739382       270.6986478021 
        8.0350000000        -0.2900629067         1.3252525508       161.5876729145       167.9797073257 
        8.0400000000        -0.3824760427         1.2946651330       162.6886716860       122.3268448918 
        8.0450001000        -0.4662098823         1.2411371518       162.5051718907        42.4343356324 
        8.0500000000        -0.5393592699         1.2029028795       162.5051718907       -14.6317424101 
        8.0550001000        -0.6002697456         1.2080007824       162.8721714812        -7.0229320044 
        8.0600000000        -0.6475540448         1.2130986854       162.3216720955         0.5858784012 
        8.0650001000        -0.6801427124         1.1646686072       161.9546725050       -71.6978204525 
        8.0700000000        -0.6972935264         1.0193783725       162.1381723002      -288.5489170138 
        8.0750000000        -0.6986187099         1.1060427230       161.4041731192      -159.1991401176 
        8.0800000000        -0.6840876865         1.0066336150       159.2021755762      -307.5709430279 
        8.0850000000        -0.6540302597         1.0321231299       158.2846766000      -269.5268909996 
        8.0900001000        -0.6091275879         0.9989867606       156.8166782380      -318.9841586364 
        8.0950000000        -0.5504019025         1.0193783725       156.0826790570      -288.5489170138 
        8.1000001000        -0.4791814349         0.9531056338       154.0641813093      -387.4634522873 
        8.1050000000        -0.3970882644         1.0193783725       152.5961829473      -288.5489170138 
        8.1100000001        -0.3059810344         0.9785951487       149.8436860186      -349.4194002591 
        8.1150000001        -0.2079291047         0.9811441002       148.5591874518      -345.6149950562 
        8.1200000000        -0.1051579124         0.9709482942       147.0911890898      -360.8326158675 
        8.1250001000         0.0000021115         1.0117315180       144.7056917516      -299.9621326223 
        8.1300000000         0.1051579124         0.9811441002       143.6046929801      -345.6149950562 
        8.1350001000         0.2079311233         1.0295741784       142.6871940039      -273.3312962025 
        8.1400090001         0.3061519167         1.0703574022       140.8521960514      -212.4608129572 
        8.1450001000         0.3970900033         1.1136895775       140.1181968704      -147.7859245091 
        8.1500000000         0.4791829741         1.1748644131       140.1181968704       -56.4801996412 
        8.1550000000         0.5504019025         1.2334902973       140.4851964609        31.0211200239 
        8.1600000000         0.6091286283         1.2130986854       139.7511972799         0.5858784012 
        8.1650000000         0.6540302597         1.2003539280       140.1181968704       -18.4361476129 
        8.1700001000         0.6840881341         1.2870182785       140.4851964609       110.9136292833 
        8.1750000000         0.6986187099         1.3864273864       140.6686962561       259.2854321936 
        8.1800001000         0.6972933409         1.3609378716       141.5861952324       221.2413801653 
        8.1850000000         0.6801422130         1.3966231924       143.6046929801       274.5030530049 
        8.1900001000         0.6475532429         1.4144658528       144.8891915469       301.1338894247 
        8.1950000000         0.6002686593         1.4323085132       146.9076892946       327.7647258446 
        8.2000000000         0.5393592699         1.4170148043       148.0086880661       304.9382946276 
        8.2050000000         0.4662083072         1.4501511736       149.8436860186       354.3955622644 
        8.2100000000         0.3824760427         1.4399553677       151.3116843806       339.1779414530 
        8.2150000000         0.2900629067         1.4399553677       153.8806815140       339.1779414530 
        8.2200000000         0.1910663549         1.4552490766       154.6146806950       362.0043726700 
        8.2250000000         0.0877332635         1.4272106102       156.0826790570       320.1559154389 
        8.2300000000        -0.0175910668         1.4425043191       158.4681763953       342.9823466559 
        8.2350000001        -0.1225161438         1.4323085132       158.8351759858       327.7647258446 
        8.2400000001        -0.2246605292         1.3889763379       161.2206733240       263.0898373965 
        8.2450000000        -0.3217059024         1.3227035993       161.9546725050       164.1753021229 
        8.2500001000        -0.4114513848         1.3048609389       162.8721714812       137.5444657031 
        8.2550000000        -0.4918549789         1.2640777151       163.7896704575        76.6739824578 
        8.2600000000        -0.5610968894         1.2232944913       163.7896704575        15.8034992126 
        8.2650000000        -0.6176038585         1.1927070735       163.4226708670       -29.8493632214 
        8.2700000000        -0.6600933751         1.2130986854       163.4226708670         0.5858784012 
        8.2750000000        -0.6876010755         1.0397699844       162.6886716860      -258.1136753912 
        8.2800000000        -0.6995026308         1.0932979656       161.9546725050      -178.2211661317 
        8.2850000000        -0.6955279174         1.0244762754       160.6701739382      -280.9401066081 
        8.2900000000        -0.6757671472         1.0372210329       159.5691751667      -261.9180805940 
        8.2950001000        -0.6406679701         1.0066336150       158.8351759858      -307.5709430279 
        8.3000000000        -0.5910295479         1.0168294210       156.6331784428      -292.3533222166 
        8.3050000000        -0.5279759665         0.9633014398       154.9816802855      -372.2458314760 
        8.3100000000        -0.4529391731         0.9785951487       153.3301821283      -349.4194002591 
        8.3150000000        -0.3676222410         0.9938888576       151.3116843806      -326.5929690421 
        8.3200000000        -0.2739615668         0.9760461972       149.8436860186      -353.2238054619 
        8.3250000000        -0.1740829210         0.9785951487       148.5591874518      -349.4194002591 
        8.3300000000        -0.0702532004         0.9964378091       147.0911890898      -322.7885638392 
        8.3350000000         0.0351710227         0.9989867606       145.0726913421      -318.9841586364 
        8.3400000000         0.1397969864         1.0040846636       143.0541935944      -311.3753482308 
        8.3450000000         0.2412500462         1.0703574022       142.3201944134      -212.4608129572 
        8.3500000000         0.3372275719         1.1085916745       141.5861952324      -155.3947349148 
        8.3550000000         0.4255512084         1.1519238497       140.6686962561       -90.7198464667 
        8.3600000001         0.5042163192         1.2029028795       140.4851964609       -14.6317424101 
        8.3650000001         0.5714374770         1.2334902973       140.6686962561        31.0211200239 
        8.3700000000         0.6256889969         1.2105497339       141.2191956419        -3.2185268016 
        8.3750001000         0.6657402139         1.2334902973       140.8521960514        31.0211200239 
        8.3800000000         0.6906801609         1.3838784350       140.8521960514       255.4810269908 
        8.3850000000         0.6999447309         1.3328994052       142.1366946181       179.3929229342 
        8.3900000000         0.6933229980         1.3966231924       143.0541935944       274.5030530049 
        8.3950000000         0.6709652523         1.3864273864       144.7056917516       259.2854321936 
        8.4000000000         0.6333789367         1.4323085132       146.1736901136       327.7647258446 
        8.4050000000         0.5814171294         1.4093679498       147.6416884756       293.5250790191 
        8.4100000000         0.5162591822         1.4399553677       149.8436860186       339.1779414530 
        8.4150000000         0.4393839529         1.4399553677       151.4951841758       339.1779414530 
        8.4200001000         0.3525344170         1.4272106102       152.4126831521       320.1559154389 
        8.4250000000         0.2576871869         1.4476022221       153.8806815140       350.5911570615 
        8.4300000000         0.1569895327         1.4399553677       156.0826790570       339.1779414530 
        8.4350000000         0.0527287639         1.4348574647       157.7341772143       331.5691310474 
        8.4400000000        -0.0527287639         1.4399553677       159.2021755762       339.1779414530 
        8.4450000000        -0.1569895327         1.4042700468       161.4041731192       285.9162686134 
        8.4500000000        -0.2576871869         1.3354483567       161.7711727097       183.1973281370 
        8.4550000000        -0.3525362411         1.2972140844       162.1381723002       126.1312500946 
        8.4600000000        -0.4393839529         1.2615287636       162.6886716860        72.8695772550 
        8.4650000000        -0.5162591822         1.2334902973       162.8721714812        31.0211200239 
        8.4700000000        -0.5814171294         1.2003539280       162.8721714812       -18.4361476129 
        8.4750000000        -0.6333789367         1.2207455399       163.9731702527        11.9990940097 
        8.4800000000        -0.6709652523         1.1748644131       163.0556712765       -56.4801996412 
        8.4850000001        -0.6933229983         1.0117315180       162.1381723002      -299.9621326223 
        8.4900000001        -0.6999447309         1.1060427230       161.4041731192      -159.1991401176 
        8.4950000000        -0.6906801609         1.0091825665       159.9361747572      -303.7665378251 
        8.5000001000        -0.6657389089         1.0372210329       158.8351759858      -261.9180805940 
        8.5050000000        -0.6256889969         0.9964378091       157.9176770095      -322.7885638392 
        8.5100000000        -0.5714374755         1.0117315180       156.2661788523      -299.9621326223 
        8.5150000000        -0.5042163174         0.9454587794       153.8806815140      -398.8766678958 
        8.5200000000        -0.4255512084         1.0040846636       152.5961829473      -311.3753482308 
        8.5250000000        -0.3372275719         0.9734972457       150.9446847901      -357.0282106647 
        8.5300000000        -0.2412500462         0.9862420032       148.9261870423      -338.0061846506 
        8.5350000000        -0.1397969864         0.9607524883       147.0911890898      -376.0502366789 
        8.5400000000        -0.0351710227         1.0193783725       145.9901903184      -288.5489170138 
        8.5450001000         0.0702553012         0.9709482942       144.3386921611      -360.8326158675 
        8.5500000000         0.1740829210         1.0321231299       143.0541935944      -269.5268909996 
        8.5550000000         0.2739615668         1.0678084507       141.2191956419      -216.2652181600 
        8.5600000000         0.3676222410         1.1213364319       140.4851964609      -136.3727089006 
        8.5650000000         0.4529391731         1.1748644131       139.7511972799       -56.4801996412 
        8.5700000000         0.5279759665         1.2283923943       140.6686962561        23.4123096182 
        8.5750000000         0.5910295479         1.2156476369       139.5676974847         4.3902836041 
        8.5800001000         0.6406696716         1.2105497339       140.3016966657        -3.2185268016 
        8.5850000000         0.6757671472         1.2232944913       139.9346970752        15.8034992126 
        8.5900000000         0.6955279174         1.4119169013       141.5861952324       297.3294842219 
        8.5950000000         0.6995026308         1.3430952112       142.1366946181       194.6105437455 
        8.6000000000         0.6876010755         1.4042700468       143.0541935944       285.9162686134 
        8.6050000000         0.6600933751         1.3889763379       144.7056917516       263.0898373965 
        8.6100000001         0.6176038573         1.4374064162       145.8066905231       335.3735362502 
        8.6150000001         0.5610968879         1.4119169013       147.4581886803       297.3294842219 
        8.6200020000         0.4918249352         1.4450532706       149.4766864281       346.7867518587 
        8.6250080000         0.4113130278         1.4374064162       151.1281845853       335.3735362502 
        8.6300000000         0.3217059024         1.4399553677       153.3301821283       339.1779414530 
        8.6350000000         0.2246605269         1.4501511736       154.6146806950       354.3955622644 
        8.6400000000         0.1225161413         1.4348574647       155.5321796713       331.5691310474 
        8.6450000000         0.0175910668         1.4323085132       157.5506774190       327.7647258446 
        8.6500000000        -0.0877332635         1.4399553677       159.3856753715       339.1779414530 
        8.6550000000        -0.1910663549         1.3813294835       161.2206733240       251.6766217880 
        8.6600000000        -0.2900629067         1.3354483567       161.4041731192       183.1973281370 
        8.6650000000        -0.3824760427         1.3048609389       162.1381723002       137.5444657031 
        8.6700001000        -0.4662098823         1.2717245696       163.4226708670        88.0871980663 
        8.6750000000        -0.5393592699         1.2411371518       164.3401698432        42.4343356324 
        8.6800000000        -0.6002686593         1.2207455399       164.1566700480        11.9990940097 
        8.6850000000        -0.6475540448         1.2232944913       164.1566700480        15.8034992126 
        8.6900000000        -0.6801422130         1.0958469171       163.2391710717      -174.4167609289 
        8.6950000000        -0.6972935264         1.0882000626       162.8721714812      -185.8299765374 
        8.7000000000        -0.6986187099         1.0627105477       160.8536737335      -223.8740285657 
        8.7050001000        -0.6840872388         1.0295741784       159.3856753715      -273.3312962025 
        8.7100000000        -0.6540302597         1.0117315180       158.6516761905      -299.9621326223 
        8.7150000000        -0.6091286283         1.0066336150       157.7341772143      -307.5709430279 
        8.7200000000        -0.5504019025         0.9989867606       156.2661788523      -318.9841586364 
        8.7250000000        -0.4791829742         0.9760461972       154.4311808998      -353.2238054619 
        8.7300000000        -0.3970882644         1.0015357121       153.3301821283      -315.1797534336 
        8.7350000001        -0.3059810344         0.9709482942       150.3941854043      -360.8326158675 
        8.7400000001        -0.2079291047         0.9887909546       148.7426872471      -334.2017794477 
        8.7450000000        -0.1051579124         0.9785951487       147.4581886803      -349.4194002591 
        8.7500001000         0.0000021115         1.0066336150       145.9901903184      -307.5709430279 
        8.7550000000         0.1051579124         0.9989867606       143.7881927754      -318.9841586364 
        8.7600000000         0.2079291071         1.0270252269       142.3201944134      -277.1357014053 
        8.7650000000         0.3059810367         1.0729063537       141.7696950276      -208.6564077544 
        8.7700000000         0.3970882644         1.1213364319       140.8521960514      -136.3727089006 
        8.7750000000         0.4791829741         1.1774133646       140.8521960514       -52.6757944384 
        8.7800000000         0.5504019025         1.2334902973       141.2191956419        31.0211200239 
        8.7850000000         0.6091286283         1.2207455399       140.4851964609        11.9990940097 
        8.7900000000         0.6540302597         1.2080007824       140.3016966657        -7.0229320044 
        8.7950001000         0.6840881341         1.2691756181       140.4851964609        84.2827928635 
        8.8000000000         0.6986187099         1.3966231924       141.5861952324       274.5030530049 
        8.8050000000         0.6972935264         1.3583889201       142.6871940039       217.4369749625 
        8.8100000000         0.6801422130         1.3889763379       143.7881927754       263.0898373965 
        8.8150000000         0.6475540448         1.4119169013       144.7056917516       297.3294842219 
        8.8200000000         0.6002686593         1.4246616587       146.3571899089       316.3515102361 
        8.8250000000         0.5393592699         1.4170148043       148.1921878613       304.9382946276 
        8.8300001000         0.4662067321         1.4450532706       150.2106856091       346.7867518587 
        8.8350000000         0.3824760427         1.4476022221       151.8621837663       350.5911570615 
        8.8400000000         0.2900629067         1.4374064162       153.3301821283       335.3735362502 
        8.8450000000         0.1910663549         1.4552490766       155.5321796713       362.0043726700 
        8.8500000000         0.0877332635         1.4348574647       156.8166782380       331.5691310474 
        8.8550000000        -0.0175910668         1.4374064162       159.2021755762       335.3735362502 
        8.8600000001        -0.1225161438         1.4246616587       160.3031743477       316.3515102361 
        8.8650000001        -0.2246605292         1.3966231924       161.7711727097       274.5030530049 
        8.8700000000        -0.3217059024         1.3558399686       162.6886716860       213.6325697597 
        8.8750001000        -0.4114513848         1.3252525508       163.4226708670       167.9797073257 
        8.8800000000        -0.4918549789         1.2819203755       164.5236696385       103.3048188776 
        8.8850000000        -0.5610968894         1.2640777151       165.0741690242        76.6739824578 
        8.8900000000        -0.6176038585         1.2181965884       165.8081682052         8.1946888069 
        8.8950000000        -0.6600933751         1.0907490141       163.6061706622      -182.0255713346 
        8.9000000000        -0.6876010755         1.1340811893       163.7896704575      -117.3506828865 
        8.9050000000        -0.6995026308         1.0499657903       162.1381723002      -242.8960545798 
        8.9100000000        -0.6955279174         1.0601615963       161.5876729145      -227.6784337685 
        8.9150000000        -0.6757671472         1.0066336150       160.1196745525      -307.5709430279 
        8.9200001000        -0.6406679701         1.0372210329       158.6516761905      -261.9180805940 
        8.9250000000        -0.5910295479         0.9734972457       157.5506774190      -357.0282106647 
        8.9300000000        -0.5279759665         0.9989867606       156.4496786475      -318.9841586364 
        8.9350000000        -0.4529391731         0.9734972457       154.0641813093      -357.0282106647 
        8.9400000000        -0.3676222410         0.9964378091       152.2291833568      -322.7885638392 
        8.9450000000        -0.2739615668         0.9760461972       151.6786839711      -353.2238054619 
        8.9500000000        -0.1740829210         0.9989867606       149.6601862233      -318.9841586364 
        8.9550001000        -0.0702510996         0.9785951487       148.1921878613      -349.4194002591 
        8.9600000000         0.0351710227         1.0117315180       145.9901903184      -299.9621326223 
        8.9650000000         0.1397969864         1.0168294210       144.3386921611      -292.3533222166 
        8.9700000000         0.2412500462         1.0805532081       143.4211931849      -197.2431921459 
        8.9750000000         0.3372275719         1.1111406260       142.3201944134      -151.5903297119 
        8.9800000000         0.4255512084         1.1570217527       141.7696950276       -83.1110360610 
        8.9850000001         0.5042163192         1.2105497339       142.1366946181        -3.2185268016 
        8.9900000001         0.5714374770         1.2232944913       141.5861952324        15.8034992126 
        8.9950000000         0.6256889969         1.2156476369       142.1366946181         4.3902836041 
        9.0000001000         0.6657402139         1.2080007824       141.4026954371        -7.0229320044 
        9.0050000000         0.6906801609         1.4042700468       142.6871940039       285.9162686134 
        9.0100000000         0.6999447309         1.3227035993       143.4211931849       164.1753021229 
        9.0150000000         0.6933229980         1.3889763379       144.1551923659       263.0898373965 
        9.0200000000         0.6709652523         1.3915252894       146.3571899089       266.8942425993 
        9.0250000000         0.6333789367         1.4348574647       147.4581886803       331.5691310474 
        9.0300000000         0.5814171294         1.4042700468       148.7426872471       285.9162686134 
        9.0350000000         0.5162591822         1.4374064162       150.5776851996       335.3735362502 
        9.0400000000         0.4393839529         1.4527001251       152.7796827425       358.1999674672 
        9.0450001000         0.3525344170         1.4272106102       153.8806815140       320.1559154389 
        9.0500000000         0.2576871869         1.4425043191       155.5321796713       342.9823466559 
        9.0550000000         0.1569895327         1.4246616587       156.4496786475       316.3515102361 
        9.0600000000         0.0527287639         1.4374064162       158.8351759858       335.3735362502 
        9.0650000000        -0.0527287639         1.4323085132       159.7526749620       327.7647258446 
        9.0700000000        -0.1569895327         1.4093679498       161.7711727097       293.5250790191 
        9.0750000000        -0.2576871869         1.3634868231       163.2391710717       225.0457853682 
        9.0800001000        -0.3525380653         1.3303504538       163.6061706622       175.5885177314 
        9.0850000000        -0.4393839529         1.3099588419       165.2576688194       145.1532761087 
        9.0900000000        -0.5162591822         1.2513329577       165.8081682052        57.6519564437 
        9.0950000000        -0.5814171294         1.2181965884       165.8081682052         8.1946888069 
        9.1000000000        -0.6333789367         1.1315322379       164.7071694337      -121.1550880893 
        9.1050000000        -0.6709652523         1.1111406260       163.9731702527      -151.5903297119 
        9.1100000001        -0.6933229983         1.0932979656       163.7896704575      -178.2211661317 
        9.1150000001        -0.6999447309         1.0499657903       163.2391710717      -242.8960545798 
        9.1200000000        -0.6906801609         1.0448678873       161.0371735287      -250.5048649855 
        9.1250001000        -0.6657389089         1.0193783725       160.1196745525      -288.5489170138 
        9.1300000000        -0.6256889969         1.0168294210       158.8351759858      -292.3533222166 
        9.1350000000        -0.5714374755         0.9811441002       157.1836778285      -345.6149950562 
        9.1400000000        -0.5042163174         0.9913399061       156.2661788523      -330.3973742449 
        9.1450000000        -0.4255512084         0.9760461972       153.8806815140      -353.2238054619 
        9.1500000000        -0.3372275719         0.9785951487       151.6786839711      -349.4194002591 
        9.1550000000        -0.2412500462         0.9811441002       150.5776851996      -345.6149950562 
        9.1600000000        -0.1397969864         0.9887909546       148.5591874518      -334.2017794477 
        9.1650000000        -0.0351710227         0.9734972457       147.0911890898      -357.0282106647 
        9.1700001000         0.0702553012         1.0015357121       144.7056917516      -315.1797534336 
        9.1750000000         0.1740829210         1.0117315180       144.3386921611      -299.9621326223 
        9.1800000000         0.2739615668         1.0678084507       142.1366946181      -216.2652181600 
        9.1850000000         0.3676222410         1.1034937715       141.7696950276      -163.0035453204 
        9.1900000000         0.4529391731         1.1493748983       141.0356958466       -94.5242516695 
        9.1950000000         0.5279759665         1.1952560250       140.1181968704       -26.0449580186 
        9.2000000000         0.5910295479         1.2334902973       141.0356958466        31.0211200239 
        9.2050001000         0.6406696716         1.2156476369       141.5861952324         4.3902836041 
        9.2100000000         0.6757671472         1.2742735211       141.9531948229        91.8916032691 
        9.2150000000         0.6955279174         1.3762315805       142.5036942086       244.0678113823 
        9.2200000000         0.6995026308         1.3379973082       142.8706937991       187.0017333399 
        9.2250000000         0.6876010755         1.4042700468       144.7056917516       285.9162686134 
        9.2300000000         0.6600933751         1.4068189983       145.9901903184       289.7206738163 
        9.2350000001         0.6176038573         1.4246616587       146.9076892946       316.3515102361 
        9.2400000001         0.5610968879         1.4017210954       148.3756876566       282.1118634106 
        9.2450000000         0.4918549789         1.4374064162       150.2106856091       335.3735362502 
        9.2500001000         0.4114479684         1.4399553677       152.2291833568       339.1779414530 
        9.2550000000         0.3217059024         1.4348574647       153.5136819235       331.5691310474 
        9.2600000000         0.2246605269         1.4425043191       155.5321796713       342.9823466559 
        9.2650000000         0.1225161413         1.4272106102       157.3671776238       320.1559154389 
        9.2700000000         0.0175910668         1.4297595617       158.4681763953       323.9603206417 
        9.2750000000        -0.0877332635         1.4323085132       159.9361747572       327.7647258446 
        9.2800000000        -0.1910663549         1.3889763379       161.9546725050       263.0898373965 
        9.2850000000        -0.2900629067         1.3252525508       162.1381723002       167.9797073257 
        9.2900000000        -0.3824760427         1.3048609389       163.6061706622       137.5444657031 
        9.2950001000        -0.4662098823         1.2589798122       163.2391710717        69.0651720522 
        9.3000000000        -0.5393592699         1.2334902973       163.7896704575        31.0211200239 
        9.3050000000        -0.6002686593         1.2080007824       163.9731702527        -7.0229320044 
        9.3100000000        -0.6475540448         1.2080007824       163.6061706622        -7.0229320044 
        9.3150000000        -0.6801422130         1.0372210329       162.6886716860      -261.9180805940 
        9.3200000000        -0.6972935264         1.1085916745       161.9546725050      -155.3947349148 
        9.3250000000        -0.6986187099         1.0142804695       161.9546725050      -296.1577274195 
        9.3300001000        -0.6840872388         1.0448678873       159.9361747572      -250.5048649855 
        9.3350000000        -0.6540302597         0.9989867606       158.2846766000      -318.9841586364 
        9.3400000000        -0.6091286283         1.0193783725       157.0001780333      -288.5489170138 
        9.3450000000        -0.5504019025         0.9480077309       156.0826790570      -395.0722626930 
        9.3500000000        -0.4791829742         0.9785951487       153.8806815140      -349.4194002591 
        9.3550000000        -0.3970882644         0.9913399061       152.4126831521      -330.3973742449 
        9.3600000001        -0.3059810344         0.9836930517       150.5776851996      -341.8105898534 
        9.3650000001        -0.2079291047         0.9658503913       148.1921878613      -368.4414262732 
        9.3700000000        -0.1051579124         0.9862420032       146.9076892946      -338.0061846506 
        9.3750001000         0.0000021115         0.9862420032       144.7056917516      -338.0061846506 
        9.3800000000         0.1051579124         0.9964378091       143.0541935944      -322.7885638392 
        9.3850000000         0.2079291071         1.0270252269       142.3201944134      -277.1357014053 
        9.3900000000         0.3059810367         1.0754553052       141.5861952324      -204.8520025515 
        9.3950000000         0.3970882644         1.1289832864       140.4851964609      -124.9594932921 
        9.4000000000         0.4791829741         1.1748644131       139.9346970752       -56.4801996412 
        9.4050000000         0.5504019025         1.2411371518       140.3016966657        42.4343356324 
        9.4100000000         0.6091286283         1.2130986854       140.1181968704         0.5858784012 
        9.4150000000         0.6540302597         1.2080007824       139.9346970752        -7.0229320044 
        9.4200001000         0.6840881341         1.2717245696       139.9346970752        88.0871980663 
        9.4250000000         0.6986187099         1.3991721439       141.5861952324       278.3074582078 
        9.4300000000         0.6972935264         1.3354483567       141.4026954371       183.1973281370 
        9.4350000000         0.6801422130         1.4144658528       142.8706937991       301.1338894247 
        9.4400000000         0.6475540448         1.4042700468       145.0726913421       285.9162686134 
        9.4450000000         0.6002686593         1.4348574647       145.9901903184       331.5691310474 
        9.4500000000         0.5393592699         1.4144658528       147.6416884756       301.1338894247 
        9.4550001000         0.4662067321         1.4425043191       149.4766864281       342.9823466559 
        9.4600000000         0.3824760427         1.4374064162       151.1281845853       335.3735362502 
        9.4650000000         0.2900629067         1.4399553677       152.7796827425       339.1779414530 
        9.4700000000         0.1910663549         1.4425043191       154.0641813093       342.9823466559 
        9.4750000000         0.0877332635         1.4297595617       155.7156794665       323.9603206417 
        9.4800000000        -0.0175910668         1.4323085132       157.7341772143       327.7647258446 
        9.4850000001        -0.1225161438         1.4425043191       160.1196745525       342.9823466559 
        9.4900000001        -0.2246605292         1.3838784350       160.6701739382       255.4810269908 
        9.4950000000        -0.3217059024         1.3278015023       161.7711727097       171.7841125285 
        9.5000001000        -0.4114513848         1.2895672300       162.1381723002       114.7180344861 
        9.5050000000        -0.4918549789         1.2513329577       162.6886716860        57.6519564437 
        9.5100000000        -0.5610968894         1.2207455399       162.8721714812        11.9990940097 
        9.5150000000        -0.6176038585         1.1927070735       162.3216720955       -29.8493632214 
        9.5200000000        -0.6600933751         1.2156476369       162.8721714812         4.3902836041 
        9.5250000000        -0.6876010755         1.0525147418       162.5051718907      -239.0916493770 
        9.5300000000        -0.6995026308         1.1009448200       162.1381723002      -166.8079505233 
        9.5350000000        -0.6955279174         1.0193783725       160.4866741430      -288.5489170138 
        9.5400000000        -0.6757671472         1.0346720814       159.0186757810      -265.7224857968 
        9.5450001000        -0.6406679701         1.0117315180       157.7341772143      -299.9621326223 
        9.5500000000        -0.5910295479         0.9989867606       155.7156794665      -318.9841586364 
        9.5550000000        -0.5279759665         0.9913399061       154.7981804903      -330.3973742449 
        9.5600000000        -0.4529391731         0.9760461972       153.5136819235      -353.2238054619 
        9.5650000000        -0.3676222410         1.0117315180       151.8621837663      -299.9621326223 
        9.5700000000        -0.2739615668         0.9734972457       149.6601862233      -357.0282106647 
        9.5750000000        -0.1740829210         0.9734972457       148.0086880661      -357.0282106647 
        9.5800001000        -0.0702510996         1.0117315180       145.9901903184      -299.9621326223 
        9.5850000000         0.0351710227         0.9887909546       144.5221919564      -334.2017794477 
        9.5900000000         0.1397969864         1.0091825665       142.5036942086      -303.7665378251 
        9.5950000000         0.2412500462         1.0601615963       141.2191956419      -227.6784337685 
        9.6000000000         0.3372275719         1.1060427230       140.6686962561      -159.1991401176 
        9.6050000000         0.4255512084         1.1595707042       140.4851964609       -79.3066308582 
        9.6100000001         0.5042163192         1.2207455399       140.4851964609        11.9990940097 
        9.6150000001         0.5714374770         1.2334902973       140.1181968704        31.0211200239 
        9.6200000000         0.6256889969         1.2029028795       140.1181968704       -14.6317424101 
        9.6250001000         0.6657402139         1.2130986854       140.1181968704         0.5858784012 
        9.6300000000         0.6906801609         1.3838784350       140.3016966657       255.4810269908 
        9.6350000000         0.6999447309         1.3405462597       141.2191956419       190.8061385427 
        9.6400000000         0.6933229980         1.3889763379       142.1366946181       263.0898373965 
        9.6450000000         0.6709652523         1.3864273864       144.7056917516       259.2854321936 
        9.6500000000         0.6333789367         1.4297595617       145.4396909326       323.9603206417 
        9.6550000000         0.5814171294         1.4042700468       146.5406897041       285.9162686134 
        9.6600000000         0.5162591822         1.4374064162       148.1921878613       335.3735362502 
        9.6650000000         0.4393839529         1.4323085132       150.3941854043       327.7647258446 
        9.6700001000         0.3525344170         1.4399553677       151.6786839711       339.1779414530 
        9.6750000000         0.2576871869         1.4348574647       153.6971817188       331.5691310474 
        9.6800000000         0.1569895327         1.4374064162       156.6331784428       335.3735362502 
        9.6850000000         0.0527287639         1.4374064162       157.7341772143       335.3735362502 
        9.6900000000        -0.0527287639         1.4348574647       158.6516761905       331.5691310474 
        9.6950000000        -0.1569895327         1.4119169013       160.4866741430       297.3294842219 
        9.7000000000        -0.2576871869         1.3379973082       160.8536737335       187.0017333399 
        9.7050001000        -0.3525380653         1.2921161815       161.7711727097       118.5224396889 
        9.7100000000        -0.4393839529         1.2666266666       163.0556712765        80.4783876607 
        9.7150000000        -0.5162591822         1.2283923943       162.8721714812        23.4123096182 
        9.7200000000        -0.5814171294         1.2003539280       162.6886716860       -18.4361476129 
        9.7250000000        -0.6333789367         1.2181965884       162.8721714812         8.1946888069 
        9.7300000000        -0.6709652523         1.2156476369       162.6886716860         4.3902836041 
        9.7350000001        -0.6933229983         0.9938888576       161.5876729145      -326.5929690421 
        9.7400000001        -0.6999447309         1.1034937715       160.4866741430      -163.0035453204 
        9.7450000000        -0.6906801609         1.0066336150       159.3856753715      -307.5709430279 
        9.7500001000        -0.6657389089         1.0474168388       158.6516761905      -246.7004597827 
        9.7550201000        -0.6254986145         0.9811441002       156.4496786475      -345.6149950562 
        9.7600000000        -0.5714374755         1.0091825665       155.5321796713      -303.7665378251 
        9.7650000000        -0.5042163174         0.9556545853       153.8806815140      -383.6590470845 
        9.7700000000        -0.4255512084         1.0066336150       152.5961829473      -307.5709430279 
        9.7750000000        -0.3372275719         0.9862420032       150.2106856091      -338.0061846506 
        9.7800000000        -0.2412500462         0.9862420032       148.7426872471      -338.0061846506 
        9.7850000000        -0.1397969864         0.9862420032       147.2746888851      -338.0061846506 
        9.7900000000        -0.0351710227         1.0066336150       145.2561911374      -307.5709430279 
        9.7950001000         0.0702553012         0.9913399061       144.1551923659      -330.3973742449 
        9.8000000000         0.1740829210         1.0244762754       142.1366946181      -280.9401066081 
        9.8050000000         0.2739615668         1.0703574022       141.0356958466      -212.4608129572 
        9.8100000000         0.3676222410         1.1085916745       140.3016966657      -155.3947349148 
        9.8150000000         0.4529391731         1.1672175587       139.0171980989       -67.8934152497 
        9.8200000000         0.5279759665         1.2156476369       139.2006978942         4.3902836041 
        9.8250000000         0.5910295479         1.2181965884       139.3841976894         8.1946888069 
        9.8300001000         0.6406696716         1.2080007824       139.7511972799        -7.0229320044 
        9.8350000000         0.6757671472         1.2411371518       140.1181968704        42.4343356324 
        9.8400000000         0.6955279174         1.3966231924       139.9346970752       274.5030530049 
        9.8450000000         0.6995026308         1.3278015023       141.5861952324       171.7841125285 
        9.8500000000         0.6876010755         1.4170148043       143.2376933896       304.9382946276 
        9.8550000000         0.6600933751         1.3787805320       143.6046929801       247.8722165851 
        9.8600000001         0.6176038573         1.4501511736       145.6231907279       354.3955622644 
        9.8650000001         0.5610968879         1.4093679498       147.4581886803       293.5250790191 
        9.8700000000         0.4918549789         1.4399553677       148.5591874518       339.1779414530 
        9.8750001000         0.4114479684         1.4272106102       150.5776851996       320.1559154389 
        9.8800000000         0.3217059024         1.4399553677       152.2291833568       339.1779414530 
        9.8850000000         0.2246605269         1.4552490766       154.4311808998       362.0043726700 
        9.8902497000         0.1173225448         1.4527001251       156.0826790570       358.1999674672 
        9.8950000000         0.0175910668         1.4323085132       157.7341772143       327.7647258446 
        9.9000000000        -0.0877332635         1.4348574647       158.8351759858       331.5691310474 
        9.9050000000        -0.1910663549         1.3991721439       160.3031743477       278.3074582078 
        9.9100000000        -0.2900629067         1.3456441627       161.9546725050       198.4149489484 
        9.9150000000        -0.3824760427         1.2997630359       162.6886716860       129.9356552974 
        9.9200001000        -0.4662098823         1.2640777151       162.6886716860        76.6739824578 
        9.9250000000        -0.5393592699         1.2105497339       163.0556712765        -3.2185268016 
        9.9300000000        -0.6002686593         1.2003539280       162.6886716860       -18.4361476129 
        9.9350000000        -0.6475540448         1.2258434428       163.2391710717        19.6079044154 
        9.9400000000        -0.6801422130         1.1774133646       162.1381723002       -52.6757944384 
        9.9450000000        -0.6972935264         1.0015357121       161.4041731192      -315.1797534336 
        9.9500000000        -0.6986187099         1.0932979656       160.1196745525      -178.2211661317 
        9.9550001000        -0.6840872388         1.0091825665       159.9361747572      -303.7665378251 
        9.9600000000        -0.6540302597         1.0295741784       157.5506774190      -273.3312962025 
        9.9650000000        -0.6091286283         0.9709482942       156.0826790570      -360.8326158675 
        9.9700000000        -0.5504019025         1.0168294210       154.7981804903      -292.3533222166 
        9.9750000000        -0.4791829742         0.9531056338       153.3301821283      -387.4634522873 
        9.9800000000        -0.3970882644         1.0040846636       151.6786839711      -311.3753482308 
        9.9850000001        -0.3059810344         0.9887909546       150.5776851996      -334.2017794477 
        9.9900000001        -0.2079291047         0.9683993428       147.6416884756      -364.6370210704 
        9.9950000000        -0.1051579124         0.9989867606       146.9076892946      -318.9841586364 
