           Time[sec]           V_{cmd}[V]          V_{gyro}[V] \omega_{gyro}[rad/s]          \theta[rad] 
        0.0000000000         0.0000000000         1.2181965884         0.1281508360         0.0469519638 
        0.0050000000         0.0197893967         1.2130986854        -0.0046479578         0.0341412614 
        0.0100000000         0.0395629741         1.2207455399         0.1945502328         0.0469519638 
        0.0150000000         0.0593049255         1.2232944913         0.2609496297         0.0437492882 
        0.0200029000         0.0790108755         1.2130986854        -0.0046479578         0.0405466126 
        0.0250000000         0.0986308625         1.2080007824        -0.1374467515         0.0309385858 
        0.0300000000         0.1181834113         1.2080007824        -0.1374467515         0.0277359102 
        0.0350000000         0.1376414862         1.2130986854        -0.0046479578         0.0373439370 
        0.0400000000         0.1569895327         1.2130986854        -0.0046479578         0.0341412614 
        0.0450000000         0.1762120841         1.2666266666         1.3897393765         0.0469519638 
        0.0500000000         0.1952937743         1.3176056963         2.7177273139         0.0533573151 
        0.0550000000         0.2142193496         1.2717245696         1.5225381702         0.0533573151 
        0.0600000000         0.2329736813         1.2666266666         1.3897393765         0.0533573151 
        0.0650000000         0.2515417772         1.3150567448         2.6513279170         0.0693706931 
        0.0700000000         0.2699087946         1.2921161815         2.0537333452         0.0789787199 
        0.0750000000         0.2880600510         1.3176056963         2.7177273139         0.0949920979 
        0.0800000000         0.3059810368         1.3074098904         2.4521297264         0.1078028003 
        0.0850000000         0.3236574258         1.3125077934         2.5849285201         0.1174108271 
        0.0900000000         0.3410750881         1.3252525508         2.9169255045         0.1334242051 
        0.0950000000         0.3582201001         1.3405462597         3.3153218857         0.1462349076 
        0.1000000000         0.3750787565         1.3430952112         3.3817212826         0.1750589880 
        0.1050000000         0.3916375807         1.3532910171         3.6473188700         0.1878696904 
        0.1100000000         0.4078833358         1.3379973082         3.2489224888         0.1974777172 
        0.1150000000         0.4238030353         1.3558399686         3.7137182669         0.2134910952 
        0.1200000000         0.4393839530         1.3558399686         3.7137182669         0.2230991221 
        0.1250000000         0.4546136338         1.3634868231         3.9129164575         0.2455178513 
        0.1300000000         0.4694799036         1.3685847260         4.0457152513         0.2647339049 
        0.1350000000         0.4839708783         1.3838784350         4.4441116325         0.2839499585 
        0.1400000000         0.4980749740         1.3966231924         4.7761086168         0.3127740390 
        0.1450000000         0.5117809164         1.3991721439         4.8425080137         0.3287874170 
        0.1500699000         0.5252606879         1.4017210954         4.9089074106         0.3640168486 
        0.1550000000         0.5379548421         1.4272106102         5.5729013792         0.3864355778 
        0.1600000000         0.5504019025         1.4195637558         5.3737031886         0.4152596583 
        0.1650000000         0.5624089801         1.4476022221         6.1040965542         0.4504890899 
        0.1700000000         0.5739664765         1.4399553677         5.9048983636         0.4697051435 
        0.1750000000         0.5850651530         1.4577980281         6.3696941417         0.5017318996 
        0.1800000000         0.5956961373         1.4654448825         6.5688923323         0.5337586556 
        0.1850000000         0.6058509312         1.4781896399         6.9008893166         0.5625827361 
        0.1900000000         0.6155214171         1.4527001251         6.2368953479         0.5914068165 
        0.1950000000         0.6246998647         1.4934833489         7.2992856979         0.6202308969 
        0.2000000000         0.6333789367         1.4730917370         6.7680905229         0.6554603286 
        0.2050000000         0.6415516954         1.4934833489         7.2992856979         0.6938924358 
        0.2100000000         0.6492116074         1.4909343974         7.2328863010         0.7227165162 
        0.2150000000         0.6563525495         1.5164239122         7.8968802697         0.7803646771 
        0.2200000000         0.6629688135         1.5266197182         8.1624778572         0.8252021356 
        0.2250000000         0.6690551104         1.5189728637         7.9632796665         0.8540262160 
        0.2300000000         0.6746065748         1.5368155241         8.4280754446         0.8860529720 
        0.2350000000         0.6796187691         1.5215218152         8.0296790634         0.9340931061 
        0.2400000000         0.6840876865         1.5572071360         8.9592706196         0.9821332402 
        0.2450000000         0.6880097547         1.5393644756         8.4944748415         1.0173626718 
        0.2500000000         0.6913818384         1.5597560875         9.0256700165         1.0493894278 
        0.2550000000         0.6942012421         1.5470113301         8.6936730321         1.0942268863 
        0.2600000000         0.6964657119         1.5903435053         9.8224627789         1.1486723716 
        0.2650000000         0.6981734377         1.5546581845         8.8928712227         1.1935098300 
        0.2700000000         0.6993230543         1.5903435053         9.8224627789         1.2511579909 
        0.2750000000         0.6999136427         1.5826966509         9.6232645883         1.2991981249 
        0.2800000000         0.6999447309         1.5826966509         9.6232645883         1.3312248810 
        0.2850000000         0.6994162940         1.5928924568         9.8888621758         1.3824676906 
        0.2900001000         0.6983287271         1.5877945538         9.7560633820         1.4241024735 
        0.2950000000         0.6966829815         1.6005393113        10.0880603664         1.4721426075 
        0.3000000000         0.6944802909         1.5826966509         9.6232645883         1.5201827416 
        0.3050000000         0.6917224434         1.6209309231        10.6192555413         1.5778309025 
        0.3100000000         0.6884116435         1.5903435053         9.8224627789         1.6226683609 
        0.3150000000         0.6845505379         1.6158330202        10.4864567476         1.6835191974 
        0.3200000000         0.6801422130         1.6107351172        10.3536579538         1.7315593315 
        0.3250000000         0.6751901929         1.6183819717        10.5528561444         1.7763967899 
        0.3300000000         0.6696984361         1.6132840687        10.4200573507         1.8276395996 
        0.3350000000         0.6636713325         1.6107351172        10.3536579538         1.8692743824 
        0.3400000000         0.6571137003         1.6209309231        10.6192555413         1.9205171921 
        0.3450000000         0.6500307815         1.6081861657        10.2872585570         1.9845707042 
        0.3500001000         0.6424280807         1.6107351172        10.3536579538         2.0294081626 
        0.3550001000         0.6343119797         1.6260288261        10.7520543351         2.1062723771 
        0.3600000000         0.6256889969         1.6209309231        10.6192555413         2.1479071600 
        0.3650000000         0.6165656804         1.6311267291        10.8848531288         2.2055553208 
        0.3700000000         0.6069494908         1.6260288261        10.7520543351         2.2439874281 
        0.3750000000         0.5968481150         1.6285777776        10.8184537319         2.3016355889 
        0.3800002000         0.5862691955         1.5954414083         9.9552615726         2.3528783986 
        0.3850000000         0.5752224860         1.6260288261        10.7520543351         2.3977158570 
        0.3900000000         0.5637155200         1.6056372142        10.2208591601         2.4489586667 
        0.3950000000         0.5517579283         1.6209309231        10.6192555413         2.5002014764 
        0.4000000000         0.5393592699         1.6132840687        10.4200573507         2.5642549884 
        0.4050000000         0.5265294559         1.6362246321        11.0176519225         2.6187004737 
        0.4100000000         0.5132787424         1.6209309231        10.6192555413         2.6859566614 
        0.4150001000         0.4996174443         1.5928924568         9.8888621758         2.7147807418 
        0.4200001000         0.4855570289         1.6234798746        10.6856549382         2.7724289027 
        0.4250000000         0.4711087594         1.6030882627        10.1544597632         2.8300770636 
        0.4300000000         0.4562836076         1.6387735836        11.0840513194         2.8845225488 
        0.4350000000         0.4410937097         1.5826966509         9.6232645883         2.9293600073 
        0.4400000000         0.4255512084         1.6311267291        10.8848531288         2.9902108438 
        0.4450000000         0.4096685278         1.6005393113        10.0880603664         3.0414536534 
        0.4500000000         0.3934583645         1.6183819717        10.5528561444         3.1055071655 
        0.4550000000         0.3769336765         1.6158330202        10.4864567476         3.1407365971 
        0.4600000000         0.3601076735         1.6005393113        10.0880603664         3.1311285703 
        0.4650000000         0.3429938060         1.6107351172        10.3536579538         3.1407365971 
        0.4700000000         0.3256057547         1.6056372142        10.2208591601        -1.7369383475 
        0.4750001000         0.3079570634         1.6183819717        10.5528561444        -1.7529517255 
        0.4800001000         0.2900625464         1.5979903598        10.0216609695        -3.1301022351 
        0.4850000000         0.2719365226         1.6005393113        10.0880603664        -3.1429129376 
        0.4900000000         0.2535927566         1.6005393113        10.0880603664        -3.1397102620 
        0.4950000000         0.2350462725         1.5826966509         9.6232645883        -3.1108861815 
        0.5000000000         0.2163118961         1.5954414083         9.9552615726        -3.0692513987 
        0.5050000000         0.1974046031         1.5775987479         9.4904657945        -3.0019952110 
        0.5100000000         0.1783395080         1.5775987479         9.4904657945        -2.9667657794 
        0.5150000000         0.1591318510         1.5775987479         9.4904657945        -2.9027122673 
        0.5200000000         0.1397969862         1.5674029419         9.2248682071        -2.8578748088 
        0.5250000000         0.1203503701         1.5699518934         9.2912676039        -2.8194427016 
        0.5300000000         0.1008075478         1.5572071360         8.9592706196        -2.7746052431 
        0.5350000000         0.0811841414         1.5572071360         8.9592706196        -2.7329704603 
        0.5400000000         0.0614958376         1.5623050390         9.0920694133        -2.6849303262 
        0.5450000000         0.0417583750         1.5393644756         8.4944748415        -2.6497008946 
        0.5500000000         0.0219875312         1.5419134271         8.5608742384        -2.6016607605 
        0.5550000000         0.0021991111         1.5368155241         8.4280754446        -2.5632286533 
        0.5600000000        -0.0175910669         1.5215218152         8.0296790634        -2.5247965460 
        0.5650000000        -0.0373671828         1.5393644756         8.4944748415        -2.4671483852 
        0.5700001000        -0.0571138227         1.5062281063         7.6312826822        -2.4287162779 
        0.5750001000        -0.0768144113         1.4756406885         6.8344899198        -2.3902841707 
        0.5800000000        -0.0964532036         1.4501511736         6.1704959511        -2.3678654414 
        0.5850000000        -0.1160152861         1.4093679498         5.1081056012        -2.3390413610 
        0.5900000000        -0.1354846278         1.1876091705        -0.6686419265        -2.3422440366 
        0.5950000000        -0.1548456650         1.2029028795        -0.2702455453        -2.3422440366 
        0.6000000000        -0.1740829210         1.2003539280        -0.3366449421        -2.3422440366 
        0.6050000000        -0.1931810179         1.2232944913         0.2609496297        -2.3358386854 
        0.6100000000        -0.2121246887         1.2080007824        -0.1374467515        -2.3358386854 
        0.6150000000        -0.2308987905         1.2105497339        -0.0710473547        -2.3358386854 
        0.6200000000        -0.2494883152         1.1493748983        -1.6646328795        -2.3358386854 
        0.6250000000        -0.2678784027         1.1595707042        -1.3990352920        -2.3390413610 
        0.6300000000        -0.2860543523         1.1493748983        -1.6646328795        -2.3486493878 
        0.6350000000        -0.3040016345         1.1213364319        -2.3950262451        -2.3742707926 
        0.6400000000        -0.3217059024         1.1060427230        -2.7934226263        -2.3902841707 
        0.6450000000        -0.3391530037         1.1111406260        -2.6606238326        -2.3934868463 
        0.6500000000        -0.3563289911         1.0907490141        -3.1918190075        -2.4127028999 
        0.6550000000        -0.3732201345         1.0856511111        -3.3246178012        -2.4255136023 
        0.6600000000        -0.3898129315         1.0805532081        -3.4574165950        -2.4447296559 
        0.6650000000        -0.4060941181         1.0652594992        -3.8558129762        -2.4575403583 
        0.6700000000        -0.4220506792         1.0754553052        -3.5902153887        -2.4767564120 
        0.6750000000        -0.4376698595         1.0423189359        -4.4534075480        -2.5055804924 
        0.6800000000        -0.4529391732         1.0627105477        -3.9222123731        -2.5055804924 
        0.6850000000        -0.4678464142         1.0601615963        -3.9886117699        -2.5279992216 
        0.6900000000        -0.4823796659         1.0372210329        -4.5862063418        -2.5568233021 
        0.6950001000        -0.4965275898         1.0321231299        -4.7190051355        -2.5824447069 
        0.7000001000        -0.5102783102         1.0142804695        -5.1838009136        -2.6080661117 
        0.7050000000        -0.5236208593         1.0193783725        -5.0510021199        -2.6336875166 
        0.7100000000        -0.5365451048         1.0066336150        -5.3829991042        -2.6561062458 
        0.7150000000        -0.5490404444         1.0040846636        -5.4493985011        -2.6785249750 
        0.7200000000        -0.5610968894         0.9887909546        -5.8477948823        -2.7073490554 
        0.7250000000        -0.5727048022         0.9887909546        -5.8477948823        -2.7457811627 
        0.7300000000        -0.5838549035         0.9709482942        -6.3125906604        -2.7681998919 
        0.7350000000        -0.5945382802         0.9760461972        -6.1797918666        -2.8098346748 
        0.7400000000        -0.6047463921         0.9480077309        -6.9101852322        -2.8354560796 
        0.7450000000        -0.6144710789         0.9607524883        -6.5781882478        -2.8770908624 
        0.7500000000        -0.6237045669         0.9301650705        -7.3749810103        -2.9123202941 
        0.7550000000        -0.6324394751         0.9429098279        -7.0429840259        -2.9635631037 
        0.7600464000        -0.6407428007         0.9123224101        -7.8397767884        -2.9987925354 
        0.7650000000        -0.6483860257         0.9174203130        -7.7069779946        -3.0308192914 
        0.7700000000        -0.6555849208         0.9276161190        -7.4413804072        -3.0628460475 
        0.7750000000        -0.6622597512         0.8919307982        -8.3709719633        -3.1076835059 
        0.7800000000        -0.6684051813         0.9148713616        -7.7733773915        -3.1461156132 
        0.7850000000        -0.6740162986         0.8638923318        -9.1013653289        -3.1493182888 
        0.7900000000        -0.6790886175         0.9046755556        -8.0389749790        -3.1397102620 
        0.7950000000        -0.6836180834         0.8842839437        -8.5701701539        -3.1461156132 
        0.8000000000        -0.6876010755         0.8740881378        -8.8357677414        -1.7721677791 
        0.8050000000        -0.6910344098         0.8562454774        -9.3005635195        -1.7529517255 
        0.8100000000        -0.6939153418         0.8638923318        -9.1013653289         3.1311285703 
        0.8150000000        -0.6962415684         0.8638923318        -9.1013653289         3.1407365971 
        0.8200001000        -0.6980112600         0.8562454774        -9.3005635195         3.1471419483 
        0.8250001000        -0.6992229311         0.8511475744        -9.4333623132         3.1215205435 
        0.8300000000        -0.6998756467         0.8460496714        -9.5661611070         3.0734804095 
        0.8350000000        -0.6999689110         0.8536965259        -9.3669629164         3.0158322486 
        0.8400000000        -0.6995026308         0.8180112051       -10.2965544725         2.9645894389 
        0.8450000000        -0.6984771790         0.8485986229        -9.4997617101         2.9133466293 
        0.8500000000        -0.6968933752         0.8052664477       -10.6285514569         2.8524957928 
        0.8550000000        -0.6947524855         0.8358538655        -9.8317586944         2.8012529831 
        0.8600000000        -0.6920562213         0.8078153991       -10.5621520600         2.7596182003 
        0.8650000000        -0.6888067379         0.8103643506       -10.4957526631         2.7051727150 
        0.8700000000        -0.6850066330         0.8205601566       -10.2301550757         2.6507272298 
        0.8750000000        -0.6806589443         0.7899727387       -11.0269478381         2.5898763933 
        0.8800000000        -0.6757671472         0.8052664477       -10.6285514569         2.5418362592 
        0.8850000000        -0.6703351522         0.7899727387       -11.0269478381         2.4809854227 
        0.8900000000        -0.6643673015         0.7950706417       -10.8941490444         2.4265399375 
        0.8950000000        -0.6578683657         0.7797769328       -11.2925454256         2.3817024790 
        0.9000000000        -0.6508435401         0.8154622536       -10.3629538694         2.3272569938 
        0.9050000000        -0.6432984401         0.7746790298       -11.4253442193         2.2632034817 
        0.9100000000        -0.6352390972         0.8052664477       -10.6285514569         2.2183660232 
        0.9150000000        -0.6266719538         0.7874237873       -11.0933472350         2.1575151868 
        0.9200000000        -0.6176038585         0.7746790298       -11.4253442193         2.1062723771 
        0.9250000000        -0.6080420600         0.8027174962       -10.6949508538         2.0614349186 
        0.9300000000        -0.5979942021         0.7823258843       -11.2261460287         1.9973814066 
        0.9350000000        -0.5874683168         0.7976195932       -10.8277496475         1.9397332457 
        0.9400000000        -0.5764728183         0.7823258843       -11.2261460287         1.8756797336 
        0.9450001000        -0.5650162626         0.7874237873       -11.0933472350         1.8276395996 
        0.9500001000        -0.5531082660         0.7670321754       -11.6245424099         1.7731941143 
        0.9550000000        -0.5407583745         0.8052664477       -10.6285514569         1.7315593315 
        0.9600000000        -0.5279759664         0.7721300783       -11.4917436162         1.6578977926 
        0.9650000000        -0.5147715025         0.7925216902       -10.9605484412         1.6098576585 
        0.9700000000        -0.5011555381         0.7950706417       -10.8941490444         1.5618175245 
        0.9750000000        -0.4871389576         0.7797769328       -11.2925454256         1.5041693636 
        0.9800000000        -0.4727329657         0.7925216902       -10.9605484412         1.4593319051 
        0.9850000000        -0.4579490783         0.8078153991       -10.5621520600         1.4112917711 
        0.9900000000        -0.4427991132         0.7797769328       -11.2925454256         1.3472382590 
        0.9950000000        -0.4272951815         0.8129133021       -10.4293532663         1.3056034761 
        1.0000000000        -0.4114496766         0.8154622536       -10.3629538694         1.2511579909 
        1.0050000000        -0.3952752650         0.7925216902       -10.9605484412         1.1967125056 
        1.0100001000        -0.3787845436         0.8282070110       -10.0309568851         1.1486723716 
        1.0150000000        -0.3619916931         0.7925216902       -10.9605484412         1.0942268863 
        1.0200000000        -0.3449091390         0.8256580595       -10.0973562819         1.0397814010 
        1.0250000000        -0.3275508699         0.8256580595       -10.0973562819         0.9917412670 
        1.0300000000        -0.3099307617         0.8256580595       -10.0973562819         0.9437011329 
        1.0350000000        -0.2920628996         0.8205601566       -10.2301550757         0.8860529720 
        1.0400000000        -0.2739615668         0.8282070110       -10.0309568851         0.7899727039 
        1.0608062000        -0.1964525214         0.8485986229        -9.4997617101         0.6106228701 
        1.0690399000        -0.1649684317         0.8435007200        -9.6325605038         0.5561773849 
        1.0705319000        -0.1592230361         0.8409517685        -9.6989599007         0.5433666824 
        1.0718794000        -0.1540243293         0.8358538655        -9.8317586944         0.5177452776 
        1.0731672000        -0.1490475855         0.8562454774        -9.3005635195         0.4921238728 
        1.0776130000        -0.1318075673         0.8562454774        -9.3005635195         0.4761104948 
        1.0789832000        -0.1264768750         0.8460496714        -9.5661611070         0.4536917655 
        1.0803230000        -0.1212571077         0.8460496714        -9.5661611070         0.4536917655 
        1.0850000000        -0.1029832382         0.8613433804        -9.1677647258         0.4056516315 
        1.0900000000        -0.0833680119         0.8638923318        -9.1013653289         0.3672195242 
        1.0950000000        -0.0636861427         0.8715391863        -8.9021671383         0.3319900926 
        1.1000000000        -0.0439533637         0.8664412833        -9.0349659320         0.2711392561 
        1.1050000000        -0.0241854490         0.9174203130        -7.7069779946         0.2519232025 
        1.1100000000        -0.0043982008         0.8791860408        -8.7029689477         0.2006803928 
        1.1150000000         0.0153925634         0.9097734586        -7.9061761852         0.1590456100 
        1.1200000000         0.0351710228         0.9072245071        -7.9725755821         0.1270188539 
        1.1250000000         0.0549213670         0.9301650705        -7.3749810103         0.0917894223 
        1.1300000000         0.0746278080         0.9582035368        -6.6445876447         0.0565599907 
        1.1350001000         0.0942749849         0.9964378091        -5.6485966917         0.0213305590 
        1.1400000000         0.1138460156         1.0627105477        -3.9222123731        -0.0010881702 
        1.1450000000         0.1333264320         1.2436861032         0.7921448047        -0.0042908458 
        1.1500000000         0.1527002691         1.2181965884         0.1281508360        -0.0042908458 
        1.1550001000         0.1719524235         1.2207455399         0.1945502328         0.0053171810 
        1.1600000000         0.1910663549         1.2130986854        -0.0046479578        -0.0010881702 
        1.1650000000         0.2100279344         1.2156476369         0.0617514391        -0.0042908458 
        1.1700000000         0.2288216208         1.2334902973         0.5265472172        -0.0074935214 
        1.1750000000         0.2474323908         1.2691756181         1.4561387733        -0.0138988726 
        1.1800000000         0.2658453670         1.2564308607         1.1241417890         0.0053171810 
        1.1850000000         0.2840458305         1.2946651330         2.1201327420         0.0213305590 
        1.1900000000         0.3020192320         1.2946651330         2.1201327420         0.0213305590 
        1.1950000000         0.3197512040         1.2946651330         2.1201327420         0.0341412614 
        1.2000000000         0.3372275719         1.3252525508         2.9169255045         0.0533573151 
        1.2050000000         0.3544343652         1.3176056963         2.7177273139         0.0565599907 
        1.2100267000         0.3714474155         1.3456441627         3.4481206794         0.0757760443 
        1.2150000000         0.3879844352         1.3379973082         3.2489224888         0.0853840711 
        1.2200000000         0.4043008924         1.3430952112         3.3817212826         0.1142081515 
        1.2250000000         0.4202941577         1.3634868231         3.9129164575         0.1270188539 
        1.2300000000         0.4359514463         1.3685847260         4.0457152513         0.1494375832 
        1.2350000000         0.4512602420         1.3711336775         4.1121146481         0.1686536368 
        1.2400000000         0.4662083073         1.3864273864         4.5105110293         0.1846670148 
        1.2450000000         0.4807836927         1.3787805320         4.3113128387         0.2006803928 
        1.2500000000         0.4949747468         1.3787805320         4.3113128387         0.2134910952 
        1.2550000000         0.5087701258         1.4017210954         4.9089074106         0.2391125001 
        1.2600001000         0.5221590655         1.4017210954         4.9089074106         0.2711392561 
        1.2650000000         0.5351300720         1.4170148043         5.3073037918         0.2871526341 
        1.2700000000         0.5476735675         1.4272106102         5.5729013792         0.3127740390 
        1.2750000000         0.5597792610         1.4425043191         5.9712977605         0.3576114974 
        1.2800001000         0.5714377041         1.4323085132         5.7057001730         0.3640168486 
        1.2850000000         0.5826388917         1.4527001251         6.2368953479         0.4056516315 
        1.2900000000         0.5933745553         1.4577980281         6.3696941417         0.4280703607 
        1.2950000000         0.6036358843         1.4603469795         6.4360935385         0.4600971167 
        1.3000000000         0.6134146761         1.4730917370         6.7680905229         0.5017318996 
        1.3050000000         0.6227031135         1.4807385914         6.9672887135         0.5305559800 
        1.3100000000         0.6314937716         1.5011302033         7.4984838885         0.5721907629 
        1.3150000000         0.6397796232         1.4679938340         6.6352917292         0.5946094921 
        1.3200000000         0.6475540448         1.5164239122         7.8968802697         0.6330415993 
        1.3250000000         0.6548108216         1.4909343974         7.2328863010         0.6682710310 
        1.3300000000         0.6615441527         1.5266197182         8.1624778572         0.7067031382 
        1.3350000000         0.6677486554         1.5266197182         8.1624778572         0.7643512991 
        1.3400000000         0.6734193701         1.5546581845         8.8928712227         0.8123914332 
        1.3450000000         0.6785517637         1.5291686697         8.2288772540         0.8380128380 
        1.3500000000         0.6831417334         1.5699518934         9.2912676039         0.8892556476 
        1.3550000000         0.6871856100         1.5546581845         8.8928712227         0.9340931061 
        1.3600000000         0.6906801609         1.5521092330         8.8264718258         0.9725252133 
        1.3650000000         0.6936225928         1.5674029419         9.2248682071         1.0141599962 
        1.3700000000         0.6960105533         1.5699518934         9.2912676039         1.0557947790 
        1.3750000000         0.6978421336         1.5801476994         9.5568651914         1.1038349131 
        1.3800000000         0.6991158696         1.5725008449         9.3576670008         1.1486723716 
        1.3860152000         0.6999075764         1.5954414083         9.9552615726         1.2223339104 
        1.3900000000         0.6999861826         1.5979903598        10.0216609695         1.2383472885 
        1.3950000000         0.6995820638         1.6030882627        10.1544597632         1.3024008005 
        1.4000000000         0.6986187099         1.5877945538         9.7560633820         1.3536436102 
        1.4050001000         0.6970968548         1.6030882627        10.1544597632         1.4016837443 
        1.4100000000         0.6950178232         1.6107351172        10.3536579538         1.4497238783 
        1.4150000000         0.6923831689         1.6260288261        10.7520543351         1.5073720392 
        1.4200000000         0.6891950342         1.6030882627        10.1544597632         1.5522094976 
        1.4250000000         0.6854559674         1.6311267291        10.8848531288         1.5970469561 
        1.4300000000         0.6811689577         1.5979903598        10.0216609695         1.6482897658 
        1.4350000000         0.6763374319         1.6387735836        11.0840513194         1.7059379266 
        1.4400000000         0.6709652523         1.6209309231        10.6192555413         1.7635860875 
        1.4450000000         0.6650567134         1.6285777776        10.8184537319         1.8052208703 
        1.4500000000         0.6586165383         1.6260288261        10.7520543351         1.8404503020 
        1.4550000000         0.6516498751         1.6209309231        10.6192555413         1.8980984629 
        1.4600000000         0.6441622931         1.6209309231        10.6192555413         1.9557466237 
        1.4650000000         0.6361597776         1.6183819717        10.5528561444         2.0230028114 
        1.4700000000         0.6276487257         1.6515183410        11.4160483038         2.0806509723 
        1.4750000000         0.6186359411         1.6158330202        10.4864567476         2.1318937819 
        1.4800000000         0.6091286283         1.6464204380        11.2832495100         2.1767312404 
        1.4850000000         0.5991343874         1.6311267291        10.8848531288         2.2407847525 
        1.4900000000         0.5886612075         1.6387735836        11.0840513194         2.2856222109 
        1.4950000000         0.5777174610         1.6260288261        10.7520543351         2.3400676962 
        1.5000000000         0.5663118961         1.6005393113        10.0880603664         2.3817024790 
        1.5050000000         0.5544536300         1.6336756806        10.9512525257         2.4393506399 
        1.5100001000         0.5421518917         1.6209309231        10.6192555413         2.4969988008 
        1.5150000000         0.5294172662         1.6336756806        10.9512525257         2.5514442860 
        1.5200000000         0.5162591821         1.6311267291        10.8848531288         2.6187004737 
        1.5250000000         0.5026884084         1.6336756806        10.9512525257         2.6731459590 
        1.5300001000         0.4887155099         1.6107351172        10.3536579538         2.7307941198 
        1.5350000000         0.4743525062         1.6209309231        10.6192555413         2.7692262271 
        1.5400001000         0.4596097304         1.6107351172        10.3536579538         2.8236717124 
        1.5450000000         0.4445001466         1.6260288261        10.7520543351         2.8685091708 
        1.5500000000         0.4290349375         1.5979903598        10.0216609695         2.9293600073 
        1.5550000000         0.4132267645         1.6311267291        10.8848531288         2.9870081682 
        1.5600000000         0.3970882643         1.6107351172        10.3536579538         3.0446563290 
        1.5650000000         0.3806323379         1.6030882627        10.1544597632         3.0926964631 
        1.5700000000         0.3638721398         1.6285777776        10.8184537319         3.1471419483 
        1.5750000000         0.3468210679         1.6056372142        10.2208591601         3.1503446239 
        1.5800000000         0.3294927524         1.6107351172        10.3536579538         3.1375339215 
        1.5850000000         0.3119010456         1.5903435053         9.8224627789        -1.7465463743 
        1.5900000000         0.2940600098         1.6030882627        10.1544597632        -1.7593570767 
        1.5950000000         0.2759839070         1.5852456023         9.6896639851        -3.1397102620 
        1.6000000000         0.2576871869         1.5903435053         9.8224627789        -3.1301022351 
        1.6050000000         0.2391844755         1.5954414083         9.9552615726        -3.1365075864 
        1.6100000000         0.2204905638         1.5775987479         9.4904657945        -3.1268995595 
        1.6150806000         0.2013148473         1.5954414083         9.9552615726        -3.0692513987 
        1.6200000000         0.1825890543         1.5699518934         9.2912676039        -3.0244139402 
        1.6250000000         0.1634117547         1.5775987479         9.4904657945        -2.9699684550 
        1.6300000000         0.1441038261         1.5674029419         9.2248682071        -2.9283336721 
        1.6350001000         0.1246803136         1.5572071360         8.9592706196        -2.8834962137 
        1.6400000000         0.1051579124         1.5674029419         9.2248682071        -2.8354560796 
        1.6450000000         0.0855510598         1.5419134271         8.5608742384        -2.7810105943 
        1.6500000000         0.0658758192         1.5546581845         8.8928712227        -2.7425784871 
        1.6550001000         0.0461475236         1.5521092330         8.8264718258        -2.7009437042 
        1.6600000000         0.0263831279         1.5317176211         8.2952766509        -2.6689169482 
        1.6650001000         0.0065968510         1.5368155241         8.4280754446        -2.6240794897 
        1.6700000000        -0.0131939078         1.5368155241         8.4280754446        -2.5728366801 
        1.6750000000        -0.0329745156         1.5087770578         7.6976820791        -2.5344045728 
        1.6800000000        -0.0527287640         1.4985812518         7.4320844916        -2.4927697900 
        1.6850000000        -0.0724408618         1.4603469795         6.4360935385        -2.4639457096 
        1.6900000000        -0.0920950514         1.4374064162         5.8384989667        -2.4287162779 
        1.6950000000        -0.1116756217         1.4093679498         5.1081056012        -2.4030948731 
        1.7000000000        -0.1311669202         1.3176056963         2.7177273139        -2.3934868463 
        1.7050000000        -0.1505533660         1.1799623161        -0.8678401171        -2.3806761439 
        1.7100000000        -0.1698194617         1.2054518309        -0.2038461484        -2.3902841707 
        1.7150000000        -0.1889498062         1.2105497339        -0.0710473547        -2.3806761439 
        1.7200000000        -0.2079291071         1.2258434428         0.3273490266        -2.3902841707 
        1.7250000000        -0.2267421927         1.2054518309        -0.2038461484        -2.3934868463 
        1.7300000000        -0.2453740241         1.1264343349        -2.2622274513        -2.3966895219 
        1.7350000000        -0.2638097073         1.1544728012        -1.5318340858        -2.4127028999 
        1.7400000000        -0.2820345051         1.1417280438        -1.8638310701        -2.4255136023 
        1.7450000000        -0.3000338487         1.1238853834        -2.3286268482        -2.4255136023 
        1.7500000000        -0.3177933498         1.1085916745        -2.7270232294        -2.4479323315 
        1.7550000000        -0.3352988119         1.1085916745        -2.7270232294        -2.4511350071 
        1.7600001000        -0.3525365832         1.0983958685        -2.9926208169        -2.4735537364 
        1.7650000000        -0.3694918584         1.0907490141        -3.1918190075        -2.4831617632 
        1.7700000000        -0.3861521095         1.0780042567        -3.5238159919        -2.4991751412 
        1.7750000000        -0.4025036765         1.0907490141        -3.1918190075        -2.5023778168 
        1.7800001000        -0.4185338054         1.0780042567        -3.5238159919        -2.5312018972 
        1.7850000000        -0.4342287306         1.0576126448        -4.0550111668        -2.5504179509 
        1.7900001000        -0.4495771607         1.0601615963        -3.9886117699        -2.5696340045 
        1.7950000000        -0.4645655990         1.0499657903        -4.2542093574        -2.5792420313 
        1.8000000000        -0.4791829742         1.0474168388        -4.3206087543        -2.6048634361 
        1.8050000000        -0.4934172978         1.0321231299        -4.7190051355        -2.6336875166 
        1.8100000000        -0.5072571912         1.0168294210        -5.1174015167        -2.6561062458 
        1.8150000000        -0.5206915909         1.0168294210        -5.1174015167        -2.6977410286 
        1.8200000000        -0.5337097577         0.9964378091        -5.6485966917        -2.7137544067 
        1.8250000000        -0.5463012851         1.0066336150        -5.3829991042        -2.7361731359 
        1.8300000000        -0.5584561077         0.9734972457        -6.2461912635        -2.7714025675 
        1.8350000000        -0.5701645090         0.9938888576        -5.7149960885        -2.8034293236 
        1.8400000000        -0.5814171295         0.9556545853        -6.7109870416        -2.8354560796 
        1.8450000000        -0.5922049740         0.9785951487        -6.1133924698        -2.8610774844 
        1.8500000000        -0.6025194189         0.9454587794        -6.9765846291        -2.9091176185 
        1.8550000000        -0.6123522190         0.9633014398        -6.5117888510        -2.9379416989 
        1.8600000000        -0.6216955142         0.9378119249        -7.1757828197        -2.9795764818 
        1.8650000000        -0.6305418355         0.9250671675        -7.5077798040        -3.0148059134 
        1.8700000000        -0.6388841112         0.9250671675        -7.5077798040        -3.0436299938 
        1.8750000000        -0.6467156728         0.9378119249        -7.1757828197        -3.0820621011 
        1.8800000000        -0.6540302597         0.9021266041        -8.1053743758        -3.1204942083 
        1.8850001000        -0.6608221555         0.9250671675        -7.5077798040        -3.1268995595 
        1.8900000000        -0.6670855391         0.8817349922        -8.6365695508        -3.1365075864 
        1.8950000000        -0.6728157953         0.9174203130        -7.7069779946        -3.1429129376 
        1.9000000000        -0.6780082128         0.8868328952        -8.5037707571        -3.1397102620 
        1.9050001000        -0.6826587285         0.8817349922        -8.6365695508        -1.7465463743 
        1.9100000000        -0.6867633622         0.8664412833        -9.0349659320        -1.7369383475 
        1.9150001000        -0.6903191610         0.8893818467        -8.4373713602         3.1471419483 
        1.9200000000        -0.6933229980         0.8613433804        -9.1677647258         3.1471419483 
        1.9250000000        -0.6957726688         0.8562454774        -9.3005635195         3.1407365971 
        1.9300000000        -0.6976661496         0.8511475744        -9.4333623132         3.1119125167 
        1.9350000000        -0.6990019268         0.8562454774        -9.3005635195         3.0702777339 
        1.9400000000        -0.6997789325         0.8485986229        -9.4997617101         3.0030215462 
        1.9450000000        -0.6999965456         0.8180112051       -10.2965544725         2.9517787365 
        1.9500000000        -0.6996545923         0.8460496714        -9.5661611070         2.9101439537 
        1.9550000000        -0.6987533457         0.8078153991       -10.5621520600         2.8492931172 
        1.9600000000        -0.6972935264         0.8384028170        -9.7653592976         2.8172663611 
        1.9650000000        -0.6952763013         0.8129133021       -10.4293532663         2.7339967954 
        1.9700000000        -0.6927032830         0.8205601566       -10.2301550757         2.7115780662 
        1.9750000000        -0.6895765283         0.8180112051       -10.2965544725         2.6507272298 
        1.9800000000        -0.6858985367         0.7976195932       -10.8277496475         2.5962817445 
        1.9850000000        -0.6816722482         0.8052664477       -10.6285514569         2.5418362592 
        1.9900000000        -0.6769010414         0.7976195932       -10.8277496475         2.4841880984 
        1.9950000000        -0.6715887303         0.8001685447       -10.7613502506         2.4265399375 
        2.0000079000        -0.6657298973         0.7797769328       -11.2925454256         2.3688917766 
        2.0050000000        -0.6593582105         0.8078153991       -10.5621520600         2.3176489670 
        2.0100000000        -0.6524497787         0.7746790298       -11.4253442193         2.2696088329 
        2.0150001000        -0.6450196348         0.7925216902       -10.9605484412         2.2087579964 
        2.0200000000        -0.6370741794         0.7899727387       -11.0269478381         2.1607178624 
        2.0250000000        -0.6286193030         0.7848748358       -11.1597466318         2.1158804039 
        2.0300000000        -0.6196619179         0.7925216902       -10.9605484412         2.0518268918 
        2.0350001000        -0.6102089906         0.7848748358       -11.1597466318         2.0005840822 
        2.0400001000        -0.6002684557         0.8078153991       -10.5621520600         1.9429359213 
        2.0450000000        -0.5898482885         0.7874237873       -11.0933472350         1.8820850848 
        2.0500000000        -0.5789564019         0.7874237873       -11.0933472350         1.8276395996 
        2.0550000000        -0.5676017065         0.7670321754       -11.6245424099         1.7603834119 
        2.0600000000        -0.5557932790         0.7950706417       -10.8941490444         1.7155459534 
        2.0650000000        -0.5435405589         0.7746790298       -11.4253442193         1.6611004682 
        2.0700000000        -0.5308533407         0.8001685447       -10.7613502506         1.6194656853 
        2.0750000000        -0.5177417665         0.7925216902       -10.9605484412         1.5586148488 
        2.0800000000        -0.5042163173         0.7823258843       -11.2261460287         1.5073720392 
        2.0850000000        -0.4902878055         0.8027174962       -10.6949508538         1.4625345807 
        2.0900000000        -0.4759673650         0.8001685447       -10.7613502506         1.4080890955 
        2.0950000000        -0.4612664436         0.7848748358       -11.1597466318         1.3440355834 
        2.1000000000        -0.4461967928         0.8001685447       -10.7613502506         1.2799820713 
        2.1050000000        -0.4307704591         0.8001685447       -10.7613502506         1.2319419373 
        2.1100000000        -0.4149997741         0.7874237873       -11.0933472350         1.1774964520 
        2.1150000000        -0.3988973445         0.8078153991       -10.5621520600         1.1262536423 
        2.1200000000        -0.3824760426         0.7848748358       -11.1597466318         1.0718081571 
        2.1250000000        -0.3657489953         0.8078153991       -10.5621520600         1.0269706986 
        2.1300000000        -0.3487295737         0.8205601566       -10.2301550757         0.9789305646 
        2.1350000000        -0.3314313831         0.8154622536       -10.3629538694         0.9372957817 
        2.1400001000        -0.3138678974         0.8256580595       -10.0973562819         0.8892556476 
        2.1450000000        -0.2960542179         0.8409517685        -9.6989599007         0.8380128380 
        2.1500000000        -0.2780035233         0.8154622536       -10.3629538694         0.7771620015 
        2.1550000000        -0.2597305972         0.8333049140        -9.8981580913         0.7355272187 
        2.1600001000        -0.2412496746         0.8333049140        -9.8981580913         0.6842844090 
        2.1650000000        -0.2225766437         0.8256580595       -10.0973562819         0.6298389237 
        2.1700000000        -0.2037253168         0.8587944289        -9.2341641226         0.5850014653 
        2.1750000000        -0.1847111349         0.8333049140        -9.8981580913         0.5337586556 
        2.1800000000        -0.1655492978         0.8613433804        -9.1677647258         0.5017318996 
        2.1850000000        -0.1462551232         0.8511475744        -9.4333623132         0.4472864143 
        2.1900000000        -0.1268440345         0.8613433804        -9.1677647258         0.3992462803 
        2.1950000000        -0.1073315486         0.8587944289        -9.2341641226         0.3480034706 
        2.2000000000        -0.0877332635         0.8485986229        -9.4997617101         0.3159767146 
        2.2050000000        -0.0680648456         0.8766370893        -8.7693683445         0.2615312293 
        2.2100000000        -0.0483420179         0.9072245071        -7.9725755821         0.2263017977 
        2.2150000000        -0.0285805463         0.8715391863        -8.9021671383         0.2006803928 
        2.2200000000        -0.0087962279         0.9225182160        -7.5741792009         0.1558429344 
        2.2250000000         0.0109951221         0.8944797497        -8.3045725665         0.1078028003 
        2.2300000000         0.0307776828         0.9072245071        -7.9725755821         0.0661680175 
        2.2350000000         0.0505356403         0.9378119249        -7.1757828197         0.0309385858 
        2.2400000000         0.0702532005         0.9658503913        -6.4453894541        -0.0074935214 
        2.2450755000         0.0902109770         1.0117315180        -5.2502003105        -0.0299122506 
        2.2500000000         0.1095041255         1.0576126448        -4.0550111668        -0.0427229531 
        2.2550000000         0.1290061140         1.0932979656        -3.1254196106        -0.0587363311 
        2.2600000000         0.1484049769         1.2334902973         0.5265472172        -0.0779523847 
        2.2650001000         0.1676855916         1.2105497339        -0.0710473547        -0.0683443579 
        2.2700000000         0.1868313926         1.2156476369         0.0617514391        -0.0715470335 
        2.2750000000         0.2058282278         1.2258434428         0.3273490266        -0.0619390067 
        2.2800000000         0.2246605269         1.2462350547         0.8585442015        -0.0747497091 
        2.2850001000         0.2433136071         1.2742735211         1.5889375671        -0.0619390067 
        2.2900000000         0.2617714440         1.2564308607         1.1241417890        -0.0555336555 
        2.2950000000         0.2800203961         1.2844693270         1.8545351546        -0.0395202775 
        2.3000000000         0.2980455042         1.3048609389         2.3857303295        -0.0299122506 
        2.3050000000         0.3158323592         1.3048609389         2.3857303295        -0.0171015482 
        2.3100000000         0.3333667427         1.3150567448         2.6513279170        -0.0074935214 
        2.3150000000         0.3506346378         1.3150567448         2.6513279170        -0.0042908458 
        2.3200000000         0.3676222410         1.3354483567         3.1825230919         0.0085198566 
        2.3250000000         0.3843159726         1.3430952112         3.3817212826         0.0245332346 
        2.3300000000         0.4007024880         1.3430952112         3.3817212826         0.0437492882 
        2.3350000000         0.4167686879         1.3660357746         3.9793158544         0.0693706931 
        2.3400000000         0.4325017293         1.3685847260         4.0457152513         0.0757760443 
        2.3450000000         0.4478890353         1.3634868231         3.9129164575         0.0917894223 
        2.3500000000         0.4629183057         1.3711336775         4.1121146481         0.1174108271 
        2.3550000000         0.4775775264         1.3864273864         4.5105110293         0.1398295564 
        2.3600000000         0.4918549789         1.3991721439         4.8425080137         0.1622482856 
        2.3650000000         0.5057392501         1.3889763379         4.5769104262         0.1750589880 
        2.3700000000         0.5192192410         1.3940742409         4.7097092199         0.1974777172 
        2.3750000000         0.5322841759         1.4144658528         5.2409043949         0.2327071489 
        2.3800000000         0.5449236111         1.4170148043         5.3073037918         0.2583285537 
        2.3850000000         0.5571274427         1.4374064162         5.8384989667         0.2935579853 
        2.3900001000         0.5688861458         1.4323085132         5.7057001730         0.3127740390 
        2.3950000000         0.5801896289         1.4501511736         6.1704959511         0.3415981194 
        2.4000000000         0.5910295479         1.4527001251         6.2368953479         0.3704221998 
        2.4050000000         0.6013970069         1.4654448825         6.5688923323         0.4152596583 
        2.4100001000         0.6112839113         1.4654448825         6.5688923323         0.4440837387 
        2.4150000000         0.6206817790         1.4832875429         7.0336881104         0.4665024679 
        2.4200000000         0.6295836761         1.4807385914         6.9672887135         0.5017318996 
        2.4250000000         0.6379822937         1.5011302033         7.4984838885         0.5337586556 
        2.4300000000         0.6458709180         1.5087770578         7.6976820791         0.5817987897 
        2.4352498000         0.6535979153         1.5011302033         7.4984838885         0.6202308969 
        2.4400000000         0.6600933751         1.5368155241         8.4280754446         0.6554603286 
        2.4450021000         0.6664183827         1.5087770578         7.6976820791         0.6842844090 
        2.4500000000         0.6722055800         1.5368155241         8.4280754446         0.7323245431 
        2.4550000000         0.6774579703         1.5368155241         8.4280754446         0.7771620015 
        2.4600000000         0.6821688110         1.5546581845         8.8928712227         0.8091887576 
        2.4650667000         0.6863862031         1.5266197182         8.1624778572         0.8412155136 
        2.4700000000         0.6899512166         1.5801476994         9.5568651914         0.9052690257 
        2.4750000000         0.6930165604         1.5419134271         8.5608742384         0.9276877549 
        2.4800000000         0.6955279174         1.5699518934         9.2912676039         0.9821332402 
        2.4850000000         0.6974832800         1.5674029419         9.2248682071         1.0237680230 
        2.4900000000         0.6988810851         1.5674029419         9.2248682071         1.0654028059 
        2.4950000000         0.6997202154         1.5979903598        10.0216609695         1.1230509667 
        2.5000000000         0.7000000000         1.5801476994         9.5568651914         1.1678884252 
        2.5050015000         0.6997200475         1.6030882627        10.1544597632         1.2287392617 
        2.5100000000         0.6988810851         1.6005393113        10.0880603664         1.2671713689 
        2.5150001000         0.6974832464         1.6158330202        10.4864567476         1.3216168542 
        2.5200000000         0.6955279174         1.5954414083         9.9552615726         1.3664543126 
        2.5250000000         0.6930165604         1.6209309231        10.6192555413         1.4241024735 
        2.5300000000         0.6899512166         1.6183819717        10.5528561444         1.4689399319 
        2.5350001000         0.6863342585         1.6158330202        10.4864567476         1.5233854172 
        2.5400000000         0.6821688110         1.6209309231        10.6192555413         1.5682228757 
        2.5450000000         0.6774579702         1.6209309231        10.6192555413         1.6258710365 
        2.5500000000         0.6722055799         1.6107351172        10.3536579538         1.6675058194 
        2.5550000000         0.6664158388         1.6285777776        10.8184537319         1.7187486290 
        2.5600000000         0.6600933751         1.6158330202        10.4864567476         1.7667887631 
        2.5650000000         0.6532432428         1.6209309231        10.6192555413         1.8116262215 
        2.5700000000         0.6458709179         1.6234798746        10.6856549382         1.8756797336 
        2.5750000000         0.6379822936         1.6413225350        11.1504507163         1.9269225433 
        2.5800000000         0.6295836760         1.6081861657        10.2872585570         1.9749626773 
        2.5850000000         0.6206817789         1.6158330202        10.4864567476         2.0358135138 
        2.5900000000         0.6112837183         1.6285777776        10.8184537319         2.0902589991 
        2.5950000000         0.6013970069         1.6183819717        10.5528561444         2.1350964575 
        2.6000000000         0.5910295479         1.6489693895        11.3496489069         2.1959472940 
        2.6050000000         0.5801896288         1.6132840687        10.4200573507         2.2503927793 
        2.6100000000         0.5688859151         1.6413225350        11.1504507163         2.3016355889 
        2.6150000000         0.5571274426         1.5801476994         9.5568651914         2.3528783986 
        2.6200000000         0.5449236110         1.6362246321        11.0176519225         2.4105265595 
        2.6250000000         0.5322841759         1.6311267291        10.8848531288         2.4745800715 
        2.6300000000         0.5192192409         1.6311267291        10.8848531288         2.5098095032 
        2.6350000000         0.5057392500         1.6158330202        10.4864567476         2.5674576641 
        2.6400001000         0.4918546972         1.6209309231        10.6192555413         2.6219031493 
        2.6450000000         0.4775775263         1.6132840687        10.4200573507         2.6667406078 
        2.6500000000         0.4629183056         1.5979903598        10.0216609695         2.7211860930 
        2.6550000000         0.4478890353         1.6183819717        10.5528561444         2.7724289027 
        2.6600001000         0.4325014179         1.5852456023         9.6896639851         2.8268743880 
        2.6650000000         0.4167686878         1.6260288261        10.7520543351         2.8909279000 
        2.6700000000         0.4007024879         1.5826966509         9.6232645883         2.9325626829 
        2.6750000000         0.3843159725         1.6209309231        10.6192555413         2.9870081682 
        2.6800000000         0.3676222409         1.5979903598        10.0216609695         3.0542643558 
        2.6850000000         0.3506346377         1.5979903598        10.0216609695         3.0958991387 
        2.6900000000         0.3333667426         1.6005393113        10.0880603664         3.1311285703 
        2.6950000000         0.3158323591         1.5826966509         9.6232645883         3.1311285703 
        2.7000000000         0.2980455041         1.6056372142        10.2208591601         3.1375339215 
        2.7050000000         0.2800203960         1.5877945538         9.7560633820        -1.7593570767 
        2.7100000000         0.2617714439         1.5954414083         9.9552615726        -1.7593570767 
        2.7150000000         0.2433132358         1.5674029419         9.2248682071        -3.1429129376 
        2.7200000000         0.2246605269         1.5826966509         9.6232645883        -3.1493182888 
        2.7250000000         0.2058282277         1.5826966509         9.6232645883        -3.1397102620 
        2.7300000000         0.1868313925         1.5674029419         9.2248682071        -3.1204942083 
        2.7350000000         0.1676852072         1.5750497964         9.4240663977        -3.0788594255 
        2.7400000000         0.1484049768         1.5648539905         9.1584688102        -3.0340219670 
        2.7450000000         0.1290061139         1.5623050390         9.0920694133        -2.9827791574 
        2.7500000000         0.1095041255         1.5495602815         8.7600724290        -2.9443470501 
        2.7550000000         0.0899146011         1.5470113301         8.6936730321        -2.8995095917 
        2.7600000000         0.0702532004         1.5495602815         8.7600724290        -2.8450641064 
        2.7650001000         0.0505352454         1.5368155241         8.4280754446        -2.8098346748 
        2.7700000000         0.0307776827         1.5393644756         8.4944748415        -2.7585918651 
        2.7750000000         0.0109951220         1.5419134271         8.5608742384        -2.7169570823 
        2.7800000000        -0.0087962279         1.5317176211         8.2952766509        -2.6753222994 
        2.7850001000        -0.0285809420         1.5164239122         7.8968802697        -2.6432955434 
        2.7900000000        -0.0483420180         1.4985812518         7.4320844916        -2.5984580849 
        2.7950000000        -0.0680648457         1.4756406885         6.8344899198        -2.5664313289 
        2.8000000000        -0.0877332636         1.4425043191         5.9712977605        -2.5344045728 
        2.8050000000        -0.1073315487         1.3966231924         4.7761086168        -2.5087831680 
        2.8100000000        -0.1268440347         1.2156476369         0.0617514391        -2.5119858436 
        2.8150000000        -0.1462551233         1.1952560250        -0.4694437359        -2.5023778168 
        2.8200000000        -0.1655492979         1.2105497339        -0.0710473547        -2.5023778168 
        2.8250000000        -0.1847111350         1.2334902973         0.5265472172        -2.4991751412 
        2.8309704000        -0.2073971896         1.2003539280        -0.3366449421        -2.5183911948 
        2.8350000000        -0.2225766438         1.1825112676        -0.8014407202        -2.5119858436 
        2.8400000000        -0.2412500463         1.1621196557        -1.3326358952        -2.5183911948 
        2.8450000000        -0.2597305972         1.1723154616        -1.0670383077        -2.5215938704 
        2.8500000000        -0.2780035234         1.1468259468        -1.7310322764        -2.5312018972 
        2.8550000000        -0.2960542180         1.1264343349        -2.2622274513        -2.5408099240 
        2.8600000000        -0.3138682513         1.1391790923        -1.9302304670        -2.5504179509 
        2.8650000000        -0.3314313832         1.1111406260        -2.6606238326        -2.5600259777 
        2.8700000000        -0.3487295738         1.1264343349        -2.2622274513        -2.5664313289 
        2.8750000000        -0.3657489953         1.0983958685        -2.9926208169        -2.5856473825 
        2.8800000000        -0.3824760427         1.0856511111        -3.3246178012        -2.6144714629 
        2.8853812000        -0.4001363867         1.0729063537        -3.6566147856        -2.6304848410 
        2.8900001000        -0.4150000929         1.0882000626        -3.2582184044        -2.6432955434 
        2.8950000000        -0.4307704592         1.0499657903        -4.2542093574        -2.6593089214 
        2.9000000000        -0.4461967929         1.0754553052        -3.5902153887        -2.6689169482 
        2.9050000000        -0.4612664436         1.0372210329        -4.5862063418        -2.7009437042 
        2.9100001000        -0.4759676554         1.0448678873        -4.3870081512        -2.7233624335 
        2.9150000000        -0.4902878055         1.0321231299        -4.7190051355        -2.7329704603 
        2.9200000000        -0.5042163174         1.0270252269        -4.8518039292        -2.7617945407 
        2.9250000000        -0.5177417666         1.0244762754        -4.9182033261        -2.7842132699 
        2.9300000000        -0.5308533408         0.9989867606        -5.5821972948        -2.8226453772 
        2.9350000000        -0.5435405590         0.9989867606        -5.5821972948        -2.8610774844 
        2.9400000000        -0.5557932791         0.9887909546        -5.8477948823        -2.8770908624 
        2.9450000000        -0.5676017066         0.9887909546        -5.8477948823        -2.9059149429 
        2.9500000000        -0.5789564020         0.9760461972        -6.1797918666        -2.9411443745 
        2.9550000000        -0.5898482886         0.9683993428        -6.3789900572        -2.9827791574 
        2.9600000000        -0.6002686594         0.9480077309        -6.9101852322        -3.0180085890 
        2.9650000000        -0.6102091846         0.9633014398        -6.5117888510        -3.0372246426 
        2.9700000000        -0.6196619179         0.9556545853        -6.7109870416        -3.0788594255 
        2.9750000000        -0.6286193030         0.9225182160        -7.5741792009        -3.1108861815 
        2.9800000000        -0.6370741795         0.9480077309        -6.9101852322        -3.1397102620 
        2.9850000000        -0.6450197886         0.8944797497        -8.3045725665        -3.1461156132 
        2.9900000000        -0.6524497788         0.9250671675        -7.5077798040        -3.1461156132 
        2.9950000000        -0.6593582105         0.9123224101        -7.8397767884        -3.1493182888 
        3.0000000000        -0.6657395614         0.9046755556        -8.0389749790        -1.7625597523 
        3.0050000000        -0.6715887303         0.8842839437        -8.5701701539        -1.7465463743 
        3.0100000000        -0.6769010414         0.8868328952        -8.5037707571         3.1279258947 
        3.0150001000        -0.6816723382         0.8944797497        -8.3045725665         3.1375339215 
        3.0200000000        -0.6858985367         0.8766370893        -8.7693683445         3.1407365971 
        3.0250000000        -0.6895765283         0.8638923318        -9.1013653289         3.1407365971 
        3.0300000000        -0.6927032830         0.8613433804        -9.1677647258         3.0894937875 
        3.0350001000        -0.6952763472         0.8587944289        -9.2341641226         3.0414536534 
        3.0400446000        -0.6973090139         0.8562454774        -9.3005635195         3.0062242218 
        3.0450000000        -0.6987533457         0.8460496714        -9.5661611070         2.9613867633 
        3.0500000000        -0.6996545923         0.8460496714        -9.5661611070         2.9037386025 
        3.0550000000        -0.6999965456         0.8333049140        -9.8981580913         2.8556984684 
        3.0600000000        -0.6997789325         0.8409517685        -9.6989599007         2.8108610099 
        3.0650000000        -0.6990019268         0.8205601566       -10.2301550757         2.7500101735 
        3.0700000000        -0.6976661496         0.8256580595       -10.0973562819         2.7083753906 
        3.0750001000        -0.6957726254         0.8307559625        -9.9645574882         2.6603352566 
        3.0800000000        -0.6933229980         0.8027174962       -10.6949508538         2.5962817445 
        3.0850000000        -0.6903190953         0.8027174962       -10.6949508538         2.5418362592 
        3.0900000000        -0.6867633622         0.8078153991       -10.5621520600         2.4905934496 
        3.0950000000        -0.6826586409         0.8078153991       -10.5621520600         2.4425533155 
        3.1000000000        -0.6780082128         0.7925216902       -10.9605484412         2.3977158570 
        3.1050000000        -0.6728157953         0.8358538655        -9.8317586944         2.3400676962 
        3.1100000000        -0.6670855391         0.7848748358       -11.1597466318         2.2856222109 
        3.1150000000        -0.6608220249         0.7950706417       -10.8941490444         2.2215686988 
        3.1200000000        -0.6540302597         0.8001685447       -10.7613502506         2.1735285648 
        3.1250000000        -0.6467156728         0.7695811269       -11.5581430131         2.1222857551 
        3.1300000000        -0.6388841112         0.8129133021       -10.4293532663         2.0806509723 
        3.1350000000        -0.6305418354         0.7797769328       -11.2925454256         2.0165974602 
        3.1400001000        -0.6216953322         0.8027174962       -10.6949508538         1.9589492993 
        3.1450000000        -0.6123522190         0.7874237873       -11.0933472350         1.9013011385 
        3.1500000000        -0.6025194188         0.7925216902       -10.9605484412         1.8404503020 
        3.1550000000        -0.5922049740         0.7874237873       -11.0933472350         1.8020181947 
        3.1600001000        -0.5814169090         0.7899727387       -11.0269478381         1.7379646827 
        3.1650000000        -0.5701645089         0.7950706417       -10.8941490444         1.6931272242 
        3.1700000000        -0.5584561077         0.7746790298       -11.4253442193         1.6226683609 
        3.1750000000        -0.5463012851         0.7950706417       -10.8941490444         1.5746282269 
        3.1800000000        -0.5337097576         0.7950706417       -10.8941490444         1.5361961196 
        3.1850000000        -0.5206915908         0.7874237873       -11.0933472350         1.4849533100 
        3.1900000000        -0.5072571911         0.8078153991       -10.5621520600         1.4273051491 
        3.1950000000        -0.4934172978         0.7797769328       -11.2925454256         1.3696569882 
        3.2000001000        -0.4791826855         0.8001685447       -10.7613502506         1.3056034761 
        3.2050000000        -0.4645655989         0.8027174962       -10.6949508538         1.2575633421 
        3.2100000000        -0.4495768571         0.7823258843       -11.2261460287         1.2095232080 
        3.2150000000        -0.4342287305         0.8231091081       -10.1637556788         1.1614830740 
        3.2200000000        -0.4185334881         0.7823258843       -11.2261460287         1.1038349131 
        3.2250000000        -0.4025036764         0.8129133021       -10.4293532663         1.0525921034 
        3.2300000000        -0.3861521094         0.8052664477       -10.6285514569         1.0013492938 
        3.2350109000        -0.3694552114         0.8282070110       -10.0309568851         0.9501064841 
        3.2400000000        -0.3525362410         0.7950706417       -10.8941490444         0.9020663501 
        3.2450000000        -0.3352988117         0.8409517685        -9.6989599007         0.8604315672 
        3.2500000000        -0.3177933498         0.8256580595       -10.0973562819         0.8059860819 
        3.2550000000        -0.3000338486         0.8052664477       -10.6285514569         0.7419325699 
        3.2600000000        -0.2820345050         0.8384028170        -9.7653592976         0.6938924358 
        3.2650001000        -0.2638093406         0.8027174962       -10.6949508538         0.6458523018 
        3.2700000000        -0.2453740240         0.8460496714        -9.5661611070         0.5978121677 
        3.2750000000        -0.2267421926         0.8435007200        -9.6325605038         0.5529747092 
        3.2800000000        -0.2079291071         0.8333049140        -9.8981580913         0.5113399264 
        3.2850001000        -0.1889494249         0.8485986229        -9.4997617101         0.4665024679 
        3.2900000000        -0.1698194616         0.8536965259        -9.3669629164         0.4184623339 
        3.2950000000        -0.1505533659         0.8613433804        -9.1677647258         0.3736248754 
        3.3000000000        -0.1311669201         0.8613433804        -9.1677647258         0.3287874170 
        3.3050000000        -0.1116756216         0.8536965259        -9.3669629164         0.2839499585 
        3.3100000000        -0.0920950512         0.8995776526        -8.1717737727         0.2455178513 
        3.3150000000        -0.0724408617         0.8842839437        -8.5701701539         0.2102884196 
        3.3200000000        -0.0527287639         0.8970287012        -8.2381731696         0.1622482856 
        3.3250001000        -0.0329741200         0.8868328952        -8.5037707571         0.1110054759 
        3.3300000000        -0.0131939077         0.8817349922        -8.6365695508         0.0757760443 
        3.3350000000         0.0065972470         0.9072245071        -7.9725755821         0.0341412614 
        3.3400000000         0.0263831280         0.9352629734        -7.2421822165         0.0053171810 
        3.3450000000         0.0461479186         0.9352629734        -7.2421822165        -0.0299122506 
        3.3500000000         0.0658758193         0.9964378091        -5.6485966917        -0.0427229531 
        3.3550000000         0.0855510600         1.0091825665        -5.3165997073        -0.0779523847 
        3.3600000000         0.1051579124         1.0397699844        -4.5198069449        -0.1003711139 
        3.3650000000         0.1246807033         1.1315322379        -2.1294286576        -0.1227898432 
        3.3700000000         0.1441038263         1.2207455399         0.1945502328        -0.1291951944 
        3.3750000000         0.1634117547         1.2105497339        -0.0710473547        -0.1291951944 
        3.3800000000         0.1825890544         1.2156476369         0.0617514391        -0.1259925188 
        3.3850000000         0.2016203952         1.2360392488         0.5929466140        -0.1163844920 
        3.3900001000         0.2204909395         1.2666266666         1.3897393765        -0.1131818163 
        3.3950000000         0.2391844756         1.2640777151         1.3233399796        -0.1099791407 
        3.4000000000         0.2576871870         1.2819203755         1.7881357577        -0.0971684383 
        3.4050000000         0.2759839070         1.2819203755         1.7881357577        -0.0907630871 
        3.4100001000         0.2940603692         1.2972140844         2.1865321389        -0.0939657627 
        3.4150000000         0.3119010457         1.3074098904         2.4521297264        -0.0811550603 
        3.4200000000         0.3294927525         1.3176056963         2.7177273139        -0.0587363311 
        3.4250000000         0.3468210680         1.3252525508         2.9169255045        -0.0459256287 
        3.4300000000         0.3638721399         1.3150567448         2.6513279170        -0.0523309799 
        3.4357971000         0.3832764724         1.3328994052         3.1161236951        -0.0331149263 
        3.4400000000         0.3970882644         1.3354483567         3.1825230919        -0.0203042238 
        3.4450000000         0.4132267645         1.3507420656         3.5809194732        -0.0042908458 
        3.4500001000         0.4290352504         1.3583889201         3.7801176638         0.0213305590 
        3.4550000000         0.4445001467         1.3634868231         3.9129164575         0.0309385858 
        3.4600000000         0.4596100291         1.3813294835         4.3777122356         0.0629653419 
        3.4650000000         0.4743525063         1.3889763379         4.5769104262         0.0789787199 
        3.4700000000         0.4887157933         1.3864273864         4.5105110293         0.1013974491 
        3.4750000000         0.5026884084         1.4119169013         5.1745049980         0.1366268808 
        3.4800000000         0.5162591822         1.4042700468         4.9753068074         0.1494375832 
        3.4850000000         0.5294172662         1.4323085132         5.7057001730         0.1878696904 
        3.4900000000         0.5421521422         1.4144658528         5.2409043949         0.2166937708 
        3.4950000000         0.5544536300         1.4272106102         5.5729013792         0.2263017977 
        3.5000000000         0.5663118961         1.4323085132         5.7057001730         0.2551258781 
        3.5050000000         0.5777174611         1.4399553677         5.9048983636         0.2775446073 
        3.5100000000         0.5886612076         1.4399553677         5.9048983636         0.3031660121 
        3.5150001000         0.5991345921         1.4527001251         6.2368953479         0.3383954438 
        3.5200000000         0.6091286283         1.4603469795         6.4360935385         0.3736248754 
        3.5250000000         0.6186359411         1.4730917370         6.7680905229         0.3992462803 
        3.5300000000         0.6276487257         1.4883854459         7.1664869041         0.4536917655 
        3.5350001000         0.6361599428         1.4985812518         7.4320844916         0.4825158460 
        3.5400000000         0.6441622932         1.4985812518         7.4320844916         0.5241506288 
        3.5450000000         0.6516498752         1.5240707667         8.0960784603         0.5593800605 
        3.5500000000         0.6586165383         1.5087770578         7.6976820791         0.5978121677 
        3.5550000000         0.6650567134         1.5240707667         8.0960784603         0.6266362481 
        3.5600000000         0.6709652523         1.5317176211         8.2952766509         0.6650683554 
        3.5650000000         0.6763374319         1.5317176211         8.2952766509         0.7002977870 
        3.5700000000         0.6811689577         1.5444623786         8.6272736352         0.7451352455 
        3.5750001000         0.6854560477         1.5546581845         8.8928712227         0.7867700283 
        3.5800000000         0.6891950342         1.5444623786         8.6272736352         0.8252021356 
        3.5850000000         0.6923831690         1.5572071360         8.9592706196         0.8700395940 
        3.5900000000         0.6950178232         1.5597560875         9.0256700165         0.9148770525 
        3.5950000000         0.6970968908         1.5597560875         9.0256700165         0.9565118353 
        3.6000000000         0.6986187099         1.5903435053         9.8224627789         1.0141599962 
        3.6050000000         0.6995820638         1.5725008449         9.3576670008         1.0525921034 
        3.6100000000         0.6999861826         1.5903435053         9.8224627789         1.1006322375 
        3.6150000000         0.6998307431         1.5877945538         9.7560633820         1.1486723716 
        3.6200000000         0.6991158696         1.5928924568         9.8888621758         1.2095232080 
        3.6250000000         0.6978421336         1.6107351172        10.3536579538         1.2511579909 
        3.6300000000         0.6960105533         1.6030882627        10.1544597632         1.3024008005 
        3.6350000000         0.6936225928         1.6030882627        10.1544597632         1.3504409346 
        3.6400001000         0.6906800966         1.6158330202        10.4864567476         1.4112917711 
        3.6450000000         0.6871856100         1.6260288261        10.7520543351         1.4561292295 
        3.6500000000         0.6831417333         1.6209309231        10.6192555413         1.5201827416 
        3.6550000000         0.6785517637         1.6234798746        10.6856549382         1.5682228757 
        3.6600001000         0.6734192620         1.6285777776        10.8184537319         1.6098576585 
        3.6650000000         0.6677486554         1.6107351172        10.3536579538         1.6546951170 
        3.6700000000         0.6615441526         1.6311267291        10.8848531288         1.7059379266 
        3.6750000000         0.6548108215         1.6209309231        10.6192555413         1.7667887631 
        3.6800000000         0.6475540447         1.6362246321        11.0176519225         1.8180315728 
        3.6850000000         0.6397796231         1.6362246321        11.0176519225         1.8852877604 
        3.6900000000         0.6314937716         1.6540672925        11.4824477006         1.9365305701 
        3.6950000000         0.6227031135         1.6234798746        10.6856549382         1.9941787310 
        3.7000001000         0.6134144853         1.6311267291        10.8848531288         2.0550295674 
        3.7050000000         0.6036358842         1.6489693895        11.3496489069         2.1062723771 
        3.7100000000         0.5933745552         1.6260288261        10.7520543351         2.1415018087 
        3.7150000000         0.5826388916         1.6413225350        11.1504507163         2.2023526452 
        3.7200000000         0.5714374755         1.6081861657        10.2872585570         2.2567981305 
        3.7250000000         0.5597792609         1.6515183410        11.4160483038         2.3048382645 
        3.7300000000         0.5476735674         1.5954414083         9.9552615726         2.3528783986 
        3.7350000000         0.5351300720         1.6489693895        11.3496489069         2.4265399375 
        3.7400000000         0.5221588017         1.6209309231        10.6192555413         2.4745800715 
        3.7450000000         0.5087701258         1.6413225350        11.1504507163         2.5354309080 
        3.7500000000         0.4949747468         1.6260288261        10.7520543351         2.5802683665 
        3.7550000000         0.4807836926         1.6387735836        11.0840513194         2.6347138517 
        3.7600000000         0.4662083072         1.6234798746        10.6856549382         2.6891593370 
        3.7650001000         0.4512599394         1.6209309231        10.6192555413         2.7404021467 
        3.7700000000         0.4359514462         1.6311267291        10.8848531288         2.7980503075 
        3.7750000000         0.4202941576         1.6132840687        10.4200573507         2.8589011440 
        3.7800000000         0.4043008924         1.6183819717        10.5528561444         2.9005359268 
        3.7850001000         0.3879841056         1.6107351172        10.3536579538         2.9581840877 
        3.7900000000         0.3713578290         1.6183819717        10.5528561444         3.0094268974 
        3.7950000000         0.3544343651         1.6005393113        10.0880603664         3.0702777339 
        3.8000000000         0.3372275718         1.6158330202        10.4864567476         3.1183178679 
        3.8050000000         0.3197512039         1.6005393113        10.0880603664         3.1503446239 
        3.8100000000         0.3020192319         1.6005393113        10.0880603664         3.1407365971 
        3.8150000000         0.2840458304         1.6209309231        10.6192555413         3.1471419483 
        3.8200000000         0.2658453669         1.5903435053         9.8224627789        -1.7433436987 
        3.8250001000         0.2474320203         1.6005393113        10.0880603664        -3.1333049108 
        3.8300000000         0.2288216206         1.5572071360         8.9592706196        -3.1461156132 
        3.8350000000         0.2100279343         1.5877945538         9.7560633820        -3.1397102620 
        3.8400000000         0.1910663547         1.5801476994         9.5568651914        -3.1429129376 
        3.8450000000         0.1719520398         1.5725008449         9.3576670008        -3.1044808303 
        3.8500000000         0.1527002690         1.5826966509         9.6232645883        -3.0596433719 
        3.8550000000         0.1333264319         1.5597560875         9.0256700165        -3.0148059134 
        3.8600000000         0.1138460156         1.5674029419         9.2248682071        -2.9699684550 
        3.8650000000         0.0942745925         1.5521092330         8.8264718258        -2.9283336721 
        3.8700000000         0.0746278079         1.5419134271         8.5608742384        -2.8738881868 
        3.8750000000         0.0549213670         1.5495602815         8.7600724290        -2.8354560796 
        3.8800000000         0.0351710227         1.5317176211         8.2952766509        -2.7842132699 
        3.8850195000         0.0153153928         1.5419134271         8.5608742384        -2.7425784871 
        3.8900001000        -0.0043985967         1.5291686697         8.2288772540        -2.7105517310 
        3.8950000000        -0.0241854491         1.5164239122         7.8968802697        -2.6689169482 
        3.9000000000        -0.0439533638         1.5138749607         7.8304808728        -2.6176741385 
        3.9050000000        -0.0636861427         1.4883854459         7.1664869041        -2.5888500581 
        3.9100001000        -0.0833684052         1.4476022221         6.1040965542        -2.5632286533 
        3.9150000000        -0.1029832383         1.4170148043         5.3073037918        -2.5279992216 
        3.9200000000        -0.1225161413         1.1876091705        -0.6686419265        -2.5183911948 
        3.9250000000        -0.1419511069         1.1952560250        -0.4694437359        -2.5215938704 
        3.9300000000        -0.1612725988         1.1952560250        -0.4694437359        -2.5312018972 
        3.9350000000        -0.1804651719         1.2258434428         0.3273490266        -2.5183911948 
        3.9400000000        -0.1995134837         1.2029028795        -0.2702455453        -2.5119858436 
        3.9450000000        -0.2184023077         1.2003539280        -0.3366449421        -2.5279992216 
        3.9500001000        -0.2371169167         1.1748644131        -1.0006389108        -2.5151885192 
        3.9550000000        -0.2556412334         1.1697665101        -1.1334377046        -2.5279992216 
        3.9600000000        -0.2739615669         1.1442769953        -1.7974316733        -2.5376072484 
        3.9650000000        -0.2920628997         1.1391790923        -1.9302304670        -2.5472152753 
        3.9700001000        -0.3099311166         1.1366301408        -1.9966298639        -2.5536206265 
        3.9750000000        -0.3275508700         1.1213364319        -2.3950262451        -2.5664313289 
        3.9800000000        -0.3449091391         1.0983958685        -2.9926208169        -2.5888500581 
        3.9850000000        -0.3619916931         1.1060427230        -2.7934226263        -2.6048634361 
        3.9900000000        -0.3787848766         1.0932979656        -3.1254196106        -2.6080661117 
        3.9950000000        -0.3952752651         1.0831021596        -3.3910171981        -2.6336875166 
        4.0000000000        -0.4114496766         1.0805532081        -3.4574165950        -2.6497008946 
        4.0050000000        -0.4272951816         1.0576126448        -4.0550111668        -2.6689169482 
        4.0100000000        -0.4427991133         1.0652594992        -3.8558129762        -2.6881330018 
        4.0150000000        -0.4579490783         1.0372210329        -4.5862063418        -2.7009437042 
        4.0200000000        -0.4727329658         1.0474168388        -4.3206087543        -2.7233624335 
        4.0250000000        -0.4871389577         1.0295741784        -4.7854045324        -2.7521865139 
        4.0300001000        -0.5011558144         1.0193783725        -5.0510021199        -2.7681998919 
        4.0350001000        -0.5147717708         1.0244762754        -4.9182033261        -2.7938212967 
        4.0400000000        -0.5279759665         1.0091825665        -5.3165997073        -2.8130373504 
        4.0450000000        -0.5407583746         1.0117315180        -5.2502003105        -2.8354560796 
        4.0500000000        -0.5531085087         0.9989867606        -5.5821972948        -2.8674828356 
        4.0550000000        -0.5650164963         0.9938888576        -5.7149960885        -2.9059149429 
        4.0600000000        -0.5764728184         0.9709482942        -6.3125906604        -2.9475497257 
        4.0650001000        -0.5874685321         0.9785951487        -6.1133924698        -2.9795764818 
        4.0700001000        -0.5979944080         0.9531056338        -6.7773864385        -3.0084005622 
        4.0750001000        -0.6080422563         0.9582035368        -6.6445876447        -3.0404273182 
        4.0800000000        -0.6176038586         0.9556545853        -6.7109870416        -3.0724540743 
        4.0850000000        -0.6266719539         0.9301650705        -7.3749810103        -3.0948728035 
        4.0900000000        -0.6352390972         0.9582035368        -6.6445876447        -3.1301022351 
        4.0950000000        -0.6432984401         0.9097734586        -7.9061761852        -3.1301022351 
        4.1000000000        -0.6508435401         0.9327140220        -7.3085816134        -3.1429129376 
        4.1050000000        -0.6578683658         0.9225182160        -7.5741792009        -3.1429129376 
        4.1100000000        -0.6643673015         0.9174203130        -7.7069779946        -3.1365075864 
        4.1150000000        -0.6703351522         0.8944797497        -8.3045725665        -1.7497490499 
        4.1200036000        -0.6757708641         0.9021266041        -8.1053743758        -1.7657624279 
        4.1250000000        -0.6806589443         0.8689902348        -8.9685665351         3.1311285703 
        4.1300000000        -0.6850066330         0.8944797497        -8.3045725665         3.1407365971 
        4.1350000000        -0.6888067380         0.8689902348        -8.9685665351         3.1407365971 
        4.1400000000        -0.6920562213         0.8664412833        -9.0349659320         3.1151151923 
        4.1450000000        -0.6947524855         0.8587944289        -9.2341641226         3.0574670314 
        4.1500000000        -0.6968933752         0.8842839437        -8.5701701539         3.0318456266 
        4.1550000000        -0.6984771790         0.8409517685        -9.6989599007         2.9806028169 
        4.1600000000        -0.6995026308         0.8817349922        -8.6365695508         2.9357653585 
        4.1650000000        -0.6999689110         0.8256580595       -10.0973562819         2.8749145220 
        4.1700000000        -0.6998756467         0.8460496714        -9.5661611070         2.8172663611 
        4.1750000000        -0.6992229125         0.8256580595       -10.0973562819         2.7756315783 
        4.1800000000        -0.6980112302         0.8435007200        -9.6325605038         2.7371994711 
        4.1850000000        -0.6962415684         0.8256580595       -10.0973562819         2.6699432834 
        4.1900001000        -0.6939152897         0.8231091081       -10.1637556788         2.6251058249 
        4.1950000000        -0.6910344098         0.8027174962       -10.6949508538         2.5706603397 
        4.2000000000        -0.6876010755         0.8282070110       -10.0309568851         2.5258228812 
        4.2050000000        -0.6836180834         0.8052664477       -10.6285514569         2.4649720447 
        4.2100000000        -0.6790886175         0.7899727387       -11.0269478381         2.4169319107 
        4.2150000000        -0.6740162986         0.8154622536       -10.3629538694         2.3624864254 
        4.2200000000        -0.6684051813         0.7950706417       -10.8941490444         2.3080409401 
        4.2250000000        -0.6622597512         0.7925216902       -10.9605484412         2.2439874281 
        4.2300000000        -0.6555849207         0.7950706417       -10.8941490444         2.1927446184 
        4.2350000000        -0.6483860257         0.7797769328       -11.2925454256         2.1447044843 
        4.2400000000        -0.6406688208         0.8078153991       -10.5621520600         2.0966643503 
        4.2450038000        -0.6324330276         0.7848748358       -11.1597466318         2.0486242162 
        4.2500000000        -0.6237045669         0.7925216902       -10.9605484412         1.9717600017 
        4.2550000000        -0.6144710789         0.8052664477       -10.6285514569         1.9333278945 
        4.2600000000        -0.6047463920         0.7976195932       -10.8277496475         1.8692743824 
        4.2650000000        -0.5945382802         0.7797769328       -11.2925454256         1.8116262215 
        4.2700000000        -0.5838549035         0.7797769328       -11.2925454256         1.7539780607 
        4.2750000000        -0.5727048021         0.8052664477       -10.6285514569         1.7123432778 
        4.2800000000        -0.5610968894         0.7746790298       -11.4253442193         1.6611004682 
        4.2850000000        -0.5490404444         0.8103643506       -10.4957526631         1.6130603341 
        4.2900000000        -0.5365451048         0.7950706417       -10.8941490444         1.5554121732 
        4.2950000000        -0.5236208592         0.7823258843       -11.2261460287         1.4945613368 
        4.3000000000        -0.5102780391         0.8078153991       -10.5621520600         1.4561292295 
        4.3050000000        -0.4965273106         0.8001685447       -10.7613502506         1.4016837443 
        4.3100000000        -0.4823796658         0.7950706417       -10.8941490444         1.3408329078 
        4.3150001000        -0.4678461196         0.8129133021       -10.4293532663         1.2927927737 
        4.3200000000        -0.4529391731         0.8078153991       -10.5621520600         1.2383472885 
        4.3250000000        -0.4376698594         0.8027174962       -10.6949508538         1.1839018032 
        4.3300000000        -0.4220506791         0.8078153991       -10.5621520600         1.1262536423 
        4.3350000000        -0.4060941180         0.7874237873       -11.0933472350         1.0718081571 
        4.3400000000        -0.3898129314         0.8205601566       -10.2301550757         1.0301733742 
        4.3450000000        -0.3732201345         0.8231091081       -10.1637556788         0.9885385914 
        4.3500000000        -0.3563289910         0.8180112051       -10.2965544725         0.9308904305 
        4.3550001000        -0.3391526573         0.8231091081       -10.1637556788         0.8892556476 
        4.3600000000        -0.3217059024         0.8384028170        -9.7653592976         0.8284048112 
        4.3650000000        -0.3040016344         0.8154622536       -10.3629538694         0.7707566503 
        4.3700000000        -0.2860543522         0.8333049140        -9.8981580913         0.7291218675 
        4.3750000000        -0.2678784027         0.8256580595       -10.0973562819         0.6842844090 
        4.3800000000        -0.2494883151         0.8256580595       -10.0973562819         0.6330415993 
        4.3850000000        -0.2308987904         0.8536965259        -9.3669629164         0.5817987897 
        4.3900000000        -0.2121246887         0.8511475744        -9.4333623132         0.5401640068 
        4.3950000000        -0.1931810177         0.8485986229        -9.4997617101         0.5081372508 
        4.4000000000        -0.1740829209         0.8460496714        -9.5661611070         0.4472864143 
        4.4050000000        -0.1548456650         0.8613433804        -9.1677647258         0.4024489559 
        4.4100000000        -0.1354846276         0.8740881378        -8.8357677414         0.3672195242 
        4.4150000000        -0.1160152860         0.8435007200        -9.6325605038         0.3031660121 
        4.4200000000        -0.0964532035         0.8791860408        -8.7029689477         0.2711392561 
        4.4250000000        -0.0768140176         0.9021266041        -8.1053743758         0.2295044733 
        4.4300000000        -0.0571134280         0.8791860408        -8.7029689477         0.2006803928 
        4.4350000000        -0.0373671827         0.9046755556        -8.0389749790         0.1430322320 
        4.4400001000        -0.0175906710         0.8740881378        -8.8357677414         0.0981947735 
        4.4450000000         0.0021991112         0.9072245071        -7.9725755821         0.0757760443 
        4.4500000000         0.0219875314         0.9250671675        -7.5077798040         0.0309385858 
        4.4550000000         0.0417583751         0.9480077309        -6.9101852322        -0.0010881702 
        4.4600000000         0.0614958377         0.9862420032        -5.9141942792        -0.0395202775 
        4.4650000000         0.0811841415         1.0295741784        -4.7854045324        -0.0555336555 
        4.4700000000         0.1008075478         1.0397699844        -4.5198069449        -0.0843577359 
        4.4750000000         0.1203503702         1.0703574022        -3.7230141825        -0.1035737895 
        4.4800001000         0.1397973743         1.1570217527        -1.4654346889        -0.1003711139 
        4.4850000000         0.1591318510         1.2513329577         0.9913429953        -0.1131818163 
        4.4900000000         0.1783395081         1.2334902973         0.5265472172        -0.0939657627 
        4.4950000000         0.1974046032         1.2283923943         0.3937484234        -0.0939657627 
        4.5000000000         0.2163118961         1.2411371518         0.7257454078        -0.0971684383 
        4.5050000000         0.2350462726         1.2768224726         1.6553369640        -0.0875604115 
        4.5100000000         0.2535927567         1.2742735211         1.5889375671        -0.0843577359 
        4.5150000000         0.2719365226         1.2742735211         1.5889375671        -0.0811550603 
        4.5200000000         0.2900629068         1.2717245696         1.5225381702        -0.0811550603 
        4.5250000000         0.3079574190         1.3099588419         2.5185291233        -0.0587363311 
        4.5300000000         0.3256057547         1.3023119874         2.3193309326        -0.0427229531 
        4.5350000000         0.3429938062         1.3125077934         2.5849285201        -0.0427229531 
        4.5400000000         0.3601076736         1.3125077934         2.5849285201        -0.0299122506 
        4.5450000000         0.3769336766         1.3379973082         3.2489224888        -0.0267095750 
        4.5500000000         0.3934583646         1.3328994052         3.1161236951        -0.0074935214 
        4.5550000000         0.4096685279         1.3507420656         3.5809194732         0.0085198566 
        4.5600000000         0.4255512085         1.3583889201         3.7801176638         0.0341412614 
        4.5650001000         0.4410940172         1.3634868231         3.9129164575         0.0437492882 
        4.5700000000         0.4562836077         1.3838784350         4.4441116325         0.0661680175 
        4.5750000000         0.4711087595         1.3762315805         4.2449134419         0.0821813955 
        4.5800000000         0.4855573142         1.3762315805         4.2449134419         0.1110054759 
        4.5850000000         0.4996177217         1.4144658528         5.2409043949         0.1366268808 
        4.5900000000         0.5132787424         1.3991721439         4.8425080137         0.1526402588 
        4.5950000000         0.5265294559         1.4195637558         5.3737031886         0.1878696904 
        4.6000000000         0.5393592699         1.4042700468         4.9753068074         0.2134910952 
        4.6050001000         0.5517581720         1.4348574647         5.7720995699         0.2391125001 
        4.6100000000         0.5637155200         1.4170148043         5.3073037918         0.2743419317 
        4.6150000000         0.5752224861         1.4577980281         6.3696941417         0.2871526341 
        4.6200000000         0.5862696281         1.4450532706         6.0376971573         0.3191793902 
        4.6250000000         0.5968481150         1.4603469795         6.4360935385         0.3512061462 
        4.6300000000         0.6069494908         1.4730917370         6.7680905229         0.3768275510 
        4.6350000000         0.6165656804         1.4679938340         6.6352917292         0.4120569827 
        4.6400000000         0.6256889969         1.4960323003         7.3656850947         0.4568944411 
        4.6450000000         0.6343121472         1.4858364944         7.1000875072         0.4889211972 
        4.6500000000         0.6424282380         1.5087770578         7.6976820791         0.5337586556 
        4.6552207000         0.6503544266         1.5189728637         7.9632796665         0.5689880873 
        4.6600000000         0.6571137004         1.5036791548         7.5648832853         0.6074201945 
        4.6650000000         0.6636713326         1.5393644756         8.4944748415         0.6362442749 
        4.6700000000         0.6696984361         1.5266197182         8.1624778572         0.6874870846 
        4.6750000000         0.6751901930         1.5444623786         8.6272736352         0.7099058138 
        4.6800000000         0.6801422131         1.5342665726         8.3616760478         0.7547432723 
        4.6850000000         0.6845505379         1.5597560875         9.0256700165         0.8091887576 
        4.6900001000         0.6884117152         1.5495602815         8.7600724290         0.8572288916 
        4.6950000000         0.6917224434         1.5775987479         9.4904657945         0.8956609989 
        4.7000000000         0.6944802909         1.5623050390         9.0920694133         0.9469038085 
        4.7050000000         0.6966829816         1.5877945538         9.7560633820         0.9885385914 
        4.7100000000         0.6983287545         1.5801476994         9.5568651914         1.0461867522 
        4.7150000000         0.6994162940         1.5877945538         9.7560633820         1.0846188595 
        4.7200000000         0.6999447309         1.6056372142        10.2208591601         1.1262536423 
        4.7250000000         0.6999136427         1.5903435053         9.8224627789         1.1742937764 
        4.7300001000         0.6993230369         1.6056372142        10.2208591601         1.2255365860 
        4.7350000000         0.6981734377         1.5903435053         9.8224627789         1.2767793957 
        4.7400000000         0.6964657119         1.6234798746        10.6856549382         1.3280222054 
        4.7450000000         0.6942012421         1.6030882627        10.1544597632         1.3760623394 
        4.7500000000         0.6913818384         1.6209309231        10.6192555413         1.4208997979 
        4.7550000000         0.6880097547         1.6158330202        10.4864567476         1.4689399319 
        4.7600000000         0.6840876865         1.6107351172        10.3536579538         1.5297907684 
        4.7650000000         0.6796187691         1.6311267291        10.8848531288         1.5714255513 
        4.7700000000         0.6746065748         1.6107351172        10.3536579538         1.6290737121 
        4.7750000000         0.6690551103         1.6285777776        10.8184537319         1.6867218730 
        4.7800000000         0.6629688135         1.6209309231        10.6192555413         1.7315593315 
        4.7850000000         0.6563525495         1.6362246321        11.0176519225         1.7860048167 
        4.7900000000         0.6492116073         1.6260288261        10.7520543351         1.8276395996 
        4.7950000000         0.6415516953         1.6183819717        10.5528561444         1.8820850848 
        4.8000000000         0.6333789367         1.6438714865        11.2168501131         1.9429359213 
        4.8050000000         0.6246998646         1.6107351172        10.3536579538         2.0037867578 
        4.8100000000         0.6155214171         1.6540672925        11.4824477006         2.0646375943 
        4.8150001000         0.6058507329         1.6158330202        10.4864567476         2.1094750527 
        4.8200000000         0.5956961373         1.6464204380        11.2832495100         2.1735285648 
        4.8250000000         0.5850651530         1.6260288261        10.7520543351         2.2215686988 
        4.8300000000         0.5739664765         1.6311267291        10.8848531288         2.2792168597 
        4.8350000000         0.5624089800         1.6489693895        11.3496489069         2.3400676962 
        4.8400000000         0.5504019024         1.5903435053         9.8224627789         2.3784998034 
        4.8450000000         0.5379548421         1.6566162440        11.5488470975         2.4425533155 
        4.8500000000         0.5250777487         1.6158330202        10.4864567476         2.4905934496 
        4.8550001000         0.5117806462         1.6489693895        11.3496489069         2.5514442860 
        4.8600000000         0.4980749740         1.6081861657        10.2872585570         2.5866737177 
        4.8650000000         0.4839708782         1.6515183410        11.4160483038         2.6603352566 
        4.8700000000         0.4694799035         1.6081861657        10.2872585570         2.7083753906 
        4.8750000000         0.4546136338         1.6183819717        10.5528561444         2.7596182003 
        4.8800000000         0.4393839529         1.6285777776        10.8184537319         2.8236717124 
        4.8850000000         0.4238030352         1.6209309231        10.6192555413         2.8653064952 
        4.8900000000         0.4078833358         1.6056372142        10.2208591601         2.9293600073 
        4.8950000000         0.3916375806         1.6285777776        10.8184537319         2.9774001413 
        4.9000000000         0.3750787564         1.6158330202        10.4864567476         3.0350483022 
        4.9050000000         0.3582201001         1.6005393113        10.0880603664         3.0734804095 
        4.9100000000         0.3410750880         1.6209309231        10.6192555413         3.1343312459 
        4.9150000000         0.3236574257         1.5903435053         9.8224627789         3.1311285703 
        4.9200000000         0.3059810367         1.6005393113        10.0880603664         3.1407365971 
        4.9250000000         0.2880600509         1.6107351172        10.3536579538         3.0670750582 
        4.9300000000         0.2699087945         1.5801476994         9.5568651914        -1.7593570767 
        4.9350000000         0.2515417771         1.5903435053         9.8224627789        -3.1429129376 
        4.9400001000         0.2329733078         1.5775987479         9.4904657945        -3.1397102620 
        4.9450000000         0.2142193495         1.5954414083         9.9552615726        -3.1429129376 
        4.9500000000         0.1952937742         1.5801476994         9.5568651914        -3.1236968839 
        4.9550000000         0.1762120840         1.5775987479         9.4904657945        -3.0948728035 
        4.9600000000         0.1569895325         1.5877945538         9.7560633820        -3.0404273182 
        4.9650000000         0.1376414861         1.5521092330         8.8264718258        -3.0051978866 
        4.9700000000         0.1181834113         1.5597560875         9.0256700165        -2.9507524013 
        4.9750000000         0.0986308624         1.5546581845         8.8928712227        -2.8995095917 
        4.9800001000         0.0789990760         1.5495602815         8.7600724290        -2.8642801600 
        4.9850000000         0.0593049255         1.5495602815         8.7600724290        -2.8130373504 
        4.9900000000         0.0395629740         1.5444623786         8.6272736352        -2.7714025675 
        4.9950000000         0.0197893966         1.5419134271         8.5608742384        -2.7169570823 
        5.0000000000         0.0000000000         1.5393644756         8.4944748415        -2.6913356774 
        5.0050000000        -0.0197893967         1.5215218152         8.0296790634        -2.6432955434 
        5.0100000000        -0.0395629741         1.5164239122         7.8968802697        -2.6080661117 
        5.0150000000        -0.0593049255         1.5138749607         7.8304808728        -2.5568233021 
        5.0200000000        -0.0789994695         1.4807385914         6.9672887135        -2.5215938704 
        5.0250000000        -0.0986308625         1.4374064162         5.8384989667        -2.5023778168 
        5.0300000000        -0.1181834113         1.3966231924         4.7761086168        -2.4767564120 
        5.0350000000        -0.1376414862         1.1825112676        -0.8014407202        -2.4703510608 
        5.0400000000        -0.1569895327         1.2054518309        -0.2038461484        -2.4671483852 
        5.0450000000        -0.1762120841         1.2029028795        -0.2702455453        -2.4767564120 
        5.0500000000        -0.1952937743         1.2258434428         0.3273490266        -2.4671483852 
        5.0550000000        -0.2142193496         1.2054518309        -0.2038461484        -2.4703510608 
        5.0600000000        -0.2329736813         1.1748644131        -1.0006389108        -2.4767564120 
        5.0650001000        -0.2515421467         1.1570217527        -1.4654346889        -2.4703510608 
        5.0700000000        -0.2699087946         1.1621196557        -1.3326358952        -2.4895671144 
        5.0750000000        -0.2880600510         1.1519238497        -1.5982334826        -2.4927697900 
        5.0800000000        -0.3059810368         1.1187874804        -2.4614256419        -2.5055804924 
        5.0850000000        -0.3236574258         1.1340811893        -2.0630292607        -2.5215938704 
        5.0900000000        -0.3410750881         1.1213364319        -2.3950262451        -2.5279992216 
        5.0950000000        -0.3582201001         1.1085916745        -2.7270232294        -2.5440125996 
        5.1000000000        -0.3750787565         1.0932979656        -3.1254196106        -2.5600259777 
        5.1050001000        -0.3916379088         1.0958469171        -3.0590202138        -2.5664313289 
        5.1100000000        -0.4078833358         1.0805532081        -3.4574165950        -2.5856473825 
        5.1150000000        -0.4238030353         1.0703574022        -3.7230141825        -2.6112687873 
        5.1200000000        -0.4393839530         1.0576126448        -4.0550111668        -2.6208768141 
        5.1250000000        -0.4546136338         1.0678084507        -3.7894135793        -2.6432955434 
        5.1300000000        -0.4694799036         1.0423189359        -4.4534075480        -2.6593089214 
        5.1350000000        -0.4839708783         1.0474168388        -4.3206087543        -2.6817276506 
        5.1400000000        -0.4980749740         1.0193783725        -5.0510021199        -2.6977410286 
        5.1450000000        -0.5117809164         1.0397699844        -4.5198069449        -2.7233624335 
        5.1500000000        -0.5250777488         1.0091825665        -5.3165997073        -2.7585918651 
        5.1550000000        -0.5379548421         1.0091825665        -5.3165997073        -2.7842132699 
        5.1600000000        -0.5504019025         0.9913399061        -5.7813954854        -2.8034293236 
        5.1650000000        -0.5624089801         0.9887909546        -5.8477948823        -2.8482667820 
        5.1700000000        -0.5739664765         0.9811441002        -6.0469930729        -2.8770908624 
        5.1750000000        -0.5850651530         0.9836930517        -5.9805936760        -2.9027122673 
        5.1800000000        -0.5956961373         0.9683993428        -6.3789900572        -2.9315363477 
        5.1850000000        -0.6058509312         0.9683993428        -6.3789900572        -2.9763738062 
        5.1900001000        -0.6155216057         0.9429098279        -7.0429840259        -3.0051978866 
        5.1950000000        -0.6246998647         0.9378119249        -7.1757828197        -3.0436299938 
        5.2000000000        -0.6333789367         0.9480077309        -6.9101852322        -3.0788594255 
        5.2050000000        -0.6415516954         0.9097734586        -7.9061761852        -3.1236968839 
        5.2100000000        -0.6492116074         0.9378119249        -7.1757828197        -3.1301022351 
        5.2150000000        -0.6563525495         0.8944797497        -8.3045725665        -3.1365075864 
        5.2200000000        -0.6629688135         0.9225182160        -7.5741792009        -3.1461156132 
        5.2250000000        -0.6690551104         0.9046755556        -8.0389749790        -3.1461156132 
        5.2300001000        -0.6746066805         0.8893818467        -8.4373713602        -1.7433436987 
        5.2350000000        -0.6796187691         0.8766370893        -8.7693683445        -1.7465463743 
        5.2400000000        -0.6840876865         0.8919307982        -8.3709719633         3.1439392727 
        5.2450000000        -0.6880097547         0.8919307982        -8.3709719633         3.1407365971 
        5.2500000000        -0.6913818384         0.8638923318        -9.1013653289         3.1311285703 
        5.2550000000        -0.6942012421         0.8536965259        -9.3669629164         3.1215205435 
        5.2600000000        -0.6964657119         0.8536965259        -9.3669629164         3.0798857607 
        5.2650000000        -0.6981734377         0.8638923318        -9.1013653289         3.0414536534 
        5.2700000000        -0.6993230543         0.8333049140        -9.8981580913         2.9838054925 
        5.2750000000        -0.6999136427         0.8715391863        -8.9021671383         2.9517787365 
        5.2800000000        -0.6999447309         0.8307559625        -9.9645574882         2.9037386025 
        5.2850000000        -0.6994162940         0.8435007200        -9.6325605038         2.8428877660 
        5.2900000000        -0.6983287545         0.8333049140        -9.8981580913         2.8044556587 
        5.2950000000        -0.6966829815         0.8358538655        -9.8317586944         2.7500101735 
        5.3000000000        -0.6944802909         0.8231091081       -10.1637556788         2.6955646882 
        5.3050000000        -0.6917224434         0.8256580595       -10.0973562819         2.6379165273 
        5.3100000000        -0.6884116435         0.8052664477       -10.6285514569         2.5930790689 
        5.3150001000        -0.6845504552         0.8154622536       -10.3629538694         2.5322282324 
        5.3200000000        -0.6801422130         0.8052664477       -10.6285514569         2.4809854227 
        5.3250000000        -0.6751901929         0.8027174962       -10.6949508538         2.4265399375 
        5.3300000000        -0.6696984361         0.8052664477       -10.6285514569         2.3784998034 
        5.3350000000        -0.6636713325         0.8180112051       -10.2965544725         2.3272569938 
        5.3400000000        -0.6571137003         0.7848748358       -11.1597466318         2.2632034817 
        5.3450000000        -0.6500307815         0.8001685447       -10.7613502506         2.2023526452 
        5.3500000000        -0.6424282380         0.7899727387       -11.0269478381         2.1575151868 
        5.3550001000        -0.6343119797         0.7925216902       -10.9605484412         2.1030697015 
        5.3600000000        -0.6256889969         0.7925216902       -10.9605484412         2.0422188650 
        5.3650000000        -0.6165656804         0.7797769328       -11.2925454256         1.9877733798 
        5.3700000000        -0.6069494908         0.8052664477       -10.6285514569         1.9365305701 
        5.3750000000        -0.5968481150         0.7925216902       -10.9605484412         1.8788824092 
        5.3800000000        -0.5862696280         0.7848748358       -11.1597466318         1.8276395996 
        5.3850000000        -0.5752224860         0.7797769328       -11.2925454256         1.7731941143 
        5.3900000000        -0.5637155200         0.7976195932       -10.8277496475         1.7219513046 
        5.3950000000        -0.5517579283         0.7797769328       -11.2925454256         1.6643031438 
        5.4000000000        -0.5393592699         0.7874237873       -11.0933472350         1.6130603341 
        5.4050000000        -0.5265294559         0.7976195932       -10.8277496475         1.5554121732 
        5.4100000000        -0.5132787424         0.7925216902       -10.9605484412         1.5105747148 
        5.4150000000        -0.4996177216         0.7976195932       -10.8277496475         1.4561292295 
        5.4200000000        -0.4855573141         0.8027174962       -10.6949508538         1.4080890955 
        5.4250000000        -0.4711087594         0.7823258843       -11.2261460287         1.3408329078 
        5.4300000000        -0.4562836076         0.8078153991       -10.5621520600         1.2991981249 
        5.4350000000        -0.4410937097         0.8129133021       -10.4293532663         1.2479553153 
        5.4400001000        -0.4255508940         0.7823258843       -11.2261460287         1.1871044788 
        5.4450000000        -0.4096685278         0.8333049140        -9.8981580913         1.1518750472 
        5.4500000000        -0.3934583645         0.7874237873       -11.0933472350         1.0846188595 
        5.4550000000        -0.3769336765         0.8129133021       -10.4293532663         1.0301733742 
        5.4600000000        -0.3601076735         0.8180112051       -10.2965544725         0.9949439426 
        5.4650000000        -0.3429938060         0.8256580595       -10.0973562819         0.9404984573 
        5.4700000000        -0.3256057547         0.8154622536       -10.3629538694         0.8956609989 
        5.4750000000        -0.3079574189         0.8358538655        -9.8317586944         0.8316074868 
        5.4800001000        -0.2900625464         0.8307559625        -9.9645574882         0.7899727039 
        5.4850000000        -0.2719365226         0.8231091081       -10.1637556788         0.7387298943 
        5.4900000000        -0.2535927566         0.8435007200        -9.6325605038         0.6906897602 
        5.4950000000        -0.2350462725         0.8282070110       -10.0309568851         0.6202308969 
        5.5000000000        -0.2163118961         0.8536965259        -9.3669629164         0.5850014653 
        5.5050000000        -0.1974046031         0.8536965259        -9.3669629164         0.5593800605 
        5.5100000000        -0.1783395080         0.8536965259        -9.3669629164         0.5113399264 
        5.5150000000        -0.1591318510         0.8485986229        -9.4997617101         0.4568944411 
        5.5200000000        -0.1397969862         0.8664412833        -9.0349659320         0.4120569827 
        5.5250000000        -0.1203503701         0.8587944289        -9.2341641226         0.3640168486 
        5.5300000000        -0.1008075478         0.8638923318        -9.1013653289         0.3351927682 
        5.5350000000        -0.0811841414         0.8766370893        -8.7693683445         0.2903553097 
        5.5400000000        -0.0614958376         0.9046755556        -8.0389749790         0.2391125001 
        5.5450000000        -0.0417583750         0.8715391863        -8.9021671383         0.1974777172 
        5.5500000000        -0.0219875312         0.9072245071        -7.9725755821         0.1590456100 
        5.5550000000        -0.0021991111         0.8817349922        -8.6365695508         0.1174108271 
        5.5600000000         0.0175910669         0.8970287012        -8.2381731696         0.0725733687 
        5.5650001000         0.0373675782         0.9123224101        -7.8397767884         0.0309385858 
        5.5700000000         0.0571134281         0.9556545853        -6.7109870416         0.0053171810 
        5.5750000000         0.0768140178         0.9964378091        -5.6485966917        -0.0171015482 
        5.5800000000         0.0964532036         1.0397699844        -4.5198069449        -0.0427229531 
        5.5850000000         0.1160152861         1.0627105477        -3.9222123731        -0.0683443579 
        5.5900000000         0.1354846278         1.0754553052        -3.5902153887        -0.0971684383 
        5.5950000000         0.1548456650         1.2080007824        -0.1374467515        -0.0875604115 
        5.6000000000         0.1740829210         1.2411371518         0.7257454078        -0.0843577359 
        5.6050001000         0.1931813984         1.2130986854        -0.0046479578        -0.1035737895 
        5.6100000000         0.2121246887         1.2156476369         0.0617514391        -0.0939657627 
        5.6150000000         0.2308987905         1.2717245696         1.5225381702        -0.0843577359 
        5.6200000000         0.2494883152         1.2666266666         1.3897393765        -0.0811550603 
        5.6250000000         0.2678784027         1.2666266666         1.3897393765        -0.0779523847 
        5.6300000000         0.2860543523         1.2768224726         1.6553369640        -0.0555336555 
        5.6350000000         0.3040016345         1.2946651330         2.1201327420        -0.0555336555 
        5.6400000000         0.3217059024         1.3023119874         2.3193309326        -0.0459256287 
        5.6450000000         0.3391530037         1.3074098904         2.4521297264        -0.0459256287 
        5.6500000000         0.3563289911         1.3176056963         2.7177273139        -0.0235068994 
        5.6550000000         0.3732201345         1.3328994052         3.1161236951        -0.0042908458 
        5.6600000000         0.3898129315         1.3507420656         3.5809194732         0.0149252078 
        5.6650000000         0.4060941181         1.3481931142         3.5145200763         0.0213305590 
        5.6700000000         0.4220506792         1.3532910171         3.6473188700         0.0405466126 
        5.6750000000         0.4376698595         1.3660357746         3.9793158544         0.0565599907 
        5.6800000000         0.4529391732         1.3762315805         4.2449134419         0.0757760443 
        5.6850000000         0.4678464142         1.3711336775         4.1121146481         0.0917894223 
        5.6900001000         0.4823799528         1.3787805320         4.3113128387         0.1110054759 
        5.6950000000         0.4965273107         1.3966231924         4.7761086168         0.1430322320 
        5.7000000000         0.5102780392         1.4042700468         4.9753068074         0.1590456100 
        5.7050000000         0.5236208593         1.4144658528         5.2409043949         0.1910723660 
        5.7100000000         0.5365451048         1.4042700468         4.9753068074         0.2166937708 
        5.7150000000         0.5490404444         1.4272106102         5.5729013792         0.2359098245 
        5.7200000000         0.5610968894         1.4323085132         5.7057001730         0.2775446073 
        5.7250000000         0.5727048022         1.4450532706         6.0376971573         0.2967606609 
        5.7300001000         0.5838551219         1.4399553677         5.9048983636         0.3287874170 
        5.7350000000         0.5945382802         1.4552490766         6.3032947448         0.3544088218 
        5.7400000000         0.6047463921         1.4679938340         6.6352917292         0.3896382535 
        5.7450000000         0.6144710789         1.4858364944         7.1000875072         0.4312730363 
        5.7500000000         0.6237045669         1.4858364944         7.1000875072         0.4568944411 
        5.7550000000         0.6324394751         1.4781896399         6.9008893166         0.4793131704 
        5.7600000000         0.6406688208         1.5011302033         7.4984838885         0.5241506288 
        5.7650000000         0.6483860257         1.5215218152         8.0296790634         0.5625827361 
        5.7700000000         0.6555849208         1.4858364944         7.1000875072         0.5882041409 
        5.7750000000         0.6622597512         1.5342665726         8.3616760478         0.6458523018 
        5.7800000000         0.6684051813         1.5266197182         8.1624778572         0.6842844090 
        5.7850001000         0.6740164055         1.5470113301         8.6936730321         0.7227165162 
        5.7900000000         0.6790886175         1.5393644756         8.4944748415         0.7579459479 
        5.7950000000         0.6836180834         1.5572071360         8.9592706196         0.8027834063 
        5.8000047000         0.6876045614         1.5419134271         8.5608742384         0.8508235404 
        5.8050000000         0.6910344098         1.5826966509         9.6232645883         0.9052690257 
        5.8100000000         0.6939153418         1.5546581845         8.8928712227         0.9308904305 
        5.8150005000         0.6962417732         1.5699518934         9.2912676039         0.9725252133 
        5.8200000000         0.6980112302         1.5775987479         9.4904657945         1.0205653474 
        5.8250000000         0.6992229125         1.5877945538         9.7560633820         1.0814161839 
        5.8300000000         0.6998756467         1.6056372142        10.2208591601         1.1326589935 
        5.8350000000         0.6999689110         1.5775987479         9.4904657945         1.1742937764 
        5.8400000000         0.6995026308         1.6030882627        10.1544597632         1.2223339104 
        5.8450000000         0.6984771790         1.6005393113        10.0880603664         1.2703740445 
        5.8500000000         0.6968933752         1.6183819717        10.5528561444         1.3216168542 
        5.8550001000         0.6947524371         1.5903435053         9.8224627789         1.3728596638 
        5.8600000000         0.6920562213         1.6209309231        10.6192555413         1.4401158515 
        5.8650000000         0.6888067379         1.6311267291        10.8848531288         1.4817506344 
        5.8700000000         0.6850066330         1.6107351172        10.3536579538         1.5265880928 
        5.8750000000         0.6806589443         1.6260288261        10.7520543351         1.5682228757 
        5.8800000000         0.6757671472         1.6158330202        10.4864567476         1.6226683609 
        5.8850000000         0.6703351522         1.6209309231        10.6192555413         1.6707084950 
        5.8900000000         0.6643673015         1.6183819717        10.5528561444         1.7315593315 
        5.8950000000         0.6578683657         1.6285777776        10.8184537319         1.7731941143 
        5.9000000000         0.6508435401         1.6285777776        10.8184537319         1.8244369240 
        5.9050000000         0.6432984401         1.6285777776        10.8184537319         1.8884904360 
        5.9100000000         0.6352390972         1.6387735836        11.0840513194         1.9333278945 
        5.9150000000         0.6266719538         1.6183819717        10.5528561444         2.0037867578 
        5.9200000000         0.6176038585         1.6362246321        11.0176519225         2.0454215406 
        5.9250000000         0.6080420600         1.6209309231        10.6192555413         2.1094750527 
        5.9300000000         0.5979942021         1.6413225350        11.1504507163         2.1607178624 
        5.9350000000         0.5874683168         1.6285777776        10.8184537319         2.2087579964 
        5.9400001000         0.5764725938         1.6285777776        10.8184537319         2.2728115085 
        5.9450000000         0.5650164963         1.6515183410        11.4160483038         2.3368650206 
        5.9500000000         0.5531085087         1.5903435053         9.8224627789         2.3656891010 
        5.9550000000         0.5407583745         1.6489693895        11.3496489069         2.4329452887 
        5.9600000000         0.5279759664         1.6081861657        10.2872585570         2.4745800715 
        5.9650000000         0.5147715025         1.6438714865        11.2168501131         2.5386335836 
        5.9700000000         0.5011555381         1.6107351172        10.3536579538         2.5930790689 
        5.9750000000         0.4871389576         1.6362246321        11.0176519225         2.6443218785 
        5.9800001000         0.4727326737         1.6081861657        10.2872585570         2.6955646882 
        5.9850000000         0.4579490783         1.6183819717        10.5528561444         2.7564155247 
        5.9900000000         0.4427991132         1.6209309231        10.6192555413         2.8108610099 
        5.9950000000         0.4272951815         1.6234798746        10.6856549382         2.8621038196 
        6.0000000000         0.4114496766         1.6081861657        10.2872585570         2.9165493049 
        6.0050000000         0.3952752650         1.6234798746        10.6856549382         2.9709947901 
        6.0100000000         0.3787848765         1.6005393113        10.0880603664         3.0158322486 
        6.0150000000         0.3619916931         1.6005393113        10.0880603664         3.0638723826 
        6.0200000000         0.3449091390         1.6158330202        10.4864567476         3.1247232191 
        6.0250000000         0.3275508699         1.5979903598        10.0216609695         3.1311285703 
        6.0300000000         0.3099307617         1.5928924568         9.8888621758         3.1311285703 
        6.0350000000         0.2920628996         1.5954414083         9.9552615726        -1.7497490499 
        6.0400000000         0.2739615668         1.5826966509         9.6232645883        -1.7337356719 
        6.0450000000         0.2556412333         1.5979903598        10.0216609695        -3.1301022351 
        6.0500000000         0.2371165441         1.5725008449         9.3576670008        -3.1493182888 
        6.0550000000         0.2184023076         1.5903435053         9.8224627789        -3.1493182888 
        6.0600000000         0.1995134836         1.5699518934         9.2912676039        -3.1301022351 
        6.0650001000         0.1804647892         1.5801476994         9.5568651914        -3.0884674523 
        6.0700000000         0.1612725987         1.5852456023         9.6896639851        -3.0276166158 
        6.0750000000         0.1419511067         1.5725008449         9.3576670008        -2.9859818330 
        6.0800000000         0.1225161412         1.5699518934         9.2912676039        -2.9379416989 
        6.0850000000         0.1029832382         1.5495602815         8.7600724290        -2.9059149429 
        6.0900000000         0.0833680119         1.5546581845         8.8928712227        -2.8546721332 
        6.0950000000         0.0636861427         1.5521092330         8.8264718258        -2.8098346748 
        6.1000000000         0.0439533637         1.5368155241         8.4280754446        -2.7714025675 
        6.1050001000         0.0241850533         1.5495602815         8.7600724290        -2.7105517310 
        6.1100000000         0.0043982008         1.5444623786         8.6272736352        -2.6817276506 
        6.1150000000        -0.0153925634         1.5291686697         8.2288772540        -2.6432955434 
        6.1208170000        -0.0384005695         1.5240707667         8.0960784603        -2.5952554093 
        6.1250000000        -0.0549213670         1.5113260093         7.7640814759        -2.5664313289 
        6.1300000000        -0.0746278080         1.4628959310         6.5024929354        -2.5183911948 
        6.1350000000        -0.0942745926         1.4348574647         5.7720995699        -2.5023778168 
        6.1400000000        -0.1138460156         1.3991721439         4.8425080137        -2.4767564120 
        6.1450000000        -0.1333264320         1.2029028795        -0.2702455453        -2.4511350071 
        6.1500000000        -0.1527002691         1.2156476369         0.0617514391        -2.4607430339 
        6.1550000000        -0.1719520398         1.2029028795        -0.2702455453        -2.4543376827 
        6.1600000000        -0.1910663549         1.2258434428         0.3273490266        -2.4575403583 
        6.1650000000        -0.2100279344         1.2105497339        -0.0710473547        -2.4575403583 
        6.1700000000        -0.2288216208         1.2054518309        -0.2038461484        -2.4511350071 
        6.1750000000        -0.2474323908         1.1493748983        -1.6646328795        -2.4575403583 
        6.1800000000        -0.2658453670         1.1646686072        -1.2662364983        -2.4767564120 
        6.1850000000        -0.2840458305         1.1570217527        -1.4654346889        -2.4767564120 
        6.1900001000        -0.3020195891         1.1187874804        -2.4614256419        -2.4895671144 
        6.1950000000        -0.3197512040         1.1519238497        -1.5982334826        -2.4927697900 
        6.2000000000        -0.3372275719         1.1136895775        -2.5942244357        -2.5151885192 
        6.2050000000        -0.3544343652         1.1238853834        -2.3286268482        -2.5279992216 
        6.2100000000        -0.3713578291         1.0983958685        -2.9926208169        -2.5440125996 
        6.2150000000        -0.3879844352         1.1034937715        -2.8598220232        -2.5536206265 
        6.2200000000        -0.4043008924         1.0856511111        -3.3246178012        -2.5632286533 
        6.2250000000        -0.4202941577         1.0831021596        -3.3910171981        -2.5856473825 
        6.2300001000        -0.4359517561         1.0601615963        -3.9886117699        -2.6048634361 
        6.2350000000        -0.4512602420         1.0601615963        -3.9886117699        -2.6304848410 
        6.2400000000        -0.4662083073         1.0550636933        -4.1214105637        -2.6497008946 
        6.2450000000        -0.4807836927         1.0346720814        -4.6526057386        -2.6721196238 
        6.2500000000        -0.4949747468         1.0397699844        -4.5198069449        -2.7009437042 
        6.2550000000        -0.5087701258         1.0193783725        -5.0510021199        -2.7169570823 
        6.2600000000        -0.5221588018         1.0219273240        -4.9846027230        -2.7425784871 
        6.2650000000        -0.5351300720         0.9989867606        -5.5821972948        -2.7714025675 
        6.2700000000        -0.5476735675         1.0117315180        -5.2502003105        -2.7874159455 
        6.2750000000        -0.5597792610         0.9760461972        -6.1797918666        -2.8258480528 
        6.2800000000        -0.5714374755         1.0040846636        -5.4493985011        -2.8482667820 
        6.2850000000        -0.5826388917         0.9734972457        -6.2461912635        -2.8770908624 
        6.2900000000        -0.5933745553         0.9760461972        -6.1797918666        -2.9315363477 
        6.2950000000        -0.6036358843         0.9480077309        -6.9101852322        -2.9635631037 
        6.3000000000        -0.6134146761         0.9607524883        -6.5781882478        -2.9827791574 
        6.3050000000        -0.6227031135         0.9378119249        -7.1757828197        -3.0276166158 
        6.3100000000        -0.6314937716         0.9531056338        -6.7773864385        -3.0596433719 
        6.3150001000        -0.6397797838         0.9199692645        -7.6405785978        -3.1044808303 
        6.3201945000        -0.6478460488         0.9480077309        -6.9101852322        -3.1365075864 
        6.3250000000        -0.6548108216         0.8944797497        -8.3045725665        -3.1461156132 
        6.3300000000        -0.6615441527         0.9174203130        -7.7069779946        -3.1365075864 
        6.3350000000        -0.6677486554         0.9225182160        -7.5741792009        -3.1365075864 
        6.3400000000        -0.6734193701         0.9097734586        -7.9061761852        -3.1397102620 
        6.3450000000        -0.6785517637         0.8842839437        -8.5701701539        -1.7625597523 
        6.3500000000        -0.6831417334         0.8944797497        -8.3045725665        -1.7529517255 
        6.3550001000        -0.6871856854         0.8791860408        -8.7029689477         3.1471419483 
        6.3600000000        -0.6906801609         0.8766370893        -8.7693683445         3.1343312459 
        6.3650000000        -0.6936225928         0.8664412833        -9.0349659320         3.1407365971 
        6.3700000000        -0.6960105533         0.8562454774        -9.3005635195         3.0991018143 
        6.3750000000        -0.6978421336         0.8562454774        -9.3005635195         3.0638723826 
        6.3800000000        -0.6991158696         0.8638923318        -9.1013653289         3.0062242218 
        6.3850000000        -0.6998307431         0.8231091081       -10.1637556788         2.9549814121 
        6.3900000000        -0.6999861826         0.8689902348        -8.9685665351         2.9261573317 
        6.3950000000        -0.6995820638         0.8154622536       -10.3629538694         2.8589011440 
        6.4000000000        -0.6986187099         0.8511475744        -9.4333623132         2.8172663611 
        6.4050000000        -0.6970968908         0.8180112051       -10.2965544725         2.7628208759 
        6.4100000000        -0.6950178232         0.8282070110       -10.0309568851         2.7243887686 
        6.4150000000        -0.6923831689         0.8205601566       -10.2301550757         2.6667406078 
        6.4200000000        -0.6891950342         0.8231091081       -10.1637556788         2.6219031493 
        6.4250000000        -0.6854559674         0.8129133021       -10.4293532663         2.5578496372 
        6.4300000000        -0.6811689577         0.8154622536       -10.3629538694         2.5162148544 
        6.4350000000        -0.6763374319         0.8078153991       -10.5621520600         2.4521613423 
        6.4400001000        -0.6709651395         0.7874237873       -11.0933472350         2.4009185327 
        6.4450000000        -0.6650567134         0.8282070110       -10.0309568851         2.3528783986 
        6.4500000000        -0.6586165383         0.7670321754       -11.6245424099         2.2824195353 
        6.4550000000        -0.6516498751         0.7976195932       -10.8277496475         2.2311767256 
        6.4600000000        -0.6441622931         0.8154622536       -10.3629538694         2.1895419428 
        6.4650000000        -0.6361597776         0.7746790298       -11.4253442193         2.1286911063 
        6.4700000000        -0.6276487257         0.8052664477       -10.6285514569         2.0774482967 
        6.4750000000        -0.6186359411         0.7848748358       -11.1597466318         2.0230028114 
        6.4800001000        -0.6091284332         0.7976195932       -10.8277496475         1.9557466237 
        6.4850000000        -0.5991343874         0.7899727387       -11.0269478381         1.9109091653 
        6.4900000000        -0.5886612075         0.8001685447       -10.7613502506         1.8500583288 
        6.4950000000        -0.5777174610         0.7848748358       -11.1597466318         1.8116262215 
        6.5000000000        -0.5663118961         0.7925216902       -10.9605484412         1.7475727095 
        6.5050000000        -0.5544536300         0.8052664477       -10.6285514569         1.6995325754 
        6.5100000000        -0.5421521421         0.7848748358       -11.1597466318         1.6514924414 
        6.5150000000        -0.5294172662         0.8078153991       -10.5621520600         1.6002496317 
        6.5200000000        -0.5162591821         0.8001685447       -10.7613502506         1.5426014708 
        6.5250000000        -0.5026884084         0.7874237873       -11.0933472350         1.4881559856 
        6.5300000000        -0.4887157933         0.8154622536       -10.3629538694         1.4401158515 
        6.5350000000        -0.4743525062         0.7925216902       -10.9605484412         1.3920757174 
        6.5400000000        -0.4596100290         0.8001685447       -10.7613502506         1.3216168542 
        6.5450000000        -0.4445001466         0.8231091081       -10.1637556788         1.2895900981 
        6.5500000000        -0.4290349375         0.8001685447       -10.7613502506         1.2287392617 
        6.5550000000        -0.4132267645         0.8052664477       -10.6285514569         1.1710911008 
        6.5600000000        -0.3970882643         0.8129133021       -10.4293532663         1.1198482911 
        6.5650001000        -0.3806320057         0.8052664477       -10.6285514569         1.0718081571 
        6.5700000000        -0.3638721398         0.8180112051       -10.2965544725         1.0173626718 
        6.5750000000        -0.3468210679         0.8231091081       -10.1637556788         0.9757278890 
        6.5800000000        -0.3294927524         0.8078153991       -10.5621520600         0.9276877549 
        6.5850000000        -0.3119010456         0.8358538655        -9.8317586944         0.8860529720 
        6.5900000000        -0.2940600098         0.8384028170        -9.7653592976         0.8380128380 
        6.5950000000        -0.2759839070         0.8333049140        -9.8981580913         0.7739593259 
        6.6000000000        -0.2576871869         0.8409517685        -9.6989599007         0.7291218675 
        6.6050001000        -0.2391841034         0.8256580595       -10.0973562819         0.6682710310 
        6.6100000000        -0.2204905638         0.8333049140        -9.8981580913         0.6330415993 
        6.6150000000        -0.2016203951         0.8766370893        -8.7693683445         0.5978121677 
        6.6200000000        -0.1825890543         0.8562454774        -9.3005635195         0.5529747092 
        6.6250000000        -0.1634117547         0.8536965259        -9.3669629164         0.4985292240 
        6.6300000000        -0.1441038261         0.8587944289        -9.2341641226         0.4536917655 
        6.6350000000        -0.1246807032         0.8715391863        -8.9021671383         0.4056516315 
        6.6400000000        -0.1051579124         0.8689902348        -8.9685665351         0.3576114974 
        6.6450000000        -0.0855510598         0.8587944289        -9.2341641226         0.3287874170 
        6.6500000000        -0.0658758192         0.8868328952        -8.5037707571         0.2871526341 
        6.6550000000        -0.0461479186         0.9174203130        -7.7069779946         0.2423151757 
        6.6600000000        -0.0263831279         0.8740881378        -8.8357677414         0.1974777172 
        6.6650000000        -0.0065972469         0.9199692645        -7.6405785978         0.1590456100 
        6.6700000000         0.0131939078         0.8919307982        -8.3709719633         0.1206135027 
        6.6750000000         0.0329745156         0.9174203130        -7.7069779946         0.0789787199 
        6.6800000000         0.0527287640         0.9454587794        -6.9765846291         0.0565599907 
        6.6850000000         0.0724408618         0.9709482942        -6.3125906604         0.0053171810 
        6.6900001000         0.0920954438         1.0015357121        -5.5157978979        -0.0106961970 
        6.6950000000         0.1116756217         1.0601615963        -3.9886117699        -0.0331149263 
        6.7000000000         0.1311669202         1.1034937715        -2.8598220232        -0.0555336555 
        6.7050000000         0.1505533660         1.2283923943         0.3937484234        -0.0459256287 
        6.7100000000         0.1698194617         1.2207455399         0.1945502328        -0.0587363311 
        6.7150000000         0.1889498062         1.2156476369         0.0617514391        -0.0523309799 
        6.7200000000         0.2079291071         1.2130986854        -0.0046479578        -0.0587363311 
        6.7250000000         0.2267421927         1.2691756181         1.4561387733        -0.0459256287 
        6.7300001000         0.2453743949         1.2691756181         1.4561387733        -0.0331149263 
        6.7350000000         0.2638097073         1.2768224726         1.6553369640        -0.0267095750 
        6.7400000000         0.2820345051         1.2844693270         1.8545351546        -0.0299122506 
        6.7451572000         0.3005959340         1.2972140844         2.1865321389        -0.0171015482 
        6.7500000000         0.3177933498         1.3176056963         2.7177273139         0.0021145054 
        6.7550000000         0.3352988119         1.3099588419         2.5185291233         0.0053171810 
        6.7600000000         0.3525362411         1.3278015023         2.9833249013         0.0181278834 
        6.7650000000         0.3694918584         1.3278015023         2.9833249013         0.0341412614 
        6.7700000000         0.3861521095         1.3481931142         3.5145200763         0.0469519638 
        6.7750000000         0.4025036765         1.3430952112         3.3817212826         0.0565599907 
        6.7800000000         0.4185334881         1.3532910171         3.6473188700         0.0725733687 
        6.7850000000         0.4342287306         1.3558399686         3.7137182669         0.0981947735 
        6.7900000000         0.4495768572         1.3685847260         4.0457152513         0.1206135027 
        6.7950000000         0.4645655990         1.3813294835         4.3777122356         0.1430322320 
        6.8000000000         0.4791829742         1.3991721439         4.8425080137         0.1718563124 
        6.8050000000         0.4934172978         1.3991721439         4.8425080137         0.1942750416 
        6.8100000000         0.5072571912         1.3889763379         4.5769104262         0.2070857440 
        6.8150001000         0.5206918555         1.4119169013         5.1745049980         0.2263017977 
        6.8200000000         0.5337097577         1.4042700468         4.9753068074         0.2487205269 
        6.8250000000         0.5463012851         1.4272106102         5.5729013792         0.2871526341 
        6.8300000000         0.5584561077         1.4297595617         5.6393007761         0.3127740390 
        6.8350000000         0.5701645090         1.4450532706         6.0376971573         0.3480034706 
        6.8400000000         0.5814171295         1.4527001251         6.2368953479         0.3768275510 
        6.8450000000         0.5922049740         1.4654448825         6.5688923323         0.3992462803 
        6.8500000000         0.6025194189         1.4654448825         6.5688923323         0.4312730363 
        6.8550001000         0.6123524109         1.4705427855         6.7016911260         0.4568944411 
        6.8600000000         0.6216955142         1.4756406885         6.8344899198         0.5017318996 
        6.8650000000         0.6305418355         1.4934833489         7.2992856979         0.5305559800 
        6.8700000000         0.6388841112         1.5164239122         7.8968802697         0.5785961141 
        6.8750000000         0.6467156728         1.4858364944         7.1000875072         0.6010148433 
        6.8800000000         0.6540302597         1.5215218152         8.0296790634         0.6362442749 
        6.8850000000         0.6608220249         1.4985812518         7.4320844916         0.6714737066 
        6.8900000000         0.6670855391         1.5291686697         8.2288772540         0.7131084894 
        6.8950000000         0.6728157953         1.5368155241         8.4280754446         0.7611486235 
        6.9000000000         0.6780082128         1.5597560875         9.0256700165         0.8091887576 
        6.9050000000         0.6826586409         1.5393644756         8.4944748415         0.8540262160 
        6.9100257000         0.6867830450         1.5750497964         9.4240663977         0.8988636745 
        6.9150000000         0.6903190954         1.5444623786         8.6272736352         0.9212824037 
        6.9200000000         0.6933229980         1.5674029419         9.2248682071         0.9725252133 
        6.9250000000         0.6957726688         1.5775987479         9.4904657945         1.0205653474 
        6.9300000000         0.6976661496         1.5725008449         9.3576670008         1.0718081571 
        6.9350000000         0.6990019268         1.5954414083         9.9552615726         1.1070375887 
        6.9400005000         0.6997789822         1.5903435053         9.8224627789         1.1614830740 
        6.9450022000         0.6999965182         1.5928924568         9.8888621758         1.2127258836 
        6.9500000000         0.6996545923         1.5928924568         9.8888621758         1.2511579909 
        6.9550000000         0.6987533457         1.6081861657        10.2872585570         1.2991981249 
        6.9600000000         0.6972935264         1.6005393113        10.0880603664         1.3600489614 
        6.9650000000         0.6952763013         1.6183819717        10.5528561444         1.4241024735 
        6.9700000000         0.6927032830         1.6183819717        10.5528561444         1.4625345807 
        6.9750000000         0.6895765283         1.6107351172        10.3536579538         1.5105747148 
        6.9800001000         0.6858984576         1.6209309231        10.6192555413         1.5618175245 
        6.9850000000         0.6816722482         1.6311267291        10.8848531288         1.6194656853 
        6.9900000000         0.6769010414         1.6107351172        10.3536579538         1.6739111706 
        6.9950000000         0.6715887303         1.6362246321        11.0176519225         1.7155459534 
        7.0000000000         0.6657395614         1.6209309231        10.6192555413         1.7635860875 
        7.0050000000         0.6593582105         1.6311267291        10.8848531288         1.8180315728 
        7.0100000000         0.6524497787         1.6260288261        10.7520543351         1.8628690312 
        7.0150000000         0.6450197886         1.6387735836        11.0840513194         1.9237198677 
        7.0200000000         0.6370741794         1.6209309231        10.6192555413         1.9813680286 
        7.0250000000         0.6286193030         1.6285777776        10.8184537319         2.0454215406 
        7.0300000000         0.6196619179         1.6464204380        11.2832495100         2.0902589991 
        7.0350000000         0.6102091846         1.6209309231        10.6192555413         2.1543125112 
        7.0400000000         0.6002686593         1.6438714865        11.2168501131         2.2087579964 
        7.0450000000         0.5898482885         1.6183819717        10.5528561444         2.2439874281 
        7.0500000000         0.5789564019         1.6438714865        11.2168501131         2.3016355889 
        7.0550000000         0.5676017065         1.6081861657        10.2872585570         2.3624864254 
        7.0600000000         0.5557932790         1.6234798746        10.6856549382         2.4041212083 
        7.0650001000         0.5435403094         1.6311267291        10.8848531288         2.4649720447 
        7.0700000000         0.5308533407         1.6362246321        11.0176519225         2.5162148544 
        7.0750000000         0.5177417665         1.6234798746        10.6856549382         2.5770656909 
        7.0800000000         0.5042163173         1.6285777776        10.8184537319         2.6347138517 
        7.0850000000         0.4902878055         1.6209309231        10.6192555413         2.6987673638 
        7.0900000000         0.4759673650         1.6158330202        10.4864567476         2.7371994711 
        7.0950000000         0.4612664436         1.6387735836        11.0840513194         2.7916449563 
        7.1000000000         0.4461967928         1.5979903598        10.0216609695         2.8364824148 
        7.1050001000         0.4307701471         1.6234798746        10.6856549382         2.8877252244 
        7.1100000000         0.4149997741         1.6030882627        10.1544597632         2.9517787365 
        7.1150000000         0.3988973445         1.6234798746        10.6856549382         3.0062242218 
        7.1200000000         0.3824760426         1.6081861657        10.2872585570         3.0670750582 
        7.1250000000         0.3657489953         1.6158330202        10.4864567476         3.1119125167 
        7.1300000000         0.3487295737         1.6107351172        10.3536579538         3.1503446239 
        7.1350000000         0.3314313831         1.6030882627        10.1544597632         3.1439392727 
        7.1400000000         0.3138682513         1.6107351172        10.3536579538         3.1311285703 
        7.1450000000         0.2960542179         1.6081861657        10.2872585570        -1.7465463743 
        7.1503727000         0.2766489453         1.6056372142        10.2208591601        -3.1301022351 
        7.1550000000         0.2597305972         1.5775987479         9.4904657945        -3.1429129376 
        7.1600000000         0.2412500462         1.5954414083         9.9552615726        -3.1461156132 
        7.1650000000         0.2225766437         1.5826966509         9.6232645883        -3.1493182888 
        7.1700000000         0.2037253168         1.5801476994         9.5568651914        -3.1044808303 
        7.1751057000         0.1843075277         1.5928924568         9.8888621758        -3.0436299938 
        7.1800000000         0.1655492978         1.5775987479         9.4904657945        -2.9987925354 
        7.1850000000         0.1462551232         1.5648539905         9.1584688102        -2.9667657794 
        7.1900001000         0.1268436452         1.5674029419         9.2248682071        -2.9059149429 
        7.1950000000         0.1073315486         1.5597560875         9.0256700165        -2.8482667820 
        7.2000000000         0.0877332635         1.5546581845         8.8928712227        -2.8258480528 
        7.2050000000         0.0680648456         1.5419134271         8.5608742384        -2.7842132699 
        7.2100000000         0.0483420179         1.5495602815         8.7600724290        -2.7297677847 
        7.2150000000         0.0285805463         1.5419134271         8.5608742384        -2.6977410286 
        7.2200000000         0.0087962279         1.5342665726         8.3616760478        -2.6432955434 
        7.2250000000        -0.0109951221         1.5240707667         8.0960784603        -2.6144714629 
        7.2300001000        -0.0307780783         1.5342665726         8.3616760478        -2.5568233021 
        7.2350000000        -0.0505356403         1.5036791548         7.5648832853        -2.5151885192 
        7.2400000000        -0.0702532005         1.4679938340         6.6352917292        -2.4863644388 
        7.2450000000        -0.0899146013         1.4399553677         5.9048983636        -2.4543376827 
        7.2500000000        -0.1095041255         1.3966231924         4.7761086168        -2.4447296559 
        7.2550000000        -0.1290061140         1.2946651330         2.1201327420        -2.4255136023 
        7.2600000000        -0.1484049769         1.1697665101        -1.1334377046        -2.4255136023 
        7.2650000000        -0.1676852072         1.2003539280        -0.3366449421        -2.4287162779 
        7.2700000000        -0.1868313926         1.2232944913         0.2609496297        -2.4191082511 
        7.2750000000        -0.2058282278         1.2156476369         0.0617514391        -2.4191082511 
        7.2800000000        -0.2246605269         1.1850602191        -0.7350413233        -2.4223109267 
        7.2850000000        -0.2433132359         1.1417280438        -1.8638310701        -2.4255136023 
        7.2900000000        -0.2617714440         1.1697665101        -1.1334377046        -2.4415269803 
        7.2950000000        -0.2800203961         1.1340811893        -2.0630292607        -2.4543376827 
        7.3000000000        -0.2980455042         1.1238853834        -2.3286268482        -2.4511350071 
        7.3050000000        -0.3158323592         1.1315322379        -2.1294286576        -2.4639457096 
        7.3100000000        -0.3333667427         1.1264343349        -2.2622274513        -2.4671483852 
        7.3150001000        -0.3506349804         1.1111406260        -2.6606238326        -2.4767564120 
        7.3200000000        -0.3676222410         1.0983958685        -2.9926208169        -2.5055804924 
        7.3250000000        -0.3843159726         1.0856511111        -3.3246178012        -2.5279992216 
        7.3300000000        -0.4007024880         1.0958469171        -3.0590202138        -2.5408099240 
        7.3350000000        -0.4167686879         1.0703574022        -3.7230141825        -2.5504179509 
        7.3400000000        -0.4325017293         1.0754553052        -3.5902153887        -2.5632286533 
        7.3450000000        -0.4478890353         1.0576126448        -4.0550111668        -2.5824447069 
        7.3500000000        -0.4629183057         1.0601615963        -3.9886117699        -2.6048634361 
        7.3550001000        -0.4775778158         1.0321231299        -4.7190051355        -2.6432955434 
        7.3600000000        -0.4918549789         1.0372210329        -4.5862063418        -2.6497008946 
        7.3650000000        -0.5057392501         1.0295741784        -4.7854045324        -2.6817276506 
        7.3700000000        -0.5192192410         1.0040846636        -5.4493985011        -2.7169570823 
        7.3750016000        -0.5322882891         1.0091825665        -5.3165997073        -2.7361731359 
        7.3800000000        -0.5449236111         0.9964378091        -5.6485966917        -2.7617945407 
        7.3850000000        -0.5571274427         0.9989867606        -5.5821972948        -2.7906186211 
        7.3900000000        -0.5688859151         0.9633014398        -6.5117888510        -2.8258480528 
        7.3950000000        -0.5801896289         0.9785951487        -6.1133924698        -2.8514694576 
        7.4000000000        -0.5910295479         0.9633014398        -6.5117888510        -2.8802935381 
        7.4050000000        -0.6013970069         0.9683993428        -6.3789900572        -2.9155229697 
        7.4100000000        -0.6112837184         0.9480077309        -6.9101852322        -2.9539550769 
        7.4150000000        -0.6206817790         0.9454587794        -6.9765846291        -2.9923871842 
        7.4200000000        -0.6295836761         0.9276161190        -7.4413804072        -3.0276166158 
        7.4250000000        -0.6379822937         0.9505566824        -6.8437858353        -3.0564406963 
        7.4300000000        -0.6458709180         0.9097734586        -7.9061761852        -3.0980754791 
        7.4350000000        -0.6532432429         0.9378119249        -7.1757828197        -3.1333049108 
        7.4400001000        -0.6600935069         0.8919307982        -8.3709719633        -3.1397102620 
        7.4450000000        -0.6664158389         0.9097734586        -7.9061761852        -3.1493182888 
        7.4500000000        -0.6722055800         0.8995776526        -8.1717737727        -3.1493182888 
        7.4550000000        -0.6774579703         0.9046755556        -8.0389749790        -1.7561544011 
        7.4600000000        -0.6821688110         0.8766370893        -8.7693683445        -1.7401410231 
        7.4650000000        -0.6863343364         0.8893818467        -8.4373713602         3.1407365971 
        7.4700000000        -0.6899512166         0.8842839437        -8.5701701539         3.1439392727 
        7.4750000000        -0.6930165604         0.8664412833        -9.0349659320         3.1407365971 
        7.4800001000        -0.6955279620         0.8613433804        -9.1677647258         3.1471419483 
        7.4850000000        -0.6974832800         0.8587944289        -9.2341641226         3.0991018143 
        7.4900000000        -0.6988810851         0.8638923318        -9.1013653289         3.0574670314 
        7.4950000000        -0.6997202154         0.8562454774        -9.3005635195         3.0126295730 
        7.5000000000        -0.7000000000         0.8511475744        -9.4333623132         2.9613867633 
        7.5050000000        -0.6997202154         0.8282070110       -10.0309568851         2.8909279000 
        7.5100000000        -0.6988810851         0.8282070110       -10.0309568851         2.8396850904 
        7.5150000000        -0.6974832800         0.8333049140        -9.8981580913         2.7948476319 
        7.5200000000        -0.6955279174         0.8180112051       -10.2965544725         2.7500101735 
        7.5250000000        -0.6930165604         0.8231091081       -10.1637556788         2.6987673638 
        7.5300000000        -0.6899512166         0.8282070110       -10.0309568851         2.6539299054 
        7.5350000000        -0.6863343364         0.8052664477       -10.6285514569         2.5962817445 
        7.5400000000        -0.6821688110         0.8154622536       -10.3629538694         2.5482416104 
        7.5450000000        -0.6774579702         0.8154622536       -10.3629538694         2.4937961252 
        7.5500000000        -0.6722055799         0.8078153991       -10.5621520600         2.4393506399 
        7.5575548000        -0.6632515630         0.8205601566       -10.2301550757         2.3560810742 
        7.5600000000        -0.6600933751         0.8256580595       -10.0973562819         2.3272569938 
        7.5650001000        -0.6532431006         0.7797769328       -11.2925454256         2.2760141841 
        7.5700000000        -0.6458709179         0.8001685447       -10.7613502506         2.2151633476 
        7.5750000000        -0.6379822936         0.8052664477       -10.6285514569         2.1575151868 
        7.5800000000        -0.6295836760         0.7848748358       -11.1597466318         2.1222857551 
        7.5850000000        -0.6206817789         0.8027174962       -10.6949508538         2.0646375943 
        7.5900000000        -0.6112837183         0.7899727387       -11.0269478381         2.0069894334 
        7.5950000000        -0.6013970069         0.8103643506       -10.4957526631         1.9461385969 
        7.6000135000        -0.5910009123         0.7874237873       -11.0933472350         1.8884904360 
        7.6050001000        -0.5801894073         0.7950706417       -10.8941490444         1.8276395996 
        7.6100000000        -0.5688859151         0.7848748358       -11.1597466318         1.7860048167 
        7.6150000000        -0.5571274426         0.8027174962       -10.6949508538         1.7347620071 
        7.6200000000        -0.5449236110         0.7976195932       -10.8277496475         1.6867218730 
        7.6250000000        -0.5322841759         0.8001685447       -10.7613502506         1.6386817389 
        7.6300000000        -0.5192192409         0.8052664477       -10.6285514569         1.5746282269 
        7.6350000000        -0.5057392500         0.7925216902       -10.9605484412         1.5233854172 
        7.6400000000        -0.4918549789         0.7976195932       -10.8277496475         1.4849533100 
        7.6450000000        -0.4775775263         0.8129133021       -10.4293532663         1.4144944467 
        7.6570007000        -0.4417742452         0.8231091081       -10.1637556788         1.2991981249 
        7.6585303000        -0.4370611066         0.8154622536       -10.3629538694         1.2799820713 
        7.6600000000        -0.4325017292         0.8154622536       -10.3629538694         1.2703740445 
        7.6650000000        -0.4167686878         0.7976195932       -10.8277496475         1.2223339104 
        7.6700000000        -0.4007024879         0.8282070110       -10.0309568851         1.1614830740 
        7.6750000000        -0.3843159725         0.8001685447       -10.7613502506         1.1198482911 
        7.6800000000        -0.3676222409         0.8180112051       -10.2965544725         1.0589974547 
        7.6850002000        -0.3506339525         0.8180112051       -10.2965544725         1.0077546450 
        7.6900001000        -0.3333663944         0.8435007200        -9.6325605038         0.9661198621 
        7.6950000000        -0.3158323591         0.8180112051       -10.2965544725         0.9212824037 
        7.7000000000        -0.2980455041         0.8333049140        -9.8981580913         0.8540262160 
        7.7050000000        -0.2800203960         0.8256580595       -10.0973562819         0.8059860819 
        7.7100000000        -0.2617714439         0.8231091081       -10.1637556788         0.7579459479 
        7.7150000000        -0.2433132358         0.8435007200        -9.6325605038         0.7131084894 
        7.7200000000        -0.2246605269         0.8256580595       -10.0973562819         0.6682710310 
        7.7250000000        -0.2058282277         0.8613433804        -9.1677647258         0.6298389237 
        7.7300001000        -0.1868310110         0.8766370893        -8.7693683445         0.5817987897 
        7.7350000000        -0.1676852072         0.8460496714        -9.5661611070         0.5273533044 
        7.7400000000        -0.1484049768         0.8664412833        -9.0349659320         0.4921238728 
        7.7450000000        -0.1290061139         0.8638923318        -9.1013653289         0.4504890899 
        7.7500000000        -0.1095041255         0.8868328952        -8.5037707571         0.4088543071 
        7.7550000000        -0.0899146011         0.8893818467        -8.4373713602         0.3704221998 
        7.7600000000        -0.0702532004         0.8740881378        -8.8357677414         0.3223820658 
        7.7650000000        -0.0505356403         0.8944797497        -8.3045725665         0.2839499585 
        7.7700000000        -0.0307776827         0.9199692645        -7.6405785978         0.2295044733 
        7.7750000000        -0.0109951220         0.8893818467        -8.4373713602         0.2070857440 
        7.7800032000         0.0088088939         0.9250671675        -7.5077798040         0.1622482856 
        7.7850000000         0.0285805464         0.9174203130        -7.7069779946         0.1270188539 
        7.7900000000         0.0483420180         0.9429098279        -7.0429840259         0.0949920979 
        7.7950000000         0.0680648457         0.9607524883        -6.5781882478         0.0533573151 
        7.8000000000         0.0877332636         1.0015357121        -5.5157978979         0.0277359102 
        7.8050000000         0.1073315487         1.0270252269        -4.8518039292         0.0149252078 
        7.8100000000         0.1268440347         1.2411371518         0.7257454078         0.0021145054 
        7.8150001000         0.1462555105         1.2232944913         0.2609496297        -0.0138988726 
        7.8200000000         0.1655492979         1.2283923943         0.3937484234         0.0053171810 
        7.8250000000         0.1847111350         1.2054518309        -0.2038461484        -0.0010881702 
        7.8300000000         0.2037253169         1.2105497339        -0.0710473547        -0.0010881702 
        7.8350000000         0.2225766438         1.2181965884         0.1281508360        -0.0074935214 
        7.8400000000         0.2412500463         1.3048609389         2.3857303295         0.0117225322 
        7.8450000000         0.2597305972         1.2589798122         1.1905411859         0.0085198566 
        7.8500000000         0.2780035234         1.2946651330         2.1201327420         0.0245332346 
        7.8550001000         0.2960545767         1.3023119874         2.3193309326         0.0341412614 
        7.8600000000         0.3138682513         1.2946651330         2.1201327420         0.0341412614 
        7.8650000000         0.3314313832         1.3201546478         2.7841267107         0.0501546394 
        7.8700000000         0.3487295738         1.3328994052         3.1161236951         0.0661680175 
        7.8750000000         0.3657489953         1.3303504538         3.0497242982         0.0821813955 
        7.8800000000         0.3824760427         1.3354483567         3.1825230919         0.0981947735 
        7.8850000000         0.3988973446         1.3456441627         3.4481206794         0.1110054759 
        7.8900000000         0.4149997741         1.3507420656         3.5809194732         0.1206135027 
        7.8950000000         0.4307704592         1.3558399686         3.7137182669         0.1366268808 
        7.9000000000         0.4461967929         1.3762315805         4.2449134419         0.1718563124 
        7.9050000000         0.4612664436         1.3634868231         3.9129164575         0.1782616636 
        7.9100000000         0.4759673651         1.3787805320         4.3113128387         0.2070857440 
        7.9150000000         0.4902878055         1.3864273864         4.5105110293         0.2230991221 
        7.9200000000         0.5042163174         1.3864273864         4.5105110293         0.2487205269 
        7.9250000000         0.5177417666         1.4093679498         5.1081056012         0.2775446073 
        7.9300000000         0.5308533408         1.4246616587         5.5065019824         0.3127740390 
        7.9350000000         0.5435405590         1.4246616587         5.5065019824         0.3287874170 
        7.9400001000         0.5557935197         1.4246616587         5.5065019824         0.3480034706 
        7.9450000000         0.5676017066         1.4450532706         6.0376971573         0.3832329022 
        7.9500000000         0.5789564020         1.5087770578         7.6976820791         0.7515405967 
        8.0010673000         0.6670329655         1.4909343974         7.2328863010         0.7579459479 
        8.0024145000         0.6686308686         1.5113260093         7.7640814759         0.7739593259 
        8.0036831000         0.6701000709         1.5240707667         8.0960784603         0.7899727039 
        8.0051827000         0.6717923193         1.5189728637         7.9632796665         0.7899727039 
        8.0064442000         0.6731784721         1.5266197182         8.1624778572         0.8123914332 
        8.0078475000         0.6746801844         1.5266197182         8.1624778572         0.8284048112 
        8.0092486000         0.6761371567         1.5164239122         7.8968802697         0.8252021356 
        8.0105554000         0.6774578152         1.5215218152         8.0296790634         0.8476208648 
        8.0118550000         0.6787345078         1.5189728637         7.9632796665         0.8508235404 
        8.0131513000         0.6799714406         1.5342665726         8.3616760478         0.8700395940 
        8.0144661000         0.6811887019         1.5393644756         8.4944748415         0.8700395940 
        8.0157677000         0.6823566523         1.5546581845         8.8928712227         0.8892556476 
        8.0170235000         0.6834484679         1.5495602815         8.7600724290         0.8924583233 
        8.0200000000         0.6858985367         1.5342665726         8.3616760478         0.9180797281 
        8.0250000000         0.6895765283         1.5470113301         8.6936730321         0.9469038085 
        8.0300443000         0.6927285147         1.5368155241         8.4280754446         0.9917412670 
        8.0350000000         0.6952763013         1.5623050390         9.0920694133         1.0493894278 
        8.0400000000         0.6972935264         1.5572071360         8.9592706196         1.0782135083 
        8.0450001000         0.6987533693         1.5954414083         9.9552615726         1.1422670204 
        8.0500000000         0.6996545923         1.5674029419         9.2248682071         1.1774964520 
        8.0550000000         0.6999965456         1.5826966509         9.6232645883         1.2351446129 
        8.0600000000         0.6997789325         1.5801476994         9.5568651914         1.2735767201 
        8.0650037000         0.6990011448         1.6005393113        10.0880603664         1.3280222054 
        8.0700000000         0.6976661496         1.5903435053         9.8224627789         1.3728596638 
        8.0750004000         0.6957724951         1.5954414083         9.9552615726         1.4080890955 
        8.0800000000         0.6933229980         1.6030882627        10.1544597632         1.4625345807 
        8.0850000000         0.6903190953         1.6005393113        10.0880603664         1.5169800660 
        8.0900000000         0.6867633622         1.6030882627        10.1544597632         1.5586148488 
        8.0950000000         0.6826586409         1.6107351172        10.3536579538         1.6258710365 
        8.1000001000         0.6780081143         1.6107351172        10.3536579538         1.6739111706 
        8.1050000000         0.6728157953         1.6081861657        10.2872585570         1.7123432778 
        8.1100000000         0.6670855391         1.6183819717        10.5528561444         1.7763967899 
        8.1150000000         0.6608220249         1.6209309231        10.6192555413         1.8148288972 
        8.1200000000         0.6540302597         1.6311267291        10.8848531288         1.8756797336 
        8.1250001000         0.6467155213         1.6311267291        10.8848531288         1.9205171921 
        8.1300000000         0.6388841112         1.6183819717        10.5528561444         1.9781653529 
        8.1350001000         0.6305416635         1.6209309231        10.6192555413         2.0390161894 
        8.1400000000         0.6216955142         1.6438714865        11.2168501131         2.0838536479 
        8.1450000000         0.6123522190         1.5954414083         9.9552615726         2.1286911063 
        8.1500000000         0.6025194188         1.6311267291        10.8848531288         2.1863392672 
        8.1550000000         0.5922049740         1.6132840687        10.4200573507         2.2375820769 
        8.1600000000         0.5814171294         1.6362246321        11.0176519225         2.2984329133 
        8.1650000000         0.5701645089         1.6107351172        10.3536579538         2.3560810742 
        8.1700001000         0.5584558690         1.6132840687        10.4200573507         2.4009185327 
        8.1750000000         0.5463012851         1.6183819717        10.5528561444         2.4553640179 
        8.1800000000         0.5337097576         1.6209309231        10.6192555413         2.5162148544 
        8.1850000000         0.5206915908         1.6285777776        10.8184537319         2.5578496372 
        8.1900001000         0.5072569183         1.6158330202        10.4864567476         2.6122951225 
        8.1950000000         0.4934172978         1.6209309231        10.6192555413         2.6699432834 
        8.2000000000         0.4791829742         1.6005393113        10.0880603664         2.7115780662 
        8.2050000000         0.4645655989         1.6209309231        10.6192555413         2.7660235515 
        8.2100000000         0.4495768571         1.6005393113        10.0880603664         2.8268743880 
        8.2150000000         0.4342287305         1.6234798746        10.6856549382         2.8749145220 
        8.2200000000         0.4185334881         1.5801476994         9.5568651914         2.9229546561 
        8.2250019000         0.4024975231         1.6234798746        10.6856549382         2.9774001413 
        8.2300000000         0.3861521094         1.5979903598        10.0216609695         3.0414536534 
        8.2350000000         0.3694918584         1.6030882627        10.1544597632         3.0894937875 
        8.2400000000         0.3525362410         1.6005393113        10.0880603664         3.1311285703 
        8.2450000000         0.3352988117         1.6056372142        10.2208591601         3.1503446239 
        8.2500001000         0.3177929972         1.6081861657        10.2872585570         3.1471419483 
        8.2550000000         0.3000338486         1.6107351172        10.3536579538        -1.7465463743 
        8.2600000000         0.2820345050         1.5903435053         9.8224627789        -1.7497490499 
        8.2650000000         0.2638097073         1.5877945538         9.7560633820        -3.1301022351 
        8.2700000000         0.2453740240         1.5674029419         9.2248682071        -3.1397102620 
        8.2750000000         0.2267421926         1.5928924568         9.8888621758        -3.1397102620 
        8.2800000000         0.2079291071         1.5725008449         9.3576670008        -3.1268995595 
        8.2850000000         0.1889498061         1.5826966509         9.6232645883        -3.0756567499 
        8.2900000000         0.1698194616         1.5750497964         9.4240663977        -3.0276166158 
        8.2950001000         0.1505529793         1.5648539905         9.1584688102        -2.9827791574 
        8.3000000000         0.1311669201         1.5699518934         9.2912676039        -2.9379416989 
        8.3050000000         0.1116756216         1.5546581845         8.8928712227        -2.8963069161 
        8.3100000000         0.0920950512         1.5546581845         8.8928712227        -2.8482667820 
        8.3150000000         0.0724408617         1.5419134271         8.5608742384        -2.7970239724 
        8.3200000000         0.0527287639         1.5495602815         8.7600724290        -2.7585918651 
        8.3250000000         0.0329745155         1.5419134271         8.5608742384        -2.7233624335 
        8.3300000000         0.0131939077         1.5215218152         8.0296790634        -2.6913356774 
        8.3350000000        -0.0065972470         1.5317176211         8.2952766509        -2.6336875166 
        8.3400000000        -0.0263831280         1.5164239122         7.8968802697        -2.5984580849 
        8.3450000000        -0.0461479186         1.5062281063         7.6312826822        -2.5664313289 
        8.3500000000        -0.0658758193         1.4756406885         6.8344899198        -2.5183911948 
        8.3550000000        -0.0855510600         1.4297595617         5.6393007761        -2.4991751412 
        8.3600000000        -0.1051579124         1.3864273864         4.5105110293        -2.4703510608 
        8.3650000000        -0.1246807033         1.2003539280        -0.3366449421        -2.4671483852 
        8.3700000000        -0.1441038263         1.2105497339        -0.0710473547        -2.4639457096 
        8.3750001000        -0.1634121396         1.2003539280        -0.3366449421        -2.4703510608 
        8.3800000000        -0.1825890544         1.2156476369         0.0617514391        -2.4671483852 
        8.3850000000        -0.2016203952         1.2156476369         0.0617514391        -2.4575403583 
        8.3900000000        -0.2204905638         1.1723154616        -1.0670383077        -2.4767564120 
        8.3950000000        -0.2391844756         1.1468259468        -1.7310322764        -2.4767564120 
        8.4000000000        -0.2576871870         1.1748644131        -1.0006389108        -2.4735537364 
        8.4050000000        -0.2759839070         1.1519238497        -1.5982334826        -2.4895671144 
        8.4100000000        -0.2940600099         1.1187874804        -2.4614256419        -2.5023778168 
        8.4150000000        -0.3119010457         1.1340811893        -2.0630292607        -2.5023778168 
        8.4200001000        -0.3294931018         1.1315322379        -2.1294286576        -2.5119858436 
        8.4250000000        -0.3468210680         1.1315322379        -2.1294286576        -2.5215938704 
        8.4300000000        -0.3638721399         1.1060427230        -2.7934226263        -2.5376072484 
        8.4350000000        -0.3806323380         1.0958469171        -3.0590202138        -2.5632286533 
        8.4400000000        -0.3970882644         1.0831021596        -3.3910171981        -2.5792420313 
        8.4450000000        -0.4132267645         1.0729063537        -3.6566147856        -2.6016607605 
        8.4500000000        -0.4290349376         1.0525147418        -4.1878099606        -2.6240794897 
        8.4550000000        -0.4445001467         1.0678084507        -3.7894135793        -2.6336875166 
        8.4600000000        -0.4596100291         1.0474168388        -4.3206087543        -2.6561062458 
        8.4650000000        -0.4743525063         1.0525147418        -4.1878099606        -2.6657142726 
        8.4700000000        -0.4887157933         1.0295741784        -4.7854045324        -2.6977410286 
        8.4750000000        -0.5026884084         1.0219273240        -4.9846027230        -2.7233624335 
        8.4800000000        -0.5162591822         1.0193783725        -5.0510021199        -2.7425784871 
        8.4850000000        -0.5294172662         1.0117315180        -5.2502003105        -2.7681998919 
        8.4900000000        -0.5421521422         1.0066336150        -5.3829991042        -2.8034293236 
        8.4950000000        -0.5544536300         0.9862420032        -5.9141942792        -2.8290507284 
        8.5000001000        -0.5663121287         0.9938888576        -5.7149960885        -2.8610774844 
        8.5050000000        -0.5777174611         0.9709482942        -6.3125906604        -2.8899015649 
        8.5100000000        -0.5886612076         0.9785951487        -6.1133924698        -2.9251309965 
        8.5150000000        -0.5991343874         0.9556545853        -6.7109870416        -2.9667657794 
        8.5200000000        -0.6091286283         0.9556545853        -6.7109870416        -2.9891845086 
        8.5250000000        -0.6186359411         0.9327140220        -7.3085816134        -3.0372246426 
        8.5300000000        -0.6276487257         0.9556545853        -6.7109870416        -3.0596433719 
        8.5350000000        -0.6361597776         0.9199692645        -7.6405785978        -3.0948728035 
        8.5400000000        -0.6441622932         0.9454587794        -6.9765846291        -3.1301022351 
        8.5450001000        -0.6516500198         0.8970287012        -8.2381731696        -3.1493182888 
        8.5500000000        -0.6586165383         0.9225182160        -7.5741792009        -3.1397102620 
        8.5550000000        -0.6650567134         0.9174203130        -7.7069779946        -3.1461156132 
        8.5600000000        -0.6709652523         0.9072245071        -7.9725755821        -3.1429129376 
        8.5650000000        -0.6763374319         0.8868328952        -8.5037707571        -1.7465463743 
        8.5700000000        -0.6811689577         0.9021266041        -8.1053743758        -1.7369383475 
        8.5750000000        -0.6854559674         0.8868328952        -8.5037707571         3.1503446239 
        8.5800000000        -0.6891950342         0.8766370893        -8.7693683445         3.1279258947 
        8.5850000000        -0.6923831690         0.8562454774        -9.3005635195         3.1311285703 
        8.5900002000        -0.6950179175         0.8562454774        -9.3005635195         3.0991018143 
        8.5950000000        -0.6970968908         0.8587944289        -9.2341641226         3.0702777339 
        8.6000001000        -0.6986187348         0.8664412833        -9.0349659320         3.0190349242 
        8.6050000000        -0.6995820638         0.8384028170        -9.7653592976         2.9677921145 
        8.6100000000        -0.6999861826         0.8587944289        -9.2341641226         2.9133466293 
        8.6150000000        -0.6998307431         0.8154622536       -10.3629538694         2.8621038196 
        8.6200000000        -0.6991158696         0.8485986229        -9.4997617101         2.8204690368 
        8.6250001000        -0.6978421026         0.8282070110       -10.0309568851         2.7756315783 
        8.6300000000        -0.6960105533         0.8154622536       -10.3629538694         2.7179834174 
        8.6350000000        -0.6936225928         0.8256580595       -10.0973562819         2.6699432834 
        8.6400000000        -0.6906801609         0.8027174962       -10.6949508538         2.6058897713 
        8.6450108000        -0.6871774661         0.8154622536       -10.3629538694         2.5610523128 
        8.6500000000        -0.6831417333         0.8001685447       -10.7613502506         2.5002014764 
        8.6550000000        -0.6785517637         0.8027174962       -10.6949508538         2.4521613423 
        8.6600000000        -0.6734193701         0.7848748358       -11.1597466318         2.4041212083 
        8.6650000000        -0.6677486554         0.8180112051       -10.2965544725         2.3432703718 
        8.6700001000        -0.6615440232         0.7823258843       -11.2261460287         2.2952302377 
        8.6750000000        -0.6548108215         0.8001685447       -10.7613502506         2.2407847525 
        8.6800000000        -0.6475540447         0.8052664477       -10.6285514569         2.1863392672 
        8.6850000000        -0.6397796231         0.7772279813       -11.3589448224         2.1447044843 
        8.6900000000        -0.6314937716         0.8103643506       -10.4957526631         2.0870563235 
        8.6950000000        -0.6227031135         0.7848748358       -11.1597466318         2.0230028114 
        8.7000000000        -0.6134146760         0.8129133021       -10.4293532663         1.9781653529 
        8.7050000000        -0.6036358842         0.7848748358       -11.1597466318         1.9109091653 
        8.7100000000        -0.5933745552         0.8078153991       -10.5621520600         1.8660717068 
        8.7150000000        -0.5826388916         0.7848748358       -11.1597466318         1.8020181947 
        8.7200000000        -0.5714374755         0.7874237873       -11.0933472350         1.7475727095 
        8.7250000000        -0.5597792609         0.8027174962       -10.6949508538         1.6899245486 
        8.7300000000        -0.5476735674         0.7823258843       -11.2261460287         1.6578977926 
        8.7350000000        -0.5351300720         0.8052664477       -10.6285514569         1.5938442805 
        8.7400000000        -0.5221588017         0.7950706417       -10.8941490444         1.5426014708 
        8.7450000000        -0.5087701258         0.7848748358       -11.1597466318         1.4913586612 
        8.7500001000        -0.4949744670         0.8180112051       -10.2965544725         1.4401158515 
        8.7550000000        -0.4807836926         0.7925216902       -10.9605484412         1.3920757174 
        8.7600000000        -0.4662083072         0.8129133021       -10.4293532663         1.3408329078 
        8.7650000000        -0.4512602420         0.8154622536       -10.3629538694         1.2863874225 
        8.7700000000        -0.4359514462         0.8078153991       -10.5621520600         1.2351446129 
        8.7750000000        -0.4202941576         0.8078153991       -10.5621520600         1.1742937764 
        8.7800000000        -0.4043008924         0.8052664477       -10.6285514569         1.1230509667 
        8.7850000000        -0.3879844351         0.8027174962       -10.6949508538         1.0782135083 
        8.7900000000        -0.3713578290         0.8180112051       -10.2965544725         1.0173626718 
        8.7950001000        -0.3544340237         0.8333049140        -9.8981580913         0.9789305646 
        8.8000000000        -0.3372275718         0.8078153991       -10.5621520600         0.9116743769 
        8.8050000000        -0.3197512039         0.8231091081       -10.1637556788         0.8636342428 
        8.8100000000        -0.3020192319         0.8256580595       -10.0973562819         0.8123914332 
        8.8150000000        -0.2840458304         0.8205601566       -10.2301550757         0.7643512991 
        8.8200000000        -0.2658453669         0.8460496714        -9.5661611070         0.7323245431 
        8.8250000000        -0.2474323906         0.8180112051       -10.2965544725         0.6746763822 
        8.8300000000        -0.2288216206         0.8409517685        -9.6989599007         0.6266362481 
        8.8350000000        -0.2100279343         0.8664412833        -9.0349659320         0.5850014653 
        8.8400000000        -0.1910663547         0.8460496714        -9.5661611070         0.5337586556 
        8.8450000000        -0.1719520398         0.8485986229        -9.4997617101         0.4857185216 
        8.8500000000        -0.1527002690         0.8638923318        -9.1013653289         0.4568944411 
        8.8550000000        -0.1333264319         0.8740881378        -8.8357677414         0.4088543071 
        8.8600000000        -0.1138460156         0.8842839437        -8.5701701539         0.3640168486 
        8.8650000000        -0.0942745925         0.8562454774        -9.3005635195         0.3127740390 
        8.8700000000        -0.0746278079         0.8791860408        -8.7029689477         0.2647339049 
        8.8750001000        -0.0549209724         0.9046755556        -8.0389749790         0.2263017977 
        8.8800000000        -0.0351710227         0.8817349922        -8.6365695508         0.2038830684 
        8.8850000000        -0.0153925633         0.9174203130        -7.7069779946         0.1462349076 
        8.8900000000         0.0043982008         0.8868328952        -8.5037707571         0.1110054759 
        8.8950000000         0.0241854491         0.9250671675        -7.5077798040         0.0821813955 
        8.9000000000         0.0439533638         0.9429098279        -7.0429840259         0.0405466126 
        8.9050000000         0.0636861427         0.9683993428        -6.3789900572         0.0053171810 
        8.9100000000         0.0833680121         1.0091825665        -5.3165997073        -0.0203042238 
        8.9150000000         0.1029832383         1.0627105477        -3.9222123731        -0.0299122506 
        8.9200001000         0.1225165311         1.1085916745        -2.7270232294        -0.0459256287 
        8.9250000000         0.1419511069         1.2156476369         0.0617514391        -0.0683443579 
        8.9300000000         0.1612725988         1.2130986854        -0.0046479578        -0.0683443579 
        8.9350000000         0.1804651719         1.2130986854        -0.0046479578        -0.0683443579 
        8.9400000000         0.1995134837         1.2258434428         0.3273490266        -0.0555336555 
        8.9450000000         0.2184023077         1.2640777151         1.3233399796        -0.0555336555 
        8.9500000000         0.2371165442         1.2640777151         1.3233399796        -0.0555336555 
        8.9550000000         0.2556412334         1.2691756181         1.4561387733        -0.0363176019 
        8.9600000000         0.2739615669         1.2844693270         1.8545351546        -0.0299122506 
        8.9650000000         0.2920628997         1.3074098904         2.4521297264        -0.0171015482 
        8.9700000000         0.3099307617         1.3048609389         2.3857303295        -0.0171015482 
        8.9750000000         0.3275508700         1.3023119874         2.3193309326        -0.0074935214 
        8.9800000000         0.3449091391         1.3201546478         2.7841267107         0.0117225322 
        8.9850000000         0.3619916931         1.3303504538         3.0497242982         0.0213305590 
        8.9900000000         0.3787848766         1.3354483567         3.1825230919         0.0309385858 
        8.9950000000         0.3952752651         1.3405462597         3.3153218857         0.0501546394 
        9.0000001000         0.4114499968         1.3583889201         3.7801176638         0.0693706931 
        9.0050000000         0.4272951816         1.3660357746         3.9793158544         0.0981947735 
        9.0100000000         0.4427991133         1.3532910171         3.6473188700         0.0981947735 
        9.0150000000         0.4579490783         1.3787805320         4.3113128387         0.1270188539 
        9.0200000000         0.4727329658         1.3762315805         4.2449134419         0.1494375832 
        9.0250000000         0.4871389577         1.4042700468         4.9753068074         0.1718563124 
        9.0300000000         0.5011555381         1.3813294835         4.3777122356         0.1846670148 
        9.0350000000         0.5147715025         1.3966231924         4.7761086168         0.2134910952 
        9.0400000000         0.5279759665         1.4246616587         5.5065019824         0.2519232025 
        9.0450001000         0.5407586260         1.4042700468         4.9753068074         0.2583285537 
        9.0500759000         0.5532926014         1.4348574647         5.7720995699         0.2903553097 
        9.0550000000         0.5650164963         1.4297595617         5.6393007761         0.3191793902 
        9.0600117000         0.5764990892         1.4476022221         6.1040965542         0.3448007950 
        9.0650020000         0.5874726217         1.4603469795         6.4360935385         0.3864355778 
        9.0700000000         0.5979942022         1.4603469795         6.4360935385         0.4056516315 
        9.0750000000         0.6080420601         1.4705427855         6.7016911260         0.4440837387 
        9.0800000000         0.6176038586         1.4807385914         6.9672887135         0.4793131704 
        9.0850000000         0.6266719539         1.4730917370         6.7680905229         0.5081372508 
        9.0900000000         0.6352390972         1.4934833489         7.2992856979         0.5369613312 
        9.0950000000         0.6432984401         1.4960323003         7.3656850947         0.5785961141 
        9.1000000000         0.6508435401         1.4960323003         7.3656850947         0.6106228701 
        9.1050000000         0.6578683658         1.5164239122         7.8968802697         0.6490549774 
        9.1100000000         0.6643673015         1.5036791548         7.5648832853         0.6906897602 
        9.1150000000         0.6703351522         1.5393644756         8.4944748415         0.7323245431 
        9.1200000000         0.6757671472         1.5342665726         8.3616760478         0.7707566503 
        9.1250001000         0.6806590367         1.5393644756         8.4944748415         0.8059860819 
        9.1300000000         0.6850066330         1.5240707667         8.0960784603         0.8476208648 
        9.1350000000         0.6888067380         1.5674029419         9.2248682071         0.8924583233 
        9.1400000000         0.6920562213         1.5393644756         8.4944748415         0.9437011329 
        9.1450000000         0.6947524855         1.5750497964         9.4240663977         0.9757278890 
        9.1500000000         0.6968933752         1.5597560875         9.0256700165         1.0237680230 
        9.1550000000         0.6984771790         1.5699518934         9.2912676039         1.0718081571 
        9.1600000000         0.6995026308         1.5903435053         9.8224627789         1.1166456155 
        9.1650000000         0.6999689110         1.5903435053         9.8224627789         1.1839018032 
        9.1700001000         0.6998756392         1.5877945538         9.7560633820         1.2095232080 
        9.1750000000         0.6992229125         1.5903435053         9.8224627789         1.2671713689 
        9.1800000000         0.6980112302         1.6005393113        10.0880603664         1.3152115030 
        9.1850000000         0.6962415684         1.5903435053         9.8224627789         1.3600489614 
        9.1900000000         0.6939153417         1.6081861657        10.2872585570         1.4176971223 
        9.1950000000         0.6910344098         1.6081861657        10.2872585570         1.4561292295 
        9.2000000000         0.6876010755         1.6005393113        10.0880603664         1.5169800660 
        9.2050000000         0.6836180834         1.6132840687        10.4200573507         1.5586148488 
        9.2100000000         0.6790886175         1.6158330202        10.4864567476         1.6130603341 
        9.2150000000         0.6740162986         1.6030882627        10.1544597632         1.6675058194 
        9.2200000000         0.6684051813         1.6285777776        10.8184537319         1.7155459534 
        9.2250000000         0.6622597512         1.6234798746        10.6856549382         1.7667887631 
        9.2300000000         0.6555849207         1.6209309231        10.6192555413         1.8148288972 
        9.2350000000         0.6483860257         1.6209309231        10.6192555413         1.8628690312 
        9.2400000000         0.6406688208         1.6362246321        11.0176519225         1.9301252189 
        9.2450000000         0.6324394751         1.6209309231        10.6192555413         1.9941787310 
        9.2500001000         0.6237043872         1.6209309231        10.6192555413         2.0358135138 
        9.2550000000         0.6144710789         1.6285777776        10.8184537319         2.0806509723 
        9.2600000000         0.6047463920         1.6107351172        10.3536579538         2.1350964575 
        9.2650000000         0.5945382802         1.6387735836        11.0840513194         2.2023526452 
        9.2700000000         0.5838549035         1.6132840687        10.4200573507         2.2471901037 
        9.2750000000         0.5727048021         1.6438714865        11.2168501131         2.3112436157 
        9.2800000000         0.5610968894         1.5928924568         9.8888621758         2.3496757230 
        9.2850000000         0.5490404444         1.6183819717        10.5528561444         2.3977158570 
        9.2900000000         0.5365451048         1.6183819717        10.5528561444         2.4553640179 
        9.2950001000         0.5236205965         1.6311267291        10.8848531288         2.5194175300 
        9.3000000000         0.5102780391         1.6183819717        10.5528561444         2.5642549884 
        9.3050000000         0.4965273106         1.6260288261        10.7520543351         2.6219031493 
        9.3100000000         0.4823796658         1.6081861657        10.2872585570         2.6635379322 
        9.3150000000         0.4678464141         1.5903435053         9.8224627789         2.7147807418 
        9.3200000000         0.4529391731         1.6285777776        10.8184537319         2.7788342539 
        9.3250000000         0.4376698594         1.5903435053         9.8224627789         2.8236717124 
        9.3300000000         0.4220506791         1.6362246321        11.0176519225         2.8909279000 
        9.3350000000         0.4060941180         1.5750497964         9.4240663977         2.9261573317 
        9.3400000000         0.3898129314         1.6158330202        10.4864567476         2.9806028169 
        9.3450000000         0.3732201345         1.5903435053         9.8224627789         3.0478590046 
        9.3500000000         0.3563289910         1.6005393113        10.0880603664         3.0926964631 
        9.3550000000         0.3391530036         1.6056372142        10.2208591601         3.1311285703 
        9.3600000000         0.3217059024         1.5903435053         9.8224627789         3.1407365971 
        9.3650000000         0.3040016344         1.5954414083         9.9552615726         3.1407365971 
        9.3700000000         0.2860543522         1.5903435053         9.8224627789        -1.7433436987 
        9.3750001000         0.2678780370         1.5928924568         9.8888621758        -1.7529517255 
        9.3800000000         0.2494883151         1.5775987479         9.4904657945        -3.1493182888 
        9.3850000000         0.2308987904         1.5801476994         9.5568651914        -3.1301022351 
        9.3900000000         0.2121246887         1.5775987479         9.4904657945        -3.1525209644 
        9.3950000000         0.1931810177         1.5623050390         9.0920694133        -3.1301022351 
        9.4000000000         0.1740829209         1.5801476994         9.5568651914        -3.0884674523 
        9.4050000000         0.1548456650         1.5826966509         9.6232645883        -3.0308192914 
        9.4100000000         0.1354846276         1.5393644756         8.4944748415        -2.9891845086 
        9.4150000000         0.1160152860         1.5699518934         9.2912676039        -2.9379416989 
        9.4200001000         0.0964528113         1.5342665726         8.3616760478        -2.9027122673 
        9.4250000000         0.0768140176         1.5546581845         8.8928712227        -2.8642801600 
        9.4300000000         0.0571134280         1.5444623786         8.6272736352        -2.8002266480 
        9.4350000000         0.0373671827         1.5189728637         7.9632796665        -2.7810105943 
        9.4400000000         0.0175910668         1.5342665726         8.3616760478        -2.7297677847 
        9.4450000000        -0.0021991112         1.5393644756         8.4944748415        -2.6817276506 
        9.4500000000        -0.0219875314         1.5266197182         8.1624778572        -2.6400928678 
        9.4550000000        -0.0417583751         1.5011302033         7.4984838885        -2.6144714629 
        9.4600000000        -0.0614958377         1.4654448825         6.5688923323        -2.5856473825 
        9.4650000000        -0.0811841415         1.4374064162         5.8384989667        -2.5472152753 
        9.4700000000        -0.1008075478         1.3915252894         4.6433098231        -2.5215938704 
        9.4750000000        -0.1203503702         1.2360392488         0.5929466140        -2.5023778168 
        9.4800000000        -0.1397969864         1.1927070735        -0.5358431327        -2.5119858436 
        9.4850000000        -0.1591318510         1.2029028795        -0.2702455453        -2.5151885192 
        9.4900000000        -0.1783395081         1.2258434428         0.3273490266        -2.5119858436 
        9.4950000000        -0.1974046032         1.2130986854        -0.0046479578        -2.5023778168 
        9.5000001000        -0.2163122725         1.1774133646        -0.9342395140        -2.5023778168 
        9.5050000000        -0.2350462726         1.1646686072        -1.2662364983        -2.5183911948 
        9.5100000000        -0.2535927567         1.1723154616        -1.0670383077        -2.5312018972 
        9.5150000000        -0.2719365226         1.1519238497        -1.5982334826        -2.5376072484 
        9.5200000000        -0.2900629068         1.1213364319        -2.3950262451        -2.5408099240 
        9.5250000000        -0.3079574190         1.1544728012        -1.5318340858        -2.5440125996 
        9.5300000000        -0.3256057547         1.1111406260        -2.6606238326        -2.5536206265 
        9.5350000000        -0.3429938062         1.1213364319        -2.3950262451        -2.5760393557 
        9.5400000000        -0.3601076736         1.1009448200        -2.9262214200        -2.5856473825 
        9.5450001000        -0.3769340102         1.0983958685        -2.9926208169        -2.5952554093 
        9.5500000000        -0.3934583646         1.0805532081        -3.4574165950        -2.6208768141 
        9.5550000000        -0.4096685279         1.0831021596        -3.3910171981        -2.6432955434 
        9.5600000000        -0.4255512085         1.0499657903        -4.2542093574        -2.6657142726 
        9.5650000000        -0.4410937098         1.0729063537        -3.6566147856        -2.6753222994 
        9.5700000000        -0.4562836077         1.0372210329        -4.5862063418        -2.7041463798 
        9.5750000000        -0.4711087595         1.0499657903        -4.2542093574        -2.7105517310 
        9.5800000000        -0.4855573142         1.0397699844        -4.5198069449        -2.7297677847 
        9.5850000000        -0.4996177217         1.0321231299        -4.7190051355        -2.7553891895 
        9.5900000000        -0.5132787424         1.0295741784        -4.7854045324        -2.7842132699 
        9.5950000000        -0.5265294559         0.9964378091        -5.6485966917        -2.8258480528 
        9.6000000000        -0.5393592699         0.9964378091        -5.6485966917        -2.8482667820 
        9.6050000000        -0.5517579284         0.9964378091        -5.6485966917        -2.8738881868 
        9.6100000000        -0.5637155200         0.9938888576        -5.7149960885        -2.8899015649 
        9.6150000000        -0.5752224861         0.9862420032        -5.9141942792        -2.9315363477 
        9.6200000000        -0.5862696281         0.9836930517        -5.9805936760        -2.9635631037 
        9.6250001000        -0.5968483218         0.9480077309        -6.9101852322        -3.0116032378 
        9.6300000000        -0.6069494908         0.9505566824        -6.8437858353        -3.0436299938 
        9.6350000000        -0.6165656804         0.9607524883        -6.5781882478        -3.0692513987 
        9.6400000000        -0.6256889969         0.9148713616        -7.7733773915        -3.1012781547 
        9.6450000000        -0.6343121472         0.9582035368        -6.6445876447        -3.1365075864 
        9.6500000000        -0.6424282380         0.9097734586        -7.9061761852        -3.1397102620 
        9.6550000000        -0.6500307815         0.9250671675        -7.5077798040        -3.1397102620 
        9.6600000000        -0.6571137004         0.9148713616        -7.7733773915        -3.1493182888 
        9.6650000000        -0.6636713326         0.9199692645        -7.6405785978        -3.1365075864 
        9.6700001000        -0.6696985513         0.8944797497        -8.3045725665        -1.7657624279 
        9.6750000000        -0.6751901930         0.9046755556        -8.0389749790        -1.7369383475 
        9.6800000000        -0.6801422131         0.8842839437        -8.5701701539         3.1407365971 
        9.6850000000        -0.6845505379         0.9021266041        -8.1053743758         3.1503446239 
        9.6900000000        -0.6884116435         0.8689902348        -8.9685665351         3.1503446239 
        9.6950000000        -0.6917224434         0.8664412833        -9.0349659320         3.1151151923 
        9.7000000000        -0.6944802909         0.8689902348        -8.9685665351         3.0798857607 
        9.7050000000        -0.6966829816         0.8766370893        -8.7693683445         3.0254402754 
        9.7100000000        -0.6983287545         0.8333049140        -9.8981580913         2.9774001413 
        9.7150000000        -0.6994162940         0.8740881378        -8.8357677414         2.9293600073 
        9.7200000000        -0.6999447309         0.8129133021       -10.4293532663         2.8781171976 
        9.7250000000        -0.6999136427         0.8613433804        -9.1677647258         2.8396850904 
        9.7300000000        -0.6993230543         0.8358538655        -9.8317586944         2.7884422807 
        9.7350000000        -0.6981734377         0.8307559625        -9.9645574882         2.7211860930 
        9.7400000000        -0.6964657119         0.8282070110       -10.0309568851         2.6827539858 
        9.7450000000        -0.6942012421         0.8205601566       -10.2301550757         2.6187004737 
        9.7500001000        -0.6913817765         0.8001685447       -10.7613502506         2.5674576641 
        9.7550000000        -0.6880097547         0.8205601566       -10.2301550757         2.5226202056 
        9.7600000000        -0.6840876865         0.8027174962       -10.6949508538         2.4649720447 
        9.7650000000        -0.6796187691         0.7925216902       -10.9605484412         2.4073238839 
        9.7700000000        -0.6746065748         0.8154622536       -10.3629538694         2.3752971278 
        9.7750000000        -0.6690551103         0.8078153991       -10.5621520600         2.3112436157 
        9.7800000000        -0.6629688135         0.7950706417       -10.8941490444         2.2600008061 
        9.7850000000        -0.6563525495         0.8154622536       -10.3629538694         2.2119606720 
        9.7900000000        -0.6492116073         0.7721300783       -11.4917436162         2.1415018087 
        9.7950001000        -0.6415515370         0.7899727387       -11.0269478381         2.0902589991 
        9.8000000000        -0.6333789367         0.8027174962       -10.6949508538         2.0550295674 
        9.8050000000        -0.6246998646         0.7899727387       -11.0269478381         1.9813680286 
        9.8100000000        -0.6155214171         0.8078153991       -10.5621520600         1.9333278945 
        9.8150000000        -0.6058509312         0.7976195932       -10.8277496475         1.8788824092 
        9.8200000000        -0.5956961373         0.7874237873       -11.0933472350         1.8180315728 
        9.8250000000        -0.5850651530         0.7823258843       -11.2261460287         1.7699914387 
        9.8300000000        -0.5739664765         0.8052664477       -10.6285514569         1.7219513046 
        9.8350000000        -0.5624089800         0.7797769328       -11.2925454256         1.6611004682 
        9.8400000000        -0.5504019024         0.7950706417       -10.8941490444         1.6034523073 
        9.8450000000        -0.5379548421         0.7950706417       -10.8941490444         1.5586148488 
        9.8500000000        -0.5250777487         0.7950706417       -10.8941490444         1.5073720392 
        9.8550000000        -0.5117809163         0.8052664477       -10.6285514569         1.4689399319 
        9.8600037000        -0.4980646828         0.8001685447       -10.7613502506         1.4016837443 
        9.8650000000        -0.4839708782         0.7925216902       -10.9605484412         1.3568462858 
        9.8700000000        -0.4694799035         0.8078153991       -10.5621520600         1.2959954493 
        9.8750001000        -0.4546133329         0.8154622536       -10.3629538694         1.2447526397 
        9.8800000000        -0.4393839529         0.7848748358       -11.1597466318         1.1935098300 
        9.8850000000        -0.4238030352         0.8154622536       -10.3629538694         1.1326589935 
        9.8900000000        -0.4078833358         0.7899727387       -11.0269478381         1.0910242107 
        9.8950000000        -0.3916375806         0.8282070110       -10.0309568851         1.0461867522 
        9.9000000000        -0.3750787564         0.8052664477       -10.6285514569         0.9789305646 
        9.9050000000        -0.3582201001         0.8205601566       -10.2301550757         0.9372957817 
        9.9100000000        -0.3410750880         0.8154622536       -10.3629538694         0.8860529720 
        9.9150000000        -0.3236574257         0.8333049140        -9.8981580913         0.8380128380 
        9.9200001000        -0.3059806806         0.8231091081       -10.1637556788         0.7771620015 
        9.9250000000        -0.2880600509         0.8180112051       -10.2965544725         0.7291218675 
        9.9300000000        -0.2699087945         0.8333049140        -9.8981580913         0.6810817334 
        9.9350000000        -0.2515417771         0.8205601566       -10.2301550757         0.6362442749 
        9.9400000000        -0.2329736812         0.8689902348        -8.9685665351         0.5946094921 
        9.9450000000        -0.2142193495         0.8333049140        -9.8981580913         0.5561773849 
        9.9500000000        -0.1952937742         0.8536965259        -9.3669629164         0.5017318996 
        9.9550000000        -0.1762120840         0.8536965259        -9.3669629164         0.4632997923 
        9.9600000000        -0.1569895325         0.8740881378        -8.8357677414         0.4184623339 
        9.9650000000        -0.1376414861         0.8587944289        -9.2341641226         0.3576114974 
        9.9700000000        -0.1181834113         0.8536965259        -9.3669629164         0.3191793902 
        9.9750000000        -0.0986308624         0.8817349922        -8.6365695508         0.2903553097 
        9.9800000000        -0.0789994694         0.9046755556        -8.0389749790         0.2391125001 
        9.9850000000        -0.0593049255         0.8613433804        -9.1677647258         0.1942750416 
        9.9900000000        -0.0395629740         0.9174203130        -7.7069779946         0.1654509612 
        9.9950000000        -0.0197893966         0.8766370893        -8.7693683445         0.1078028003 
