           Time[sec]           V_{cmd}[V]          V_{gyro}[V] \omega_{gyro}[rad/s]          \theta[rad] 
        0.0000000000         0.0000000000         1.2080007824        -0.1374467515        -1.7561544011 
        0.0050000000         0.0171513794         1.2130986854        -0.0046479578        -1.7497490499 
        0.0100000000         0.0342924604         1.2080007824        -0.1374467515        -1.7593570767 
        0.0150000000         0.0514129509         1.2207455399         0.1945502328        -1.7401410231 
        0.0200000000         0.0685025712         1.2156476369         0.0617514391        -1.7465463743 
        0.0250000000         0.0855510601         1.2156476369         0.0617514391        -1.7465463743 
        0.0300000000         0.1025481809         1.2054518309        -0.2038461484        -1.7529517255 
        0.0350000000         0.1194837280         1.2105497339        -0.0710473547        -1.7753704547 
        0.0400000000         0.1363475328         1.2232944913         0.2609496297        -1.7433436987 
        0.0450000000         0.1531294695         1.2487840062         0.9249435984        -1.7369383475 
        0.0500000000         0.1698194617         1.3201546478         2.7841267107        -3.1301022351 
        0.0550000000         0.1864074880         1.2487840062         0.9249435984        -3.1461156132 
        0.0600000000         0.2028835884         1.2870182785         1.9209345514        -3.1461156132 
        0.0650000000         0.2192378699         1.2921161815         2.0537333452        -3.1301022351 
        0.0700000000         0.2354605132         1.2946651330         2.1201327420        -3.1397102620 
        0.0750000000         0.2515417773         1.2972140844         2.1865321389        -3.1461156132 
        0.0800000000         0.2674720065         1.3099588419         2.5185291233        -3.1525209644 
        0.0850000000         0.2832416356         1.3150567448         2.6513279170        -3.1429129376 
        0.0900000000         0.2988411961         1.3150567448         2.6513279170        -3.1429129376 
        0.0950000000         0.3142613213         1.3354483567         3.1825230919        -3.1301022351 
        0.1000000000         0.3294927526         1.3227035993         2.8505261076        -3.1333049108 
        0.1050000000         0.3445263443         1.3328994052         3.1161236951        -3.1429129376 
        0.1100000000         0.3593530698         1.3456441627         3.4481206794        -3.1268995595 
        0.1150000000         0.3739640264         1.3405462597         3.3153218857        -3.1301022351 
        0.1200000000         0.3883504414         1.3532910171         3.6473188700        -3.1140888571 
        0.1250000000         0.4025036764         1.3660357746         3.9793158544        -3.0884674523 
        0.1300000000         0.4164152337         1.3634868231         3.9129164575        -3.0596433719 
        0.1350000000         0.4300767598         1.3762315805         4.2449134419        -3.0468326694 
        0.1400000000         0.4434800521         1.3813294835         4.3777122356        -3.0340219670 
        0.1450000000         0.4566170627         1.3660357746         3.9793158544        -3.0148059134 
        0.1500000000         0.4694799037         1.3889763379         4.5769104262        -2.9859818330 
        0.1550000000         0.4820608517         1.4068189983         5.0417062043        -2.9507524013 
        0.1600000000         0.4943523526         1.3991721439         4.8425080137        -2.9315363477 
        0.1650000000         0.5063470263         1.3940742409         4.7097092199        -2.9155229697 
        0.1700000000         0.5180376707         1.4272106102         5.5729013792        -2.8706855112 
        0.1750000000         0.5294172662         1.4246616587         5.5065019824        -2.8514694576 
        0.1800000000         0.5404789802         1.4272106102         5.5729013792        -2.8226453772 
        0.1850000000         0.5512161708         1.4348574647         5.7720995699        -2.7938212967 
        0.1900000000         0.5616223909         1.4527001251         6.2368953479        -2.7649972163 
        0.1950000000         0.5716913925         1.4501511736         6.1704959511        -2.7329704603 
        0.2000000000         0.5814171295         1.4654448825         6.5688923323        -2.7009437042 
        0.2050000000         0.5907937623         1.4501511736         6.1704959511        -2.6753222994 
        0.2100192000         0.5998496142         1.4730917370         6.7680905229        -2.6400928678 
        0.2150000000         0.6084774082         1.4858364944         7.1000875072        -2.6144714629 
        0.2200000000         0.6167738032         1.4781896399         6.9008893166        -2.5760393557 
        0.2250000000         0.6246998647         1.5036791548         7.5648832853        -2.5279992216 
        0.2300000000         0.6322508335         1.4960323003         7.3656850947        -2.4959724656 
        0.2350000000         0.6394221757         1.5164239122         7.8968802697        -2.4447296559 
        0.2400000000         0.6462095853         1.5087770578         7.6976820791        -2.4159055755 
        0.2450000000         0.6526089870         1.5470113301         8.6936730321        -2.3774734683 
        0.2500000000         0.6586165383         1.5215218152         8.0296790634        -2.3390413610 
        0.2550000000         0.6642286321         1.5444623786         8.6272736352        -2.2974065782 
        0.2600000000         0.6694418986         1.5470113301         8.6936730321        -2.2461637685 
        0.2650000000         0.6742532077         1.5495602815         8.7600724290        -2.2077316612 
        0.2700000000         0.6786596704         1.5674029419         9.2248682071        -2.1660968784 
        0.2750000000         0.6826586410         1.5546581845         8.8928712227        -2.1244620955 
        0.2800000000         0.6862477182         1.5750497964         9.4240663977        -2.0796246371 
        0.2850000000         0.6894247471         1.5699518934         9.2912676039        -2.0443952055 
        0.2900000000         0.6921878202         1.5852456023         9.6896639851        -1.9899497202 
        0.2950000000         0.6945352783         1.5852456023         9.6896639851        -1.9323015593 
        0.3000000000         0.6964657119         1.6030882627        10.1544597632        -1.8970721277 
        0.3050000000         0.6979779620         1.6005393113        10.0880603664        -1.8394239668 
        0.3100000000         0.6990711204         1.6081861657        10.2872585570        -1.7977891840 
        0.3150000000         0.6997445310         1.6005393113        10.0880603664        -1.7561544011 
        0.3200000000         0.6999977892         1.6158330202        10.4864567476        -1.6953035646 
        0.3250000000         0.6998307431         1.6158330202        10.4864567476        -1.6440607550 
        0.3300000000         0.6992434929         1.6209309231        10.6192555413        -1.6056286477 
        0.3350000000         0.6982363913         1.6362246321        11.0176519225        -1.5543858381 
        0.3400000000         0.6968100430         1.6234798746        10.6856549382        -1.4967376772 
        0.3450000000         0.6949653043         1.6489693895        11.3496489069        -1.4326841651 
        0.3500000000         0.6927032830         1.6362246321        11.0176519225        -1.3910493823 
        0.3550000000         0.6900253372         1.6515183410        11.4160483038        -1.3301985458 
        0.3600000000         0.6869330749         1.6413225350        11.1504507163        -1.2725503849 
        0.3650000000         0.6834283528         1.6438714865        11.2168501131        -1.2277129265 
        0.3700000000         0.6795132752         1.6591651954        11.6152464944        -1.1604567388 
        0.3750000000         0.6751901929         1.6464204380        11.2832495100        -1.1124166047 
        0.3800000000         0.6704617016         1.6693610014        11.8808440818        -1.0451604171 
        0.3850000000         0.6653306406         1.6719099529        11.9472434787        -0.9907149318 
        0.3900000000         0.6598000906         1.6566162440        11.5488470975        -0.9394721221 
        0.3950000000         0.6538733725         1.6795568073        12.1464416693        -0.8722159345 
        0.4000000000         0.6475540447         1.6770078558        12.0800422724        -0.8177704492 
        0.4050000000         0.6408459018         1.6719099529        11.9472434787        -0.7665276395 
        0.4100000000         0.6337529716         1.6872036618        12.3456398599        -0.7056768031 
        0.4150000000         0.6262795127         1.6693610014        11.8808440818        -0.6576366690 
        0.4200000000         0.6184300126         1.6719099529        11.9472434787        -0.5935831569 
        0.4250000000         0.6102091845         1.6821057588        12.2128410662        -0.5455430229 
        0.4300000000         0.6016219644         1.6846547103        12.2792404631        -0.4750841596 
        0.4350000000         0.5926735085         1.6897526133        12.4120392568        -0.4174359987 
        0.4400000000         0.5833691896         1.6846547103        12.2792404631        -0.3501798110 
        0.4450000000         0.5737145944         1.6821057588        12.2128410662        -0.2989370014 
        0.4500000000         0.5637155199         1.6719099529        11.9472434787        -0.2476941917 
        0.4550000000         0.5533779700         1.6795568073        12.1464416693        -0.1836406796 
        0.4600000000         0.5427081516         1.6846547103        12.2792404631        -0.1291951944 
        0.4650000000         0.5317124714         1.6693610014        11.8808440818        -0.0715470335 
        0.4700000000         0.5203975315         1.6795568073        12.1464416693        -0.0042908458 
        0.4750000000         0.5087701258         1.6719099529        11.9472434787         0.0597626663 
        0.4800000000         0.4968372358         1.6719099529        11.9472434787         0.1174108271 
        0.4850000000         0.4846060266         1.6744589044        12.0136428756         0.1750589880 
        0.4900000000         0.4720838421         1.6693610014        11.8808440818         0.2359098245 
        0.4950000000         0.4592782012         1.6821057588        12.2128410662         0.2807472829 
        0.5000000000         0.4461967928         1.6591651954        11.6152464944         0.3351927682 
        0.5050000000         0.4328474714         1.6591651954        11.6152464944         0.3832329022 
        0.5100000000         0.4192382526         1.6489693895        11.3496489069         0.4536917655 
        0.5150000000         0.4053773077         1.6693610014        11.8808440818         0.5081372508 
        0.5200000000         0.3912729594         1.6540672925        11.4824477006         0.5593800605 
        0.5250000000         0.3769336765         1.6515183410        11.4160483038         0.6074201945 
        0.5300000000         0.3623680688         1.6540672925        11.4824477006         0.6714737066 
        0.5350000000         0.3475848821         1.6438714865        11.2168501131         0.7227165162 
        0.5400000000         0.3325929924         1.6464204380        11.2832495100         0.7931753795 
        0.5450000000         0.3174014019         1.6489693895        11.3496489069         0.8508235404 
        0.5500000000         0.3020192319         1.6234798746        10.6856549382         0.8924583233 
        0.5550000000         0.2864557185         1.6540672925        11.4824477006         0.9501064841 
        0.5600000000         0.2707202065         1.6234798746        10.6856549382         0.9917412670 
        0.5650000000         0.2548221443         1.6489693895        11.3496489069         1.0654028059 
        0.5700000000         0.2387710774         1.6183819717        10.5528561444         1.1006322375 
        0.5750000000         0.2225766436         1.6005393113        10.0880603664         1.1550777228 
        0.5800000000         0.2062485666         1.6234798746        10.6856549382         1.2159285592 
        0.5850000000         0.1897966505         1.6209309231        10.6192555413         1.2735767201 
        0.5900000000         0.1732307734         1.6260288261        10.7520543351         1.3216168542 
        0.5950000000         0.1565608824         1.5903435053         9.8224627789         1.3760623394 
        0.6000000000         0.1397969863         1.6209309231        10.6192555413         1.4241024735 
        0.6050000000         0.1229491510         1.5750497964         9.4240663977         1.4625345807 
        0.6100000000         0.1060274925         1.5903435053         9.8224627789         1.5073720392 
        0.6150000000         0.0890421713         1.5750497964         9.4240663977         1.5554121732 
        0.6200000000         0.0720033858         1.5725008449         9.3576670008         1.6098576585 
        0.6250000000         0.0549213670         1.5572071360         8.9592706196         1.6354790633 
        0.6300000000         0.0378063712         1.5495602815         8.7600724290         1.6771138462 
        0.6350000000         0.0206686751         1.5597560875         9.0256700165         1.7379646827 
        0.6400000000         0.0035185689         1.5470113301         8.6936730321         1.7699914387 
        0.6450000000        -0.0136336501         1.5164239122         7.8968802697         1.8116262215 
        0.6500000000        -0.0307776829         1.5393644756         8.4944748415         1.8564636800 
        0.6550000000        -0.0479032357         1.5036791548         7.5648832853         1.8916931116 
        0.6600000000        -0.0650000255         1.4730917370         6.7680905229         1.9237198677 
        0.6650000000        -0.0820577871         1.4297595617         5.6393007761         1.9685573261 
        0.6700000000        -0.0990662781         1.3456441627         3.4481206794         1.9781653529 
        0.6750000000        -0.1160152861         1.2870182785         1.9209345514         1.9877733798 
        0.6800000000        -0.1328946342         1.2487840062         0.9249435984         2.0101921090 
        0.6850000000        -0.1496941875         1.2003539280        -0.3366449421         2.0005840822 
        0.6900000000        -0.1664038589         1.1978049765        -0.4030443390         2.0005840822 
        0.6950000000        -0.1830136155         1.2181965884         0.1281508360         2.0005840822 
        0.7000000000        -0.1995134838         1.1595707042        -1.3990352920         1.9973814066 
        0.7050000000        -0.2158935570         1.1774133646        -0.9342395140         1.9941787310 
        0.7100000000        -0.2321439997         1.1544728012        -1.5318340858         1.9845707042 
        0.7150000000        -0.2482550547         1.1544728012        -1.5318340858         1.9749626773 
        0.7200000000        -0.2642170481         1.1391790923        -1.9302304670         1.9653546505 
        0.7250000000        -0.2800203962         1.1468259468        -1.7310322764         1.9621519749 
        0.7300000000        -0.2956556096         1.1213364319        -2.3950262451         1.9525439481 
        0.7350000000        -0.3111133005         1.1340811893        -2.0630292607         1.9397332457 
        0.7400000000        -0.3263841876         1.1085916745        -2.7270232294         1.9141118409 
        0.7450000000        -0.3414591016         1.1111406260        -2.6606238326         1.9045038141 
        0.7500000000        -0.3563289910         1.0882000626        -3.2582184044         1.8884904360 
        0.7550000000        -0.3709849276         1.0932979656        -3.1254196106         1.8724770580 
        0.7600000000        -0.3854181111         1.0856511111        -3.3246178012         1.8660717068 
        0.7650000000        -0.3996198755         1.0805532081        -3.4574165950         1.8372476264 
        0.7700000000        -0.4135816934         1.0703574022        -3.7230141825         1.8180315728 
        0.7750000000        -0.4272951817         1.0601615963        -3.9886117699         1.8020181947 
        0.7800000000        -0.4407521063         1.0601615963        -3.9886117699         1.7828021411 
        0.7850000000        -0.4539443870         1.0423189359        -4.4534075480         1.7635860875 
        0.7900000000        -0.4668641031         1.0423189359        -4.4534075480         1.7443700339 
        0.7950000000        -0.4795034968         1.0346720814        -4.6526057386         1.7315593315 
        0.8000000000        -0.4918549789         1.0193783725        -5.0510021199         1.6963298998 
        0.8050000000        -0.5039111333         1.0091825665        -5.3165997073         1.6707084950 
        0.8100000000        -0.5156647210         1.0168294210        -5.1174015167         1.6450870902 
        0.8150000000        -0.5271086846         0.9862420032        -5.9141942792         1.6194656853 
        0.8200000000        -0.5382361529         0.9964378091        -5.6485966917         1.5938442805 
        0.8250000000        -0.5490404444         0.9887909546        -5.8477948823         1.5618175245 
        0.8300000000        -0.5595150719         0.9785951487        -6.1133924698         1.5361961196 
        0.8352855000        -0.5702223982         0.9683993428        -6.3789900572         1.5009666880 
        0.8400000000        -0.5794503792         0.9734972457        -6.2461912635         1.4689399319 
        0.8450000000        -0.5888990890         0.9683993428        -6.3789900572         1.4465212027 
        0.8500000000        -0.5979942022         0.9556545853        -6.7109870416         1.4176971223 
        0.8550000000        -0.6067302578         0.9480077309        -6.9101852322         1.3792650150 
        0.8600000000        -0.6151020103         0.9480077309        -6.9101852322         1.3440355834 
        0.8650000000        -0.6231044330         0.9301650705        -7.3749810103         1.3024008005 
        0.8700000000        -0.6307327209         0.9250671675        -7.5077798040         1.2639686933 
        0.8750000000        -0.6379822936         0.9174203130        -7.7069779946         1.2383472885 
        0.8800000000        -0.6448487985         0.9148713616        -7.7733773915         1.1999151812 
        0.8850000000        -0.6513281125         0.9148713616        -7.7733773915         1.1614830740 
        0.8900020000        -0.6574187017         0.9046755556        -8.0389749790         1.1358616691 
        0.8950000000        -0.6631098410         0.9174203130        -7.7069779946         1.0814161839 
        0.9000000000        -0.6684051814         0.8868328952        -8.5037707571         1.0493894278 
        0.9050000000        -0.6732991867         0.9072245071        -7.9725755821         1.0077546450 
        0.9100000000        -0.6777889185         0.8613433804        -9.1677647258         0.9533091597 
        0.9150000000        -0.6818716810         0.8766370893        -8.7693683445         0.9212824037 
        0.9200016000        -0.6855461324         0.8817349922        -8.6365695508         0.8828502964 
        0.9250000000        -0.6888067380         0.8664412833        -9.0349659320         0.8348101624 
        0.9300000000        -0.6916548685         0.8536965259        -9.3669629164         0.7867700283 
        0.9350000000        -0.6940877040         0.8817349922        -8.6365695508         0.7515405967 
        0.9400000000        -0.6961037838         0.8638923318        -9.1013653289         0.7067031382 
        0.9450000000        -0.6977018973         0.8282070110       -10.0309568851         0.6362442749 
        0.9500000000        -0.6988810851         0.8587944289        -9.2341641226         0.5978121677 
        0.9550000000        -0.6996406390         0.8358538655        -9.8317586944         0.5689880873 
        0.9600000000        -0.6999801030         0.8409517685        -9.6989599007         0.5017318996 
        0.9650000000        -0.6998992732         0.8001685447       -10.7613502506         0.4536917655 
        0.9700000000        -0.6993981983         0.8613433804        -9.1677647258         0.4152596583 
        0.9750000000        -0.6984771790         0.8256580595       -10.0973562819         0.3672195242 
        0.9800000000        -0.6971367684         0.8052664477       -10.6285514569         0.3063686878 
        0.9850000000        -0.6953777713         0.8358538655        -9.8317586944         0.2743419317 
        0.9900000000        -0.6932012439         0.8180112051       -10.2965544725         0.2263017977 
        0.9950000000        -0.6906084930         0.8231091081       -10.1637556788         0.1590456100 
        1.0000000000        -0.6876010755         0.7950706417       -10.8941490444         0.1270188539 
        1.0050000000        -0.6841807970         0.8307559625        -9.9645574882         0.0757760443 
        1.0100000000        -0.6803497113         0.7925216902       -10.9605484412         0.0117225322 
        1.0150000000        -0.6761101187         0.8358538655        -9.8317586944        -0.0235068994 
        1.0200000000        -0.6714645647         0.7721300783       -11.4917436162        -0.0779523847 
        1.0250000000        -0.6664158388         0.8027174962       -10.6949508538        -0.1420058968 
        1.0300000000        -0.6609669724         0.8078153991       -10.5621520600        -0.1868433552 
        1.0350000000        -0.6551212372         0.7772279813       -11.3589448224        -0.2508968673 
        1.0400000000        -0.6488821431         0.8180112051       -10.2965544725        -0.2925316502 
        1.0450000000        -0.6422534364         0.7848748358       -11.1597466318        -0.3437744598 
        1.0500000000        -0.6352390971         0.8052664477       -10.6285514569        -0.3918145939 
        1.0550000000        -0.6278433370         0.7721300783       -11.4917436162        -0.4590707816 
        1.0600000000        -0.6200705968         0.7874237873       -11.0933472350        -0.5039082400 
        1.0650000000        -0.6119255434         0.7772279813       -11.3589448224        -0.5615564009 
        1.0700000000        -0.6034130674         0.7976195932       -10.8277496475        -0.6192045618 
        1.0750000000        -0.5945382801         0.7721300783       -11.4917436162        -0.6736500470 
        1.0800000000        -0.5853065102         0.7823258843       -11.2261460287        -0.7345008835 
        1.0850000000        -0.5757233009         0.7899727387       -11.0269478381        -0.7665276395 
        1.0900000000        -0.5657944061         0.7848748358       -11.1597466318        -0.8209731248 
        1.0950000000        -0.5555257877         0.7899727387       -11.0269478381        -0.8818239613 
        1.1000000000        -0.5449236110         0.7797769328       -11.2925454256        -0.9394721221 
        1.1050000000        -0.5339942423         0.7950706417       -10.8941490444        -0.9907149318 
        1.1100000000        -0.5227442439         0.7823258843       -11.2261460287        -1.0419577415 
        1.1150000000        -0.5111803707         0.7925216902       -10.9605484412        -1.0996059023 
        1.1200000000        -0.4993095660         0.7695811269       -11.5581430131        -1.1572540632 
        1.1250000000        -0.4871389576         0.8052664477       -10.6285514569        -1.2052941973 
        1.1300000000        -0.4746758530         0.7848748358       -11.1597466318        -1.2565370069 
        1.1350000000        -0.4619277356         0.7925216902       -10.9605484412        -1.3173878434 
        1.1400000000        -0.4489022599         0.7950706417       -10.8941490444        -1.3718333287 
        1.1450000000        -0.4356072468         0.7925216902       -10.9605484412        -1.4134681115 
        1.1500000000        -0.4220506791         0.8180112051       -10.2965544725        -1.4615082456 
        1.1550000000        -0.4082406967         0.7925216902       -10.9605484412        -1.5223590820 
        1.1600000000        -0.3941855917         0.8027174962       -10.6949508538        -1.5832099185 
        1.1650000000        -0.3798938031         0.8205601566       -10.2301550757        -1.6184393501 
        1.1700000000        -0.3653739123         0.8154622536       -10.3629538694        -1.6728848354 
        1.1750000000        -0.3506346377         0.8078153991       -10.5621520600        -1.7305329963 
        1.1800000000        -0.3356848291         0.8205601566       -10.2301550757        -1.7785731303 
        1.1850000000        -0.3205334631         0.8078153991       -10.5621520600        -1.8362212912 
        1.1900000000        -0.3051896371         0.8180112051       -10.2965544725        -1.8778560741 
        1.1950000000        -0.2896625639         0.8256580595       -10.0973562819        -1.9323015593 
        1.2000000000        -0.2739615667         0.8333049140        -9.8981580913        -1.9771390178 
        1.2050000000        -0.2580960729         0.8154622536       -10.3629538694        -2.0315845030 
        1.2100000000        -0.2420756089         0.8460496714        -9.5661611070        -2.0668139347 
        1.2150000000        -0.2259097937         0.8435007200        -9.6325605038        -2.1148540687 
        1.2200000000        -0.2096083341         0.8333049140        -9.8981580913        -2.1628942028 
        1.2250000000        -0.1931810178         0.8460496714        -9.5661611070        -2.2237450393 
        1.2300000000        -0.1766377086         0.8435007200        -9.6325605038        -2.2589744709 
        1.2350000000        -0.1599883396         0.8638923318        -9.1013653289        -2.3102172806 
        1.2400000000        -0.1432429078         0.8740881378        -8.8357677414        -2.3582574146 
        1.2450000000        -0.1264114676         0.8511475744        -9.4333623132        -2.4030948731 
        1.2500000000        -0.1095041255         0.8740881378        -8.8357677414        -2.4511350071 
        1.2550000000        -0.0925310329         0.8817349922        -8.6365695508        -2.4895671144 
        1.2600000000        -0.0755023814         0.8715391863        -8.9021671383        -2.5440125996 
        1.2650000000        -0.0584283955         0.8740881378        -8.8357677414        -2.5888500581 
        1.2700000000        -0.0413193270         0.8893818467        -8.4373713602        -2.6112687873 
        1.2750000000        -0.0241854489         0.9046755556        -8.0389749790        -2.6593089214 
        1.2800000000        -0.0070370489         0.9072245071        -7.9725755821        -2.7041463798 
        1.2850000000         0.0101155762         0.8893818467        -8.4373713602        -2.7457811627 
        1.2900000000         0.0272621278         0.9174203130        -7.7069779946        -2.7970239724 
        1.2950000000         0.0443923101         0.9378119249        -7.1757828197        -2.8290507284 
        1.3000000000         0.0614958377         0.9811441002        -6.0469930729        -2.8514694576 
        1.3050000000         0.0785624409         1.0168294210        -5.1174015167        -2.8738881868 
        1.3100000000         0.0955818723         1.0499657903        -4.2542093574        -2.8963069161 
        1.3150000000         0.1125439127         1.1187874804        -2.4614256419        -2.9283336721 
        1.3200006000         0.1294404007         1.2411371518         0.7257454078        -2.9347390233 
        1.3250000000         0.1462551234         1.2181965884         0.1281508360        -2.9315363477 
        1.3300000000         0.1629840519         1.2156476369         0.0617514391        -2.9283336721 
        1.3350000000         0.1796151189         1.2105497339        -0.0710473547        -2.9283336721 
        1.3400000000         0.1961383384         1.2487840062         0.9249435984        -2.9219283209 
        1.3450000000         0.2125437890         1.2768224726         1.6553369640        -2.9123202941 
        1.3500000000         0.2288216209         1.2513329577         0.9913429953        -2.9155229697 
        1.3550000000         0.2449620597         1.2717245696         1.5225381702        -2.8899015649 
        1.3600000000         0.2609554143         1.3048609389         2.3857303295        -2.8866988893 
        1.3650000000         0.2767920817         1.2895672300         1.9873339483        -2.8770908624 
        1.3700000000         0.2924625530         1.3227035993         2.8505261076        -2.8546721332 
        1.3750000000         0.3079574189         1.3176056963         2.7177273139        -2.8450641064 
        1.3800000000         0.3232673761         1.3125077934         2.5849285201        -2.8450641064 
        1.3850000000         0.3383832316         1.3150567448         2.6513279170        -2.8322534040 
        1.3900000000         0.3532959094         1.3532910171         3.6473188700        -2.8002266480 
        1.3950000000         0.3679964554         1.3456441627         3.4481206794        -2.7842132699 
        1.4000000000         0.3824760428         1.3583889201         3.7801176638        -2.7714025675 
        1.4050000000         0.3967259776         1.3736826290         4.1785140450        -2.7489838383 
        1.4100000000         0.4107377034         1.3660357746         3.9793158544        -2.7361731359 
        1.4150000000         0.4245028074         1.3762315805         4.2449134419        -2.7233624335 
        1.4200000000         0.4380130243         1.3711336775         4.1121146481        -2.6977410286 
        1.4250000000         0.4512602421         1.3940742409         4.7097092199        -2.6785249750 
        1.4300000000         0.4642365067         1.3889763379         4.5769104262        -2.6464982190 
        1.4350000000         0.4769340267         1.3991721439         4.8425080137        -2.6240794897 
        1.4400000000         0.4893451779         1.4017210954         4.9089074106        -2.5984580849 
        1.4450000000         0.5014625084         1.4221127072         5.4401025855        -2.5728366801 
        1.4500000000         0.5132787424         1.4297595617         5.6393007761        -2.5472152753 
        1.4550616000         0.5249266132         1.4323085132         5.7057001730        -2.5183911948 
        1.4600000000         0.5359797264         1.4399553677         5.9048983636        -2.4863644388 
        1.4650000000         0.5468508459         1.4577980281         6.3696941417        -2.4479323315 
        1.4700000000         0.5573936160         1.4450532706         6.0376971573        -2.4287162779 
        1.4750000000         0.5676017066         1.4934833489         7.2992856979        -2.3870814951 
        1.4800000000         0.5774689883         1.4603469795         6.4360935385        -2.3646627658 
        1.4850000000         0.5869895365         1.4705427855         6.7016911260        -2.3230279830 
        1.4900000000         0.5961576346         1.4960323003         7.3656850947        -2.2942039026 
        1.4950000000         0.6049677778         1.4960323003         7.3656850947        -2.2653798221 
        1.5000000000         0.6134146760         1.4858364944         7.1000875072        -2.2301503905 
        1.5050000000         0.6214932577         1.5164239122         7.8968802697        -2.1853129320 
        1.5100000000         0.6291986720         1.5087770578         7.6976820791        -2.1468808248 
        1.5150000000         0.6365262924         1.5164239122         7.8968802697        -2.1180567443 
        1.5200000000         0.6434717190         1.5240707667         8.0960784603        -2.0700166103 
        1.5250000000         0.6500307815         1.5368155241         8.4280754446        -2.0315845030 
        1.5300311000         0.6562366822         1.5393644756         8.4944748415        -1.9899497202 
        1.5350000000         0.6619742957         1.5470113301         8.6936730321        -1.9483149373 
        1.5400000000         0.6673515761         1.5521092330         8.8264718258        -1.9098828301 
        1.5450000000         0.6723281540         1.5495602815         8.7600724290        -1.8714507228 
        1.5500000000         0.6769010415         1.5648539905         9.1584688102        -1.8202079132 
        1.5550000000         0.6810674927         1.5826966509         9.6232645883        -1.7721677791 
        1.5600253000         0.6848429753         1.5750497964         9.4240663977        -1.7369383475 
        1.5650000000         0.6881713253         1.5852456023         9.6896639851        -1.6792901866 
        1.5700000000         0.6911044413         1.5826966509         9.6232645883        -1.6440607550 
        1.5750000000         0.6936225928         1.5903435053         9.8224627789        -1.5928179453 
        1.5800891000         0.6957579347         1.6132840687        10.4200573507        -1.5415751357 
        1.5850000000         0.6974082045         1.6030882627        10.1544597632        -1.4903323260 
        1.5900000000         0.6986733917         1.6234798746        10.6856549382        -1.4358868407 
        1.5950000000         0.6995190698         1.6132840687        10.4200573507        -1.3878467067 
        1.6000000000         0.6999447309         1.6209309231        10.6192555413        -1.3462119238 
        1.6050000000         0.6999501196         1.6234798746        10.6856549382        -1.2821584117 
        1.6100000000         0.6995352325         1.6234798746        10.6856549382        -1.2373209533 
        1.6150000000         0.6987003189         1.6387735836        11.0840513194        -1.1828754680 
        1.6200000000         0.6974458799         1.6311267291        10.8848531288        -1.1220246316 
        1.6250000000         0.6957726688         1.6566162440        11.5488470975        -1.0707818219 
        1.6300000000         0.6936816903         1.6489693895        11.3496489069        -1.0067283098 
        1.6350012000         0.6911735482         1.6566162440        11.5488470975        -0.9554855002 
        1.6400000000         0.6882517031         1.6540672925        11.4824477006        -0.9010400149 
        1.6450000000         0.6849159547         1.6719099529        11.9472434787        -0.8529998808 
        1.6500000000         0.6811689577         1.6413225350        11.1504507163        -0.7985543956 
        1.6550000000         0.6770129618         1.6642630984        11.7480452881        -0.7473115859 
        1.6600000000         0.6724504626         1.6617141469        11.6816458912        -0.6832580738 
        1.6650000000         0.6674841993         1.6795568073        12.1464416693        -0.6224072374 
        1.6700000000         0.6621171541         1.6617141469        11.6816458912        -0.5711644277 
        1.6750000000         0.6563525495         1.6770078558        12.0800422724        -0.5167189424 
        1.6800000000         0.6501938467         1.6795568073        12.1464416693        -0.4622734572 
        1.6850000000         0.6436447437         1.6821057588        12.2128410662        -0.3950172695 
        1.6900000000         0.6367091728         1.6795568073        12.1464416693        -0.3277610818 
        1.6950000000         0.6293912982         1.6719099529        11.9472434787        -0.2861262990 
        1.7000000000         0.6216955141         1.6591651954        11.6152464944        -0.2316808137 
        1.7050000000         0.6136264412         1.6897526133        12.4120392568        -0.1612219504 
        1.7100032000         0.6051834076         1.6617141469        11.6816458912        -0.1099791407 
        1.7150000000         0.5963880301         1.6846547103        12.2792404631        -0.0363176019 
        1.7200000000         0.5872290426         1.6821057588        12.2128410662         0.0085198566 
        1.7250000000         0.5777174610         1.6693610014        11.8808440818         0.0725733687 
        1.7300000000         0.5678589968         1.6668120499        11.8144446850         0.1238161783 
        1.7350000000         0.5576595692         1.6719099529        11.9472434787         0.1718563124 
        1.7400000000         0.5471253023         1.6489693895        11.3496489069         0.2327071489 
        1.7450000000         0.5362625213         1.6897526133        12.4120392568         0.3031660121 
        1.7500000000         0.5250777487         1.6693610014        11.8808440818         0.3640168486 
        1.7550000000         0.5135777001         1.6719099529        11.9472434787         0.4120569827 
        1.7600000000         0.5017692806         1.6693610014        11.8808440818         0.4697051435 
        1.7650000000         0.4896595804         1.6617141469        11.6816458912         0.5305559800 
        1.7700000000         0.4772558706         1.6693610014        11.8808440818         0.5817987897 
        1.7750027000         0.4645586701         1.6566162440        11.5488470975         0.6362442749 
        1.7800000000         0.4515963850         1.6566162440        11.5488470975         0.6874870846 
        1.7850000000         0.4383560161         1.6540672925        11.4824477006         0.7547432723 
        1.7900000000         0.4248524421         1.6617141469        11.6816458912         0.8091887576 
        1.7950000000         0.4110937711         1.6387735836        11.0840513194         0.8604315672 
        1.8000000000         0.3970882643         1.6693610014        11.8808440818         0.9308904305 
        1.8050000000         0.3828443312         1.6464204380        11.2832495100         0.9789305646 
        1.8100000000         0.3683705243         1.6489693895        11.3496489069         1.0333760498 
        1.8150000000         0.3536755343         1.6311267291        10.8848531288         1.0814161839 
        1.8200000000         0.3387681843         1.6285777776        10.8184537319         1.1486723716 
        1.8250000000         0.3236574256         1.6489693895        11.3496489069         1.2063205324 
        1.8300000000         0.3083523311         1.6260288261        10.7520543351         1.2543606665 
        1.8350000000         0.2928620906         1.6489693895        11.3496489069         1.3152115030 
        1.8400000000         0.2771960049         1.5954414083         9.9552615726         1.3472382590 
        1.8450000000         0.2613634807         1.6311267291        10.8848531288         1.4016837443 
        1.8500000000         0.2453740240         1.6005393113        10.0880603664         1.4689399319 
        1.8550000000         0.2292372359         1.6107351172        10.3536579538         1.5073720392 
        1.8600000000         0.2129628053         1.5877945538         9.7560633820         1.5490068220 
        1.8650000000         0.1965605041         1.6005393113        10.0880603664         1.6066549829 
        1.8700000000         0.1800401807         1.5979903598        10.0216609695         1.6611004682 
        1.8750803000         0.1631438748         1.5699518934         9.2912676039         1.6899245486 
        1.8800000000         0.1466852101         1.5903435053         9.8224627789         1.7347620071 
        1.8850000000         0.1298705904         1.5801476994         9.5568651914         1.7892074923 
        1.8900000000         0.1129779916         1.5648539905         9.1584688102         1.8308422752 
        1.8950000000         0.0960175567         1.5801476994         9.5568651914         1.8820850848 
        1.9000000000         0.0789994693         1.5495602815         8.7600724290         1.9269225433 
        1.9050000000         0.0619339478         1.5495602815         8.7600724290         1.9653546505 
        1.9100000000         0.0448312389         1.5419134271         8.5608742384         2.0165974602 
        1.9150000000         0.0277016115         1.5419134271         8.5608742384         2.0582322430 
        1.9200000000         0.0105553512         1.5266197182         8.1624778572         2.0998670259 
        1.9250000000        -0.0065972470         1.5062281063         7.6312826822         2.1318937819 
        1.9300000000        -0.0237458839         1.5189728637         7.9632796665         2.1799339160 
        1.9350000000        -0.0408802630         1.5087770578         7.6976820791         2.2247713744 
        1.9400000000        -0.0579900959         1.4679938340         6.6352917292         2.2535954549 
        1.9450000000        -0.0750651097         1.4374064162         5.8384989667         2.2824195353 
        1.9500000000        -0.0920950515         1.4042700468         4.9753068074         2.3048382645 
        1.9550000000        -0.1090696960         1.2232944913         0.2609496297         2.3304596694 
        1.9600000000        -0.1259788511         1.1876091705        -0.6686419265         2.3304596694 
        1.9650000000        -0.1428123639         1.1952560250        -0.4694437359         2.3272569938 
        1.9700000000        -0.1595601268         1.2156476369         0.0617514391         2.3080409401 
        1.9750000000        -0.1762120842         1.2054518309        -0.2038461484         2.3144462913 
        1.9800000000        -0.1927582372         1.2105497339        -0.0710473547         2.3272569938 
        1.9850000000        -0.2091886511         1.1952560250        -0.4694437359         2.3240543182 
        1.9900000000        -0.2254934605         1.1442769953        -1.7974316733         2.3016355889 
        1.9950000000        -0.2416628754         1.1697665101        -1.1334377046         2.3016355889 
        2.0000000000        -0.2576871869         1.1340811893        -2.0630292607         2.2888248865 
        2.0050000000        -0.2735567737         1.1621196557        -1.3326358952         2.2888248865 
        2.0100000000        -0.2892621069         1.1366301408        -1.9966298639         2.2792168597 
        2.0150006000        -0.3047956096         1.1187874804        -2.4614256419         2.2600008061 
        2.0200000000        -0.3201423969         1.1111406260        -2.6606238326         2.2471901037 
        2.0250061000        -0.3353171816         1.0907490141        -3.1918190075         2.2215686988 
        2.0300000000        -0.3502539013         1.0907490141        -3.1918190075         2.2151633476 
        2.0350001000        -0.3649989780         1.0983958685        -2.9926208169         2.2023526452 
        2.0400192000        -0.3795796555         1.0703574022        -3.7230141825         2.1831365916 
        2.0450000000        -0.3938220559         1.0882000626        -3.2582184044         2.1703258892 
        2.0500000000        -0.4078833359         1.0499657903        -4.2542093574         2.1479071600 
        2.0550000000        -0.4216997077         1.0805532081        -3.4574165950         2.1222857551 
        2.0600000000        -0.4352628755         1.0474168388        -4.3206087543         2.1190830795 
        2.0650000000        -0.4485646954         1.0550636933        -4.1214105637         2.0806509723 
        2.0700000000        -0.4615971809         1.0295741784        -4.7854045324         2.0710429455 
        2.0750000000        -0.4743525063         1.0550636933        -4.1214105637         2.0518268918 
        2.0800000000        -0.4868230131         1.0117315180        -5.2502003105         2.0230028114 
        2.0850000000        -0.4990012135         1.0168294210        -5.1174015167         1.9813680286 
        2.0900000000        -0.5108797953         1.0066336150        -5.3829991042         1.9557466237 
        2.0950000000        -0.5224516260         0.9989867606        -5.5821972948         1.9269225433 
        2.1000000000        -0.5337097578         0.9989867606        -5.5821972948         1.9077064897 
        2.1050000000        -0.5446474305         1.0040846636        -5.4493985011         1.8884904360 
        2.1100000000        -0.5552580770         0.9683993428        -6.3789900572         1.8596663556 
        2.1150000000        -0.5655353261         0.9913399061        -5.7813954854         1.8308422752 
        2.1200000000        -0.5754730071         0.9607524883        -6.5781882478         1.7828021411 
        2.1250000000        -0.5850651530         0.9709482942        -6.3125906604         1.7667887631 
        2.1300000000        -0.5943060043         0.9607524883        -6.5781882478         1.7379646827 
        2.1350000000        -0.6031900125         0.9454587794        -6.9765846291         1.6867218730 
        2.1400000000        -0.6117118432         0.9250671675        -7.5077798040         1.6514924414 
        2.1450000000        -0.6198663798         0.9556545853        -6.7109870416         1.6354790633 
        2.1500000000        -0.6276487258         0.9021266041        -8.1053743758         1.5810335781 
        2.1550000000        -0.6350542085         0.9480077309        -6.9101852322         1.5586148488 
        2.1600001000        -0.6420785180         0.9021266041        -8.1053743758         1.5297907684 
        2.1650024000        -0.6487201201         0.9174203130        -7.7069779946         1.4753452831 
        2.1700000000        -0.6549661587         0.9148713616        -7.7733773915         1.4465212027 
        2.1750000000        -0.6608220249         0.9046755556        -8.0389749790         1.4048864199 
        2.1800000000        -0.6662811094         0.8944797497        -8.3045725665         1.3632516370 
        2.1850000000        -0.6713401342         0.8842839437        -8.5701701539         1.3184141786 
        2.1900000000        -0.6759960617         0.8715391863        -8.9021671383         1.2799820713 
        2.1950000000        -0.6802460965         0.8766370893        -8.7693683445         1.2415499641 
        2.2000000000        -0.6840876865         0.8791860408        -8.7029689477         1.2063205324 
        2.2050000000        -0.6875185252         0.8613433804        -9.1677647258         1.1582803984 
        2.2100012000        -0.6905372272         0.8485986229        -9.4997617101         1.1006322375 
        2.2150000000        -0.6931399564         0.8664412833        -9.0349659320         1.0589974547 
        2.2200000000        -0.6953271736         0.8562454774        -9.3005635195         1.0237680230 
        2.2250000000        -0.6970968909         0.8638923318        -9.1013653289         0.9821332402 
        2.2300000000        -0.6984480456         0.8078153991       -10.5621520600         0.9244850793 
        2.2350000000        -0.6993798264         0.8536965259        -9.3669629164         0.8700395940 
        2.2400000000        -0.6998916740         0.8333049140        -9.8981580913         0.8412155136 
        2.2450000000        -0.6999832810         0.8333049140        -9.8981580913         0.7835673527 
        2.2500000000        -0.6996545923         0.8333049140        -9.8981580913         0.7227165162 
        2.2550000000        -0.6989058053         0.8205601566       -10.2301550757         0.6810817334 
        2.2600000000        -0.6977373696         0.8256580595       -10.0973562819         0.6362442749 
        2.2650000000        -0.6961499868         0.8078153991       -10.5621520600         0.5785961141 
        2.2700000000        -0.6941446100         0.8180112051       -10.2965544725         0.5337586556 
        2.2750015000        -0.6917216543         0.7950706417       -10.8941490444         0.4889211972 
        2.2800000000        -0.6888849412         0.8231091081       -10.1637556788         0.4280703607 
        2.2850001000        -0.6856337380         0.8256580595       -10.0973562819         0.3736248754 
        2.2900000000        -0.6819709935         0.7721300783       -11.4917436162         0.3191793902 
        2.2950000000        -0.6778986994         0.8282070110       -10.0309568851         0.2711392561 
        2.3000000000        -0.6734193701         0.7925216902       -10.9605484412         0.2327071489 
        2.3050000000        -0.6685356951         0.8129133021       -10.4293532663         0.1718563124 
        2.3100000000        -0.6632506067         0.7874237873       -11.0933472350         0.1206135027 
        2.3150000000        -0.6575672783         0.8052664477       -10.6285514569         0.0757760443 
        2.3200000000        -0.6514891224         0.8078153991       -10.5621520600         0.0117225322 
        2.3250000000        -0.6450197885         0.7950706417       -10.8941490444        -0.0395202775 
        2.3300000000        -0.6381631611         0.7848748358       -11.1597466318        -0.0779523847 
        2.3350000000        -0.6309233571         0.7848748358       -11.1597466318        -0.1420058968 
        2.3400000000        -0.6233047236         0.7976195932       -10.8277496475        -0.2060594089 
        2.3450000000        -0.6153118351         0.7823258843       -11.2261460287        -0.2412888405 
        2.3500000000        -0.6069494908         0.8129133021       -10.4293532663        -0.2861262990 
        2.3550000000        -0.5982227117         0.7797769328       -11.2925454256        -0.3469771354 
        2.3600000000        -0.5891367378         0.7925216902       -10.9605484412        -0.4046252963 
        2.3650000000        -0.5796970245         0.7746790298       -11.4253442193        -0.4654761328 
        2.3700000000        -0.5699092399         0.7848748358       -11.1597466318        -0.5103135912 
        2.3750000000        -0.5597792609         0.7746790298       -11.4253442193        -0.5679617521 
        2.3800000000        -0.5493131699         0.7925216902       -10.9605484412        -0.6288125886 
        2.3850000000        -0.5385172510         0.7721300783       -11.4917436162        -0.6832580738 
        2.3900000000        -0.5273979867         0.7848748358       -11.1597466318        -0.7377035591 
        2.3950000000        -0.5159620533         0.7899727387       -11.0269478381        -0.7697303151 
        2.4000000000        -0.5042163174         0.7797769328       -11.2925454256        -0.8369865028 
        2.4050000000        -0.4921678314         0.7874237873       -11.0933472350        -0.8978373393 
        2.4100001000        -0.4798235801         0.7925216902       -10.9605484412        -0.9330667709 
        2.4150000000        -0.4671917245         0.7976195932       -10.8277496475        -0.9907149318 
        2.4200000000        -0.4542791000         0.7848748358       -11.1597466318        -1.0547684439 
        2.4250000000        -0.4410937098         0.8052664477       -10.6285514569        -1.0996059023 
        2.4300000000        -0.4276434706         0.7925216902       -10.9605484412        -1.1444433608 
        2.4350000000        -0.4139364587         0.8180112051       -10.2965544725        -1.2052941973 
        2.4400000000        -0.3999809042         0.7874237873       -11.0933472350        -1.2629423581 
        2.4450000000        -0.3857851863         0.8129133021       -10.4293532663        -1.3109824922 
        2.4500000000        -0.3713578289         0.8129133021       -10.4293532663        -1.3494145994 
        2.4550000000        -0.3567074947         0.8027174962       -10.6949508538        -1.4006574091 
        2.4600000000        -0.3418429802         0.8256580595       -10.0973562819        -1.4615082456 
        2.4650000000        -0.3267732106         0.8052664477       -10.6285514569        -1.5159537308 
        2.4700000000        -0.3115072345         0.8180112051       -10.2965544725        -1.5671965405 
        2.4750000000        -0.2960542179         0.8256580595       -10.0973562819        -1.6184393501 
        2.4800000000        -0.2804234395         0.8282070110       -10.0309568851        -1.6728848354 
        2.4850000000        -0.2646242846         0.8078153991       -10.5621520600        -1.7209249695 
        2.4900000000        -0.2486662396         0.8435007200        -9.6325605038        -1.7721677791 
        2.4950000000        -0.2325588862         0.8333049140        -9.8981580913        -1.8138025620 
        2.5000000000        -0.2163118961         0.8231091081       -10.1637556788        -1.8650453716 
        2.5050000000        -0.1999350241         0.8460496714        -9.5661611070        -1.9066801545 
        2.5100000000        -0.1834381040         0.8460496714        -9.5661611070        -1.9419095861 
        2.5150000000        -0.1668310408         0.8587944289        -9.2341641226        -1.9899497202 
        2.5200000000        -0.1501238062         0.8613433804        -9.1677647258        -2.0443952055 
        2.5250000000        -0.1333264318         0.8536965259        -9.3669629164        -2.0956380151 
        2.5301029000        -0.1161008966         0.8613433804        -9.1677647258        -2.1404754736 
        2.5350001000        -0.0995013149         0.8791860408        -8.7029689477        -2.1660968784 
        2.5400000000        -0.0824945612         0.8817349922        -8.6365695508        -2.2109343369 
        2.5450000000        -0.0654379352         0.8689902348        -8.9685665351        -2.2621771465 
        2.5500000000        -0.0483420179         0.9021266041        -8.1053743758        -2.2974065782 
        2.5550000000        -0.0312170743         0.8970287012        -8.2381731696        -2.3486493878 
        2.5600000000        -0.0140733867         0.8868328952        -8.5037707571        -2.3966895219 
        2.5650000000         0.0030787509         0.9097734586        -7.9061761852        -2.4191082511 
        2.5700000000         0.0202290401         0.9174203130        -7.7069779946        -2.4607430339 
        2.5750000000         0.0373671829         0.9352629734        -7.2421822165        -2.5087831680 
        2.5800000000         0.0544828892         0.9607524883        -6.5781882478        -2.5504179509 
        2.5850000000         0.0715658819         0.9964378091        -5.6485966917        -2.5696340045 
        2.5900000000         0.0886059038         1.0295741784        -4.7854045324        -2.5888500581 
        2.5950000000         0.1055927233         1.1876091705        -0.6686419265        -2.6080661117 
        2.6000000000         0.1225161414         1.2207455399         0.1945502328        -2.6176741385 
        2.6050000000         0.1393659961         1.2181965884         0.1281508360        -2.6176741385 
        2.6100000000         0.1561321704         1.2029028795        -0.2702455453        -2.6080661117 
        2.6150000000         0.1728045972         1.2130986854        -0.0046479578        -2.6080661117 
        2.6200000000         0.1893732658         1.2258434428         0.3273490266        -2.5984580849 
        2.6250000000         0.2058282277         1.2870182785         1.9209345514        -2.5952554093 
        2.6300000000         0.2221596029         1.2666266666         1.3897393765        -2.5952554093 
        2.6350000000         0.2383575852         1.2615287636         1.2569405827        -2.5888500581 
        2.6400000000         0.2544124489         1.2844693270         1.8545351546        -2.5856473825 
        2.6450000000         0.2703145541         1.2921161815         2.0537333452        -2.5792420313 
        2.6500000000         0.2860543524         1.2946651330         2.1201327420        -2.5664313289 
        2.6550000000         0.3016223932         1.3201546478         2.7841267107        -2.5472152753 
        2.6600001000         0.3170096347         1.3176056963         2.7177273139        -2.5312018972 
        2.6650000000         0.3322059206         1.3176056963         2.7177273139        -2.5087831680 
        2.6700000000         0.3472030436         1.3278015023         2.9833249013        -2.5119858436 
        2.6750000000         0.3619916932         1.3379973082         3.2489224888        -2.4927697900 
        2.6800000000         0.3765629897         1.3481931142         3.5145200763        -2.4639457096 
        2.6850000000         0.3909081839         1.3481931142         3.5145200763        -2.4511350071 
        2.6900000000         0.4050186625         1.3481931142         3.5145200763        -2.4319189535 
        2.6950000000         0.4188859532         1.3787805320         4.3113128387        -2.4127028999 
        2.7000000000         0.4325017292         1.3813294835         4.3777122356        -2.3774734683 
        2.7050000000         0.4458578154         1.3838784350         4.4441116325        -2.3678654414 
        2.7117703000         0.4635146073         1.3838784350         4.4441116325        -2.3358386854 
        2.7150000000         0.4717590009         1.3966231924         4.7761086168        -2.3198253074 
        2.7200000000         0.4842885481         1.4195637558         5.3737031886        -2.3006092538 
        2.7250000000         0.4965273108         1.4195637558         5.3737031886        -2.2653798221 
        2.7300000000         0.5084679402         1.4246616587         5.5065019824        -2.2493664441 
        2.7350000000         0.5201032668         1.4144658528         5.2409043949        -2.2205423637 
        2.7400000000         0.5314263044         1.4450532706         6.0376971573        -2.1917182832 
        2.7450000000         0.5424302541         1.4425043191         5.9712977605        -2.1564888516 
        2.7500000000         0.5531085087         1.4577980281         6.3696941417        -2.1276647712 
        2.7550000000         0.5634546568         1.4450532706         6.0376971573        -2.1084487175 
        2.7600000000         0.5734624859         1.4552490766         6.3032947448        -2.0764219615 
        2.7650000000         0.5831259872         1.4781896399         6.9008893166        -2.0411925298 
        2.7700000000         0.5924393582         1.4807385914         6.9672887135        -1.9995577470 
        2.7750000000         0.6013970069         1.4756406885         6.8344899198        -1.9707336666 
        2.7800000000         0.6099935548         1.5062281063         7.6312826822        -1.9419095861 
        2.7850001000         0.6182240011         1.4934833489         7.2992856979        -1.9034774789 
        2.7900000000         0.6260829213         1.5113260093         7.7640814759        -1.8682480472 
        2.7950000000         0.6335660792         1.5011302033         7.4984838885        -1.8426266424 
        2.8000000000         0.6406688209         1.5240707667         8.0960784603        -1.7977891840 
        2.8050000000         0.6473868814         1.5189728637         7.9632796665        -1.7497490499 
        2.8100000000         0.6537162272         1.5495602815         8.7600724290        -1.7081142671 
        2.8150000000         0.6596530577         1.5266197182         8.1624778572        -1.6728848354 
        2.8200000000         0.6651938083         1.5623050390         9.0920694133        -1.6312500526 
        2.8250000000         0.6703351522         1.5444623786         8.6272736352        -1.5896152697 
        2.8300000000         0.6750740022         1.5750497964         9.4240663977        -1.5415751357 
        2.8350000000         0.6794075131         1.5572071360         8.9592706196        -1.5063457040 
        2.8400000000         0.6833330828         1.5852456023         9.6896639851        -1.4454948675 
        2.8450000000         0.6868483541         1.5826966509         9.6232645883        -1.4038600847 
        2.8500000000         0.6899512166         1.5954414083         9.9552615726        -1.3558199506 
        2.8550000000         0.6926398071         1.5852456023         9.6896639851        -1.3141851678 
        2.8600000000         0.6949125111         1.5954414083         9.9552615726        -1.2597396825 
        2.8650000000         0.6967679643         1.6030882627        10.1544597632        -1.2084968729 
        2.8700000000         0.6982050523         1.6107351172        10.3536579538        -1.1604567388 
        2.8750000000         0.6992229125         1.6056372142        10.2208591601        -1.1188219559 
        2.8800000000         0.6998209335         1.6362246321        11.0176519225        -1.0483630927 
        2.8850000000         0.6999987564         1.6234798746        10.6856549382        -1.0195390122 
        2.8900000000         0.6997562744         1.6234798746        10.6856549382        -0.9554855002 
        2.8950000000         0.6990936330         1.6387735836        11.0840513194        -0.8978373393 
        2.9000000000         0.6980112302         1.6489693895        11.3496489069        -0.8529998808 
        2.9050000000         0.6965097158         1.6362246321        11.0176519225        -0.7985543956 
        2.9100001000         0.6945899488         1.6489693895        11.3496489069        -0.7441089103 
        2.9150000000         0.6922532097         1.6438714865        11.2168501131        -0.6992714518 
        2.9200003000         0.6895005962         1.6438714865        11.2168501131        -0.6384206154 
        2.9250000000         0.6863343363         1.6413225350        11.1504507163        -0.5935831569 
        2.9300000000         0.6827557986         1.6515183410        11.4160483038        -0.5327323204 
        2.9350000000         0.6787673091         1.6617141469        11.6816458912        -0.4654761328 
        2.9400000000         0.6743712630         1.6795568073        12.1464416693        -0.4014226207 
        2.9450000000         0.6695702995         1.6591651954        11.6152464944        -0.3501798110 
        2.9500000000         0.6643673015         1.6770078558        12.0800422724        -0.2989370014 
        2.9550000000         0.6587653929         1.6515183410        11.4160483038        -0.2508968673 
        2.9600000000         0.6527679375         1.6642630984        11.7480452881        -0.1836406796 
        2.9650000000         0.6463785363         1.6744589044        12.0136428756        -0.1291951944 
        2.9700000000         0.6396010257         1.6770078558        12.0800422724        -0.0683443579 
        2.9750000000         0.6324394751         1.6668120499        11.8144446850        -0.0138988726 
        2.9800000000         0.6248981846         1.6770078558        12.0800422724         0.0501546394 
        2.9850000000         0.6169816824         1.6693610014        11.8808440818         0.1046001247 
        2.9900000000         0.6086947218         1.6770078558        12.0800422724         0.1622482856 
        2.9950000000         0.6000422785         1.6744589044        12.0136428756         0.2102884196 
        3.0000000000         0.5910295479         1.6821057588        12.2128410662         0.2807472829 
        3.0050000000         0.5816619413         1.6744589044        12.0136428756         0.3351927682 
        3.0100000000         0.5719450836         1.6719099529        11.9472434787         0.3832329022 
        3.0150000000         0.5618848091         1.6489693895        11.3496489069         0.4312730363 
        3.0200000000         0.5514871584         1.6719099529        11.9472434787         0.4953265484 
        3.0250000000         0.5407583745         1.6566162440        11.5488470975         0.5529747092 
        3.0300000000         0.5297048995         1.6770078558        12.0800422724         0.6202308969 
        3.0350001000         0.5183331397         1.6642630984        11.7480452881         0.6810817334 
        3.0400000000         0.5066506145         1.6617141469        11.6816458912         0.7291218675 
        3.0450000000         0.4946636473         1.6489693895        11.3496489069         0.7803646771 
        3.0500000000         0.4823796658         1.6515183410        11.4160483038         0.8476208648 
        3.0550000000         0.4698060459         1.6515183410        11.4160483038         0.8924583233 
        3.0600000000         0.4569503372         1.6642630984        11.7480452881         0.9597145109 
        3.0650000000         0.4438202588         1.6489693895        11.3496489069         1.0077546450 
        3.0700000000         0.4304236943         1.6515183410        11.4160483038         1.0589974547 
        3.0750000000         0.4167686877         1.6489693895        11.3496489069         1.1262536423 
        3.0800000000         0.4028634379         1.6515183410        11.4160483038         1.1871044788 
        3.0850000000         0.3887162941         1.6438714865        11.2168501131         1.2415499641 
        3.0900000000         0.3743357508         1.6591651954        11.6152464944         1.2895900981 
        3.0950000000         0.3597304427         1.6387735836        11.0840513194         1.3536436102 
        3.1000000000         0.3449091390         1.6311267291        10.8848531288         1.3984810687 
        3.1050000000         0.3298807393         1.6209309231        10.6192555413         1.4529265539 
        3.1100000000         0.3146542671         1.6285777776        10.8184537319         1.5041693636 
        3.1150000000         0.2992388650         1.6183819717        10.5528561444         1.5522094976 
        3.1200034000         0.2836331252         1.6081861657        10.2872585570         1.5938442805 
        3.1250498000         0.2677205546         1.6081861657        10.2872585570         1.6450870902 
        3.1300000000         0.2519521723         1.6005393113        10.0880603664         1.7027352510 
        3.1350000000         0.2358746606         1.6183819717        10.5528561444         1.7571807363 
        3.1400000000         0.2196555212         1.5903435053         9.8224627789         1.8020181947 
        3.1450000000         0.2033044926         1.5877945538         9.7560633820         1.8564636800 
        3.1500000000         0.1868313924         1.6158330202        10.4864567476         1.9109091653 
        3.1550000000         0.1702461119         1.5775987479         9.4904657945         1.9525439481 
        3.1600001000         0.1535582746         1.5725008449         9.3576670008         1.9973814066 
        3.1650000000         0.1367789045         1.5775987479         9.4904657945         2.0390161894 
        3.1700000000         0.1199170727         1.5572071360         8.9592706196         2.0806509723 
        3.1750000000         0.1029832382         1.5495602815         8.7600724290         2.1350964575 
        3.1800000000         0.0859875688         1.5597560875         9.0256700165         2.1895419428 
        3.1850000000         0.0689402693         1.5597560875         9.0256700165         2.2311767256 
        3.1900000000         0.0518515757         1.5470113301         8.6936730321         2.2728115085 
        3.1950000000         0.0347317483         1.5470113301         8.6936730321         2.2984329133 
        3.2000000000         0.0175910667         1.5215218152         8.0296790634         2.3464730474 
        3.2050000000         0.0004398228         1.5291686697         8.2288772540         2.3849051546 
        3.2100000000        -0.0167116851         1.5189728637         7.9632796665         2.4393506399 
        3.2150000000        -0.0338531588         1.5164239122         7.8968802697         2.4809854227 
        3.2200000000        -0.0509743056         1.4705427855         6.7016911260         2.5130121788 
        3.2250000000        -0.0680648458         1.4450532706         6.0376971573         2.5258228812 
        3.2300000000        -0.0851145173         1.4068189983         5.0417062043         2.5578496372 
        3.2350000000        -0.1021130830         1.3864273864         4.5105110293         2.5930790689 
        3.2400000000        -0.1190503361         1.3303504538         3.0497242982         2.6090924469 
        3.2450000000        -0.1359161071         1.1697665101        -1.1334377046         2.6090924469 
        3.2500000000        -0.1527002690         1.1927070735        -0.5358431327         2.6026870957 
        3.2550000000        -0.1693927442         1.2232944913         0.2609496297         2.6090924469 
        3.2600000000        -0.1859835097         1.2309413458         0.4601478203         2.6219031493 
        3.2650000000        -0.2024626039         1.1544728012        -1.5318340858         2.5962817445 
        3.2700000000        -0.2188201321         1.1493748983        -1.6646328795         2.5834710421 
        3.2750000000        -0.2350462727         1.1595707042        -1.3990352920         2.5898763933 
        3.2800000000        -0.2511312828         1.1595707042        -1.3990352920         2.5674576641 
        3.2850001000        -0.2670658216         1.1187874804        -2.4614256419         2.5642549884 
        3.2900000000        -0.2828393704         1.1315322379        -2.1294286576         2.5546469616 
        3.2950000000        -0.2984434091         1.1111406260        -2.6606238326         2.5450389348 
        3.3000000000        -0.3138682514         1.1213364319        -2.3950262451         2.5290255568 
        3.3050000000        -0.3291046356         1.0932979656        -3.1254196106         2.5098095032 
        3.3100000000        -0.3441434134         1.0932979656        -3.1254196106         2.4937961252 
        3.3150000000        -0.3589755548         1.0882000626        -3.2582184044         2.4745800715 
        3.3200000000        -0.3735921543         1.0831021596        -3.3910171981         2.4649720447 
        3.3250000000        -0.3879844352         1.0627105477        -3.9222123731         2.4553640179 
        3.3300000000        -0.4021437560         1.0882000626        -3.2582184044         2.4457559911 
        3.3350000000        -0.4160616150         1.0601615963        -3.9886117699         2.4265399375 
        3.3400000000        -0.4297296554         1.0729063537        -3.6566147856         2.3977158570 
        3.3450000000        -0.4431396701         1.0321231299        -4.7190051355         2.3688917766 
        3.3500000000        -0.4562836078         1.0525147418        -4.1878099606         2.3464730474 
        3.3550000000        -0.4691535759         1.0219273240        -4.9846027230         2.3240543182 
        3.3600000000        -0.4817418471         1.0423189359        -4.4534075480         2.3080409401 
        3.3650000000        -0.4940408627         1.0117315180        -5.2502003105         2.2824195353 
        3.3700000000        -0.5060432381         1.0219273240        -4.9846027230         2.2600008061 
        3.3750000000        -0.5177417665         1.0015357121        -5.5157978979         2.2375820769 
        3.3800000000        -0.5291294239         1.0168294210        -5.1174015167         2.2119606720 
        3.3850000000        -0.5401993725         0.9887909546        -5.8477948823         2.1735285648 
        3.3900000000        -0.5509449655         0.9887909546        -5.8477948823         2.1479071600 
        3.3950000000        -0.5613597510         0.9811441002        -6.0469930729         2.1286911063 
        3.4000000000        -0.5714374756         0.9607524883        -6.5781882478         2.0774482967 
        3.4050000000        -0.5811720881         0.9633014398        -6.5117888510         2.0582322430 
        3.4100001000        -0.5905579277         0.9582035368        -6.6445876447         2.0165974602 
        3.4150000000        -0.5995888064         0.9531056338        -6.7773864385         1.9909760554 
        3.4200000000        -0.6082598542         0.9429098279        -7.0429840259         1.9493412725 
        3.4250000000        -0.6165656805         0.9352629734        -7.2421822165         1.9141118409 
        3.4300000000        -0.6245012981         0.9454587794        -6.9765846291         1.8788824092 
        3.4350000000        -0.6320619422         0.9148713616        -7.7733773915         1.8500583288 
        3.4400000000        -0.6392430731         0.9225182160        -7.5741792009         1.7956128435 
        3.4450000000        -0.6460403791         0.9021266041        -8.1053743758         1.7667887631 
        3.4500000000        -0.6524497788         0.9148713616        -7.7733773915         1.7315593315 
        3.4550000000        -0.6584674236         0.8944797497        -8.3045725665         1.6867218730 
        3.4600000000        -0.6640897004         0.8842839437        -8.5701701539         1.6386817389 
        3.4650000000        -0.6693132334         0.8842839437        -8.5701701539         1.6002496317 
        3.4700000000        -0.6741348862         0.8791860408        -8.7029689477         1.5714255513 
        3.4750000000        -0.6785517637         0.8817349922        -8.6365695508         1.5297907684 
        3.4800000000        -0.6825612138         0.8638923318        -9.1013653289         1.4945613368 
        3.4850000000        -0.6861608291         0.8919307982        -8.3709719633         1.4529265539 
        3.4900000000        -0.6893484483         0.8358538655        -9.8317586944         1.3888730418 
        3.4950000000        -0.6921221574         0.8664412833        -9.0349659320         1.3504409346 
        3.5000000000        -0.6944802909         0.8485986229        -9.4997617101         1.3152115030 
        3.5050000000        -0.6964214330         0.8587944289        -9.2341641226         1.2703740445 
        3.5100000000        -0.6979444182         0.8256580595       -10.0973562819         1.2127258836 
        3.5150000000        -0.6990483319         0.8358538655        -9.8317586944         1.1614830740 
        3.5200000000        -0.6997325113         0.8154622536       -10.3629538694         1.1166456155 
        3.5250000000        -0.6999965456         0.8435007200        -9.6325605038         1.0589974547 
        3.5300000000        -0.6998402764         0.8154622536       -10.3629538694         1.0237680230 
        3.5350001000        -0.6992637816         0.8485986229        -9.4997617101         0.9757278890 
        3.5400000000        -0.6982674547         0.7746790298       -11.4253442193         0.9116743769 
        3.5450000000        -0.6968518467         0.8282070110       -10.0309568851         0.8604315672 
        3.5500000000        -0.6950178232         0.8052664477       -10.6285514569         0.8155941088 
        3.5550000000        -0.6927664855         0.8027174962       -10.6949508538         0.7643512991 
        3.5600000000        -0.6900991854         0.8231091081       -10.1637556788         0.7131084894 
        3.5650000000        -0.6870175245         0.7848748358       -11.1597466318         0.6618656798 
        3.5700000000        -0.6835233530         0.8129133021       -10.4293532663         0.6010148433 
        3.5750000000        -0.6796187690         0.7797769328       -11.2925454256         0.5529747092 
        3.5800000000        -0.6753061170         0.8001685447       -10.7613502506         0.5049345752 
        3.5850000000        -0.6705879865         0.7746790298       -11.4253442193         0.4504890899 
        3.5900000000        -0.6654672103         0.8154622536       -10.3629538694         0.3896382535 
        3.5950000000        -0.6599468632         0.7848748358       -11.1597466318         0.3319900926 
        3.6000000000        -0.6540302597         0.7772279813       -11.3589448224         0.2903553097 
        3.6050000000        -0.6477209525         0.8205601566       -10.2301550757         0.2455178513 
        3.6100000000        -0.6410227299         0.7670321754       -11.6245424099         0.1846670148 
        3.6150000000        -0.6339396137         0.8103643506       -10.4957526631         0.1302215295 
        3.6200000000        -0.6264758569         0.7670321754       -11.6245424099         0.0725733687 
        3.6250000000        -0.6186359411         0.8103643506       -10.4957526631         0.0277359102 
        3.6300000000        -0.6104245734         0.7950706417       -10.8941490444        -0.0203042238 
        3.6350000000        -0.6018466845         0.7746790298       -11.4253442193        -0.0843577359 
        3.6400000000        -0.5929074248         0.7670321754       -11.6245424099        -0.1388032212 
        3.6450000000        -0.5836121617         0.7976195932       -10.8277496475        -0.1836406796 
        3.6500000000        -0.5739664765         0.7823258843       -11.2261460287        -0.2316808137 
        3.6550000000        -0.5639761607         0.8052664477       -10.6285514569        -0.2893289746 
        3.6600001000        -0.5536470030         0.7670321754       -11.6245424099        -0.3501798110 
        3.6650000000        -0.5429858351         0.7925216902       -10.9605484412        -0.3982199451 
        3.6700000000        -0.5319984286         0.7848748358       -11.1597466318        -0.4430574035 
        3.6750000000        -0.5206915908         0.7925216902       -10.9605484412        -0.4943002132 
        3.6800000000        -0.5090721106         0.7797769328       -11.2925454256        -0.5647590765 
        3.6850000000        -0.4971469649         0.7925216902       -10.9605484412        -0.6192045618 
        3.6900000000        -0.4849233139         0.7797769328       -11.2925454256        -0.6800553982 
        3.6950000000        -0.4724084971         0.7950706417       -10.8941490444        -0.7216901811 
        3.7000000000        -0.4596100289         0.7950706417       -10.8941490444        -0.7633249639 
        3.7050000000        -0.4465355941         0.7950706417       -10.8941490444        -0.8177704492 
        3.7100000000        -0.4331930428         0.7976195932       -10.8277496475        -0.8850266369 
        3.7150000000        -0.4195903866         0.7950706417       -10.8941490444        -0.9266614197 
        3.7200000000        -0.4057357930         0.8180112051       -10.2965544725        -0.9843095806 
        3.7250000000        -0.3916375806         0.7950706417       -10.8941490444        -1.0323497146 
        3.7300000000        -0.3773042147         0.8180112051       -10.2965544725        -1.0803898487 
        3.7350000000        -0.3627443015         0.7925216902       -10.9605484412        -1.1348353340 
        3.7400000000        -0.3479665833         0.8205601566       -10.2301550757        -1.1956861704 
        3.7450000000        -0.3329799332         0.8129133021       -10.4293532663        -1.2373209533 
        3.7500000000        -0.3177933498         0.8256580595       -10.0973562819        -1.2917664386 
        3.7550000000        -0.3024159515         0.8333049140        -9.8981580913        -1.3366038970 
        3.7600000000        -0.2868569716         0.8129133021       -10.4293532663        -1.3782386799 
        3.7650000000        -0.2711257523         0.8460496714        -9.5661611070        -1.4294814895 
        3.7700000000        -0.2552317391         0.8256580595       -10.0973562819        -1.4903323260 
        3.7750000000        -0.2391844754         0.8333049140        -9.8981580913        -1.5383724600 
        3.7800000000        -0.2229935966         0.8256580595       -10.0973562819        -1.5928179453 
        3.7850001000        -0.2066684966         0.8511475744        -9.4333623132        -1.6344527282 
        3.7900000000        -0.1902199604         0.8409517685        -9.6989599007        -1.6760875110 
        3.7950000000        -0.1736568815         0.8485986229        -9.4997617101        -1.7209249695 
        3.8000000000        -0.1569895326         0.8638923318        -9.1013653289        -1.7593570767 
        3.8050000000        -0.1402279214         0.8638923318        -9.1013653289        -1.8105998864 
        3.8100000000        -0.1233821122         0.8460496714        -9.5661611070        -1.8650453716 
        3.8150000000        -0.1064622200         0.8740881378        -8.8357677414        -1.9002748033 
        3.8200000000        -0.0894784038         0.8664412833        -9.0349659320        -1.9515176129 
        3.8250000000        -0.0724408616         0.8766370893        -8.7693683445        -1.9963550714 
        3.8300000000        -0.0553598232         0.8817349922        -8.6365695508        -2.0283818274 
        3.8350000000        -0.0382455447         0.8893818467        -8.4373713602        -2.0700166103 
        3.8400000000        -0.0211083022         0.9021266041        -8.1053743758        -2.1084487175 
        3.8450000000        -0.0039583856         0.8970287012        -8.2381731696        -2.1500835004 
        3.8500000000         0.0131939079         0.9072245071        -7.9725755821        -2.1981236344 
        3.8550000000         0.0303382792         0.9097734586        -7.9061761852        -2.2205423637 
        3.8600000000         0.0474644344         0.9480077309        -6.9101852322        -2.2557717953 
        3.8650000000         0.0645620901         0.9760461972        -6.1797918666        -2.2845958757 
        3.8700000000         0.0816209804         0.9862420032        -5.9141942792        -2.3358386854 
        3.8750000000         0.0986308624         1.0372210329        -4.5862063418        -2.3614600902 
        3.8800000000         0.1155815229         1.2207455399         0.1945502328        -2.3614600902 
        3.8850000000         0.1324627840         1.2105497339        -0.0710473547        -2.3518520634 
        3.8900000000         0.1492645096         1.2130986854        -0.0046479578        -2.3614600902 
        3.8950000000         0.1659766113         1.2054518309        -0.2038461484        -2.3710681170 
        3.9000000000         0.1825890545         1.2283923943         0.3937484234        -2.3614600902 
        3.9050000000         0.1990918646         1.2538819092         1.0577423921        -2.3518520634 
        3.9100001000         0.2154754589         1.2742735211         1.5889375671        -2.3518520634 
        3.9150000000         0.2317290214         1.2666266666         1.3897393765        -2.3358386854 
        3.9200000000         0.2478437716         1.2742735211         1.5889375671        -2.3390413610 
        3.9250000000         0.2638097074         1.2768224726         1.6553369640        -2.3390413610 
        3.9300000000         0.2796172421         1.2997630359         2.2529315358        -2.3166226318 
        3.9350000000         0.2952568844         1.3099588419         2.5185291233        -2.3006092538 
        3.9400000000         0.3107192435         1.3074098904         2.4521297264        -2.2974065782 
        3.9450000000         0.3259950355         1.3252525508         2.9169255045        -2.2845958757 
        3.9500000000         0.3410750881         1.3532910171         3.6473188700        -2.2589744709 
        3.9550000000         0.3559503467         1.3354483567         3.1825230919        -2.2429610929 
        3.9600000000         0.3706118796         1.3481931142         3.5145200763        -2.2237450393 
        3.9650000000         0.3850508836         1.3583889201         3.7801176638        -2.2205423637 
        3.9700001000         0.3992589706         1.3609378716         3.8465170606        -2.2013263100 
        3.9750000000         0.4132267646         1.3609378716         3.8465170606        -2.1885156076 
        3.9800000000         0.4269467239         1.3762315805         4.2449134419        -2.1564888516 
        3.9850000000         0.4404103286         1.3787805320         4.3113128387        -2.1404754736 
        3.9900000000         0.4536094948         1.3864273864         4.5105110293        -2.1212594199 
        3.9950021000         0.4665416682         1.3991721439         4.8425080137        -2.0924353395 
        4.0000000000         0.4791829742         1.3991721439         4.8425080137        -2.0668139347 
        4.0050000000         0.4915419321         1.4246616587         5.5065019824        -2.0411925298 
        4.0100000000         0.5036057502         1.4195637558         5.3737031886        -2.0091657738 
        4.0150000000         0.5153671850         1.4195637558         5.3737031886        -2.0027604226 
        4.0200000000         0.5268191743         1.4170148043         5.3073037918        -1.9771390178 
        4.0250000000         0.5379548421         1.4374064162         5.8384989667        -1.9419095861 
        4.0300000000         0.5487675021         1.4476022221         6.1040965542        -1.9130855057 
        4.0350001000         0.5592508682         1.4577980281         6.3696941417        -1.8778560741 
        4.0400000000         0.5693980272         1.4603469795         6.4360935385        -1.8394239668 
        4.0450000000         0.5792035049         1.4705427855         6.7016911260        -1.8170052376 
        4.0500000000         0.5886612077         1.4756406885         6.8344899198        -1.7881811571 
        4.0550000000         0.5977654566         1.4730917370         6.7680905229        -1.7593570767 
        4.0600000000         0.6065107852         1.4960323003         7.3656850947        -1.7145196183 
        4.0650001000         0.6148921065         1.4807385914         6.9672887135        -1.6856955378 
        4.0700000000         0.6229038962         1.5113260093         7.7640814759        -1.6536687818 
        4.0750000000         0.6305418355         1.4883854459         7.1664869041        -1.6152366745 
        4.0800000000         0.6378011743         1.5368155241         8.4280754446        -1.5671965405 
        4.0850000000         0.6446775539         1.5266197182         8.1624778572        -1.5223590820 
        4.0900007000         0.6511677267         1.5368155241         8.4280754446        -1.4967376772 
        4.0950000000         0.6572651525         1.5393644756         8.4944748415        -1.4454948675 
        4.1000000000         0.6629688135         1.5470113301         8.6936730321        -1.4038600847 
        4.1050000000         0.6682744037         1.5546581845         8.8928712227        -1.3654279774 
        4.1100000000         0.6731787374         1.5495602815         8.7600724290        -1.3301985458 
        4.1150000000         0.6776788699         1.5623050390         9.0920694133        -1.2853610873 
        4.1200000000         0.6817720992         1.5725008449         9.3576670008        -1.2245102509 
        4.1250000000         0.6854559674         1.5750497964         9.4240663977        -1.1860781436 
        4.1300000000         0.6887282628         1.5674029419         9.2248682071        -1.1444433608 
        4.1350000000         0.6915870205         1.6107351172        10.3536579538        -1.0835925243 
        4.1400000000         0.6940305239         1.5903435053         9.8224627789        -1.0323497146 
        4.1450000000         0.6960573059         1.6081861657        10.2872585570        -1.0003229586 
        4.1500000000         0.6976661496         1.5954414083         9.9552615726        -0.9522828245 
        4.1550000000         0.6988560890         1.6107351172        10.3536579538        -0.9010400149 
        4.1600000000         0.6996264095         1.6183819717        10.5528561444        -0.8626079076 
        4.1650000000         0.6999766486         1.6056372142        10.2208591601        -0.8081624224 
        4.1700000000         0.6999065961         1.6362246321        11.0176519225        -0.7441089103 
        4.1750000000         0.6994162940         1.6311267291        10.8848531288        -0.6960687762 
        4.1800000000         0.6985060367         1.6311267291        10.8848531288        -0.6384206154 
        4.1850000000         0.6971763708         1.6260288261        10.7520543351        -0.5999885081 
        4.1900001000         0.6954280554         1.6387735836        11.0840513194        -0.5455430229 
        4.1950000000         0.6932622578         1.6566162440        11.5488470975        -0.4750841596 
        4.2000000000         0.6906801609         1.6566162440        11.5488470975        -0.4270440255 
        4.2050179000         0.6876718829         1.6413225350        11.1504507163        -0.3758012159 
        4.2100000000         0.6842736375         1.6642630984        11.7480452881        -0.3117477038 
        4.2150000000         0.6804530576         1.6515183410        11.4160483038        -0.2669102453 
        4.2200000000         0.6762239088         1.6438714865        11.2168501131        -0.1996540577 
        4.2250000000         0.6715887303         1.6770078558        12.0800422724        -0.1548165992 
        4.2300000000         0.6665503053         1.6489693895        11.3496489069        -0.1067764651 
        4.2350000000         0.6611116590         1.6591651954        11.6152464944        -0.0491283043 
        4.2400000000         0.6552760570         1.6795568073        12.1464416693         0.0213305590 
        4.2450000000         0.6490470033         1.6642630984        11.7480452881         0.0757760443 
        4.2500000000         0.6424282380         1.6693610014        11.8808440818         0.1366268808 
        4.2550000000         0.6354237351         1.6719099529        11.9472434787         0.1942750416 
        4.2600000000         0.6280377005         1.6489693895        11.3496489069         0.2327071489 
        4.2650000000         0.6202745691         1.6897526133        12.4120392568         0.3127740390 
        4.2700000000         0.6121390020         1.6693610014        11.8808440818         0.3544088218 
        4.2750000000         0.6036358842         1.6668120499        11.8144446850         0.4056516315 
        4.2800024000         0.5947659797         1.6668120499        11.8144446850         0.4761104948 
        4.2850000000         0.5855476366         1.6719099529        11.9472434787         0.5305559800 
        4.2900000000         0.5759733674         1.6795568073        12.1464416693         0.5978121677 
        4.2950000000         0.5660532628         1.6617141469        11.6816458912         0.6362442749 
        4.3000000000         0.5557932790         1.6566162440        11.5488470975         0.7002977870 
        4.3050000000         0.5451995765         1.6617141469        11.6816458912         0.7771620015 
        4.3100000000         0.5342785162         1.6617141469        11.6816458912         0.8123914332 
        4.3150001000         0.5230364276         1.6591651954        11.6152464944         0.8764449452 
        4.3200000000         0.5114807444         1.6770078558        12.0800422724         0.9340931061 
        4.3250000000         0.4996177215         1.6515183410        11.4160483038         0.9917412670 
        4.3300000000         0.4874547098         1.6668120499        11.8144446850         1.0461867522 
        4.3350000000         0.4749990124         1.6566162440        11.5488470975         1.0974295619 
        4.3400000000         0.4622581082         1.6540672925        11.4824477006         1.1710911008 
        4.3450000000         0.4492396473         1.6489693895        11.3496489069         1.2127258836 
        4.3500000000         0.4359514463         1.6591651954        11.6152464944         1.2767793957 
        4.3550000000         0.4224014841         1.6566162440        11.5488470975         1.3312248810 
        4.3600000000         0.4085978966         1.6336756806        10.9512525257         1.3856703662 
        4.3650000000         0.3945489719         1.6387735836        11.0840513194         1.4337105003 
        4.3700000000         0.3802631455         1.6362246321        11.0176519225         1.4945613368 
        4.3750000000         0.3657489953         1.6311267291        10.8848531288         1.5426014708 
        4.3800000000         0.3510152358         1.6311267291        10.8848531288         1.6002496317 
        4.3850000000         0.3360707139         1.6311267291        10.8848531288         1.6514924414 
        4.3900000000         0.3209244029         1.6158330202        10.4864567476         1.7059379266 
        4.3950000000         0.3055853971         1.6285777776        10.8184537319         1.7475727095 
        4.4000000000         0.2900629066         1.6081861657        10.2872585570         1.8052208703 
        4.4050000000         0.2743662517         1.6005393113        10.0880603664         1.8532610044 
        4.4100000000         0.2585048573         1.6285777776        10.8184537319         1.9045038141 
        4.4150000000         0.2424882469         1.5954414083         9.9552615726         1.9685573261 
        4.4200000000         0.2263260378         1.5954414083         9.9552615726         2.0037867578 
        4.4250000000         0.2100279343         1.5979903598        10.0216609695         2.0614349186 
        4.4300000000         0.1936037222         1.5877945538         9.7560633820         2.1062723771 
        4.4350000000         0.1770632634         1.5597560875         9.0256700165         2.1479071600 
        4.4400001000         0.1604161554         1.5903435053         9.8224627789         2.2119606720 
        4.4450000000         0.1436733953         1.5597560875         9.0256700165         2.2439874281 
        4.4500000000         0.1268440344         1.5648539905         9.1584688102         2.2856222109 
        4.4550436001         0.1097907905         1.5699518934         9.2912676039         2.3400676962 
        4.4600000000         0.0929669781         1.5470113301         8.6936730321         2.3849051546 
        4.4650000000         0.0759396235         1.5648539905         9.1584688102         2.4265399375 
        4.4700000000         0.0588666722         1.5342665726         8.3616760478         2.4617693691 
        4.4750000000         0.0417583749         1.5393644756         8.4944748415         2.5226202056 
        4.4800000000         0.0246250044         1.5495602815         8.7600724290         2.5610523128 
        4.4850000000         0.0074768482         1.5266197182         8.1624778572         2.5898763933 
        4.4900000000        -0.0096757973         1.5138749607         7.8304808728         2.6315111761 
        4.4950000000        -0.0268226332         1.5291686697         8.2288772540         2.6891593370 
        4.5000000000        -0.0439533637         1.4934833489         7.2992856979         2.7307941198 
        4.5050000000        -0.0610577031         1.4399553677         5.9048983636         2.7532128491 
        4.5100000000        -0.0781253812         1.4144658528         5.2409043949         2.7852396051 
        4.5150000000        -0.0951461499         1.3685847260         4.0457152513         2.8012529831 
        4.5200000000        -0.1121097894         1.3125077934         2.5849285201         2.8172663611 
        4.5250000000        -0.1290061141         1.2666266666         1.3897393765         2.8268743880 
        4.5300000000        -0.1458249788         1.2130986854        -0.0046479578         2.8396850904 
        4.5350005000        -0.1625579531         1.2003539280        -0.3366449421         2.8268743880 
        4.5400000000        -0.1791899860         1.1927070735        -0.5358431327         2.8172663611 
        4.5450000000        -0.1957160950         1.1748644131        -1.0006389108         2.8236717124 
        4.5500000000        -0.2121246888         1.1646686072        -1.2662364983         2.8140636855 
        4.5550000000        -0.2284059153         1.1646686072        -1.2662364983         2.8140636855 
        4.5600000000        -0.2445499984         1.1468259468        -1.7310322764         2.7980503075 
        4.5650001000        -0.2605475631         1.1442769953        -1.7974316733         2.7884422807 
        4.5700000000        -0.2763880490         1.1136895775        -2.5942244357         2.7724289027 
        4.5750000000        -0.2920628997         1.1264343349        -2.2622274513         2.7756315783 
        4.5800000000        -0.3075623851         1.1111406260        -2.6606238326         2.7500101735 
        4.5850000000        -0.3228771987         1.1060427230        -2.7934226263         2.7339967954 
        4.5900000000        -0.3379981451         1.0780042567        -3.5238159919         2.7147807418 
        4.5950000000        -0.3529161449         1.0932979656        -3.1254196106         2.7051727150 
        4.6000000000        -0.3676222411         1.0805532081        -3.4574165950         2.6891593370 
        4.6050000000        -0.3821076033         1.0831021596        -3.3910171981         2.6763486346 
        4.6100000000        -0.3963635340         1.0525147418        -4.1878099606         2.6475245541 
        4.6150000000        -0.4103814736         1.0627105477        -3.9222123731         2.6283085005 
        4.6200000000        -0.4241530051         1.0525147418        -4.1878099606         2.6187004737 
        4.6250000000        -0.4376698594         1.0448678873        -4.3870081512         2.5802683665 
        4.6300000000        -0.4509239209         1.0372210329        -4.5862063418         2.5674576641 
        4.6350000000        -0.4639072311         1.0270252269        -4.8518039292         2.5354309080 
        4.6400000000        -0.4766119943         1.0270252269        -4.8518039292         2.5034041520 
        4.6450000000        -0.4890305822         1.0168294210        -5.1174015167         2.4841880984 
        4.6500000000        -0.5011555382         1.0168294210        -5.1174015167         2.4617693691 
        4.6550000000        -0.5129795820         0.9887909546        -5.8477948823         2.4297426131 
        4.6600000000        -0.5244956140         1.0040846636        -5.4493985011         2.4105265595 
        4.6650000000        -0.5356967197         1.0066336150        -5.3829991042         2.3913105058 
        4.6700000000        -0.5465761734         0.9760461972        -6.1797918666         2.3528783986 
        4.6750000000        -0.5571274427         0.9862420032        -5.9141942792         2.3240543182 
        4.6800000000        -0.5673441923         0.9836930517        -5.9805936760         2.2888248865 
        4.6850000000        -0.5772202876         0.9658503913        -6.4453894541         2.2600008061 
        4.6900001000        -0.5867499857         0.9582035368        -6.6445876447         2.2343794013 
        4.6950000000        -0.5959270036         0.9556545853        -6.7109870416         2.1831365916 
        4.7000000000        -0.6047463921         0.9480077309        -6.9101852322         2.1671232136 
        4.7050000000        -0.6132026687         0.9454587794        -6.9765846291         2.1318937819 
        4.7100000000        -0.6212907559         0.9148713616        -7.7733773915         2.0774482967 
        4.7150000000        -0.6290057973         0.9199692645        -7.6405785978         2.0422188650 
        4.7200000000        -0.6363431606         0.9174203130        -7.7069779946         2.0037867578 
        4.7250000000        -0.6432984402         0.9072245071        -7.9725755821         1.9749626773 
        4.7300000000        -0.6498674597         0.9021266041        -8.1053743758         1.9269225433 
        4.7350000000        -0.6560462750         0.9097734586        -7.9061761852         1.8884904360 
        4.7400000000        -0.6618311760         0.8842839437        -8.5701701539         1.8404503020 
        4.7450000000        -0.6672186893         0.8919307982        -8.3709719633         1.8084235459 
        4.7500000000        -0.6722055800         0.8791860408        -8.7029689477         1.7571807363 
        4.7550000000        -0.6767888538         0.8893818467        -8.4373713602         1.7315593315 
        4.7600000000        -0.6809657588         0.8664412833        -9.0349659320         1.6771138462 
        4.7650000000        -0.6847337870         0.8664412833        -9.0349659320         1.6354790633 
        4.7700000000        -0.6880906758         0.8587944289        -9.2341641226         1.6034523073 
        4.7750000000        -0.6910344098         0.8638923318        -9.1013653289         1.5426014708 
        4.7800000000        -0.6935632214         0.8205601566       -10.2301550757         1.5041693636 
        4.7850000000        -0.6956755921         0.8613433804        -9.1677647258         1.4689399319 
        4.7900000000        -0.6973702538         0.8384028170        -9.7653592976         1.4016837443 
        4.7950000000        -0.6986461887         0.8358538655        -9.8317586944         1.3664543126 
        4.8000000000        -0.6995026309         0.8256580595       -10.0973562819         1.3056034761 
        4.8050000000        -0.6999390659         0.8409517685        -9.6989599007         1.2767793957 
        4.8100401000        -0.6999536626         0.8282070110       -10.0309568851         1.2255365860 
        4.8150001000        -0.6995511069         0.8129133021       -10.4293532663         1.1582803984 
        4.8200000000        -0.6987269702         0.7976195932       -10.8277496475         1.1102402643 
        4.8250000000        -0.6974832799         0.8307559625        -9.9645574882         1.0654028059 
        4.8300000000        -0.6958207951         0.8103643506       -10.4957526631         1.0141599962 
        4.8350000000        -0.6937405140         0.8358538655        -9.8317586944         0.9725252133 
        4.8400000000        -0.6912436856         0.7695811269       -11.5581430131         0.9052690257 
        4.8450000000        -0.6883318092         0.8256580595       -10.0973562819         0.8668369184 
        4.8500000000        -0.6850066330         0.7925216902       -10.9605484412         0.8123914332 
        4.8550000000        -0.6812701538         0.8052664477       -10.6285514569         0.7579459479 
        4.8600000000        -0.6771246149         0.8154622536       -10.3629538694         0.7035004626 
        4.8650000000        -0.6725725056         0.7644832239       -11.6909418068         0.6458523018 
        4.8700000000        -0.6676165591         0.8180112051       -10.2965544725         0.5978121677 
        4.8750000000        -0.6622597512         0.7772279813       -11.3589448224         0.5497720336 
        4.8800000000        -0.6565052981         0.7925216902       -10.9605484412         0.4953265484 
        4.8850000000        -0.6503566552         0.7848748358       -11.1597466318         0.4504890899 
        4.8900000000        -0.6438175143         0.8205601566       -10.2301550757         0.3896382535 
        4.8950000000        -0.6368918018         0.7848748358       -11.1597466318         0.3415981194 
        4.9000000000        -0.6295836761         0.7848748358       -11.1597466318         0.2775446073 
        4.9050000000        -0.6218975252         0.8129133021       -10.4293532663         0.2198964464 
        4.9100000000        -0.6138379643         0.7772279813       -11.3589448224         0.1814643392 
        4.9150000000        -0.6054098324         0.8052664477       -10.6285514569         0.1174108271 
        4.9200000000        -0.5966181903         0.7874237873       -11.0933472350         0.0661680175 
        4.9250000000        -0.5874683168         0.7925216902       -10.9605484412         0.0053171810 
        4.9300000000        -0.5779657057         0.8052664477       -10.6285514569        -0.0267095750 
        4.9350000000        -0.5681160629         0.7848748358       -11.1597466318        -0.0811550603 
        4.9400001000        -0.5579250951         0.7874237873       -11.0933472350        -0.1452085724 
        4.9450000000        -0.5473995429         0.8052664477       -10.6285514569        -0.1868433552 
        4.9500000000        -0.5365451047         0.7823258843       -11.2261460287        -0.2540995429 
        4.9550000000        -0.5253685052         0.8052664477       -10.6285514569        -0.2989370014 
        4.9600000000        -0.5138764551         0.7670321754       -11.6245424099        -0.3629905134 
        4.9650000000        -0.5020758547         0.8078153991       -10.5621520600        -0.3950172695 
        4.9700000000        -0.4899737897         0.7874237873       -11.0933472350        -0.4622734572 
        4.9750000000        -0.4775775263         0.7925216902       -10.9605484412        -0.5071109156 
        4.9800000000        -0.4648945079         0.7899727387       -11.0269478381        -0.5551510497 
        4.9850000000        -0.4519323498         0.8154622536       -10.3629538694        -0.6063938593 
        4.9900000000        -0.4386988349         0.7925216902       -10.9605484412        -0.6704473714 
        4.9950000000        -0.4252019091         0.8078153991       -10.5621520600        -0.7216901811 
        5.0000000000        -0.4114496766         0.7848748358       -11.1597466318        -0.7793383419 
        5.0050000000        -0.3974503945         0.8001685447       -10.7613502506        -0.8337838272 
        5.0100000000        -0.3832124686         0.8154622536       -10.3629538694        -0.8658105832 
        5.0150000000        -0.3687444479         0.7925216902       -10.9605484412        -0.9362694465 
        5.0200000000        -0.3540550195         0.8256580595       -10.0973562819        -0.9650935270 
        5.0250000000        -0.3391530035         0.8129133021       -10.4293532663        -1.0227416878 
        5.0300000000        -0.3240473476         0.8231091081       -10.1637556788        -1.0739844975 
        5.0350000000        -0.3087471219         0.8103643506       -10.4957526631        -1.1220246316 
        5.0400000000        -0.2932615128         0.8435007200        -9.6325605038        -1.1764701168 
        5.0450000000        -0.2775998189         0.8231091081       -10.1637556788        -1.2245102509 
        5.0500000000        -0.2617714439         0.8333049140        -9.8981580913        -1.2821584117 
        5.0550000000        -0.2457858917         0.8409517685        -9.6989599007        -1.3237931946 
        5.0600000000        -0.2296527607         0.8435007200        -9.6325605038        -1.3654279774 
        5.0650001000        -0.2133814110         0.8256580595       -10.0973562819        -1.4294814895 
        5.0700000000        -0.1969825924         0.8664412833        -9.0349659320        -1.4519002187 
        5.0750000000        -0.1804651717         0.8435007200        -9.6325605038        -1.4935350016 
        5.0800000000        -0.1638393929         0.8613433804        -9.1677647258        -1.5543858381 
        5.0850000000        -0.1471152391         0.8638923318        -9.1013653289        -1.5960206209 
        5.0900000000        -0.1303027518         0.8689902348        -8.9685665351        -1.6504661062 
        5.0950000000        -0.1134120260         0.8638923318        -9.1013653289        -1.6856955378 
        5.1000000000        -0.0964532034         0.8842839437        -8.5701701539        -1.7209249695 
        5.1050000000        -0.0794364668         0.8664412833        -9.0349659320        -1.7785731303 
        5.1100000000        -0.0623720336         0.9046755556        -8.0389749790        -1.8009918596 
        5.1150000000        -0.0452701499         0.8766370893        -8.7693683445        -1.8522346692 
        5.1200000000        -0.0281410845         0.9148713616        -7.7733773915        -1.8874641009 
        5.1250000000        -0.0109951221         0.8970287012        -8.2381731696        -1.9258962081 
        5.1300000000         0.0061574423         0.9199692645        -7.6405785978        -1.9739363422 
        5.1350000000         0.0233063095         0.9174203130        -7.7069779946        -2.0027604226 
        5.1400000000         0.0404411826         0.9480077309        -6.9101852322        -2.0443952055 
        5.1450000000         0.0575517735         0.9811441002        -6.0469930729        -2.0700166103 
        5.1500000000         0.0746278081         1.0040846636        -5.4493985011        -2.1052460419 
        5.1550000000         0.0916590334         1.0397699844        -4.5198069449        -2.1212594199 
        5.1600000000         0.1086352233         1.1187874804        -2.4614256419        -2.1468808248 
        5.1650000000         0.1255461847         1.2411371518         0.7257454078        -2.1404754736 
        5.1700000000         0.1423817635         1.2105497339        -0.0710473547        -2.1500835004 
        5.1750000000         0.1591318511         1.2105497339        -0.0710473547        -2.1500835004 
        5.1800000000         0.1757863900         1.2207455399         0.1945502328        -2.1564888516 
        5.1850000000         0.1923353804         1.2487840062         0.9249435984        -2.1564888516 
        5.1900001000         0.2087692129         1.2640777151         1.3233399796        -2.1500835004 
        5.1950000000         0.2250770382         1.2589798122         1.1905411859        -2.1372727980 
        5.2000000000         0.2412500463         1.2819203755         1.7881357577        -2.1180567443 
        5.2050000000         0.2572781991         1.2870182785         1.9209345514        -2.1308674468 
        5.2100000000         0.2731518726         1.3099588419         2.5185291233        -2.1052460419 
        5.2150000000         0.2888615357         1.3176056963         2.7177273139        -2.1020433663 
        5.2200000000         0.3043977556         1.3125077934         2.5849285201        -2.0796246371 
        5.2250000000         0.3197512041         1.3252525508         2.9169255045        -2.0732192859 
        5.2300087000         0.3349388706         1.3328994052         3.1161236951        -2.0572059079 
        5.2350000000         0.3498730265         1.3328994052         3.1161236951        -2.0347871786 
        5.2400000000         0.3646233141         1.3481931142         3.5145200763        -2.0187738006 
        5.2450000000         0.3791546685         1.3558399686         3.7137182669        -2.0123684494 
        5.2500000000         0.3934583645         1.3558399686         3.7137182669        -1.9835443690 
        5.2550000000         0.4075258138         1.3609378716         3.8465170606        -1.9771390178 
        5.2600000000         0.4213485696         1.3609378716         3.8465170606        -1.9643283154 
        5.2650000000         0.4349183322         1.3864273864         4.5105110293        -1.9419095861 
        5.2700000000         0.4482269539         1.3762315805         4.2449134419        -1.9226935325 
        5.2750000000         0.4612664437         1.3966231924         4.7761086168        -1.8906667765 
        5.2800000000         0.4740289722         1.3991721439         4.8425080137        -1.8778560741 
        5.2850000000         0.4865068763         1.4144658528         5.2409043949        -1.8426266424 
        5.2900000000         0.4986926639         1.4170148043         5.3073037918        -1.8202079132 
        5.2950000000         0.5105790181         1.4272106102         5.5729013792        -1.7881811571 
        5.3000000000         0.5221588019         1.4297595617         5.6393007761        -1.7593570767 
        5.3050000000         0.5334250624         1.4450532706         6.0376971573        -1.7369383475 
        5.3100000000         0.5443710349         1.4374064162         5.8384989667        -1.6985062402 
        5.3150001000         0.5549903561         1.4577980281         6.3696941417        -1.6696821598 
        5.3200000000         0.5652760228         1.4781896399         6.9008893166        -1.6344527282 
        5.3250000000         0.5752224861         1.4476022221         6.1040965542        -1.6216420257 
        5.3300000000         0.5848235647         1.4781896399         6.9008893166        -1.5832099185 
        5.3350000000         0.5940734938         1.4756406885         6.8344899198        -1.5575885137 
        5.3400000000         0.6029667193         1.4909343974         7.2328863010        -1.5159537308 
        5.3450000000         0.6114979015         1.5011302033         7.4984838885        -1.4743189480 
        5.3500000000         0.6196619180         1.5113260093         7.7640814759        -1.4390895163 
        5.3550000000         0.6274538667         1.5062281063         7.6312826822        -1.4006574091 
        5.3600000000         0.6348690690         1.5266197182         8.1624778572        -1.3622253018 
        5.3650000000         0.6419030727         1.5189728637         7.9632796665        -1.3237931946 
        5.3700000000         0.6485516543         1.5317176211         8.2952766509        -1.2821584117 
        5.3750000000         0.6548108216         1.5342665726         8.3616760478        -1.2437263045 
        5.3800900000         0.6607787801         1.5470113301         8.6936730321        -1.2020915216 
        5.3850000000         0.6661461168         1.5495602815         8.7600724290        -1.1540513876 
        5.3900000000         0.6712154385         1.5572071360         8.9592706196        -1.1124166047 
        5.3950000000         0.6758817379         1.5674029419         9.2248682071        -1.0803898487 
        5.4000000000         0.6801422131         1.5674029419         9.2248682071        -1.0259443634 
        5.4050000000         0.6839943059         1.5903435053         9.8224627789        -0.9779042294 
        5.4100000000         0.6874357034         1.5801476994         9.5568651914        -0.9362694465 
        5.4150000000         0.6904643394         1.5852456023         9.6896639851        -0.8978373393 
        5.4200000000         0.6930783952         1.5903435053         9.8224627789        -0.8401891784 
        5.4250000000         0.6952763013         1.5928924568         9.8888621758        -0.8049597468 
        5.4300000000         0.6970567381         1.6030882627        10.1544597632        -0.7473115859 
        5.4350000000         0.6984186364         1.6234798746        10.6856549382        -0.6960687762 
        5.4400001000         0.6993611931         1.6107351172        10.3536579538        -0.6480286422 
        5.4450000000         0.6998837985         1.6183819717        10.5528561444        -0.5999885081 
        5.4500000000         0.6999861826         1.6132840687        10.4200573507        -0.5423403473 
        5.4550000000         0.6996682693         1.6285777776        10.8184537319        -0.4910975376 
        5.4600000000         0.6989302495         1.6413225350        11.1504507163        -0.4366520523 
        5.4650000000         0.6977725664         1.6336756806        10.9512525257        -0.3854092427 
        5.4700000000         0.6961959150         1.6489693895        11.3496489069        -0.3341664330 
        5.4750000000         0.6942012421         1.6413225350        11.1504507163        -0.2829236234 
        5.4800000000         0.6917897452         1.6387735836        11.0840513194        -0.2124647601 
        5.4850000000         0.6889628724         1.6566162440        11.5488470975        -0.1644246260 
        5.4900024000         0.6857206666         1.6489693895        11.3496489069        -0.1131818163 
        5.4950000000         0.6820700368         1.6642630984        11.7480452881        -0.0587363311 
        5.5000000000         0.6780082128         1.6591651954        11.6152464944         0.0053171810 
        5.5050000000         0.6735392877         1.6540672925        11.4824477006         0.0501546394 
        5.5100000000         0.6686659449         1.6515183410        11.4160483038         0.1013974491 
        5.5150000000         0.6633911105         1.6642630984        11.7480452881         0.1622482856 
        5.5200000000         0.6577179518         1.6515183410        11.4160483038         0.2166937708 
        5.5250000000         0.6516498751         1.6795568073        12.1464416693         0.2871526341 
        5.5300000000         0.6451905240         1.6566162440        11.5488470975         0.3287874170 
        5.5350000000         0.6383437768         1.6795568073        12.1464416693         0.3960436047 
        5.5400000000         0.6311137444         1.6438714865        11.2168501131         0.4408810631 
        5.5450000000         0.6235047683         1.6795568073        12.1464416693         0.5081372508 
        5.5500000000         0.6155214171         1.6566162440        11.5488470975         0.5497720336 
        5.5550000000         0.6071684842         1.6668120499        11.8144446850         0.6042175189 
        5.5600008000         0.5984495614         1.6464204380        11.2832495100         0.6714737066 
        5.5650001000         0.5893739690         1.6770078558        12.0800422724         0.7387298943 
        5.5700000000         0.5799434411         1.6642630984        11.7480452881         0.7995807307 
        5.5750000000         0.5701645089         1.6617141469        11.6816458912         0.8476208648 
        5.5800000000         0.5600432290         1.6540672925        11.4824477006         0.8956609989 
        5.5850000000         0.5495856786         1.6693610014        11.8808440818         0.9565118353 
        5.5900000000         0.5387981367         1.6591651954        11.6152464944         1.0141599962 
        5.5950000000         0.5276870808         1.6719099529        11.9472434787         1.0718081571 
        5.6000000000         0.5162591821         1.6438714865        11.2168501131         1.1326589935 
        5.6050000000         0.5045213025         1.6566162440        11.5488470975         1.1742937764 
        5.6100000000         0.4924804897         1.6489693895        11.3496489069         1.2479553153 
        5.6150000000         0.4801439737         1.6846547103        12.2792404631         1.3024008005 
        5.6200000000         0.4675191615         1.6234798746        10.6856549382         1.3408329078 
        5.6250000000         0.4546136338         1.6489693895        11.3496489069         1.4016837443 
        5.6300000000         0.4414351393         1.6311267291        10.8848531288         1.4657372563 
        5.6350000000         0.4279915909         1.6285777776        10.8184537319         1.5297907684 
        5.6400000000         0.4142910607         1.6260288261        10.7520543351         1.5618175245 
        5.6450000000         0.4003417750         1.6107351172        10.3536579538         1.6162630097 
        5.6500000000         0.3861521094         1.6311267291        10.8848531288         1.6803165218 
        5.6550000000         0.3717305838         1.6209309231        10.6192555413         1.7347620071 
        5.6600000000         0.3570858577         1.6311267291        10.8848531288         1.7731941143 
        5.6650000000         0.3422267240         1.5928924568         9.8888621758         1.8244369240 
        5.6700000000         0.3271621048         1.6413225350        11.1504507163         1.8852877604 
        5.6750000000         0.3119010456         1.5979903598        10.0216609695         1.9237198677 
        5.6800000000         0.2964527095         1.5826966509         9.6232645883         1.9717600017 
        5.6850000000         0.2808263723         1.6081861657        10.2872585570         2.0230028114 
        5.6900001000         0.2650310992         1.5877945538         9.7560633820         2.0870563235 
        5.6950000000         0.2490773265         1.5877945538         9.7560633820         2.1318937819 
        5.7000000000         0.2329736811         1.5775987479         9.4904657945         2.1799339160 
        5.7050000000         0.2167301497         1.5877945538         9.7560633820         2.2247713744 
        5.7100000000         0.2003564857         1.5750497964         9.4240663977         2.2792168597 
        5.7150000000         0.1838625202         1.5903435053         9.8224627789         2.3112436157 
        5.7200000000         0.1672581571         1.5470113301         8.6936730321         2.3656891010 
        5.7250000000         0.1505533658         1.5826966509         9.6232645883         2.4137292351 
        5.7300000000         0.1337581769         1.5623050390         9.0920694133         2.4585666935 
        5.7350000000         0.1168826746         1.5444623786         8.6272736352         2.4969988008 
        5.7400000000         0.0999369917         1.5495602815         8.7600724290         2.5546469616 
        5.7450000000         0.0829313030         1.5419134271         8.5608742384         2.5834710421 
        5.7500000000         0.0658758193         1.5393644756         8.4944748415         2.6315111761 
        5.7550000000         0.0487807812         1.5470113301         8.6936730321         2.6763486346 
        5.7600000000         0.0316564535         1.5138749607         7.8304808728         2.7211860930 
        5.7650000000         0.0145131180         1.5266197182         8.1624778572         2.7596182003 
        5.7700000000        -0.0026389317         1.5189728637         7.9632796665         2.7916449563 
        5.7750000000        -0.0197893968         1.4858364944         7.1000875072         2.8332797392 
        5.7800000000        -0.0369279797         1.4883854459         7.1664869041         2.8749145220 
        5.7850000000        -0.0540443896         1.4730917370         6.7680905229         2.9005359268 
        5.7900000000        -0.0711283494         1.4144658528         5.2409043949         2.9293600073 
        5.7950000000        -0.0881696011         1.3838784350         4.4441116325         2.9581840877 
        5.8000000000        -0.1051579125         1.3813294835         4.3777122356         2.9902108438 
        5.8050000000        -0.1220830832         1.3481931142         3.5145200763         3.0062242218 
        5.8100000000        -0.1389349508         1.1519238497        -1.5982334826         3.0190349242 
        5.8150001000        -0.1557037311         1.2054518309        -0.2038461484         3.0158322486 
        5.8200000000        -0.1723783526         1.2029028795        -0.2702455453         2.9998188706 
        5.8250000000        -0.1889498062         1.2232944913         0.2609496297         3.0094268974 
        5.8300000000        -0.2054078074         1.1417280438        -1.8638310701         2.9998188706 
        5.8350000000        -0.2217424743         1.1672175587        -1.1998371014         2.9806028169 
        5.8400000000        -0.2379439988         1.1519238497        -1.5982334826         2.9774001413 
        5.8450000000        -0.2540026529         1.1544728012        -1.5318340858         2.9838054925 
        5.8500000000        -0.2699087947         1.1417280438        -1.8638310701         2.9677921145 
        5.8550000000        -0.2856528732         1.1417280438        -1.8638310701         2.9581840877 
        5.8600000000        -0.3012254353         1.1493748983        -1.6646328795         2.9549814121 
        5.8650000000        -0.3166171306         1.1442769953        -1.7974316733         2.9389680341 
        5.8700000000        -0.3318187174         1.1187874804        -2.4614256419         2.9197519805 
        5.8750000000        -0.3468210679         1.1213364319        -2.3950262451         2.9101439537 
        5.8800000000        -0.3616151745         1.1213364319        -2.3950262451         2.9037386025 
        5.8850000000        -0.3761921540         1.1060427230        -2.7934226263         2.8909279000 
        5.8900000000        -0.3905432540         1.1009448200        -2.9262214200         2.8749145220 
        5.8950000000        -0.4046598574         1.0856511111        -3.3246178012         2.8524957928 
        5.9000000000        -0.4185334882         1.0703574022        -3.7230141825         2.8364824148 
        5.9050000000        -0.4321558162         1.0831021596        -3.3910171981         2.8332797392 
        5.9100000000        -0.4455186619         1.0499657903        -4.2542093574         2.8108610099 
        5.9150000000        -0.4586140019         1.0678084507        -3.7894135793         2.7916449563 
        5.9200000000        -0.4714339733         1.0346720814        -4.6526057386         2.7596182003 
        5.9250000000        -0.4839708783         1.0448678873        -4.3870081512         2.7500101735 
        5.9300000000        -0.4962171896         1.0193783725        -5.0510021199         2.7115780662 
        5.9350000000        -0.5081655538         1.0321231299        -4.7190051355         2.6955646882 
        5.9400001000        -0.5198090265         1.0066336150        -5.3829991042         2.6603352566 
        5.9450000000        -0.5311399274         0.9938888576        -5.7149960885         2.6379165273 
        5.9500000000        -0.5421521422         1.0040846636        -5.4493985011         2.6154977981 
        5.9550000000        -0.5528388290         0.9811441002        -6.0469930729         2.5834710421 
        5.9600000000        -0.5631935710         0.9760461972        -6.1797918666         2.5450389348 
        5.9650000000        -0.5732101510         0.9734972457        -6.2461912635         2.5130121788 
        5.9700000000        -0.5828825545         0.9785951487        -6.1133924698         2.4873907740 
        5.9750000000        -0.5922049740         0.9454587794        -6.9765846291         2.4457559911 
        5.9800000000        -0.6011718119         0.9683993428        -6.3789900572         2.4265399375 
        5.9850000000        -0.6097776842         0.9582035368        -6.6445876447         2.3913105058 
        5.9900000000        -0.6180174236         0.9199692645        -7.6405785978         2.3336623450 
        5.9950000000        -0.6258860827         0.9454587794        -6.9765846291         2.3144462913 
        6.0000000000        -0.6333789367         0.9276161190        -7.4413804072         2.2728115085 
        6.0050000000        -0.6404914869         0.9123224101        -7.8397767884         2.2311767256 
        6.0100000000        -0.6472194625         0.9225182160        -7.5741792009         2.2023526452 
        6.0150000000        -0.6535588237         0.9072245071        -7.9725755821         2.1511098356 
        6.0200000000        -0.6595057643         0.8995776526        -8.1717737727         2.1126777283 
        6.0250000000        -0.6650567134         0.8868328952        -8.5037707571         2.0774482967 
        6.0300000000        -0.6702083381         0.9046755556        -8.0389749790         2.0294081626 
        6.0350000000        -0.6749575450         0.8740881378        -8.8357677414         1.9877733798 
        6.0400000000        -0.6793014828         0.8842839437        -8.5701701539         1.9461385969 
        6.0450000000        -0.6832375429         0.8638923318        -9.1013653289         1.8884904360 
        6.0500000000        -0.6867633622         0.8689902348        -8.9685665351         1.8500583288 
        6.0550000000        -0.6898768236         0.8613433804        -9.1677647258         1.8148288972 
        6.0600000000        -0.6925760576         0.8664412833        -9.0349659320         1.7731941143 
        6.0650001000        -0.6948594851         0.8587944289        -9.2341641226         1.7187486290 
        6.0700000000        -0.6967256104         0.8282070110       -10.0309568851         1.6707084950 
        6.0750000000        -0.6981734377         0.8485986229        -9.4997617101         1.6290737121 
        6.0800000000        -0.6992020560         0.8154622536       -10.3629538694         1.5714255513 
        6.0850000000        -0.6998108477         0.8485986229        -9.4997617101         1.5297907684 
        6.0900000000        -0.6999994473         0.7950706417       -10.8941490444         1.4753452831 
        6.0950000000        -0.6997677416         0.8511475744        -9.4333623132         1.4305078247 
        6.1000000000        -0.6991158696         0.8078153991       -10.5621520600         1.3888730418 
        6.1050000000        -0.6980442229         0.8435007200        -9.6325605038         1.3472382590 
        6.1100000000        -0.6965534447         0.8103643506       -10.4957526631         1.2927927737 
        6.1150000000        -0.6946444304         0.8256580595       -10.0973562819         1.2447526397 
        6.1200000000        -0.6923183260         0.7976195932       -10.8277496475         1.1774964520 
        6.1250000000        -0.6895765283         0.8078153991       -10.5621520600         1.1294563179 
        6.1300000000        -0.6864206836         0.8001685447       -10.7613502506         1.0718081571 
        6.1350000000        -0.6828526867         0.8001685447       -10.7613502506         1.0301733742 
        6.1400000000        -0.6788746800         0.8231091081       -10.1637556788         0.9757278890 
        6.1450000000        -0.6744890520         0.7568363694       -11.8901399974         0.9148770525 
        6.1500000000        -0.6696984361         0.8129133021       -10.4293532663         0.8732422696 
        6.1550000000        -0.6645057086         0.8027174962       -10.6949508538         0.8155941088 
        6.1600000000        -0.6589139876         0.7823258843       -11.2261460287         0.7611486235 
        6.1650000000        -0.6529266304         0.8205601566       -10.2301550757         0.7099058138 
        6.1700000000        -0.6465472321         0.7619342724       -11.7573412037         0.6522576530 
        6.1750000000        -0.6397796232         0.8154622536       -10.3629538694         0.6074201945 
        6.1800000000        -0.6326278670         0.7721300783       -11.4917436162         0.5465693580 
        6.1850000000        -0.6250962579         0.7746790298       -11.4253442193         0.4857185216 
        6.1900001000        -0.6171891563         0.7848748358       -11.1597466318         0.4408810631 
        6.1950000000        -0.6089117952         0.8103643506       -10.4957526631         0.3896382535 
        6.2000000000        -0.6002686593         0.7670321754       -11.6245424099         0.3319900926 
        6.2050000000        -0.5912651000         0.7925216902       -10.9605484412         0.2775446073 
        6.2100000000        -0.5819065236         0.8027174962       -10.6949508538         0.2263017977 
        6.2150000000        -0.5721985490         0.7797769328       -11.2925454256         0.1718563124 
        6.2200000000        -0.5621470056         0.7874237873       -11.0933472350         0.1174108271 
        6.2250000000        -0.5517579283         0.7950706417       -10.8941490444         0.0725733687 
        6.2300000000        -0.5410375554         0.7899727387       -11.0269478381         0.0149252078 
        6.2350000000        -0.5299923237         0.8078153991       -10.5621520600        -0.0299122506 
        6.2400000000        -0.5186288652         0.7746790298       -11.4253442193        -0.0907630871 
        6.2450000000        -0.5069540029         0.7797769328       -11.2925454256        -0.1548165992 
        6.2500000000        -0.4949747468         0.8078153991       -10.5621520600        -0.1964513820 
        6.2550103000        -0.4826726984         0.7848748358       -11.1597466318        -0.2573022185 
        6.2600000000        -0.4701320028         0.8129133021       -10.4293532663        -0.2989370014 
        6.2650000000        -0.4572834314         0.7746790298       -11.4253442193        -0.3597878378 
        6.2700000000        -0.4441602903         0.8078153991       -10.5621520600        -0.3918145939 
        6.2750000000        -0.4307704590         0.8001685447       -10.7613502506        -0.4558681060 
        6.2800000000        -0.4171219774         0.7950706417       -10.8941490444        -0.5135162668 
        6.2850000000        -0.4032230405         0.8001685447       -10.7613502506        -0.5615564009 
        6.2900000000        -0.3890819936         0.8256580595       -10.0973562819        -0.6095965349 
        6.2950000000        -0.3747073276         0.7976195932       -10.8277496475        -0.6672446958 
        6.3000198000        -0.3600494233         0.8052664477       -10.6285514569        -0.7152848299 
        6.3050000000        -0.3452917977         0.8103643506       -10.4957526631        -0.7665276395 
        6.3100000000        -0.3302685960         0.8154622536       -10.3629538694        -0.8049597468 
        6.3150001000        -0.3150467825         0.8231091081       -10.1637556788        -0.8626079076 
        6.3200000000        -0.2996364159         0.8154622536       -10.3629538694        -0.9074453661 
        6.3250000000        -0.2840458303         0.8282070110       -10.0309568851        -0.9650935270 
        6.3300000000        -0.2682846931         0.8358538655        -9.8317586944        -0.9971202830 
        6.3350000000        -0.2523624680         0.8307559625        -9.9645574882        -1.0483630927 
        6.3400000000        -0.2362887151         0.8409517685        -9.6989599007        -1.0932005511 
        6.3450000000        -0.2200730860         0.8409517685        -9.6989599007        -1.1444433608 
        6.3500000000        -0.2037253167         0.8562454774        -9.3005635195        -1.1892808192 
        6.3550000000        -0.1872552233         0.8435007200        -9.6325605038        -1.2373209533 
        6.3600000000        -0.1706726951         0.8664412833        -9.0349659320        -1.2757530605 
        6.3650000000        -0.1539876887         0.8689902348        -8.9685665351        -1.3237931946 
        6.3700000000        -0.1372102224         0.8587944289        -9.2341641226        -1.3622253018 
        6.3750000000        -0.1203503702         0.8664412833        -9.0349659320        -1.4134681115 
        6.3800000000        -0.1034182550         0.8842839437        -8.5701701539        -1.4679135968 
        6.3850000000        -0.0864240438         0.8740881378        -8.8357677414        -1.5031430284 
        6.3900000000        -0.0693779404         0.8842839437        -8.5701701539        -1.5383724600 
        6.3950000000        -0.0522901800         0.8766370893        -8.7693683445        -1.5960206209 
        6.4000000000        -0.0351710226         0.9097734586        -7.9061761852        -1.6248447014 
        6.4050000000        -0.0180307473         0.9097734586        -7.9061761852        -1.6632768086 
        6.4100000000        -0.0008796457         0.8970287012        -8.2381731696        -1.7049115914 
        6.4150000000         0.0162719842         0.9174203130        -7.7069779946        -1.7433436987 
        6.4200000000         0.0334138438         0.9250671675        -7.5077798040        -1.7785731303 
        6.4250000000         0.0505356404         0.9480077309        -6.9101852322        -1.8138025620 
        6.4300000000         0.0676270936         0.9862420032        -5.9141942792        -1.8490319936 
        6.4350000000         0.0846779410         1.0066336150        -5.3829991042        -1.8778560741 
        6.4400001000         0.1016782841         1.0423189359        -4.4534075480        -1.9002748033 
        6.4450000000         0.1186168972         1.0831021596        -3.3910171981        -1.9226935325 
        6.4500000000         0.1354846277         1.2538819092         1.0577423921        -1.9226935325 
        6.4550000000         0.1522710084         1.2105497339        -0.0710473547        -1.9258962081 
        6.4600000000         0.1689659599         1.2232944913         0.2609496297        -1.9130855057 
        6.4650000000         0.1855594580         1.2080007824        -0.1374467515        -1.9226935325 
        6.4700000000         0.2020415394         1.2640777151         1.3233399796        -1.9258962081 
        6.4750000000         0.2184023078         1.2615287636         1.2569405827        -1.9130855057 
        6.4800000000         0.2346319393         1.2793714240         1.7217363608        -1.9066801545 
        6.4850000000         0.2507206892         1.2717245696         1.5225381702        -1.9002748033 
        6.4900000000         0.2666588973         1.3023119874         2.3193309326        -1.8906667765 
        6.4950000000         0.2824369935         1.2997630359         2.2529315358        -1.8778560741 
        6.5000000000         0.2980455041         1.3048609389         2.3857303295        -1.8778560741 
        6.5050000000         0.3134750574         1.3023119874         2.3193309326        -1.8554373448 
        6.5100000000         0.3287163888         1.3456441627         3.4481206794        -1.8330186156 
        6.5150000000         0.3437603467         1.3176056963         2.7177273139        -1.8330186156 
        6.5200000000         0.3585978983         1.3252525508         2.9169255045        -1.8009918596 
        6.5250000000         0.3732201346         1.3405462597         3.3153218857        -1.7945865084 
        6.5300000000         0.3876182758         1.3481931142         3.5145200763        -1.7881811571 
        6.5350000000         0.4017836767         1.3583889201         3.7801176638        -1.7561544011 
        6.5400000000         0.4157078322         1.3685847260         4.0457152513        -1.7465463743 
        6.5450000000         0.4293823813         1.3634868231         3.9129164575        -1.7209249695 
        6.5500000000         0.4427991134         1.3838784350         4.4441116325        -1.6953035646 
        6.5550000000         0.4559499728         1.3685847260         4.0457152513        -1.6856955378 
        6.5600000000         0.4688270630         1.4093679498         5.1081056012        -1.6536687818 
        6.5650001000         0.4814229013         1.3940742409         4.7097092199        -1.6312500526 
        6.5700000000         0.4937291777         1.4144658528         5.2409043949        -1.6088313233 
        6.5750000000         0.5057392501         1.4221127072         5.4401025855        -1.5832099185 
        6.5800000000         0.5174456580         1.4348574647         5.7720995699        -1.5639938649 
        6.5850000000         0.5288413726         1.4272106102         5.5729013792        -1.5255617576 
        6.5900000000         0.5399195514         1.4527001251         6.2368953479        -1.5063457040 
        6.5950000000         0.5506735427         1.4450532706         6.0376971573        -1.4679135968 
        6.6000000000         0.5610968895         1.4730917370         6.7680905229        -1.4294814895 
        6.6050000000         0.5711833330         1.4527001251         6.2368953479        -1.4102654359 
        6.6100000000         0.5809268172         1.4781896399         6.9008893166        -1.3686306530 
        6.6150000000         0.5903214915         1.4730917370         6.7680905229        -1.3366038970 
        6.6200000000         0.5993617152         1.4960323003         7.3656850947        -1.3045771410 
        6.6250000000         0.6080420601         1.4807385914         6.9672887135        -1.2661450337 
        6.6300000000         0.6163573143         1.5011302033         7.4984838885        -1.2405236289 
        6.6350000000         0.6243024849         1.4934833489         7.2992856979        -1.2020915216 
        6.6400000000         0.6318728015         1.5189728637         7.9632796665        -1.1540513876 
        6.6450000000         0.6390637184         1.5266197182         8.1624778572        -1.1188219559 
        6.6500000000         0.6458709179         1.5444623786         8.6272736352        -1.0675791463 
        6.6550000000         0.6522903130         1.5164239122         7.8968802697        -1.0451604171 
        6.6600000000         0.6583180489         1.5546581845         8.8928712227        -0.9971202830 
        6.6650000000         0.6639505066         1.5368155241         8.4280754446        -0.9586881758 
        6.6700000000         0.6691843040         1.5572071360         8.9592706196        -0.9170533929 
        6.6750000000         0.6740162986         1.5674029419         9.2248682071        -0.8658105832 
        6.6800000000         0.6784435891         1.5597560875         9.0256700165        -0.8273784760 
        6.6850000000         0.6824635172         1.5877945538         9.7560633820        -0.7793383419 
        6.6900001000         0.6860737372         1.5775987479         9.4904657945        -0.7345008835 
        6.6950000000         0.6892718773         1.5928924568         9.8888621758        -0.6928661006 
        6.7000000000         0.6920562213         1.5826966509         9.6232645883        -0.6512313178 
        6.7050000000         0.6944250294         1.6005393113        10.0880603664        -0.5871778057 
        6.7100000000         0.6963768792         1.6056372142        10.2208591601        -0.5423403473 
        6.7150000000         0.6979105988         1.6005393113        10.0880603664        -0.5007055644 
        6.7200000000         0.6990252673         1.6209309231        10.6192555413        -0.4430574035 
        6.7250000000         0.6997202154         1.6107351172        10.3536579538        -0.3918145939 
        6.7300000000         0.6999950257         1.6158330202        10.4864567476        -0.3533824866 
        6.7350000000         0.6998495334         1.6362246321        11.0176519225        -0.2861262990 
        6.7400000000         0.6992838257         1.6234798746        10.6856549382        -0.2348834893 
        6.7450000000         0.6982982424         1.6311267291        10.8848531288        -0.1900460308 
        6.7501287000         0.6968516858         1.6438714865        11.2168501131        -0.1227898432 
        6.7550000000         0.6950700677         1.6362246321        11.0176519225        -0.0843577359 
        6.7600000000         0.6928294145         1.6260288261        10.7520543351        -0.0363176019 
        6.7650000000         0.6901727612         1.6489693895        11.3496489069         0.0181278834 
        6.7700000000         0.6871017029         1.6413225350        11.1504507163         0.0821813955 
        6.7750000000         0.6836180834         1.6489693895        11.3496489069         0.1270188539 
        6.7800000000         0.6797239946         1.6464204380        11.2832495100         0.1846670148 
        6.7850000000         0.6754217746         1.6489693895        11.3496489069         0.2487205269 
        6.7900000000         0.6707140065         1.6591651954        11.6152464944         0.2871526341 
        6.7950000000         0.6656035172         1.6438714865        11.2168501131         0.3480034706 
        6.8000000000         0.6600933751         1.6566162440        11.5488470975         0.3992462803 
        6.8050000000         0.6541868887         1.6617141469        11.6816458912         0.4729078192 
        6.8100000000         0.6478876045         1.6591651954        11.6152464944         0.5113399264 
        6.8150001000         0.6411991672         1.6617141469        11.6816458912         0.5785961141 
        6.8200000000         0.6341260056         1.6591651954        11.6152464944         0.6330415993 
        6.8250000000         0.6266719538         1.6464204380        11.2832495100         0.6810817334 
        6.8300000000         0.6188416252         1.6642630984        11.7480452881         0.8187967844 
        6.8382018000         0.6051946623         1.6617141469        11.6816458912         0.8508235404 
        6.8400000000         0.6020711670         1.6515183410        11.4160483038         0.8540262160 
        6.8450000000         0.5931411071         1.6642630984        11.7480452881         0.9148770525 
        6.8500000000         0.5838549035         1.6591651954        11.6152464944         0.9661198621 
        6.8550000000         0.5742181320         1.6617141469        11.6816458912         1.0301733742 
        6.8600000000         0.5642365788         1.6489693895        11.3496489069         1.0782135083 
        6.8650000000         0.5539162373         1.6489693895        11.3496489069         1.1454696960 
        6.8700000000         0.5432633042         1.6540672925        11.4824477006         1.1967125056 
        6.8750000000         0.5322841759         1.6489693895        11.3496489069         1.2543606665 
        6.8800000000         0.5209854446         1.6821057588        12.2128410662         1.3216168542 
        6.8850000000         0.5093738945         1.6285777776        10.8184537319         1.3728596638 
        6.8900000000         0.4974564977         1.6642630984        11.7480452881         1.4305078247 
        6.8950000000         0.4852404097         1.6311267291        10.8848531288         1.4785479588 
        6.9000000000         0.4727329656         1.6591651954        11.6152464944         1.5426014708 
        6.9050000000         0.4599416753         1.6464204380        11.2832495100         1.5970469561 
        6.9100000000         0.4468742192         1.6311267291        10.8848531288         1.6354790633 
        6.9150000000         0.4335384433         1.6311267291        10.8848531288         1.6931272242 
        6.9200000000         0.4199423550         1.6413225350        11.1504507163         1.7539780607 
        6.9250000000         0.4060941180         1.6234798746        10.6856549382         1.7988155191 
        6.9300000000         0.3920020472         1.6209309231        10.6192555413         1.8596663556 
        6.9350000000         0.3776746039         1.6438714865        11.2168501131         1.9045038141 
        6.9400001000         0.3631200977         1.6005393113        10.0880603664         1.9589492993 
        6.9450000000         0.3483481472         1.6158330202        10.4864567476         2.0069894334 
        6.9500000000         0.3333667425         1.6132840687        10.4200573507         2.0678402699 
        6.9550000000         0.3181851721         1.6005393113        10.0880603664         2.1222857551 
        6.9600000000         0.3028125517         1.5903435053         9.8224627789         2.1735285648 
        6.9650000000         0.2872581115         1.6005393113        10.0880603664         2.2023526452 
        6.9700000000         0.2715311911         1.5877945538         9.7560633820         2.2728115085 
        6.9750000000         0.2556412332         1.6209309231        10.6192555413         2.3208516426 
        6.9800000000         0.2395977791         1.5775987479         9.4904657945         2.3720944522 
        6.9850000000         0.2234104616         1.5903435053         9.8224627789         2.4073238839 
        6.9900000000         0.2070890003         1.5750497964         9.4240663977         2.4553640179 
        6.9950000000         0.1906431952         1.5674029419         9.2248682071         2.4937961252 
        7.0000000000         0.1740829210         1.5725008449         9.3576670008         2.5578496372 
        7.0050000000         0.1574181209         1.5674029419         9.2248682071         2.5962817445 
        7.0100000000         0.1406588012         1.5597560875         9.0256700165         2.6443218785 
        7.0150000000         0.1238150248         1.5674029419         9.2248682071         2.6795513102 
        7.0200000000         0.1068969053         1.5368155241         8.4280754446         2.7339967954 
        7.0250000000         0.0899146010         1.5674029419         9.2248682071         2.7756315783 
        7.0300000000         0.0728783087         1.5240707667         8.0960784603         2.8204690368 
        7.0350000000         0.0557982577         1.5266197182         8.1624778572         2.8556984684 
        7.0400000000         0.0386847032         1.5138749607         7.8304808728         2.9005359268 
        7.0450000000         0.0215479210         1.5266197182         8.1624778572         2.9421707097 
        7.0500000000         0.0043982007         1.5062281063         7.6312826822         2.9838054925 
        7.0550000000        -0.0127541605         1.5291686697         8.2288772540         3.0254402754 
        7.0600000000        -0.0298988636         1.5036791548         7.5648832853         3.0670750582 
        7.0650001000        -0.0470259566         1.4807385914         6.9672887135         3.0958991387 
        7.0700000000        -0.0641241291         1.4476022221         6.1040965542         3.1311285703 
        7.0750000000        -0.0811841415         1.4144658528         5.2409043949         3.1471419483 
        7.0800000000        -0.0981954079         1.3736826290         4.1785140450         3.1407365971 
        7.0850000000        -0.1151477141         1.2946651330         2.1201327420         3.1471419483 
        7.0900000000        -0.1320308815         1.1876091705        -0.6686419265         3.1471419483 
        7.0950000000        -0.1488347726         1.2054518309        -0.2038461484         3.1311285703 
        7.1000000000        -0.1655492980         1.2156476369         0.0617514391         3.1343312459 
        7.1050000000        -0.1821644215         1.2156476369         0.0617514391         3.1503446239 
        7.1100000000        -0.1986701667         1.1570217527        -1.4654346889         3.1407365971 
        7.1150000000        -0.2150566231         1.1697665101        -1.1334377046         3.1311285703 
        7.1200000000        -0.2313139516         1.1595707042        -1.3990352920         3.1343312459 
        7.1250000000        -0.2474323906         1.1570217527        -1.4654346889         3.1503446239 
        7.1300000000        -0.2634022624         1.1468259468        -1.7310322764         3.1503446239 
        7.1350000000        -0.2792139776         1.1238853834        -2.3286268482         3.1407365971 
        7.1400000000        -0.2948580426         1.1391790923        -1.9302304670         3.1471419483 
        7.1450000000        -0.3103250639         1.1085916745        -2.7270232294         3.1247232191 
        7.1500000000        -0.3256057547         1.1060427230        -2.7934226263         3.1119125167 
        7.1550000000        -0.3406909399         1.0932979656        -3.1254196106         3.0958991387 
        7.1600000000        -0.3555715616         1.0907490141        -3.1918190075         3.0734804095 
        7.1650000000        -0.3702386853         1.0652594992        -3.8558129762         3.0638723826 
        7.1700000000        -0.3846835041         1.0882000626        -3.2582184044         3.0574670314 
        7.1750000000        -0.3988973447         1.0703574022        -3.7230141825         3.0350483022 
        7.1800000000        -0.4128716728         1.0652594992        -3.8558129762         3.0158322486 
        7.1850000000        -0.4265980975         1.0525147418        -4.1878099606         2.9774001413 
        7.1900001000        -0.4400686438         1.0499657903        -4.2542093574         2.9549814121 
        7.1950000000        -0.4532744235         1.0372210329        -4.5862063418         2.9357653585 
        7.2000000000        -0.4662083073         1.0499657903        -4.2542093574         2.9293600073 
        7.2050000000        -0.4788622625         1.0397699844        -4.5198069449         2.9069412781 
        7.2100000000        -0.4912286913         1.0397699844        -4.5198069449         2.8717118464 
        7.2150000000        -0.5033001683         1.0244762754        -4.9182033261         2.8524957928 
        7.2200000000        -0.5150694454         1.0142804695        -5.1838009136         2.8172663611 
        7.2250000000        -0.5265294560         0.9964378091        -5.6485966917         2.7980503075 
        7.2300000000        -0.5376733190         1.0142804695        -5.1838009136         2.7724289027 
        7.2350000000        -0.5484943431         0.9785951487        -6.1133924698         2.7404021467 
        7.2400000000        -0.5589860312         0.9989867606        -5.5821972948         2.7211860930 
        7.2450000000        -0.5691420835         0.9785951487        -6.1133924698         2.6891593370 
        7.2500000000        -0.5789564020         0.9913399061        -5.7813954854         2.6571325810 
        7.2550000000        -0.5884230939         0.9429098279        -7.0429840259         2.6219031493 
        7.2600000000        -0.5975364750         0.9658503913        -6.4453894541         2.5866737177 
        7.2650000000        -0.6062910732         0.9378119249        -7.1757828197         2.5450389348 
        7.2700000000        -0.6146816321         0.9531056338        -6.7773864385         2.5130121788 
        7.2750000000        -0.6227031135         0.9403608764        -7.1093834228         2.4841880984 
        7.2800000000        -0.6303507012         0.9225182160        -7.5741792009         2.4425533155 
        7.2850000000        -0.6376198031         0.9174203130        -7.7069779946         2.3913105058 
        7.2900000000        -0.6445060548         0.9276161190        -7.4413804072         2.3656891010 
        7.2950000000        -0.6510053213         0.8868328952        -8.5037707571         2.3208516426 
        7.3000000000        -0.6571137004         0.9148713616        -7.7733773915         2.2856222109 
        7.3050180000        -0.6628473771         0.8944797497        -8.3045725665         2.2407847525 
        7.3100000000        -0.6681433622         0.8766370893        -8.7693683445         2.1927446184 
        7.3150001000        -0.6730581167         0.8995776526        -8.1717737727         2.1575151868 
        7.3200000000        -0.6775685538         0.8791860408        -8.7029689477         2.1286911063 
        7.3250000000        -0.6816722483         0.8664412833        -9.0349659320         2.0742456211 
        7.3300000000        -0.6853666416         0.8740881378        -8.8357677414         2.0326108382 
        7.3350000000        -0.6886495158         0.8638923318        -9.1013653289         1.9877733798 
        7.3400000000        -0.6915188994         0.8536965259        -9.3669629164         1.9461385969 
        7.3450000000        -0.6939730698         0.8613433804        -9.1677647258         1.8916931116 
        7.3500000000        -0.6960105533         0.8282070110       -10.0309568851         1.8276395996 
        7.3550000000        -0.6976301265         0.8435007200        -9.6325605038         1.8020181947 
        7.3600000000        -0.6988308170         0.8307559625        -9.9645574882         1.7475727095 
        7.3650000000        -0.6996119038         0.8384028170        -9.7653592976         1.7059379266 
        7.3700000000        -0.6999729180         0.8154622536       -10.3629538694         1.6578977926 
        7.3750000000        -0.6999136427         0.8435007200        -9.6325605038         1.6098576585 
        7.3800000000        -0.6994341137         0.8154622536       -10.3629538694         1.5618175245 
        7.3850000000        -0.6985346187         0.8205601566       -10.2301550757         1.5169800660 
        7.3900000000        -0.6972156979         0.8129133021       -10.4293532663         1.4433185271 
        7.3950000000        -0.6954781432         0.8052664477       -10.6285514569         1.4048864199 
        7.4000000000        -0.6933229980         0.8052664477       -10.6285514569         1.3504409346 
        7.4050000000        -0.6907515562         0.8154622536       -10.3629538694         1.3088061517 
        7.4100000000        -0.6877653618         0.7976195932       -10.8277496475         1.2479553153 
        7.4150000000        -0.6843662078         0.8001685447       -10.7613502506         1.2095232080 
        7.4200000000        -0.6805561353         0.8078153991       -10.5621520600         1.1518750472 
        7.4250000000        -0.6763374319         0.7874237873       -11.0933472350         1.0846188595 
        7.4300000000        -0.6717126307         0.7848748358       -11.1597466318         1.0269706986 
        7.4350000000        -0.6666845086         0.8052664477       -10.6285514569         0.9821332402 
        7.4400001000        -0.6612559721         0.7517384665       -12.0229387911         0.9276877549 
        7.4450000000        -0.6554306182         0.7925216902       -10.9605484412         0.8764449452 
        7.4500000000        -0.6492116073         0.7874237873       -11.0933472350         0.8123914332 
        7.4550000000        -0.6426027859         0.7644832239       -11.6909418068         0.7579459479 
        7.4600000000        -0.6356081222         0.8205601566       -10.2301550757         0.7163111650 
        7.4650000000        -0.6282318160         0.7593853209       -11.8237406005         0.6522576530 
        7.4700000000        -0.6204782965         0.8027174962       -10.6949508538         0.6074201945 
        7.4750000000        -0.6123522190         0.7823258843       -11.2261460287         0.5529747092 
        7.4800000000        -0.6038584628         0.7823258843       -11.2261460287         0.4985292240 
        7.4850000000        -0.5950021277         0.7848748358       -11.1597466318         0.4376783875 
        7.4901747000        -0.5854602164         0.8052664477       -10.6285514569         0.3768275510 
        7.4950000000        -0.5762232066         0.7619342724       -11.7573412037         0.3287874170 
        7.5000000000        -0.5663118961         0.7976195932       -10.8277496475         0.2743419317 
        7.5050000000        -0.5560605510         0.7848748358       -11.1597466318         0.2230991221 
        7.5100000000        -0.5454753268         0.8001685447       -10.7613502506         0.1750589880 
        7.5150000000        -0.5345625792         0.7746790298       -11.4253442193         0.1238161783 
        7.5200000000        -0.5233288607         0.7925216902       -10.9605484412         0.0597626663 
        7.5250000000        -0.5117809162         0.8078153991       -10.5621520600         0.0053171810 
        7.5300000000        -0.4999256798         0.8001685447       -10.7613502506        -0.0459256287 
        7.5350000000        -0.4877702697         0.7746790298       -11.4253442193        -0.1035737895 
        7.5400000000        -0.4753219843         0.7950706417       -10.8941490444        -0.1516139236 
        7.5450000000        -0.4625882982         0.8154622536       -10.3629538694        -0.1900460308 
        7.5500000000        -0.4495768571         0.8001685447       -10.7613502506        -0.2508968673 
        7.5550000000        -0.4362954736         0.8129133021       -10.4293532663        -0.3053423526 
        7.5601762000        -0.4222701763         0.7874237873       -11.0933472350        -0.3597878378 
        7.5650001000        -0.4089546567         0.8078153991       -10.5621520600        -0.4110306475 
        7.5700000000        -0.3949121964         0.8052664477       -10.6285514569        -0.4558681060 
        7.5750000000        -0.3806323379         0.8001685447       -10.7613502506        -0.5039082400 
        7.5800000000        -0.3661239337         0.8052664477       -10.6285514569        -0.5679617521 
        7.5850000000        -0.3513956953         0.8205601566       -10.2301550757        -0.6127992105 
        7.5900000000        -0.3364564661         0.8001685447       -10.7613502506        -0.6672446958 
        7.5950000000        -0.3213152161         0.8129133021       -10.4293532663        -0.7216901811 
        7.6000000000        -0.3059810366         0.8103643506       -10.4957526631        -0.7697303151 
        7.6050000000        -0.2904631348         0.8231091081       -10.1637556788        -0.8017570712 
        7.6100000000        -0.2747708284         0.8307559625        -9.9645574882        -0.8497972052 
        7.6150000000        -0.2589135394         0.8282070110       -10.0309568851        -0.9010400149 
        7.6200000000        -0.2429007893         0.8333049140        -9.8981580913        -0.9554855002 
        7.6250000000        -0.2267421927         0.8256580595       -10.0973562819        -1.0099309854 
        7.6300000000        -0.2104474516         0.8409517685        -9.6989599007        -1.0451604171 
        7.6350000000        -0.1940263503         0.8485986229        -9.4997617101        -1.0964032267 
        7.6400000000        -0.1774887484         0.8358538655        -9.8317586944        -1.1444433608 
        7.6450000000        -0.1608445757         0.8587944289        -9.2341641226        -1.1860781436 
        7.6500000000        -0.1441038260         0.8460496714        -9.5661611070        -1.2437263045 
        7.6550000000        -0.1272765512         0.8664412833        -9.0349659320        -1.2789557361 
        7.6600000000        -0.1103728549         0.8868328952        -8.5037707571        -1.3109824922 
        7.6650000000        -0.0934028865         0.8638923318        -9.1013653289        -1.3590226262 
        7.6700000000        -0.0763768357         0.8689902348        -8.9685665351        -1.4006574091 
        7.6750000000        -0.0593049254         0.9046755556        -8.0389749790        -1.4454948675 
        7.6800000000        -0.0421974063         0.8740881378        -8.8357677414        -1.5031430284 
        7.6850000000        -0.0250645503         0.8944797497        -8.3045725665        -1.5383724600 
        7.6900001000        -0.0079163016         0.8766370893        -8.7693683445        -1.5896152697 
        7.6950000000         0.0092360145         0.9174203130        -7.7069779946        -1.6088313233 
        7.7000000000         0.0263831280         0.9301650705        -7.3749810103        -1.6568714574 
        7.7050000000         0.0435144000         0.9250671675        -7.5077798040        -1.6888982134 
        7.7100000000         0.0606195445         0.9658503913        -6.4453894541        -1.7209249695 
        7.7150000000         0.0776882907         0.9913399061        -5.7813954854        -1.7497490499 
        7.7200000000         0.0947103899         1.0193783725        -5.0510021199        -1.7881811571 
        7.7250000000         0.1116756218         1.1774133646        -0.9342395140        -1.7881811571 
        7.7300000000         0.1285737994         1.2130986854        -0.0046479578        -1.8009918596 
        7.7350000000         0.1453947766         1.2080007824        -0.1374467515        -1.7977891840 
        7.7400000000         0.1621284534         1.2130986854        -0.0046479578        -1.7977891840 
        7.7450000000         0.1787647823         1.2283923943         0.3937484234        -1.7849784815 
        7.7500000000         0.1952937742         1.2538819092         1.0577423921        -1.7977891840 
        7.7550000000         0.2117055048         1.2513329577         0.9913429953        -1.7881811571 
        7.7600000000         0.2279901195         1.2640777151         1.3233399796        -1.7753704547 
        7.7650000000         0.2441378406         1.2768224726         1.6553369640        -1.7721677791 
        7.7700000000         0.2601389724         1.2895672300         1.9873339483        -1.7625597523 
        7.7750016000         0.2759889515         1.2997630359         2.2529315358        -1.7497490499 
        7.7800000000         0.2916631311         1.3176056963         2.7177273139        -1.7433436987 
        7.7850000000         0.3071672296         1.3074098904         2.4521297264        -1.7337356719 
        7.7900000000         0.3224868939         1.3227035993         2.8505261076        -1.7177222939 
        7.7950000000         0.3376129252         1.3328994052         3.1161236951        -1.6953035646 
        7.8000000000         0.3525362412         1.3354483567         3.1825230919        -1.6792901866 
        7.8050000000         0.3672478816         1.3328994052         3.1161236951        -1.6824928622 
        7.8100000000         0.3817390129         1.3507420656         3.5809194732        -1.6568714574 
        7.8150001000         0.3960012169         1.3532910171         3.6473188700        -1.6408580794 
        7.8200000000         0.4100250817         1.3634868231         3.9129164575        -1.6248447014 
        7.8250000000         0.4238030352         1.3762315805         4.2449134419        -1.5928179453 
        7.8300000000         0.4373265219         1.3889763379         4.5769104262        -1.5928179453 
        7.8350000000         0.4505874217         1.3915252894         4.6433098231        -1.5607911893 
        7.8400000000         0.4635777723         1.3966231924         4.7761086168        -1.5287644332 
        7.8450000000         0.4762897737         1.4068189983         5.0417062043        -1.5127510552 
        7.8500000000         0.4887157934         1.4144658528         5.2409043949        -1.4775216236 
        7.8550000000         0.5008483701         1.4297595617         5.6393007761        -1.4615082456 
        7.8600000000         0.5126802191         1.4119169013         5.1745049980        -1.4390895163 
        7.8650000000         0.5242042361         1.4297595617         5.6393007761        -1.4134681115 
        7.8700000000         0.5354135016         1.4374064162         5.8384989667        -1.3782386799 
        7.8750000000         0.5463012851         1.4476022221         6.1040965542        -1.3494145994 
        7.8800000000         0.5568610495         1.4450532706         6.0376971573        -1.3173878434 
        7.8850000000         0.5670864540         1.4628959310         6.5024929354        -1.2885637630 
        7.8900000000         0.5769713589         1.4552490766         6.3032947448        -1.2565370069 
        7.8950000000         0.5865098291         1.4756406885         6.8344899198        -1.2245102509 
        7.9000000000         0.5956961373         1.4832875429         7.0336881104        -1.1924834948 
        7.9050000000         0.6045247677         1.4756406885         6.8344899198        -1.1636594144 
        7.9100000000         0.6129904191         1.5011302033         7.4984838885        -1.1188219559 
        7.9150001000         0.6210881670         1.5138749607         7.8304808728        -1.0835925243 
        7.9200000000         0.6288126743         1.5011302033         7.4984838885        -1.0547684439 
        7.9250000000         0.6361597777         1.5215218152         8.0296790634        -1.0195390122 
        7.9300000000         0.6431249074         1.5062281063         7.6312826822        -0.9811069050 
        7.9350000000         0.6497038813         1.5368155241         8.4280754446        -0.9426747977 
        7.9400001000         0.6558928690         1.5215218152         8.0296790634        -0.9042426905 
        7.9450000000         0.6616877949         1.5572071360         8.9592706196        -0.8562025564 
        7.9500000000         0.6670855391         1.5444623786         8.6272736352        -0.8049597468 
        7.9550000000         0.6720827406         1.5674029419         9.2248682071        -0.7697303151 
        7.9600000000         0.6766763990         1.5495602815         8.7600724290        -0.7345008835 
        7.9650000000         0.6808637561         1.5674029419         9.2248682071        -0.6928661006 
        7.9700000000         0.6846422976         1.5750497964         9.4240663977        -0.6448259666 
        7.9750000000         0.6880097547         1.5674029419         9.2248682071        -0.5967858325 
        7.9800000000         0.6909641056         1.5979903598        10.0216609695        -0.5391376717 
        7.9850000000         0.6935035762         1.5877945538         9.7560633820        -0.5007055644 
        7.9900000000         0.6956266418         1.6056372142        10.2208591601        -0.4430574035 
        7.9950000000         0.6973320277         1.5954414083         9.9552615726        -0.4142333231 
        8.0000000000         0.6986187099         1.5979903598        10.0216609695        -0.3533824866 
        8.0050000000         0.6994859158         1.6158330202        10.4864567476        -0.3085450282 
        8.0100000000         0.6999331246         1.5979903598        10.0216609695        -0.2669102453 
        8.0150000000         0.6999600680         1.6081861657        10.2872585570        -0.2060594089 
        8.0200000000         0.6995667296         1.6413225350        11.1504507163        -0.1452085724 
        8.0250000000         0.6987533457         1.6107351172        10.3536579538        -0.1035737895 
        8.0300000000         0.6975204046         1.6387735836        11.0840513194        -0.0427229531 
        8.0350000000         0.6958686468         1.6413225350        11.1504507163         0.0053171810 
        8.0400000000         0.6937990638         1.6209309231        10.6192555413         0.0469519638 
        8.0450000000         0.6913128985         1.6362246321        11.0176519225         0.1013974491 
        8.0500000000         0.6884116435         1.6311267291        10.8848531288         0.1494375832 
        8.0550000000         0.6850970409         1.6362246321        11.0176519225         0.2102884196 
        8.0600000000         0.6813710809         1.6489693895        11.3496489069         0.2551258781 
        8.0650001000         0.6772359140         1.6413225350        11.1504507163         0.3191793902 
        8.0700000000         0.6726942832         1.6438714865        11.2168501131         0.3736248754 
        8.0750000000         0.6677486554         1.6336756806        10.9512525257         0.4184623339 
        8.0800000000         0.6624020867         1.6515183410        11.4160483038         0.4761104948 
        8.0850000000         0.6566577876         1.6362246321        11.0176519225         0.5305559800 
        8.0900000000         0.6505192070         1.6617141469        11.6816458912         0.5946094921 
        8.0950000000         0.6439900309         1.6387735836        11.0840513194         0.6490549774 
        8.1000000000         0.6370741794         1.6668120499        11.8144446850         0.7035004626 
        8.1050000000         0.6297758053         1.6489693895        11.3496489069         0.7707566503 
        8.1100000000         0.6220992907         1.6719099529        11.9472434787         0.8284048112 
        8.1150000000         0.6140492449         1.6489693895        11.3496489069         0.8764449452 
        8.1200065000         0.6056193191         1.6719099529        11.9472434787         0.9437011329 
        8.1250417000         0.5967733555         1.6489693895        11.3496489069         0.9885385914 
        8.1300000000         0.5877073592         1.6719099529        11.9472434787         1.0493894278 
        8.1350000000         0.5782137223         1.6540672925        11.4824477006         1.1038349131 
        8.1400000000         0.5683729047         1.6540672925        11.4824477006         1.1678884252 
        8.1450000000         0.5581908151         1.6566162440        11.5488470975         1.2127258836 
        8.1500000000         0.5476735673         1.6489693895        11.3496489069         1.2639686933 
        8.1550000000         0.5368274762         1.6642630984        11.7480452881         1.3248195298 
        8.1600000000         0.5256590543         1.6438714865        11.2168501131         1.3920757174 
        8.1650000000         0.5141750072         1.6566162440        11.5488470975         1.4401158515 
        8.1700000000         0.5023822307         1.6489693895        11.3496489069         1.5041693636 
        8.1750000000         0.4902878055         1.6540672925        11.4824477006         1.5586148488 
        8.1800000000         0.4778989934         1.6362246321        11.0176519225         1.6066549829 
        8.1850000000         0.4652232333         1.6464204380        11.2832495100         1.6546951170 
        8.1900001000         0.4522678743         1.6285777776        10.8184537319         1.7091406022 
        8.1950000000         0.4390414805         1.6489693895        11.3496489069         1.7571807363 
        8.2000000000         0.4255512083         1.6209309231        10.6192555413         1.8148288972 
        8.2050000000         0.4118054195         1.6336756806        10.9512525257         1.8628690312 
        8.2100000000         0.3978123677         1.6311267291        10.8848531288         1.9109091653 
        8.2150000000         0.3835804547         1.6005393113        10.0880603664         1.9685573261 
        8.2200000000         0.3691182260         1.6336756806        10.9512525257         2.0294081626 
        8.2250000000         0.3544343651         1.5979903598        10.0216609695         2.0710429455 
        8.2300000000         0.3395376888         1.6030882627        10.1544597632         2.1318937819 
        8.2350000000         0.3244371416         1.6056372142        10.2208591601         2.1799339160 
        8.2400000000         0.3091417905         1.6081861657        10.2872585570         2.2311767256 
        8.2450000000         0.2936608193         1.6005393113        10.0880603664         2.2888248865 
        8.2500001000         0.2780032085         1.6081861657        10.2872585570         2.3240543182 
        8.2550000000         0.2621793039         1.5699518934         9.2912676039         2.3752971278 
        8.2600000000         0.2461976624         1.5903435053         9.8224627789         2.4233372619 
        8.2650000000         0.2300681948         1.5826966509         9.6232645883         2.4841880984 
        8.2700000000         0.2138005858         1.5903435053         9.8224627789         2.5354309080 
        8.2750000000         0.1974046030         1.5699518934         9.2912676039         2.5674576641 
        8.2800000000         0.1808900913         1.5725008449         9.3576670008         2.6219031493 
        8.2850000000         0.1642669667         1.5852456023         9.6896639851         2.6795513102 
        8.2900000000         0.1475452100         1.5572071360         8.9592706196         2.7147807418 
        8.2950000000         0.1307348617         1.5623050390         9.0920694133         2.7596182003 
        8.3000000000         0.1138460155         1.5597560875         9.0256700165         2.8140636855 
        8.3050000000         0.0968888120         1.5266197182         8.1624778572         2.8524957928 
        8.3100000000         0.0798734329         1.5572071360         8.9592706196         2.8973332512 
        8.3150000000         0.0628100949         1.5546581845         8.8928712227         2.9389680341 
        8.3200000000         0.0457090432         1.5342665726         8.3616760478         2.9870081682 
        8.3250000000         0.0285805463         1.5521092330         8.8264718258         3.0350483022 
        8.3300000000         0.0114348885         1.5266197182         8.1624778572         3.0574670314 
        8.3350000000        -0.0057176352         1.5138749607         7.8304808728         3.1055071655 
        8.3400000000        -0.0228667258         1.4960323003         7.3656850947         3.1311285703 
        8.3450000000        -0.0400020862         1.4705427855         6.7016911260         3.1311285703 
        8.3500000000        -0.0571134282         1.4476022221         6.1040965542         3.1407365971 
        8.3550000000        -0.0741904771         1.4246616587         5.5065019824         3.1407365971 
        8.3600000000        -0.0912229792         1.3991721439         4.8425080137         3.1471419483 
        8.3650000000        -0.1082007078         1.2691756181         1.4561387733        -1.7465463743 
        8.3700000000        -0.1251134687         1.1723154616        -1.0670383077        -1.7497490499 
        8.3750001000        -0.1419514427         1.1927070735        -0.5358431327         3.0991018143 
        8.3800000000        -0.1587035124         1.2080007824        -0.1374467515         3.1279258947 
        8.3850000000        -0.1753606265         1.2156476369         0.0617514391         3.1439392727 
        8.3900000000        -0.1919124476         1.1952560250        -0.4694437359         3.1407365971 
        8.3950000000        -0.2083490375         1.1493748983        -1.6646328795         3.1311285703 
        8.4000000000        -0.2246605270         1.1723154616        -1.0670383077         3.1471419483 
        8.4050000000        -0.2408371220         1.1595707042        -1.3990352920         3.1407365971 
        8.4100000000        -0.2568691095         1.1621196557        -1.3326358952         3.1471419483 
        8.4150000000        -0.2727468636         1.1519238497        -1.5982334826         3.1407365971 
        8.4200000000        -0.2884608503         1.1672175587        -1.1998371014         3.1471419483 
        8.4250000000        -0.3040016346         1.1366301408        -1.9966298639         3.1311285703 
        8.4300000000        -0.3193598851         1.1544728012        -1.5318340858         3.1407365971 
        8.4350000000        -0.3345263803         1.1187874804        -2.4614256419         3.1279258947 
        8.4400000000        -0.3494920134         1.1340811893        -2.0630292607         3.1471419483 
        8.4450000000        -0.3642477989         1.1111406260        -2.6606238326         3.1471419483 
        8.4500000000        -0.3787848766         1.1060427230        -2.7934226263         3.1439392727 
        8.4550000000        -0.3930945179         1.0831021596        -3.3910171981         3.1407365971 
        8.4600000000        -0.4071681309         1.1009448200        -2.9262214200         3.1343312459 
        8.4650000000        -0.4209972651         1.0576126448        -4.0550111668         3.1087098411 
        8.4700000000        -0.4345736171         1.0729063537        -3.6566147856         3.0862911119 
        8.4750000000        -0.4478890353         1.0448678873        -4.3870081512         3.0702777339 
        8.4800000000        -0.4609355245         1.0525147418        -4.1878099606         3.0574670314 
        8.4850000000        -0.4737052510         1.0474168388        -4.3206087543         3.0382509778 
        8.4900000000        -0.4861905475         1.0397699844        -4.5198069449         3.0158322486 
        8.4950000000        -0.4983839174         1.0346720814        -4.6526057386         2.9870081682 
        8.5000001000        -0.5102782741         1.0244762754        -4.9182033261         2.9453733853 
        8.5050000000        -0.5218657715         1.0066336150        -5.3829991042         2.9261573317 
        8.5100000000        -0.5331401564         1.0091825665        -5.3165997073         2.9069412781 
        8.5150000000        -0.5440944243         1.0091825665        -5.3165997073         2.8749145220 
        8.5200000000        -0.5547219981         0.9989867606        -5.5821972948         2.8364824148 
        8.5250000000        -0.5650164963         0.9862420032        -5.9141942792         2.8108610099 
        8.5300000000        -0.5749717380         0.9658503913        -6.4453894541         2.7852396051 
        8.5350000000        -0.5845817454         0.9913399061        -5.7813954854         2.7596182003 
        8.5400218000        -0.5938803412         0.9633014398        -6.5117888510         2.7211860930 
        8.5450000000        -0.6027431881         0.9633014398        -6.5117888510         2.6955646882 
        8.5500000000        -0.6112837184         0.9480077309        -6.9101852322         2.6571325810 
        8.5550000000        -0.6194572115         0.9480077309        -6.9101852322         2.6283085005 
        8.5600000000        -0.6272587598         0.9276161190        -7.4413804072         2.5770656909 
        8.5650000000        -0.6346836789         0.9225182160        -7.5741792009         2.5450389348 
        8.5700000000        -0.6417275107         0.9301650705        -7.3749810103         2.5066068276 
        8.5750000000        -0.6483860258         0.9046755556        -8.0389749790         2.4585666935 
        8.5800000000        -0.6546552260         0.8995776526        -8.1717737727         2.4393506399 
        8.5850000000        -0.6605313473         0.9148713616        -7.7733773915         2.3913105058 
        8.5900000000        -0.6660108613         0.8944797497        -8.3045725665         2.3528783986 
        8.5950000000        -0.6710904779         0.8944797497        -8.3045725665         2.3112436157 
        8.6000000000        -0.6757671472         0.8919307982        -8.3709719633         2.2696088329 
        8.6050000000        -0.6800380611         0.8664412833        -9.0349659320         2.2215686988 
        8.6100000000        -0.6839006552         0.8868328952        -8.5037707571         2.1863392672 
        8.6150000000        -0.6873526103         0.8638923318        -9.1013653289         2.1254884307 
        8.6200000000        -0.6903918537         0.8638923318        -9.1013653289         2.0934616747 
        8.6250001000        -0.6930166087         0.8460496714        -9.5661611070         2.0454215406 
        8.6300000000        -0.6952251546         0.8638923318        -9.1013653289         1.9877733798 
        8.6350000000        -0.6970163101         0.8205601566       -10.2301550757         1.9397332457 
        8.6400000000        -0.6983889514         0.8536965259        -9.3669629164         1.8980984629 
        8.6450000000        -0.6993422544         0.8256580595       -10.0973562819         1.8532610044 
        8.6500000000        -0.6998756467         0.8358538655        -9.8317586944         1.8116262215 
        8.6550000000        -0.6999888079         0.8180112051       -10.2965544725         1.7475727095 
        8.6600000000        -0.6996816702         0.8256580595       -10.0973562819         1.6963298998 
        8.6650000000        -0.6989544179         0.8052664477       -10.6285514569         1.6643031438 
        8.6700000000        -0.6978074877         0.8256580595       -10.0973562819         1.6066549829 
        8.6750000000        -0.6962415684         0.8027174962       -10.6949508538         1.5490068220 
        8.6800000000        -0.6942576000         0.8078153991       -10.5621520600         1.5169800660 
        8.6850000000        -0.6918567740         0.8103643506       -10.4957526631         1.4561292295 
        8.6900000000        -0.6890405317         0.8103643506       -10.4957526631         1.4176971223 
        8.6950000000        -0.6858105642         0.8052664477       -10.6285514569         1.3568462858 
        8.7000000000        -0.6821688109         0.8052664477       -10.6285514569         1.2991981249 
        8.7050000000        -0.6781174584         0.7848748358       -11.1597466318         1.2351446129 
        8.7100000000        -0.6736589394         0.7925216902       -10.9605484412         1.1999151812 
        8.7150000000        -0.6687959308         0.7925216902       -10.9605484412         1.1390643447 
        8.7200000000        -0.6635313526         0.7925216902       -10.9605484412         1.0846188595 
        8.7250000000        -0.6578683657         0.7899727387       -11.0269478381         1.0397814010 
        8.7300000000        -0.6518103706         0.8154622536       -10.3629538694         0.9853359158 
        8.7350000000        -0.6453610047         0.7593853209       -11.8237406005         0.9340931061 
        8.7400000000        -0.6385241403         0.7848748358       -11.1597466318         0.8700395940 
        8.7450000000        -0.6313038826         0.7925216902       -10.9605484412         0.8091887576 
        8.7500001000        -0.6237044112         0.7644832239       -11.6909418068         0.7579459479 
        8.7550000000        -0.6157307561         0.8052664477       -10.6285514569         0.6970951114 
        8.7600000000        -0.6073872379         0.7491895150       -12.0893381880         0.6490549774 
        8.7650000000        -0.5986790222         0.8027174962       -10.6949508538         0.6074201945 
        8.7700000000        -0.5896113376         0.7797769328       -11.2925454256         0.5433666824 
        8.7750000000        -0.5801896288         0.7721300783       -11.4917436162         0.4921238728 
        8.7800000000        -0.5704195528         0.7874237873       -11.0933472350         0.4344757119 
        8.7850000000        -0.5603069760         0.8027174962       -10.6949508538         0.3736248754 
        8.7900000000        -0.5498579703         0.7670321754       -11.6245424099         0.3255847414 
        8.7950000000        -0.5390788097         0.8129133021       -10.4293532663         0.2807472829 
        8.8000000000        -0.5279759664         0.7899727387       -11.0269478381         0.2263017977 
        8.8050000000        -0.5165561070         0.8078153991       -10.5621520600         0.1750589880 
        8.8100000000        -0.5048260884         0.7746790298       -11.4253442193         0.1078028003 
        8.8150000000        -0.4927929537         0.8052664477       -10.6285514569         0.0629653419 
        8.8200000000        -0.4804639279         0.8078153991       -10.5621520600         0.0149252078 
        8.8250000000        -0.4678464140         0.8154622536       -10.3629538694        -0.0395202775 
        8.8300000000        -0.4549479880         0.7874237873       -11.0933472350        -0.0971684383 
        8.8350000000        -0.4417763945         0.8129133021       -10.4293532663        -0.1452085724 
        8.8400000000        -0.4283395423         0.8154622536       -10.3629538694        -0.1964513820 
        8.8450000000        -0.4146454993         0.8001685447       -10.7613502506        -0.2444915161 
        8.8500000000        -0.4007024878         0.8256580595       -10.0973562819        -0.2925316502 
        8.8550000000        -0.3865188800         0.8052664477       -10.6285514569        -0.3373691086 
        8.8600000000        -0.3721031920         0.8154622536       -10.3629538694        -0.4014226207 
        8.8650000000        -0.3574640796         0.8052664477       -10.6285514569        -0.4462600791 
        8.8700000000        -0.3426103326         0.8256580595       -10.0973562819        -0.4878948620 
        8.8750001000        -0.3275505667         0.8052664477       -10.6285514569        -0.5519483741 
        8.8800000000        -0.3122947336         0.8358538655        -9.8317586944        -0.5935831569 
        8.8850000000        -0.2968510841         0.8333049140        -9.8981580913        -0.6352179398 
        8.8900000000        -0.2812291942         0.8205601566       -10.2301550757        -0.6960687762 
        8.8950000000        -0.2654384441         0.8460496714        -9.5661611070        -0.7312982079 
        8.9000000000        -0.2494883150         0.8256580595       -10.0973562819        -0.7793383419 
        8.9050000000        -0.2333883840         0.8460496714        -9.5661611070        -0.8209731248 
        8.9100000000        -0.2171483181         0.8613433804        -9.1677647258        -0.8658105832 
        8.9150000000        -0.2007778681         0.8256580595       -10.0973562819        -0.9298640953 
        8.9200000000        -0.1842868639         0.8638923318        -9.1013653289        -0.9714988782 
        8.9250000000        -0.1676852071         0.8485986229        -9.4997617101        -1.0195390122 
        8.9300000000        -0.1509828660         0.8664412833        -9.0349659320        -1.0547684439 
        8.9350000000        -0.1341898692         0.8715391863        -8.9021671383        -1.0899978755 
        8.9400000000        -0.1173162999         0.8562454774        -9.3005635195        -1.1444433608 
        8.9450000000        -0.1003722895         0.8944797497        -8.3045725665        -1.1796727924 
        8.9500000000        -0.0833680120         0.8868328952        -8.5037707571        -1.2245102509 
        8.9550000000        -0.0663136772         0.8868328952        -8.5037707571        -1.2629423581 
        8.9600000000        -0.0492195253         0.8995776526        -8.1717737727        -1.3045771410 
        8.9650000000        -0.0320958202         0.9046755556        -8.0389749790        -1.3526172750 
        8.9700000000        -0.0149528436         0.8868328952        -8.5037707571        -1.3878467067 
        8.9750000000         0.0021991113         0.9123224101        -7.8397767884        -1.4390895163 
        8.9800000000         0.0193497458         0.9097734586        -7.9061761852        -1.4679135968 
        8.9850000000         0.0364887619         0.9301650705        -7.3749810103        -1.4967376772 
        8.9900000000         0.0536058689         0.9505566824        -6.8437858353        -1.5383724600 
        8.9950000000         0.0706907889         0.9836930517        -5.9805936760        -1.5736018917 
        9.0000001000         0.0877336039         1.0193783725        -5.0510021199        -1.5992232965 
        9.0050000000         0.1047230600         1.0499657903        -4.2542093574        -1.6280473770 
        9.0100000000         0.1216499769         1.1085916745        -2.7270232294        -1.6376554038 
        9.0150000000         0.1385038506         1.2487840062         0.9249435984        -1.6376554038 
        9.0200000000         0.1552745615         1.2232944913         0.2609496297        -1.6312500526 
        9.0250000000         0.1719520399         1.2105497339        -0.0710473547        -1.6344527282 
        9.0300000000         0.1885262720         1.2232944913         0.2609496297        -1.6344527282 
        9.0350000000         0.2049873059         1.2640777151         1.3233399796        -1.6344527282 
        9.0400000000         0.2213252581         1.2589798122         1.1905411859        -1.6280473770 
        9.0450000000         0.2375303184         1.2742735211         1.5889375671        -1.6152366745 
        9.0500000000         0.2535927568         1.2819203755         1.7881357577        -1.6152366745 
        9.0550000000         0.2695029288         1.2946651330         2.1201327420        -1.6152366745 
        9.0600000000         0.2852512813         1.3048609389         2.3857303295        -1.6056286477 
        9.0650000000         0.3008283584         1.3048609389         2.3857303295        -1.5864125941 
        9.0700000000         0.3162248073         1.3048609389         2.3857303295        -1.5703992161 
        9.0750000000         0.3314313832         1.3354483567         3.1825230919        -1.5575885137 
        9.0800000000         0.3464389555         1.3328994052         3.1161236951        -1.5415751357 
        9.0850000000         0.3612385131         1.3456441627         3.4481206794        -1.5159537308 
        9.0900000000         0.3758211699         1.3609378716         3.8465170606        -1.4967376772 
        9.0950000000         0.3901781697         1.3634868231         3.9129164575        -1.4775216236 
        9.1000000000         0.4043008925         1.3762315805         4.2449134419        -1.4583055700 
        9.1050000000         0.4181808581         1.3838784350         4.4441116325        -1.4390895163 
        9.1100000000         0.4318097325         1.3685847260         4.0457152513        -1.4358868407 
        9.1150000000         0.4451793326         1.3940742409         4.7097092199        -1.4102654359 
        9.1200000000         0.4582816306         1.3966231924         4.7761086168        -1.3686306530 
        9.1250001000         0.4711090132         1.4093679498         5.1081056012        -1.3654279774 
        9.1300000000         0.4836530175         1.3966231924         4.7761086168        -1.3398065726 
        9.1350000000         0.4959068724         1.4246616587         5.5065019824        -1.2981717898 
        9.1400000000         0.5078629667         1.4195637558         5.3737031886        -1.2725503849 
        9.1450000000         0.5195141214         1.4272106102         5.5729013792        -1.2661450337 
        9.1500000000         0.5308533408         1.4272106102         5.5729013792        -1.2245102509 
        9.1550000000         0.5418738163         1.4577980281         6.3696941417        -1.1956861704 
        9.1600000000         0.5525689309         1.4450532706         6.0376971573        -1.1636594144 
        9.1650000000         0.5629322629         1.4628959310         6.5024929354        -1.1380380096 
        9.1700000000         0.5729575897         1.4628959310         6.5024929354        -1.1028085779 
        9.1750000000         0.5826388917         1.4679938340         6.6352917292        -1.0803898487 
        9.1800000000         0.5919703560         1.4858364944         7.1000875072        -1.0387550659 
        9.1850000000         0.6009463796         1.4960323003         7.3656850947        -0.9939176074 
        9.1900000000         0.6095615728         1.4934833489         7.2992856979        -0.9522828245 
        9.1950000000         0.6178107630         1.5215218152         8.0296790634        -0.9266614197 
        9.2000000000         0.6256889970         1.5011302033         7.4984838885        -0.9010400149 
        9.2050000000         0.6331915442         1.5368155241         8.4280754446        -0.8465945296 
        9.2100000000         0.6403139001         1.5087770578         7.6976820791        -0.8209731248 
        9.2150000000         0.6470517880         1.5495602815         8.7600724290        -0.7761356663 
        9.2200000000         0.6534011622         1.5342665726         8.3616760478        -0.7312982079 
        9.2250000000         0.6593582105         1.5521092330         8.8264718258        -0.6928661006 
        9.2300000000         0.6649193559         1.5495602815         8.7600724290        -0.6544339934 
        9.2350000000         0.6700812593         1.5546581845         8.8928712227        -0.6224072374 
        9.2400000000         0.6748408214         1.5572071360         8.9592706196        -0.5807724545 
        9.2450000000         0.6791951842         1.5750497964         9.4240663977        -0.5263269692 
        9.2500001000         0.6831418082         1.5750497964         9.4240663977        -0.4846921864 
        9.2550000000         0.6866780992         1.5954414083         9.9552615726        -0.4270440255 
        9.2600000000         0.6898021582         1.5877945538         9.7560633820        -0.3950172695 
        9.2650000000         0.6925120348         1.5954414083         9.9552615726        -0.3501798110 
        9.2700000000         0.6948061017         1.5928924568         9.8888621758        -0.2925316502 
        9.2750000000         0.6966829816         1.6081861657        10.2872585570        -0.2348834893 
        9.2800000000         0.6981415474         1.5954414083         9.9552615726        -0.1836406796 
        9.2850000000         0.6991809234         1.6209309231        10.6192555413        -0.1452085724 
        9.2900000000         0.6998004856         1.6081861657        10.2872585570        -0.0939657627 
        9.2950000000         0.6999998618         1.6234798746        10.6856549382        -0.0331149263 
        9.3000000000         0.6997789325         1.6336756806        10.9512525257         0.0149252078 
        9.3050000000         0.6991378302         1.6158330202        10.4864567476         0.0469519638 
        9.3100000000         0.6980769399         1.6285777776        10.8184537319         0.1078028003 
        9.3150000000         0.6965968987         1.6311267291        10.8848531288         0.1590456100 
        9.3200000000         0.6946985951         1.6209309231        10.6192555413         0.2038830684 
        9.3250000000         0.6923831689         1.6489693895        11.3496489069         0.2647339049 
        9.3300000000         0.6896520105         1.6387735836        11.0840513194         0.3287874170 
        9.3350000000         0.6865067598         1.6387735836        11.0840513194         0.3672195242 
        9.3400000000         0.6829493052         1.6336756806        10.9512525257         0.4280703607 
        9.3450000000         0.6789817828         1.6566162440        11.5488470975         0.4793131704 
        9.3500000000         0.6746065748         1.6387735836        11.0840513194         0.5369613312 
        9.3552071000         0.6696196147         1.6642630984        11.7480452881         0.6010148433 
        9.3600000000         0.6646438534         1.6566162440        11.5488470975         0.6554603286 
        9.3650000000         0.6590623221         1.6489693895        11.3496489069         0.7067031382 
        9.3700000000         0.6530850655         1.6438714865        11.2168501131         0.7483379211 
        9.3750001000         0.6467155415         1.6617141469        11.6816458912         0.8155941088 
        9.3800000000         0.6399579681         1.6540672925        11.4824477006         0.8700395940 
        9.3850000000         0.6328160093         1.6642630984        11.7480452881         0.9180797281 
        9.3900000000         0.6252940845         1.6515183410        11.4160483038         0.9821332402 
        9.3950000000         0.6173967102         1.6795568073        12.1464416693         1.0461867522 
        9.4000000000         0.6091286282         1.6464204380        11.2832495100         1.0942268863 
        9.4050000000         0.6004948031         1.6464204380        11.2832495100         1.1582803984 
        9.4100000000         0.5915004189         1.6566162440        11.5488470975         1.2031178568 
        9.4150000000         0.5821508761         1.6693610014        11.8808440818         1.2767793957 
        9.4200000000         0.5724517886         1.6668120499        11.8144446850         1.3248195298 
        9.4250000000         0.5624089800         1.6311267291        10.8848531288         1.3824676906 
        9.4300000000         0.5520284805         1.6566162440        11.5488470975         1.4369131759 
        9.4350000000         0.5413165228         1.6566162440        11.5488470975         1.5041693636 
        9.4400000000         0.5302795388         1.6540672925        11.4824477006         1.5586148488 
        9.4450000000         0.5189241555         1.6438714865        11.2168501131         1.6098576585 
        9.4500000000         0.5072571911         1.6464204380        11.2832495100         1.6482897658 
        9.4550000000         0.4952856508         1.6438714865        11.2168501131         1.7187486290 
        9.4600000000         0.4830167229         1.6566162440        11.5488470975         1.7667887631 
        9.4650000000         0.4704577741         1.6311267291        10.8848531288         1.8276395996 
        9.4700000000         0.4576163452         1.6438714865        11.2168501131         1.8788824092 
        9.4750000000         0.4445001465         1.6285777776        10.8184537319         1.9205171921 
        9.4800000000         0.4311170537         1.6107351172        10.3536579538         1.9781653529 
        9.4850000000         0.4174751024         1.6387735836        11.0840513194         2.0326108382 
        9.4900000000         0.4035824838         1.6158330202        10.4864567476         2.1030697015 
        9.4950000000         0.3894475394         1.6132840687        10.4200573507         2.1350964575 
        9.5000001000         0.3750784668         1.6107351172        10.3536579538         2.1895419428 
        9.5050000000         0.3604847624         1.6132840687        10.4200573507         2.2471901037 
        9.5100000000         0.3456743201         1.6081861657        10.2872585570         2.3016355889 
        9.5150000000         0.3306563222         1.6158330202        10.4864567476         2.3528783986 
        9.5200000000         0.3154397862         1.6030882627        10.1544597632         2.4041212083 
        9.5250000000         0.3000338486         1.6005393113        10.0880603664         2.4457559911 
        9.5300000000         0.2844477596         1.5852456023         9.6896639851         2.4937961252 
        9.5350933000         0.2683952915         1.6081861657        10.2872585570         2.5578496372 
        9.5400000000         0.2527726640         1.5928924568         9.8888621758         2.6058897713 
        9.5450000000         0.2367026763         1.5903435053         9.8224627789         2.6571325810 
        9.5500000000         0.2204905637         1.5928924568         9.8888621758         2.7083753906 
        9.5550000000         0.2041460604         1.5674029419         9.2248682071         2.7628208759 
        9.5600000000         0.1876789803         1.5928924568         9.8888621758         2.8012529831 
        9.5650000000         0.1710992110         1.5495602815         8.7600724290         2.8524957928 
        9.5700000000         0.1544167072         1.5674029419         9.2248682071         2.8973332512 
        9.5750000000         0.1376414861         1.5674029419         9.2248682071         2.9389680341 
        9.5800000000         0.1207836200         1.5368155241         8.4280754446         2.9774001413 
        9.5850000000         0.1038532310         1.5750497964         9.4240663977         3.0382509778 
        9.5900000000         0.0868604847         1.5521092330         8.8264718258         3.0862911119 
        9.5950000000         0.0698155842         1.5368155241         8.4280754446         3.1151151923 
        9.6000000000         0.0527287638         1.5317176211         8.2952766509         3.1311285703 
        9.6050000000         0.0356102831         1.5291686697         8.2288772540         3.1471419483 
        9.6100000000         0.0184704207         1.5393644756         8.4944748415         3.1439392727 
        9.6150038000         0.0013064317         1.5138749607         7.8304808728        -1.7433436987 
        9.6200000000        -0.0158322769         1.5138749607         7.8304808728        -1.7497490499 
        9.6250001000        -0.0329748582         1.5062281063         7.6312826822        -1.7529517255 
        9.6300000000        -0.0500969552         1.4934833489         7.2992856979        -3.1397102620 
        9.6350000000        -0.0671893147         1.4577980281         6.3696941417        -3.1397102620 
        9.6400000000        -0.0842413313         1.4246616587         5.5065019824        -3.1397102620 
        9.6450000000        -0.1012427663         1.3864273864         4.5105110293        -3.1301022351 
        9.6500000000        -0.1181834114         1.2487840062         0.9249435984        -3.1429129376 
        9.6550000000        -0.1350530949         1.1927070735        -0.5358431327        -3.1429129376 
        9.6600000000        -0.1518416874         1.2029028795        -0.2702455453        -3.1397102620 
        9.6650000000        -0.1685391088         1.2283923943         0.3937484234        -3.1397102620 
        9.6700008000        -0.1851379799         1.2130986854        -0.0046479578        -3.1365075864 
        9.6750000000        -0.2016203953         1.2029028795        -0.2702455453        -3.1333049108 
        9.6800000000        -0.2179843972         1.1264343349        -2.2622274513        -3.1525209644 
        9.6850000000        -0.2342175133         1.1723154616        -1.0670383077        -3.1493182888 
        9.6900000000        -0.2503099966         1.1417280438        -1.8638310701        -3.1461156132 
        9.6950000000        -0.2662521847         1.1340811893        -2.0630292607        -3.1397102620 
        9.7000000000        -0.2820345051         1.1391790923        -1.9302304670        -3.1397102620 
        9.7050000000        -0.2976474817         1.1238853834        -2.3286268482        -3.1365075864 
        9.7100000000        -0.3130817398         1.1111406260        -2.6606238326        -3.1429129376 
        9.7150000000        -0.3283280121         1.1213364319        -2.3950262451        -3.1397102620 
        9.7200000000        -0.3433771442         1.1034937715        -2.8598220232        -3.1301022351 
        9.7250000000        -0.3582201002         1.0932979656        -3.1254196106        -3.1365075864 
        9.7300000000        -0.3728479676         1.0805532081        -3.4574165950        -3.1429129376 
        9.7350000000        -0.3872519634         1.0729063537        -3.6566147856        -1.7497490499 
        9.7400000000        -0.4014234390         1.0780042567        -3.5238159919        -1.7305329963 
        9.7450000000        -0.4153538852         1.0601615963        -3.9886117699        -1.7529517255 
        9.7500001000        -0.4290352087         1.0525147418        -4.1878099606        -1.7561544011 
        9.7550000000        -0.4424583818         1.0576126448        -4.0550111668         3.1375339215 
        9.7600000000        -0.4556161577         1.0372210329        -4.5862063418         3.1279258947 
        9.7650000000        -0.4685003650         1.0601615963        -3.9886117699         3.1471419483 
        9.7700000000        -0.4811032674         1.0244762754        -4.9182033261         3.1343312459 
        9.7750121000        -0.4934467414         1.0448678873        -4.3870081512         3.1471419483 
        9.7800040000        -0.5054445560         1.0321231299        -4.7190051355         3.1503446239 
        9.7850000000        -0.5171493451         1.0193783725        -5.0510021199         3.1407365971 
        9.7900000000        -0.5285531126         1.0015357121        -5.5157978979         3.1119125167 
        9.7950000000        -0.5396395172         1.0091825665        -5.3165997073         3.0830884363 
        9.8000000000        -0.5504019026         0.9785951487        -6.1133924698         3.0510616802 
        9.8050000000        -0.5608338064         0.9887909546        -5.8477948823         3.0190349242 
        9.8100000000        -0.5709289650         0.9709482942        -6.3125906604         2.9998188706 
        9.8150000000        -0.5806813169         0.9989867606        -5.5821972948         2.9613867633 
        9.8200000000        -0.5900850065         0.9480077309        -6.9101852322         2.9261573317 
        9.8250000000        -0.5991343874         0.9760461972        -6.1797918666         2.8941305756 
        9.8300000000        -0.6078240260         0.9480077309        -6.9101852322         2.8589011440 
        9.8350000000        -0.6161487048         0.9658503913        -6.4453894541         2.8140636855 
        9.8400000000        -0.6241034253         0.9250671675        -7.5077798040         2.7916449563 
        9.8450000000        -0.6316834112         0.9505566824        -6.8437858353         2.7596182003 
        9.8500000000        -0.6388841112         0.9174203130        -7.7069779946         2.7211860930 
        9.8550000000        -0.6457012018         0.9403608764        -7.1093834228         2.6923620126 
        9.8600000000        -0.6521305896         0.9225182160        -7.5741792009         2.6507272298 
        9.8650000000        -0.6581684144         0.9021266041        -8.1053743758         2.5930790689 
        9.8700000000        -0.6638110506         0.8868328952        -8.5037707571         2.5578496372 
        9.8750001000        -0.6690552112         0.8970287012        -8.2381731696         2.5162148544 
        9.8800000000        -0.6738974449         0.9148713616        -7.7733773915         2.4841880984 
        9.8850000000        -0.6783351467         0.8638923318        -9.1013653289         2.4425533155 
        9.8900000000        -0.6823655512         0.8995776526        -8.1717737727         2.3881078302 
        9.8950000000        -0.6859862383         0.8613433804        -9.1677647258         2.3592837498 
        9.9000000000        -0.6891950342         0.8638923318        -9.1013653289         2.3016355889 
        9.9050000000        -0.6919900121         0.8613433804        -9.1677647258         2.2600008061 
        9.9100000000        -0.6943694937         0.8409517685        -9.6989599007         2.2087579964 
        9.9150000000        -0.6963320505         0.8562454774        -9.3005635195         2.1639205380 
        9.9200000000        -0.6978765040         0.8435007200        -9.6325605038         2.1158804039 
        9.9250000000        -0.6990019268         0.8307559625        -9.9645574882         2.0710429455 
        9.9300000000        -0.6997076432         0.8409517685        -9.6989599007         2.0198001358 
        9.9350000000        -0.6999932295         0.8256580595       -10.0973562819         1.9653546505 
        9.9400000000        -0.6998585141         0.8180112051       -10.2965544725         1.9141118409 
        9.9450000000        -0.6993035780         0.8231091081       -10.1637556788         1.8564636800 
        9.9500000000        -0.6983287544         0.8078153991       -10.5621520600         1.8212342484 
        9.9550000000        -0.6969346286         0.8231091081       -10.1637556788         1.7603834119 
        9.9600000000        -0.6951220377         0.8078153991       -10.5621520600         1.7123432778 
        9.9650000000        -0.6928920700         0.8001685447       -10.7613502506         1.6611004682 
        9.9700000000        -0.6902460645         0.8103643506       -10.4957526631         1.6194656853 
        9.9750000000        -0.6871856100         0.7925216902       -10.9605484412         1.5618175245 
        9.9800012000        -0.6837116611         0.7848748358       -11.1597466318         1.5009666880 
        9.9850000000        -0.6798289518         0.7950706417       -10.8941490444         1.4561292295 
        9.9900000000        -0.6755371655         0.7950706417       -10.8941490444         1.4016837443 
        9.9950075000        -0.6708324124         0.7848748358       -11.1597466318         1.3472382590 
