           Time[sec]           V_{cmd}[V]          V_{gyro}[V] \omega_{gyro}[rad/s]          \theta[rad] 
        0.0000000000         0.0000000000         1.2207455399         0.1945502328        -0.0395202775 
        0.0050001000         0.0026389843         1.2054518309        -0.2038461484        -0.0587363311 
        0.0100001000         0.0052778784         1.2207455399         0.1945502328        -0.0395202775 
        0.0150001000         0.0079166975         1.2130986854        -0.0046479578        -0.0523309799 
        0.0200000000         0.0105553513         1.2156476369         0.0617514391        -0.0555336555 
        0.0250000000         0.0131939078         1.2105497339        -0.0710473547        -0.0491283043 
        0.0300000000         0.0158322768         1.2080007824        -0.1374467515        -0.0491283043 
        0.0350001000         0.0184704736         1.2156476369         0.0617514391        -0.0523309799 
        0.0400001000         0.0211083551         1.2130986854        -0.0046479578        -0.0491283043 
        0.0450001000         0.0237459366         1.2080007824        -0.1374467515        -0.0555336555 
        0.0500000000         0.0263831279         1.2105497339        -0.0710473547        -0.0555336555 
        0.0550000000         0.0290199969         1.2156476369         0.0617514391        -0.0459256287 
        0.0600000000         0.0316564536         1.2130986854        -0.0046479578        -0.0459256287 
        0.0650001000         0.0342925130         1.2130986854        -0.0046479578        -0.0491283043 
        0.0700001000         0.0369280323         1.2130986854        -0.0046479578        -0.0459256287 
        0.0750001000         0.0395630268         1.2156476369         0.0617514391        -0.0459256287 
        0.0800001000         0.0421974591         1.2513329577         0.9913429953        -0.0363176019 
        0.0850000000         0.0448312389         1.2895672300         1.9873339483        -0.0427229531 
        0.0900000000         0.0474644343         1.2487840062         0.9249435984        -0.0331149263 
        0.0950000000         0.0500969551         1.2538819092         1.0577423921        -0.0363176019 
        0.1000001000         0.0527288165         1.2640777151         1.3233399796        -0.0235068994 
        0.1050001000         0.0553598759         1.2615287636         1.2569405827        -0.0074935214 
        0.1100001000         0.0579901485         1.2691756181         1.4561387733        -0.0203042238 
        0.1150000000         0.0606195444         1.2742735211         1.5889375671         0.0085198566 
        0.1200000000         0.0632481313         1.2691756181         1.4561387733         0.0053171810 
        0.1250000000         0.0658758193         1.2768224726         1.6553369640         0.0085198566 
        0.1300001000         0.0685026236         1.2742735211         1.5889375671         0.0245332346 
        0.1350001000         0.0711284018         1.2666266666         1.3897393765         0.0213305590 
        0.1400001000         0.0737531691         1.2691756181         1.4561387733         0.0309385858 
        0.1450000000         0.0763768358         1.2564308607         1.1241417890         0.0277359102 
        0.1500000000         0.0789994694         1.2691756181         1.4561387733         0.0437492882 
        0.1550000000         0.0816209803         1.2640777151         1.3233399796         0.0469519638 
        0.1600001000         0.0842413836         1.2615287636         1.2569405827         0.0437492882 
        0.1650001000         0.0868605371         1.2717245696         1.5225381702         0.0597626663 
        0.1700001000         0.0894784563         1.2691756181         1.4561387733         0.0661680175 
        0.1750000000         0.0920950514         1.2615287636         1.2569405827         0.0661680175 
        0.1800001000         0.0947104422         1.2793714240         1.7217363608         0.0917894223 
        0.1850000000         0.0973243825         1.2691756181         1.4561387733         0.0853840711 
        0.1900001000         0.0999370440         1.2742735211         1.5889375671         0.0981947735 
        0.1950001000         0.1025482330         1.2717245696         1.5225381702         0.0981947735 
        0.2000001000         0.1051579646         1.2691756181         1.4561387733         0.1142081515 
        0.2050001000         0.1077662016         1.2768224726         1.6553369640         0.1238161783 
        0.2100001000         0.1103729070         1.2666266666         1.3897393765         0.1270188539 
        0.2150000000         0.1129779917         1.2768224726         1.6553369640         0.1398295564 
        0.2200000000         0.1155815228         1.2742735211         1.5889375671         0.1462349076 
        0.2250001000         0.1181834633         1.2742735211         1.5889375671         0.1558429344 
        0.2300001000         0.1207836721         1.2793714240         1.7217363608         0.1686536368 
        0.2350001000         0.1233821643         1.2819203755         1.7881357577         0.1686536368 
        0.2400001000         0.1259789029         1.2870182785         1.9209345514         0.1878696904 
        0.2450000000         0.1285737993         1.2819203755         1.7881357577         0.1878696904 
        0.2500000000         0.1311669202         1.2844693270         1.8545351546         0.1942750416 
        0.2550001000         0.1337582288         1.2870182785         1.9209345514         0.2038830684 
        0.2600030000         0.1363490857         1.2946651330         2.1201327420         0.2102884196 
        0.2650001000         0.1389350024         1.2768224726         1.6553369640         0.2134910952 
        0.2700000000         0.1415203941         1.2895672300         1.9873339483         0.2295044733 
        0.2750000000         0.1441038261         1.2921161815         2.0537333452         0.2391125001 
        0.2800000000         0.1466852102         1.2946651330         2.1201327420         0.2583285537 
        0.2850001000         0.1492645610         1.2972140844         2.1865321389         0.2711392561 
        0.2900001000         0.1518417389         1.2946651330         2.1201327420         0.2711392561 
        0.2950001000         0.1544167588         1.2895672300         1.9873339483         0.2743419317 
        0.3000000000         0.1569895327         1.2972140844         2.1865321389         0.2903553097 
        0.3050000000         0.1595601268         1.3048609389         2.3857303295         0.3063686878 
        0.3100000000         0.1621284533         1.3048609389         2.3857303295         0.3191793902 
        0.3150001000         0.1646945268         1.2972140844         2.1865321389         0.3127740390 
        0.3200001000         0.1672582083         1.2946651330         2.1201327420         0.3351927682 
        0.3250001000         0.1698195128         1.3048609389         2.3857303295         0.3448007950 
        0.3300001000         0.1723784037         1.3023119874         2.3193309326         0.3736248754 
        0.3354856000         0.1751829433         1.3023119874         2.3193309326         0.3576114974 
        0.3400000000         0.1774887485         1.3023119874         2.3193309326         0.3832329022 
        0.3450000000         0.1800401808         1.3023119874         2.3193309326         0.3896382535 
        0.3500001000         0.1825891053         1.2921161815         2.0537333452         0.3896382535 
        0.3550001000         0.1851353839         1.3023119874         2.3193309326         0.4024489559 
        0.3600001000         0.1876790312         1.3099588419         2.5185291233         0.4312730363 
        0.3650000000         0.1902199605         1.3150567448         2.6513279170         0.4312730363 
        0.3700000000         0.1927582371         1.3048609389         2.3857303295         0.4440837387 
        0.3750000000         0.1952937742         1.3125077934         2.5849285201         0.4600971167 
        0.3800001000         0.1978265864         1.3125077934         2.5849285201         0.4665024679 
        0.3850001000         0.2003565363         1.3252525508         2.9169255045         0.4889211972 
        0.3900001000         0.2028836388         1.3074098904         2.4521297264         0.5017318996 
        0.3950000000         0.2054078073         1.3354483567         3.1825230919         0.5209479532 
        0.4000000000         0.2079291071         1.3176056963         2.7177273139         0.5273533044 
        0.4050000000         0.2104474517         1.3328994052         3.1161236951         0.5305559800 
        0.4100001000         0.2129628557         1.3227035993         2.8505261076         0.5465693580 
        0.4150001000         0.2154751827         1.3354483567         3.1825230919         0.5817987897 
        0.4200001000         0.2179844473         1.3252525508         2.9169255045         0.5785961141 
        0.4250000000         0.2204905638         1.3328994052         3.1161236951         0.5978121677 
        0.4300000000         0.2229935967         1.3405462597         3.3153218857         0.6202308969 
        0.4350000000         0.2254934604         1.3354483567         3.1825230919         0.6298389237 
        0.4400001000         0.2279901693         1.3328994052         3.1161236951         0.6458523018 
        0.4450001000         0.2304835880         1.3481931142         3.5145200763         0.6618656798 
        0.4500001000         0.2329737309         1.3481931142         3.5145200763         0.6778790578 
        0.4550001000         0.2354605628         1.3558399686         3.7137182669         0.6906897602 
        0.4600000000         0.2379439987         1.3379973082         3.2489224888         0.7099058138 
        0.4650000000         0.2404241025         1.3430952112         3.3817212826         0.7355272187 
        0.4700000000         0.2429007894         1.3328994052         3.1161236951         0.7355272187 
        0.4750001000         0.2453740736         1.3328994052         3.1161236951         0.7611486235 
        0.4800001000         0.2478438209         1.3507420656         3.5809194732         0.7771620015 
        0.4850001000         0.2503100458         1.3456441627         3.4481206794         0.7963780551 
        0.4900000000         0.2527726641         1.3558399686         3.7137182669         0.8155941088 
        0.4950000000         0.2552317392         1.3558399686         3.7137182669         0.8412155136 
        0.5000000000         0.2576871869         1.3532910171         3.6473188700         0.8540262160 
        0.5050001000         0.2601390212         1.3558399686         3.7137182669         0.8668369184 
        0.5100001000         0.2625871094         1.3634868231         3.9129164575         0.8892556476 
        0.5150001000         0.2650314656         1.3558399686         3.7137182669         0.9052690257 
        0.5200000000         0.2674720064         1.3634868231         3.9129164575         0.9244850793 
        0.5250000000         0.2699087946         1.3532910171         3.6473188700         0.9437011329 
        0.5300000000         0.2723417468         1.3762315805         4.2449134419         0.9629171865 
        0.5350001000         0.2747708770         1.3532910171         3.6473188700         0.9885385914 
        0.5400001000         0.2771960535         1.3762315805         4.2449134419         1.0045519694 
        0.5450001000         0.2796172904         1.3634868231         3.9129164575         1.0173626718 
        0.5500000000         0.2820345050         1.3838784350         4.4441116325         1.0397814010 
        0.5550000000         0.2844477597         1.3583889201         3.7801176638         1.0557947790 
        0.5600000000         0.2868569717         1.3762315805         4.2449134419         1.0878215351 
        0.5650001000         0.2892621549         1.3660357746         3.9793158544         1.1006322375 
        0.5700001000         0.2916631789         1.3787805320         4.3113128387         1.1134429399 
        0.5750001000         0.2940600578         1.3634868231         3.9129164575         1.1422670204 
        0.5800001000         0.2964527574         1.3762315805         4.2449134419         1.1582803984 
        0.5850000000         0.2988411960         1.3609378716         3.8465170606         1.1839018032 
        0.5900000000         0.3012254352         1.3889763379         4.5769104262         1.2063205324 
        0.5950000000         0.3036053934         1.3660357746         3.9793158544         1.2287392617 
        0.6000555000         0.3060073820         1.3966231924         4.7761086168         1.2575633421 
        0.6050001000         0.3083523786         1.3762315805         4.2449134419         1.2607660177 
        0.6100039000         0.3107210879         1.3864273864         4.5105110293         1.2831847469 
        0.6150000000         0.3130817397         1.3864273864         4.5105110293         1.3216168542 
        0.6200000000         0.3154397863         1.3915252894         4.6433098231         1.3312248810 
        0.6250000000         0.3177933498         1.3966231924         4.7761086168         1.3536436102 
        0.6300001000         0.3201424437         1.3991721439         4.8425080137         1.3888730418 
        0.6350001000         0.3224869407         1.3838784350         4.4441116325         1.3984810687 
        0.6400001000         0.3248268544         1.4042700468         4.9753068074         1.4369131759 
        0.6450000000         0.3271621049         1.3889763379         4.5769104262         1.4497238783 
        0.6500000000         0.3294927525         1.4042700468         4.9753068074         1.4721426075 
        0.6550000000         0.3318187173         1.3864273864         4.5105110293         1.4945613368 
        0.6600001000         0.3341400125         1.3940742409         4.7097092199         1.5201827416 
        0.6650001000         0.3364565125         1.4042700468         4.9753068074         1.5490068220 
        0.6700001000         0.3387682306         1.4093679498         5.1081056012         1.5714255513 
        0.6750000000         0.3410750880         1.3940742409         4.7097092199         1.5810335781 
        0.6800000000         0.3433771442         1.4017210954         4.9089074106         1.6098576585 
        0.6850000000         0.3456743202         1.3864273864         4.5105110293         1.6290737121 
        0.6900001000         0.3479666291         1.4170148043         5.3073037918         1.6611004682 
        0.6950001000         0.3502539469         1.4017210954         4.9089074106         1.6707084950 
        0.7000001000         0.3525362867         1.3966231924         4.7761086168         1.6963298998 
        0.7050001000         0.3548136163         1.4068189983         5.0417062043         1.7315593315 
        0.7100000000         0.3570858577         1.4068189983         5.0417062043         1.7635860875 
        0.7150000000         0.3593530697         1.4068189983         5.0417062043         1.7828021411 
        0.7200000000         0.3616151744         1.3915252894         4.6433098231         1.8020181947 
        0.7250001000         0.3638721849         1.4272106102         5.5729013792         1.8276395996 
        0.7300001000         0.3661239788         1.4042700468         4.9753068074         1.8628690312 
        0.7350001000         0.3683705692         1.4374064162         5.8384989667         1.8852877604 
        0.7408564000         0.3709952514         1.3991721439         4.8425080137         1.9077064897 
        0.7450000000         0.3728479675         1.4221127072         5.4401025855         1.9301252189 
        0.7500000000         0.3750787565         1.4093679498         5.1081056012         1.9589492993 
        0.7550001000         0.3773042592         1.4348574647         5.7720995699         1.9877733798 
        0.7600001000         0.3795243550         1.3889763379         4.5769104262         2.0133947846 
        0.7650001000         0.3817390570         1.4246616587         5.5065019824         2.0326108382 
        0.7700000000         0.3839482895         1.4093679498         5.1081056012         2.0582322430 
        0.7750000000         0.3861521094         1.4272106102         5.5729013792         2.1062723771 
        0.7800000000         0.3883504413         1.4017210954         4.9089074106         2.1190830795 
        0.7850001000         0.3905432977         1.4195637558         5.3737031886         2.1382991331 
        0.7900001000         0.3927305596         1.4068189983         5.0417062043         2.1607178624 
        0.7950001000         0.3949122400         1.4348574647         5.7720995699         2.1991499696 
        0.8000000000         0.3970882644         1.4297595617         5.6393007761         2.2375820769 
        0.8050000000         0.3992586888         1.4195637558         5.3737031886         2.2535954549 
        0.8100000000         0.4014234389         1.4425043191         5.9712977605         2.2888248865 
        0.8150001000         0.4035825270         1.4450532706         6.0376971573         2.3208516426 
        0.8200001000         0.4057358360         1.4374064162         5.8384989667         2.3496757230 
        0.8250001000         0.4078833787         1.4348574647         5.7720995699         2.3624864254 
        0.8300001000         0.4100251244         1.4272106102         5.5729013792         2.3849051546 
        0.8350001000         0.4121610427         1.4552490766         6.3032947448         2.4265399375 
        0.8400000000         0.4142910608         1.4450532706         6.0376971573         2.4553640179 
        0.8450000000         0.4164152336         1.4348574647         5.7720995699         2.4841880984 
        0.8500001000         0.4185335304         1.4348574647         5.7720995699         2.5130121788 
        0.8550001000         0.4206458366         1.4603469795         6.4360935385         2.5514442860 
        0.8600001000         0.4227521645         1.4450532706         6.0376971573         2.5834710421 
        0.8650000000         0.4248524421         1.4527001251         6.2368953479         2.6090924469 
        0.8700000000         0.4269467238         1.4399553677         5.9048983636         2.6379165273 
        0.8750000000         0.4290349376         1.4628959310         6.5024929354         2.6699432834 
        0.8800568000         0.4311406715         1.4425043191         5.9712977605         2.7019700394 
        0.8850001000         0.4331930844         1.4450532706         6.0376971573         2.7307941198 
        0.8900001000         0.4352629167         1.4577980281         6.3696941417         2.7628208759 
        0.8950000000         0.4373265218         1.4527001251         6.2368953479         2.7916449563 
        0.9000000000         0.4393839529         1.4603469795         6.4360935385         2.8332797392 
        0.9050000000         0.4414351393         1.4628959310         6.5024929354         2.8653064952 
        0.9100001000         0.4434800928         1.4679938340         6.6352917292         2.8973332512 
        0.9150001000         0.4455187026         1.4705427855         6.7016911260         2.9293600073 
        0.9200001000         0.4475509805         1.4603469795         6.4360935385         2.9645894389 
        0.9250000000         0.4495768572         1.4832875429         7.0336881104         3.0062242218 
        0.9300000000         0.4515963851         1.4883854459         7.1664869041         3.0414536534 
        0.9350000000         0.4536094948         1.4756406885         6.8344899198         3.0702777339 
        0.9400001000         0.4556161977         1.4781896399         6.9008893166         3.0958991387 
        0.9450001000         0.4576163851         1.4960323003         7.3656850947         3.1407365971 
        0.9500001000         0.4596100688         1.4705427855         6.7016911260         3.1311285703 
        0.9550001000         0.4615972204         1.4756406885         6.8344899198         3.1311285703 
        0.9600001000         0.4635778117         1.4985812518         7.4320844916         3.1407365971 
        0.9650000000         0.4655517752         1.4858364944         7.1000875072        -1.7529517255 
        0.9700000000         0.4675191616         1.5011302033         7.4984838885        -1.7529517255 
        0.9750001000         0.4694799427         1.4960323003         7.3656850947        -1.7625597523 
        0.9800001000         0.4714340122         1.4985812518         7.4320844916        -3.1397102620 
        0.9850001000         0.4733813816         1.5164239122         7.8968802697        -3.1301022351 
        0.9900000000         0.4753219844         1.5164239122         7.8968802697        -3.1397102620 
        0.9950000000         0.4772558707         1.5062281063         7.6312826822        -3.1397102620 
        1.0000000000         0.4791829742         1.5164239122         7.8968802697        -3.1044808303 
        1.0050040000         0.4811048008         1.5062281063         7.6312826822        -3.0820621011 
        1.0100001000         0.4830167612         1.5189728637         7.9632796665        -3.0308192914 
        1.0150001000         0.4849233520         1.5087770578         7.6976820791        -3.0019952110 
        1.0200001000         0.4868230510         1.5368155241         8.4280754446        -2.9475497257 
        1.0250000000         0.4887157933         1.5215218152         8.0296790634        -2.9027122673 
        1.0300000000         0.4906016278         1.5215218152         8.0296790634        -2.8738881868 
        1.0350001000         0.4924805273         1.5189728637         7.9632796665        -2.8322534040 
        1.0400001000         0.4943523899         1.5419134271         8.5608742384        -2.7842132699 
        1.0450001000         0.4962172267         1.5317176211         8.2952766509        -2.7425784871 
        1.0500000000         0.4980749740         1.5215218152         8.0296790634        -2.7137544067 
        1.0550000000         0.4999256799         1.5368155241         8.4280754446        -2.6593089214 
        1.0600000000         0.5017692806         1.5419134271         8.5608742384        -2.6240794897 
        1.0650001000         0.5036057868         1.5317176211         8.2952766509        -2.5856473825 
        1.0700001000         0.5054350988         1.5393644756         8.4944748415        -2.5536206265 
        1.0750001000         0.5072572275         1.5368155241         8.4280754446        -2.4959724656 
        1.0800001000         0.5090721469         1.5470113301         8.6936730321        -2.4575403583 
        1.0850000000         0.5108797952         1.5266197182         8.1624778572        -2.4191082511 
        1.0900000000         0.5126802190         1.5572071360         8.9592706196        -2.3742707926 
        1.0950000000         0.5144733565         1.5342665726         8.3616760478        -2.3294333342 
        1.1000001000         0.5162592178         1.5521092330         8.8264718258        -2.2910012269 
        1.1050001000         0.5180377061         1.5521092330         8.8264718258        -2.2333530661 
        1.1100001000         0.5198088320         1.5648539905         9.1584688102        -2.2013263100 
        1.1150000000         0.5215725350         1.5546581845         8.8928712227        -2.1596915272 
        1.1200000000         0.5233288607         1.5623050390         9.0920694133        -2.1084487175 
        1.1250000000         0.5250777487         1.5546581845         8.8928712227        -2.0732192859 
        1.1300001000         0.5268192090         1.5470113301         8.6936730321        -2.0283818274 
        1.1350001000         0.5285531471         1.5674029419         9.2248682071        -1.9835443690 
        1.1400001000         0.5302795733         1.5623050390         9.0920694133        -1.9419095861 
        1.1450001000         0.5319984630         1.5648539905         9.1584688102        -1.9002748033 
        1.1500000000         0.5337097577         1.5546581845         8.8928712227        -1.8618426960 
        1.1550001000         0.5354135355         1.5699518934         9.2912676039        -1.7977891840 
        1.1600001000         0.5371096698         1.5801476994         9.5568651914        -1.7593570767 
        1.1650001000         0.5387981705         1.5623050390         9.0920694133        -1.7209249695 
        1.1700001000         0.5404790137         1.5546581845         8.8928712227        -1.6824928622 
        1.1750000000         0.5421521421         1.5801476994         9.5568651914        -1.6216420257 
        1.1800000000         0.5438175989         1.5699518934         9.2912676039        -1.5864125941 
        1.1850000000         0.5454753269         1.5877945538         9.7560633820        -1.5415751357 
        1.1900001000         0.5471253353         1.5801476994         9.5568651914        -1.4839269748 
        1.1950001000         0.5487675348         1.5801476994         9.5568651914        -1.4454948675 
        1.2000001000         0.5504019351         1.5775987479         9.4904657945        -1.4038600847 
        1.2050001000         0.5520285130         1.5826966509         9.6232645883        -1.3494145994 
        1.2100000000         0.5536472130         1.5877945538         9.7560633820        -1.3045771410 
        1.2150000000         0.5552580769         1.5775987479         9.4904657945        -1.2629423581 
        1.2200000000         0.5568610494         1.6056372142        10.2208591601        -1.1956861704 
        1.2250001000         0.5584561395         1.5903435053         9.8224627789        -1.1668620900 
        1.2300001000         0.5600432607         1.5801476994         9.5568651914        -1.1220246316 
        1.2350001000         0.5616224224         1.6107351172        10.3536579538        -1.0643764707 
        1.2400000000         0.5631935709         1.5877945538         9.7560633820        -1.0195390122 
        1.2450000000         0.5647567467         1.5852456023         9.6896639851        -0.9811069050 
        1.2500000000         0.5663118961         1.6005393113        10.0880603664        -0.9234587441 
        1.2550001000         0.5678590277         1.6107351172        10.3536579538        -0.8690132589 
        1.2600001000         0.5693980578         1.6081861657        10.2872585570        -0.8209731248 
        1.2650001000         0.5709289955         1.6081861657        10.2872585570        -0.7761356663 
        1.2700001000         0.5724518190         1.6081861657        10.2872585570        -0.7345008835 
        1.2750000000         0.5739664765         1.6005393113        10.0880603664        -0.6736500470 
        1.2800001000         0.5754730371         1.6209309231        10.6192555413        -0.6256099130 
        1.2850001000         0.5769713888         1.6081861657        10.2872585570        -0.5807724545 
        1.2900001000         0.5784615404         1.6107351172        10.3536579538        -0.5295296448 
        1.2950001000         0.5799434707         1.6183819717        10.5528561444        -0.4782868352 
        1.3000000000         0.5814171294         1.6209309231        10.6192555413        -0.4270440255 
        1.3050000000         0.5828825545         1.6081861657        10.2872585570        -0.3886119183 
        1.3100000000         0.5843396955         1.6056372142        10.2208591601        -0.3373691086 
        1.3150001000         0.5857885606         1.6183819717        10.5528561444        -0.2829236234 
        1.3206164000         0.5874060513         1.6107351172        10.3536579538        -0.2124647601 
        1.3250001000         0.5886612362         1.6362246321        11.0176519225        -0.1644246260 
        1.3300002000         0.5900850633         1.6183819717        10.5528561444        -0.1259925188 
        1.3350000000         0.5915004189         1.6209309231        10.6192555413        -0.0843577359 
        1.3400000000         0.5929074249         1.6209309231        10.6192555413        -0.0235068994 
        1.3450000000         0.5943060043         1.6158330202        10.4864567476         0.0245332346 
        1.3500001000         0.5956961650         1.6158330202        10.4864567476         0.0661680175 
        1.3550001000         0.5970778316         1.6209309231        10.6192555413         0.1238161783 
        1.3600001000         0.5984510125         1.6234798746        10.6856549382         0.1782616636 
        1.3650000000         0.5998156609         1.6081861657        10.2872585570         0.2295044733 
        1.3700000000         0.6011718119         1.6413225350        11.1504507163         0.2839499585 
        1.3750000000         0.6025194189         1.6030882627        10.1544597632         0.3351927682 
        1.3800001000         0.6038584895         1.6234798746        10.6856549382         0.3928409291 
        1.3850001000         0.6051889511         1.6311267291        10.8848531288         0.4440837387 
        1.3900001000         0.6065108115         1.6183819717        10.5528561444         0.4825158460 
        1.3950001000         0.6078240522         1.6311267291        10.8848531288         0.5465693580 
        1.4000000000         0.6091286283         1.6183819717        10.5528561444         0.5882041409 
        1.4050001000         0.6104245993         1.6387735836        11.0840513194         0.6458523018 
        1.4100001000         0.6117118689         1.6234798746        10.6856549382         0.6938924358 
        1.4150001000         0.6129904446         1.6183819717        10.5528561444         0.7387298943 
        1.4200001000         0.6142603084         1.6260288261        10.7520543351         0.8027834063 
        1.4250000000         0.6155214171         1.6387735836        11.0840513194         0.8540262160 
        1.4300000000         0.6167738032         1.6285777776        10.8184537319         0.9084717013 
        1.4350000000         0.6180174236         1.6311267291        10.8848531288         0.9565118353 
        1.4400001000         0.6192522851         1.6387735836        11.0840513194         1.0205653474 
        1.4450001000         0.6204783210         1.6183819717        10.5528561444         1.0557947790 
        1.4500001000         0.6216955384         1.6438714865        11.2168501131         1.1198482911 
        1.4550001000         0.6229039202         1.6209309231        10.6192555413         1.1678884252 
        1.4600000000         0.6241034253         1.6387735836        11.0840513194         1.2191312348 
        1.4650000000         0.6252940845         1.6336756806        10.9512525257         1.2799820713 
        1.4700000000         0.6264758569         1.6438714865        11.2168501131         1.3344275566 
        1.4750001000         0.6276487491         1.6209309231        10.6192555413         1.3888730418 
        1.4800001000         0.6288126975         1.6387735836        11.0840513194         1.4529265539 
        1.4850001000         0.6299677090         1.6311267291        10.8848531288         1.4881559856 
        1.4900000000         0.6311137445         1.6336756806        10.9512525257         1.5490068220 
        1.4950000000         0.6322508335         1.6489693895        11.3496489069         1.6098576585 
        1.5000000000         0.6333789367         1.6209309231        10.6192555413         1.6450870902 
        1.5050001000         0.6344980606         1.6336756806        10.9512525257         1.6963298998 
        1.5100001000         0.6356081443         1.5928924568         9.8888621758         1.7507753851 
        1.5150001000         0.6367091947         1.6489693895        11.3496489069         1.8116262215 
        1.5200001000         0.6378011960         1.6158330202        10.4864567476         1.8628690312 
        1.5250000000         0.6388841112         1.6515183410        11.4160483038         1.9301252189 
        1.5300001000         0.6399579895         1.6158330202        10.4864567476         1.9813680286 
        1.5350001000         0.6410227511         1.6515183410        11.4160483038         2.0230028114 
        1.5400001000         0.6420784023         1.5954414083         9.9552615726         2.0838536479 
        1.5450001000         0.6431249282         1.6387735836        11.0840513194         2.1382991331 
        1.5500000000         0.6441622932         1.6311267291        10.8848531288         2.1991499696 
        1.5550000000         0.6451905240         1.6311267291        10.8848531288         2.2471901037 
        1.5600000000         0.6462095853         1.6209309231        10.6192555413         2.2920275621 
        1.5650001000         0.6472194825         1.6336756806        10.9512525257         2.3496757230 
        1.5700001000         0.6482201611         1.6260288261        10.7520543351         2.4137292351 
        1.5750001000         0.6492116271         1.6311267291        10.8848531288         2.4649720447 
        1.5800001000         0.6501938663         1.6464204380        11.2832495100         2.5194175300 
        1.5850000000         0.6511668454         1.6260288261        10.7520543351         2.5706603397 
        1.5900000000         0.6521305896         1.6515183410        11.4160483038         2.6187004737 
        1.5950000000         0.6530850655         1.6362246321        11.0176519225         2.6859566614 
        1.6000001000         0.6540302785         1.6260288261        10.7520543351         2.7371994711 
        1.6050001000         0.6549661773         1.6515183410        11.4160483038         2.8012529831 
        1.6100001000         0.6558927675         1.6234798746        10.6856549382         2.8492931172 
        1.6150000000         0.6568100179         1.6489693895        11.3496489069         2.9229546561 
        1.6200000000         0.6577179519         1.6591651954        11.6152464944         2.9709947901 
        1.6250000000         0.6586165383         1.6413225350        11.1504507163         3.0286429510 
        1.6300001000         0.6595057820         1.6489693895        11.3496489069         3.0862911119 
        1.6350001000         0.6603856347         1.6438714865        11.2168501131         3.1311285703 
        1.6400001000         0.6612561020         1.6515183410        11.4160483038         3.1407365971 
        1.6450001000         0.6621171713         1.6489693895        11.3496489069         3.1375339215 
        1.6500000000         0.6629688135         1.6566162440        11.5488470975        -1.7689651035 
        1.6550001000         0.6638110673         1.6515183410        11.4160483038        -3.1301022351 
        1.6600001000         0.6646438700         1.6617141469        11.6816458912        -3.1365075864 
        1.6650001000         0.6654672267         1.6489693895        11.3496489069        -3.1397102620 
        1.6700001000         0.6662811255         1.6719099529        11.9472434787        -3.1172915327 
        1.6750000000         0.6670855391         1.6438714865        11.2168501131        -3.0660487231 
        1.6800000000         0.6678804880         1.6846547103        12.2792404631        -2.9923871842 
        1.6850000000         0.6686659449         1.6591651954        11.6152464944        -2.9315363477 
        1.6900001000         0.6694419140         1.6617141469        11.6816458912        -2.8866988893 
        1.6950001000         0.6702083533         1.6693610014        11.8808440818        -2.8130373504 
        1.7000001000         0.6709652674         1.6489693895        11.3496489069        -2.7681998919 
        1.7050001000         0.6717126455         1.6693610014        11.8808440818        -2.7073490554 
        1.7100000000         0.6724504626         1.6693610014        11.8808440818        -2.6464982190 
        1.7150000000         0.6731787374         1.6770078558        12.0800422724        -2.5760393557 
        1.7200000000         0.6738974449         1.6897526133        12.4120392568        -2.5215938704 
        1.7250001000         0.6746065889         1.6693610014        11.8808440818        -2.4703510608 
        1.7300001000         0.6753061310         1.6617141469        11.6816458912        -2.4030948731 
        1.7350001000         0.6759960754         1.6897526133        12.4120392568        -2.3518520634 
        1.7400000000         0.6766763990         1.6795568073        12.1464416693        -2.2749878489 
        1.7450000000         0.6773471192         1.6795568073        12.1464416693        -2.2237450393 
        1.7500000000         0.6780082128         1.6897526133        12.4120392568        -2.1628942028 
        1.7550001000         0.6786596833         1.6642630984        11.7480452881        -2.1020433663 
        1.7600001000         0.6793014955         1.6846547103        12.2792404631        -2.0443952055 
        1.7650001000         0.6799336532         1.6897526133        12.4120392568        -1.9867470446 
        1.7700001000         0.6805561476         1.6923015648        12.4784386537        -1.9290988837 
        1.7750000000         0.6811689577         1.6821057588        12.2128410662        -1.8682480472 
        1.7800001000         0.6817721111         1.6872036618        12.3456398599        -1.8073972108 
        1.7850001000         0.6823655629         1.6923015648        12.4784386537        -1.7465463743 
        1.7900001000         0.6829493168         1.6923015648        12.4784386537        -1.6856955378 
        1.7950001000         0.6835233644         1.6973994677        12.6112374474        -1.6248447014 
        1.8000000000         0.6840876865         1.6897526133        12.4120392568        -1.5671965405 
        1.8050000000         0.6846422976         1.6999484192        12.6776368443        -1.5031430284 
        1.8100000000         0.6851871783         1.6999484192        12.6776368443        -1.4422921919 
        1.8150001000         0.6857223317         1.6872036618        12.3456398599        -1.3782386799 
        1.8200001000         0.6862477286         1.7075952737        12.8768350349        -1.3269958702 
        1.8250001000         0.6867633724         1.6973994677        12.6112374474        -1.2533343313 
        1.8300001000         0.6872692558         1.7050463222        12.8104356380        -1.1988888460 
        1.8350000000         0.6877653618         1.6923015648        12.4784386537        -1.1380380096 
        1.8400000000         0.6882517031         1.7024973707        12.7440362411        -1.0611737951 
        1.8450000000         0.6887282628         1.7228889826        13.2752314161        -1.0035256342 
        1.8500001000         0.6891950434         1.7075952737        12.8768350349        -0.9426747977 
        1.8550001000         0.6896520196         1.7228889826        13.2752314161        -0.8882293125 
        1.8600001000         0.6900991943         1.7024973707        12.7440362411        -0.8273784760 
        1.8650000000         0.6905365525         1.7050463222        12.8104356380        -0.7633249639 
        1.8700000000         0.6909641055         1.7101442252        12.9432344317        -0.7120821543 
        1.8750000000         0.6913818384         1.7050463222        12.8104356380        -0.6448259666 
        1.8800001000         0.6917897533         1.7254379341        13.3416308130        -0.5743671033 
        1.8850001000         0.6921878280         1.7126931766        13.0096338286        -0.5039082400 
        1.8900001000         0.6925760653         1.7228889826        13.2752314161        -0.4494627547 
        1.8950001000         0.6929544595         1.7101442252        12.9432344317        -0.3854092427 
        1.9000000000         0.6933229980         1.7075952737        12.8768350349        -0.3245584062 
        1.9050001000         0.6936816974         1.7432805945        13.8064265910        -0.2508968673 
        1.9100001000         0.6940305308         1.7101442252        12.9432344317        -0.1900460308 
        1.9150001000         0.6943695004         1.7330847885        13.5408290036        -0.1323978700 
        1.9200001000         0.6946986016         1.7126931766        13.0096338286        -0.0715470335 
        1.9250000000         0.6950178232         1.6948505162        12.5448380505        -0.0106961970 
        1.9300000000         0.6953271736         1.7254379341        13.3416308130         0.0469519638 
        1.9350000000         0.6956266418         1.7024973707        12.7440362411         0.1174108271 
        1.9400001000         0.6959162294         1.7228889826        13.2752314161         0.1750589880 
        1.9450001000         0.6961959205         1.7050463222        12.8104356380         0.2423151757 
        1.9500001000         0.6964657172         1.7228889826        13.2752314161         0.3063686878 
        1.9550001000         0.6967256155         1.7024973707        12.7440362411         0.3608141730 
        1.9600000000         0.6969756070         1.7254379341        13.3416308130         0.4312730363 
        1.9650000000         0.6972156979         1.7152421281        13.0760332255         0.5081372508 
        1.9700000000         0.6974458799         1.7126931766        13.0096338286         0.5497720336 
        1.9750001000         0.6976661539         1.7024973707        12.7440362411         0.6234335725 
        1.9800001000         0.6978765081         1.7101442252        12.9432344317         0.6810817334 
        1.9850001000         0.6980769439         1.7177910796        13.1424326224         0.7515405967 
        1.9900000000         0.6982674547         1.7177910796        13.1424326224         0.8187967844 
        1.9950000000         0.6984480456         1.7305358370        13.4744296067         0.8924583233 
        2.0000470000         0.6986202670         1.7152421281        13.0760332255         0.9437011329 
        2.0050001000         0.6987794484         1.7177910796        13.1424326224         1.0173626718 
        2.0100001000         0.6989302525         1.7177910796        13.1424326224         1.0718081571 
        2.0150001000         0.6990711231         1.7228889826        13.2752314161         1.1390643447 
        2.0200001000         0.6992020585         1.7203400311        13.2088320192         1.2063205324 
        2.0250000000         0.6993230543         1.7203400311        13.2088320192         1.2767793957 
        2.0300000000         0.6994341137         1.7075952737        12.8768350349         1.3312248810 
        2.0350001000         0.6995352345         1.7177910796        13.1424326224         1.3920757174 
        2.0400001000         0.6996264112         1.6999484192        12.6776368443         1.4593319051 
        2.0450001000         0.6997076447         1.7228889826        13.2752314161         1.5201827416 
        2.0500000000         0.6997789325         1.6973994677        12.6112374474         1.5810335781 
        2.0550000000         0.6998402764         1.7050463222        12.8104356380         1.6418844145 
        2.0600000000         0.6998916740         1.7126931766        13.0096338286         1.7059379266 
        2.0650001000         0.6999331254         1.7024973707        12.7440362411         1.7667887631 
        2.0700001000         0.6999646282         1.7024973707        12.7440362411         1.8372476264 
        2.0750001000         0.6999861829         1.7024973707        12.7440362411         1.8916931116 
        2.0800001000         0.6999977893         1.7024973707        12.7440362411         1.9461385969 
        2.0850000000         0.6999994473         1.6719099529        11.9472434787         2.0198001358 
        2.0900000000         0.6999911569         1.7305358370        13.4744296067         2.0838536479 
        2.0950000000         0.6999729180         1.6795568073        12.1464416693         2.1415018087 
        2.1000001000         0.6999447303         1.7228889826        13.2752314161         2.2183660232 
        2.1050001000         0.6999065953         1.6821057588        12.2128410662         2.2664061573 
        2.1100001000         0.6998585131         1.6999484192        12.6776368443         2.3336623450 
        2.1150000000         0.6998004856         1.6973994677        12.6112374474         2.3977158570 
        2.1200000000         0.6997325113         1.6923015648        12.4784386537         2.4553640179 
        2.1250000000         0.6996545923         1.7101442252        12.9432344317         2.5322282324 
        2.1300001000         0.6995667277         1.6846547103        12.2792404631         2.5866737177 
        2.1350001000         0.6994689225         1.7101442252        12.9432344317         2.6475245541 
        2.1400001000         0.6993611762         1.6923015648        12.4784386537         2.7211860930 
        2.1450000000         0.6992434930         1.7024973707        12.7440362411         2.7788342539 
        2.1500000000         0.6991158696         1.7075952737        12.8768350349         2.8524957928 
        2.1550000000         0.6989783103         1.7075952737        12.8768350349         2.9261573317 
        2.1600001000         0.6988308139         1.7203400311        13.2088320192         2.9774001413 
        2.1650001000         0.6986733885         1.6999484192        12.6776368443         3.0446563290 
        2.1700001000         0.6985060333         1.7126931766        13.0096338286         3.1183178679 
        2.1750000000         0.6983287545         1.7203400311        13.2088320192         3.1311285703 
        2.1800001000         0.6981415435         1.6999484192        12.6776368443         3.1279258947 
        2.1850000000         0.6979444182         1.7228889826        13.2752314161        -1.7593570767 
        2.1900001000         0.6977373654         1.7075952737        12.8768350349        -3.1429129376 
        2.1950001000         0.6975204002         1.7254379341        13.3416308130        -3.1301022351 
        2.2000001000         0.6972935218         1.7126931766        13.0096338286        -3.1429129376 
        2.2050001000         0.6970567332         1.7228889826        13.2752314161        -3.1044808303 
        2.2100000000         0.6968100430         1.7203400311        13.2088320192        -3.0308192914 
        2.2150000000         0.6965534447         1.7152421281        13.0760332255        -2.9667657794 
        2.2200000000         0.6962869469         1.7203400311        13.2088320192        -2.8931042405 
        2.2250001000         0.6960105477         1.7228889826        13.2752314161        -2.8226453772 
        2.2300001000         0.6957242620         1.7305358370        13.4744296067        -2.7489838383 
        2.2350001000         0.6954280885         1.7203400311        13.2088320192        -2.6945383530 
        2.2400000000         0.6951220377         1.7254379341        13.3416308130        -2.6240794897 
        2.2450000000         0.6948061017         1.7228889826        13.2752314161        -2.5536206265 
        2.2500000000         0.6944802909         1.7228889826        13.2752314161        -2.5055804924 
        2.2550001000         0.6941446032         1.7279868856        13.4080302098        -2.4255136023 
        2.2600001000         0.6937990568         1.7407316430        13.7400271942        -2.3518520634 
        2.2650001000         0.6934436500         1.7254379341        13.3416308130        -2.2942039026 
        2.2700000000         0.6930783952         1.7152421281        13.0760332255        -2.2333530661 
        2.2750000000         0.6927032830         1.7305358370        13.4744296067        -2.1660968784 
        2.2800000000         0.6923183260         1.7228889826        13.2752314161        -2.1020433663 
        2.2850001000         0.6919235216         1.7407316430        13.7400271942        -2.0283818274 
        2.2900001000         0.6915188912         1.7228889826        13.2752314161        -1.9707336666 
        2.2950001000         0.6911044329         1.7330847885        13.5408290036        -1.9130855057 
        2.3000000000         0.6906801609         1.7075952737        12.8768350349        -1.8394239668 
        2.3050001000         0.6902460558         1.7330847885        13.5408290036        -1.7753704547 
        2.3100000000         0.6898021582         1.7305358370        13.4744296067        -1.7081142671 
        2.3150001000         0.6893484391         1.7228889826        13.2752314161        -1.6504661062 
        2.3200001000         0.6888849318         1.7381826915        13.6736277973        -1.5832099185 
        2.3250001000         0.6884116339         1.7177910796        13.1424326224        -1.5223590820 
        2.3300001000         0.6879285522         1.7305358370        13.4744296067        -1.4583055700 
        2.3350000000         0.6874357034         1.7407316430        13.7400271942        -1.3846440311 
        2.3400000000         0.6869330749         1.7432805945        13.8064265910        -1.3141851678 
        2.3450000000         0.6864206836         1.7305358370        13.4744296067        -1.2533343313 
        2.3500001000         0.6858985261         1.7509274489        14.0056247817        -1.1764701168 
        2.3550001000         0.6853666309         1.7126931766        13.0096338286        -1.1188219559 
        2.3600001000         0.6848249951         1.7534764004        14.0720241785        -1.0515657683 
        2.3650000000         0.6842736375         1.7330847885        13.5408290036        -0.9939176074 
        2.3700000000         0.6837125440         1.7254379341        13.3416308130        -0.9298640953 
        2.3750000000         0.6831417334         1.7330847885        13.5408290036        -0.8658105832 
        2.3800001000         0.6825612021         1.7254379341        13.3416308130        -0.7921490444 
        2.3850001000         0.6819709816         1.7407316430        13.7400271942        -0.7248928567 
        2.3900001000         0.6813710688         1.7381826915        13.6736277973        -0.6672446958 
        2.3950000000         0.6807614845         1.7356337400        13.6072284004        -0.6095965349 
        2.4000000000         0.6801422130         1.7407316430        13.7400271942        -0.5231242936 
        2.4050000000         0.6795132752         1.7407316430        13.7400271942        -0.4590707816 
        2.4100001000         0.6788746671         1.7458295460        13.8728259879        -0.3854092427 
        2.4150001000         0.6782264234         1.7305358370        13.4744296067        -0.3309637574 
        2.4200001000         0.6775685406         1.7534764004        14.0720241785        -0.2605048941 
        2.4250000000         0.6769010414         1.7254379341        13.3416308130        -0.2028567333 
        2.4300001000         0.6762238952         1.7407316430        13.7400271942        -0.1291951944 
        2.4350000000         0.6755371655         1.7407316430        13.7400271942        -0.0747497091 
        2.4400001000         0.6748408073         1.7330847885        13.5408290036        -0.0074935214 
        2.4450001000         0.6741348720         1.7407316430        13.7400271942         0.0565599907 
        2.4500001000         0.6734193557         1.7330847885        13.5408290036         0.1238161783 
        2.4550001000         0.6726942686         1.7254379341        13.3416308130         0.1814643392 
        2.4600000000         0.6719596359         1.7075952737        12.8768350349         0.2679365805 
        2.4650000000         0.6712154385         1.7509274489        14.0056247817         0.3223820658 
        2.4700000000         0.6704617017         1.7101442252        12.9432344317         0.3800302266 
        2.4750001000         0.6696984207         1.7407316430        13.7400271942         0.4536917655 
        2.4800001000         0.6689256371         1.7126931766        13.0096338286         0.5177452776 
        2.4850001000         0.6681433465         1.7254379341        13.3416308130         0.5817987897 
        2.4900000000         0.6673515760         1.7203400311        13.2088320192         0.6554603286 
        2.4950000000         0.6665503053         1.7305358370        13.4744296067         0.7131084894 
        2.5000000000         0.6657395614         1.7305358370        13.4744296067         0.7867700283 
        2.5050001000         0.6649193394         1.7305358370        13.4744296067         0.8476208648 
        2.5100001000         0.6640896837         1.6999484192        12.6776368443         0.8988636745 
        2.5150001000         0.6632505898         1.7356337400        13.6072284004         0.9821332402 
        2.5200000000         0.6624020868         1.7152421281        13.0760332255         1.0365787254 
        2.5250000000         0.6615441526         1.7152421281        13.0760332255         1.0942268863 
        2.5300000000         0.6606768165         1.7228889826        13.2752314161         1.1678884252 
        2.5350001000         0.6598000730         1.7024973707        12.7440362411         1.2223339104 
        2.5400001000         0.6589139698         1.6973994677        12.6112374474         1.2927927737 
        2.5450001000         0.6580185019         1.7203400311        13.2088320192         1.3568462858 
        2.5500000000         0.6571137004         1.7101442252        12.9432344317         1.4144944467 
        2.5550001000         0.6561995234         1.7024973707        12.7440362411         1.4849533100 
        2.5600000000         0.6552760571         1.7050463222        12.8104356380         1.5458041464 
        2.5650001000         0.6543432408         1.6897526133        12.4120392568         1.6130603341 
        2.5700001000         0.6534011433         1.7050463222        12.8104356380         1.6643031438 
        2.5750092000         0.6524480196         1.6973994677        12.6112374474         1.7315593315 
        2.5800001000         0.6514891031         1.7050463222        12.8104356380         1.7828021411 
        2.5850106000         0.6505171410         1.6821057588        12.2128410662         1.8532610044 
        2.5900000000         0.6495400463         1.7050463222        12.8104356380         1.9205171921 
        2.5950000000         0.6485516542         1.6821057588        12.2128410662         1.9813680286 
        2.6000001000         0.6475540247         1.7024973707        12.7440362411         2.0390161894 
        2.6050001000         0.6465472119         1.6795568073        12.1464416693         2.1030697015 
        2.6100001000         0.6455312102         1.6948505162        12.5448380505         2.1639205380 
        2.6150000000         0.6445060547         1.6973994677        12.6112374474         2.2247713744 
        2.6200000000         0.6434717189         1.6770078558        12.0800422724         2.2856222109 
        2.6250000000         0.6424282380         1.6795568073        12.1464416693         2.3400676962 
        2.6300001000         0.6413756056         1.6923015648        12.4784386537         2.4073238839 
        2.6350001000         0.6403138787         1.6821057588        12.2128410662         2.4649720447 
        2.6400001000         0.6392430516         1.7050463222        12.8104356380         2.5450389348 
        2.6450000000         0.6381631612         1.6821057588        12.2128410662         2.5962817445 
        2.6500000000         0.6370741795         1.6821057588        12.2128410662         2.6571325810 
        2.6550000000         0.6359761436         1.6973994677        12.6112374474         2.7211860930 
        2.6600001000         0.6348690468         1.6846547103        12.2792404631         2.7724289027 
        2.6650001000         0.6337529491         1.7024973707        12.7440362411         2.8556984684 
        2.6700001000         0.6326278445         1.6846547103        12.2792404631         2.9101439537 
        2.6750000000         0.6314937716         1.6897526133        12.4120392568         2.9709947901 
        2.6800001000         0.6303506782         1.6846547103        12.2792404631         3.0382509778 
        2.6850000000         0.6291986720         1.6948505162        12.5448380505         3.0991018143 
        2.6900001000         0.6280376773         1.7024973707        12.7440362411         3.1471419483 
        2.6950001000         0.6268677798         1.6897526133        12.4120392568         3.1407365971 
        2.7000001000         0.6256889732         1.7101442252        12.9432344317        -1.7369383475 
        2.7050001000         0.6245012742         1.6693610014        11.8808440818        -1.7497490499 
        2.7100000000         0.6233047237         1.7101442252        12.9432344317        -3.1365075864 
        2.7150000000         0.6220992908         1.6821057588        12.2128410662        -3.1429129376 
        2.7200000000         0.6208850164         1.7050463222        12.8104356380        -3.1172915327 
        2.7250001000         0.6196618934         1.6948505162        12.5448380505        -3.0660487231 
        2.7300001000         0.6184299880         1.6770078558        12.0800422724        -3.0051978866 
        2.7350001000         0.6171892933         1.7075952737        12.8768350349        -2.9251309965 
        2.7400000000         0.6159398520         1.6744589044        12.0136428756        -2.8834962137 
        2.7450000000         0.6146816320         1.7152421281        13.0760332255        -2.8034293236 
        2.7500000000         0.6134146760         1.6795568073        12.1464416693        -2.7521865139 
        2.7550001000         0.6121389765         1.7024973707        12.7440362411        -2.6753222994 
        2.7600001000         0.6108546025         1.6846547103        12.2792404631        -2.6176741385 
        2.7650001000         0.6095615469         1.6821057588        12.2128410662        -2.5664313289 
        2.7700000000         0.6082598542         1.7024973707        12.7440362411        -2.5023778168 
        2.7750000000         0.6069494908         1.6821057588        12.2128410662        -2.4415269803 
        2.7800000000         0.6056305014         1.7024973707        12.7440362411        -2.3710681170 
        2.7850001000         0.6043028779         1.6897526133        12.4120392568        -2.3198253074 
        2.7900001000         0.6029666925         1.6719099529        11.9472434787        -2.2589744709 
        2.7950001000         0.6016219375         1.6897526133        12.4120392568        -2.1981236344 
        2.8000015000         0.6002682521         1.7024973707        12.7440362411        -2.1276647712 
        2.8050001000         0.5989067957         1.6923015648        12.4784386537        -2.0828273127 
        2.8100667000         0.5975181371         1.6821057588        12.2128410662        -2.0155711250 
        2.8150001000         0.5961576069         1.6897526133        12.4120392568        -1.9579229641 
        2.8200001000         0.5947702936         1.6973994677        12.6112374474        -1.8906667765 
        2.8250001000         0.5933745273         1.6923015648        12.4784386537        -1.8266132644 
        2.8300001000         0.5919703278         1.6973994677        12.6112374474        -1.7689651035 
        2.8350000000         0.5905577435         1.6795568073        12.1464416693        -1.7177222939 
        2.8400000000         0.5891367378         1.6795568073        12.1464416693        -1.6664794842 
        2.8450000000         0.5877073592         1.6948505162        12.5448380505        -1.5928179453 
        2.8500001000         0.5862695992         1.6795568073        12.1464416693        -1.5479804869 
        2.8550001000         0.5848235356         1.6973994677        12.6112374474        -1.4679135968 
        2.8600001000         0.5833691604         1.6973994677        12.6112374474        -1.4134681115 
        2.8650000000         0.5819065236         1.6897526133        12.4120392568        -1.3622253018 
        2.8700000000         0.5804355874         1.6872036618        12.3456398599        -1.2949691142 
        2.8750000000         0.5789564020         1.6821057588        12.2128410662        -1.2341182777 
        2.8800001000         0.5774689585         1.7024973707        12.7440362411        -1.1828754680 
        2.8850001000         0.5759733375         1.6897526133        12.4120392568        -1.1060112535 
        2.8900001000         0.5744695307         1.6948505162        12.5448380505        -1.0547684439 
        2.8950000000         0.5729575897         1.6923015648        12.4784386537        -0.9939176074 
        2.9000000000         0.5714374755         1.6770078558        12.0800422724        -0.9394721221 
        2.9050000000         0.5699092400         1.6973994677        12.6112374474        -0.8754186101 
        2.9100001000         0.5683728739         1.6897526133        12.4120392568        -0.8177704492 
        2.9150001000         0.5668284607         1.6770078558        12.0800422724        -0.7665276395 
        2.9200001000         0.5652759916         1.6872036618        12.3456398599        -0.7024741275 
        2.9250000000         0.5637155200         1.6821057588        12.2128410662        -0.6416232910 
        2.9300001000         0.5621469741         1.6821057588        12.2128410662        -0.5839751301 
        2.9350000000         0.5605705018         1.6846547103        12.2792404631        -0.5167189424 
        2.9400001000         0.5589859994         1.6923015648        12.4784386537        -0.4526654304 
        2.9450001000         0.5573935841         1.6846547103        12.2792404631        -0.4046252963 
        2.9500001000         0.5557932470         1.6795568073        12.1464416693        -0.3469771354 
        2.9550001000         0.5541850108         1.6923015648        12.4784386537        -0.2797209477 
        2.9600000000         0.5525689309         1.6642630984        11.7480452881        -0.2348834893 
        2.9650000000         0.5509449655         1.6693610014        11.8808440818        -0.1676273016 
        2.9700000000         0.5493131699         1.6795568073        12.1464416693        -0.1195871676 
        2.9750001000         0.5476735345         1.6744589044        12.0136428756        -0.0555336555 
        2.9800001000         0.5460261482         1.6821057588        12.2128410662         0.0085198566 
        2.9850001000         0.5443710017         1.6668120499        11.8144446850         0.0501546394 
        2.9900000000         0.5427081517         1.6617141469        11.6816458912         0.1110054759 
        2.9950000000         0.5410375555         1.6693610014        11.8808440818         0.1718563124 
        3.0000447000         0.5393442315         1.6566162440        11.5488470975         0.2263017977 
        3.0050001000         0.5376732851         1.6795568073        12.1464416693         0.2839499585 
        3.0100001000         0.5359796924         1.6566162440        11.5488470975         0.3480034706 
        3.0150001000         0.5342784822         1.6617141469        11.6816458912         0.3992462803 
        3.0200000000         0.5325697130         1.6413225350        11.1504507163         0.4440837387 
        3.0250000000         0.5308533407         1.6617141469        11.6816458912         0.5049345752 
        3.0300000000         0.5291294238         1.6591651954        11.6152464944         0.5689880873 
        3.0350001000         0.5273979521         1.6489693895        11.3496489069         0.6138255457 
        3.0400001000         0.5256590195         1.6591651954        11.6152464944         0.6778790578 
        3.0450001000         0.5239126160         1.6566162440        11.5488470975         0.7227165162 
        3.0500000000         0.5221588018         1.6413225350        11.1504507163         0.7835673527 
        3.0550001000         0.5203974962         1.6540672925        11.4824477006         0.8636342428 
        3.0600000000         0.5186288653         1.6591651954        11.6152464944         0.9116743769 
        3.0650001000         0.5168527926         1.6489693895        11.3496489069         0.9565118353 
        3.0700001000         0.5150694096         1.6413225350        11.1504507163         1.0109573206 
        3.0750001000         0.5132787065         1.6489693895        11.3496489069         1.0654028059 
        3.0800001000         0.5114807085         1.6617141469        11.6816458912         1.1230509667 
        3.0850000000         0.5096754774         1.5979903598        10.0216609695         1.1678884252 
        3.0900000000         0.5078629666         1.6489693895        11.3496489069         1.2255365860 
        3.0950000000         0.5060432380         1.6234798746        10.6856549382         1.2863874225 
        3.1000001000         0.5042162808         1.6438714865        11.2168501131         1.3408329078 
        3.1050001000         0.5023821940         1.6311267291        10.8848531288         1.3984810687 
        3.1100001000         0.5005409673         1.6132840687        10.4200573507         1.4433185271 
        3.1150000000         0.4986926638         1.6234798746        10.6856549382         1.4913586612 
        3.1200000000         0.4968372359         1.5852456023         9.6896639851         1.5490068220 
        3.1250000000         0.4949747468         1.6413225350        11.1504507163         1.5906416049 
        3.1300001000         0.4931051856         1.5954414083         9.9552615726         1.6611004682 
        3.1350001000         0.4912286536         1.6234798746        10.6856549382         1.7091406022 
        3.1400001000         0.4893451401         1.6132840687        10.4200573507         1.7571807363 
        3.1450000000         0.4874547099         1.6107351172        10.3536579538         1.7892074923 
        3.1500000000         0.4855573141         1.6081861657        10.2872585570         1.8564636800 
        3.1550000000         0.4836530174         1.6158330202        10.4864567476         1.9013011385 
        3.1600001000         0.4817418087         1.6005393113        10.0880603664         1.9589492993 
        3.1650001000         0.4798237915         1.6107351172        10.3536579538         2.0133947846 
        3.1700001000         0.4778989550         1.6005393113        10.0880603664         2.0550295674 
        3.1750000000         0.4759673651         1.5979903598        10.0216609695         2.0966643503 
        3.1800001000         0.4740289333         1.5954414083         9.9552615726         2.1607178624 
        3.1850000000         0.4720838422         1.6005393113        10.0880603664         2.1991499696 
        3.1900001000         0.4701319638         1.5928924568         9.8888621758         2.2535954549 
        3.1950001000         0.4681734427         1.5725008449         9.3576670008         2.2888248865 
        3.2000302000         0.4661964174         1.6183819717        10.5528561444         2.3624864254 
        3.2050001000         0.4642364671         1.5801476994         9.5568651914         2.3977158570 
        3.2100000000         0.4622581082         1.5903435053         9.8224627789         2.4457559911 
        3.2150000000         0.4602731401         1.5903435053         9.8224627789         2.4873907740 
        3.2201100000         0.4582377440         1.5572071360         8.9592706196         2.5386335836 
        3.2250001000         0.4562835677         1.5877945538         9.7560633820         2.5930790689 
        3.2300001000         0.4542790600         1.5877945538         9.7560633820         2.6315111761 
        3.2350001000         0.4522680959         1.5877945538         9.7560633820         2.6891593370 
        3.2400000000         0.4502507445         1.5750497964         9.4240663977         2.7436048223 
        3.2450043000         0.4482252106         1.5801476994         9.5568651914         2.7852396051 
        3.2500000000         0.4461967928         1.5826966509         9.6232645883         2.8460904416 
        3.2550001000         0.4441602496         1.5826966509         9.6232645883         2.8845225488 
        3.2600001000         0.4421174345         1.5699518934         9.2912676039         2.9389680341 
        3.2650001000         0.4400683360         1.5877945538         9.7560633820         2.9806028169 
        3.2700000000         0.4380130242         1.5546581845         8.8928712227         3.0190349242 
        3.2750000000         0.4359514463         1.5877945538         9.7560633820         3.0830884363 
        3.2800000000         0.4338836726         1.5750497964         9.4240663977         3.1183178679 
        3.2850001000         0.4318096909         1.5674029419         9.2248682071         3.1311285703 
        3.2900001000         0.4297296136         1.5674029419         9.2248682071         3.1407365971 
        3.2950001000         0.4276434289         1.5648539905         9.1584688102         3.1311285703 
        3.3000000000         0.4255512084         1.5572071360         8.9592706196        -1.7497490499 
        3.3050001000         0.4234528560         1.5877945538         9.7560633820        -1.7433436987 
        3.3100000000         0.4213485695         1.5597560875         9.0256700165        -3.1461156132 
        3.3150001000         0.4192382104         1.5775987479         9.4904657945        -3.1429129376 
        3.3200001000         0.4171219351         1.5521092330         8.8264718258        -3.1461156132 
        3.3250001000         0.4149997316         1.5775987479         9.4904657945        -3.1204942083 
        3.3300001000         0.4128716301         1.5648539905         9.1584688102        -3.0660487231 
        3.3350000000         0.4107377034         1.5699518934         9.2912676039        -3.0308192914 
        3.3400000000         0.4085978967         1.5597560875         9.0256700165        -2.9891845086 
        3.3450000000         0.4064522828         1.5699518934         9.2912676039        -2.9379416989 
        3.3500001000         0.4043008493         1.5495602815         8.7600724290        -2.8899015649 
        3.3550001000         0.4021437128         1.5877945538         9.7560633820        -2.8354560796 
        3.3600001000         0.3999808609         1.5368155241         8.4280754446        -2.8066319992 
        3.3650000000         0.3978123678         1.5750497964         9.4240663977        -2.7457811627 
        3.3700000000         0.3956381776         1.5572071360         8.9592706196        -2.7073490554 
        3.3750000000         0.3934583645         1.5597560875         9.0256700165        -2.6561062458 
        3.3800001000         0.3912729157         1.5597560875         9.0256700165        -2.6144714629 
        3.3850001000         0.3890819498         1.5572071360         8.9592706196        -2.5760393557 
        3.3900001000         0.3868854541         1.5623050390         9.0920694133        -2.5279992216 
        3.3950000000         0.3846835040         1.5419134271         8.5608742384        -2.4863644388 
        3.4000000000         0.3824760427         1.5699518934         9.2912676039        -2.4383243047 
        3.4050000000         0.3802631456         1.5572071360         8.9592706196        -2.3902841707 
        3.4100001000         0.3780447997         1.5521092330         8.8264718258        -2.3614600902 
        3.4150001000         0.3758211253         1.5419134271         8.5608742384        -2.3230279830 
        3.4200001000         0.3735921096         1.5546581845         8.8928712227        -2.2781905245 
        3.4250000000         0.3713578290         1.5470113301         8.6936730321        -2.2301503905 
        3.4300001000         0.3691181812         1.5597560875         9.0256700165        -2.1757049052 
        3.4350000000         0.3668733771         1.5572071360         8.9592706196        -2.1340701224 
        3.4400001000         0.3646232690         1.5495602815         8.7600724290        -2.1020433663 
        3.4450001000         0.3623680237         1.5342665726         8.3616760478        -2.0572059079 
        3.4500001000         0.3601076284         1.5393644756         8.4944748415        -2.0251791518 
        3.4550001000         0.3578421152         1.5444623786         8.6272736352        -1.9771390178 
        3.4600000000         0.3555715616         1.5495602815         8.7600724290        -1.9387069105 
        3.4650000000         0.3532959093         1.5393644756         8.4944748415        -1.8906667765 
        3.4700000000         0.3510152359         1.5393644756         8.4944748415        -1.8458293180 
        3.4750001000         0.3487295280         1.5342665726         8.3616760478        -1.8138025620 
        3.4800001000         0.3464389095         1.5572071360         8.9592706196        -1.7657624279 
        3.4850001000         0.3441433674         1.5470113301         8.6936730321        -1.7241276451 
        3.4900000000         0.3418429803         1.5291686697         8.2288772540        -1.6856955378 
        3.4950000000         0.3395376889         1.5393644756         8.4944748415        -1.6440607550 
        3.5000000000         0.3372275719         1.5393644756         8.4944748415        -1.6056286477 
        3.5050001000         0.3349126158         1.5368155241         8.4280754446        -1.5639938649 
        3.5100001000         0.3325929461         1.5368155241         8.4280754446        -1.5223590820 
        3.5150001000         0.3302685495         1.5291686697         8.2288772540        -1.4903323260 
        3.5200000000         0.3279395057         1.5240707667         8.0960784603        -1.4454948675 
        3.5250000000         0.3256057547         1.5317176211         8.2952766509        -1.3974547335 
        3.5300000000         0.3232673760         1.5419134271         8.5608742384        -1.3526172750 
        3.5350001000         0.3209243561         1.5189728637         7.9632796665        -1.3205905190 
        3.5400001000         0.3185768220         1.5266197182         8.1624778572        -1.2885637630 
        3.5450001000         0.3162247602         1.5291686697         8.2288772540        -1.2405236289 
        3.5500000000         0.3138682513         1.5419134271         8.5608742384        -1.1924834948 
        3.5550001000         0.3115071873         1.5215218152         8.0296790634        -1.1572540632 
        3.5600000000         0.3091417906         1.5138749607         7.8304808728        -1.1252273072 
        3.5650001000         0.3067719056         1.5393644756         8.4944748415        -1.0739844975 
        3.5700001000         0.3043977081         1.5240707667         8.0960784603        -1.0355523902 
        3.5750001000         0.3020191844         1.5215218152         8.0296790634        -1.0035256342 
        3.5800001000         0.2996363683         1.5164239122         7.8968802697        -0.9682962026 
        3.5850000000         0.2972493415         1.5291686697         8.2288772540        -0.9298640953 
        3.5900000000         0.2948580425         1.5266197182         8.1624778572        -0.8914319881 
        3.5950000000         0.2924625529         1.5189728637         7.9632796665        -0.8529998808 
        3.6000001000         0.2900628587         1.5342665726         8.3616760478        -0.8145677736 
        3.6051806000         0.2875722373         1.5087770578         7.6976820791        -0.7761356663 
        3.6113980000         0.2845773178         1.5164239122         7.8968802697        -0.7345008835 
        3.6150000000         0.2828393703         1.5266197182         8.1624778572        -0.6960687762 
        3.6200000000         0.2804234396         1.5113260093         7.7640814759        -0.6704473714 
        3.6250000000         0.2780035234         1.5138749607         7.8304808728        -0.6224072374 
        3.6300001000         0.2755796077         1.5087770578         7.6976820791        -0.5935831569 
        3.6350001000         0.2731518239         1.5011302033         7.4984838885        -0.5583537253 
        3.6400001000         0.2707201579         1.5036791548         7.5648832853        -0.5167189424 
        3.6450000000         0.2682846932         1.5138749607         7.8304808728        -0.4782868352 
        3.6500000000         0.2658453669         1.4909343974         7.2328863010        -0.4558681060 
        3.6550000000         0.2634022623         1.5036791548         7.5648832853        -0.3982199451 
        3.6600001000         0.2609553652         1.5062281063         7.6312826822        -0.3758012159 
        3.6650001000         0.2585048083         1.4960323003         7.3656850947        -0.3469771354 
        3.6700001000         0.2560505774         1.4934833489         7.2992856979        -0.2957343258 
        3.6750000000         0.2535927567         1.4985812518         7.4320844916        -0.2701129209 
        3.6800001000         0.2511312335         1.4781896399         6.9008893166        -0.2348834893 
        3.6850000000         0.2486662397         1.4883854459         7.1664869041        -0.2092620845 
        3.6900001000         0.2461976131         1.4781896399         6.9008893166        -0.1740326528 
        3.6950001000         0.2437255368         1.4985812518         7.4320844916        -0.1227898432 
        3.7000001000         0.2412499967         1.4679938340         6.6352917292        -0.1067764651 
        3.7050001000         0.2387710278         1.4909343974         7.2328863010        -0.0555336555 
        3.7100000000         0.2362887152         1.4654448825         6.5688923323        -0.0395202775 
        3.7150000000         0.2338029948         1.4883854459         7.1664869041         0.0085198566 
        3.7200000000         0.2313139515         1.4603469795         6.4360935385         0.0341412614 
        3.7250001000         0.2288215709         1.4628959310         6.5024929354         0.0661680175 
        3.7300001000         0.2263259880         1.4603469795         6.4360935385         0.0885867467 
        3.7350001000         0.2238271885         1.4552490766         6.3032947448         0.1206135027 
        3.7400000000         0.2213252580         1.4628959310         6.5024929354         0.1590456100 
        3.7450000000         0.2188201320         1.4552490766         6.3032947448         0.1878696904 
        3.7500000000         0.2163118961         1.4577980281         6.3696941417         0.2198964464 
        3.7550001000         0.2138005356         1.4577980281         6.3696941417         0.2519232025 
        3.7600001000         0.2112861868         1.4527001251         6.2368953479         0.2839499585 
        3.7650001000         0.2087688351         1.4501511736         6.1704959511         0.3031660121 
        3.7700000000         0.2062485667         1.4374064162         5.8384989667         0.3415981194 
        3.7750000000         0.2037253168         1.4476022221         6.1040965542         0.3640168486 
        3.7800000000         0.2011991714         1.4425043191         5.9712977605         0.3992462803 
        3.7850001000         0.1986701160         1.4399553677         5.9048983636         0.4312730363 
        3.7900001000         0.1961382876         1.4425043191         5.9712977605         0.4600971167 
        3.7950001000         0.1936036716         1.4374064162         5.8384989667         0.4825158460 
        3.8000000000         0.1910663549         1.4272106102         5.5729013792         0.5177452776 
        3.8050001000         0.1885262211         1.4501511736         6.1704959511         0.5433666824 
        3.8100000000         0.1859835096         1.4221127072         5.4401025855         0.5625827361 
        3.8150001000         0.1834380531         1.4374064162         5.8384989667         0.5946094921 
        3.8200001000         0.1808900405         1.4348574647         5.7720995699         0.6234335725 
        3.8250001000         0.1783394569         1.4221127072         5.4401025855         0.6490549774 
        3.8300001000         0.1757863388         1.4195637558         5.3737031886         0.6746763822 
        3.8350000000         0.1732307735         1.4144658528         5.2409043949         0.7035004626 
        3.8400000000         0.1706726952         1.4170148043         5.3073037918         0.7323245431 
        3.8450000000         0.1681121912         1.4272106102         5.5729013792         0.7643512991 
        3.8500001000         0.1655492466         1.4195637558         5.3737031886         0.7771620015 
        3.8551801000         0.1628916082         1.4068189983         5.0417062043         0.8187967844 
        3.8600001000         0.1604164380         1.4093679498         5.1081056012         0.8348101624 
        3.8650000000         0.1578466471         1.4144658528         5.2409043949         0.8604315672 
        3.8700000000         0.1552745614         1.4119169013         5.1745049980         0.8924583233 
        3.8750000000         0.1527002690         1.4119169013         5.1745049980         0.9084717013 
        3.8800001000         0.1501237548         1.4017210954         4.9089074106         0.9404984573 
        3.8850001000         0.1475451585         1.3940742409         4.7097092199         0.9565118353 
        3.8900001000         0.1449644652         1.4144658528         5.2409043949         0.9885385914 
        3.8950000000         0.1423817634         1.3966231924         4.7761086168         1.0045519694 
        3.9000000000         0.1397969864         1.3966231924         4.7761086168         1.0237680230 
        3.9050000000         0.1372102225         1.3762315805         4.2449134419         1.0557947790 
        3.9100001000         0.1346214568         1.3787805320         4.3113128387         1.0589974547 
        3.9150001000         0.1320308296         1.3991721439         4.8425080137         1.0942268863 
        3.9200001000         0.1294383259         1.3762315805         4.2449134419         1.1134429399 
        3.9250000000         0.1268440345         1.3762315805         4.2449134419         1.1422670204 
        3.9300001000         0.1242478366         1.3660357746         3.9793158544         1.1486723716 
        3.9350000000         0.1216499768         1.3787805320         4.3113128387         1.1742937764 
        3.9400001000         0.1190502840         1.3864273864         4.5105110293         1.2031178568 
        3.9450001000         0.1164489513         1.3660357746         3.9793158544         1.2127258836 
        3.9500001000         0.1138459636         1.3685847260         4.0457152513         1.2351446129 
        3.9550001000         0.1112413578         1.3558399686         3.7137182669         1.2543606665 
        3.9600000000         0.1086352233         1.3787805320         4.3113128387         1.2831847469 
        3.9650000000         0.1060274926         1.3481931142         3.5145200763         1.2927927737 
        3.9700001000         0.1034182029         1.3558399686         3.7137182669         1.3024008005 
        3.9750001000         0.1008074956         1.3507420656         3.5809194732         1.3312248810 
        3.9800001000         0.0981953555         1.3558399686         3.7137182669         1.3408329078 
        3.9850001000         0.0955818199         1.3456441627         3.4481206794         1.3664543126 
        3.9900000000         0.0929669782         1.3634868231         3.9129164575         1.3888730418 
        3.9950000000         0.0903507629         1.3354483567         3.1825230919         1.4080890955 
        4.0000000000         0.0877332635         1.3583889201         3.7801176638         1.4112917711 
        4.0050001000         0.0851144649         1.3303504538         3.0497242982         1.4369131759 
        4.0100001000         0.0824945089         1.3558399686         3.7137182669         1.4625345807 
        4.0150001000         0.0798733805         1.3328994052         3.1161236951         1.4689399319 
        4.0200000000         0.0772511694         1.3430952112         3.3817212826         1.4753452831 
        4.0250001000         0.0746277555         1.3252525508         2.9169255045         1.4881559856 
        4.0300001000         0.0720033334         1.3379973082         3.2489224888         1.5137773904 
        4.0350001000         0.0693778880         1.3278015023         2.9833249013         1.5361961196 
        4.0400001000         0.0667514566         1.3303504538         3.0497242982         1.5522094976 
        4.0450001000         0.0641240765         1.3303504538         3.0497242982         1.5554121732 
        4.0500000000         0.0614958376         1.3074098904         2.4521297264         1.5586148488 
        4.0550000000         0.0588666722         1.3176056963         2.7177273139         1.5906416049 
        4.0600000000         0.0562366701         1.3252525508         2.9169255045         1.6066549829 
        4.0650001000         0.0536058162         1.3150567448         2.6513279170         1.6066549829 
        4.0700001000         0.0509742530         1.2972140844         2.1865321389         1.6194656853 
        4.0750001000         0.0483419654         1.3048609389         2.3857303295         1.6258710365 
        4.0800001000         0.0457089907         1.2946651330         2.1201327420         1.6322763877 
        4.0850000000         0.0430754190         1.3099588419         2.5185291233         1.6611004682 
        4.0900000000         0.0404411825         1.3023119874         2.3193309326         1.6643031438 
        4.0950000000         0.0378063713         1.2921161815         2.0537333452         1.6675058194 
        4.1000001000         0.0351709700         1.2946651330         2.1201327420         1.6963298998 
        4.1050001000         0.0325351216         1.2946651330         2.1201327420         1.6963298998 
        4.1100001000         0.0298988108         1.2946651330         2.1201327420         1.7155459534 
        4.1150000000         0.0272621277         1.2972140844         2.1865321389         1.7251539802 
        4.1200000000         0.0246250045         1.2819203755         1.7881357577         1.7251539802 
        4.1250000000         0.0219875314         1.2844693270         1.8545351546         1.7347620071 
        4.1300001000         0.0193496929         1.2819203755         1.7881357577         1.7443700339 
        4.1350001000         0.0167116323         1.2742735211         1.5889375671         1.7475727095 
        4.1400001000         0.0140733341         1.2615287636         1.2569405827         1.7539780607 
        4.1450000000         0.0114348886         1.2589798122         1.1905411859         1.7635860875 
        4.1500001000         0.0087961752         1.2564308607         1.1241417890         1.7763967899 
        4.1550000000         0.0061574422         1.2513329577         0.9913429953         1.7795994655 
        4.1600001000         0.0035185162         1.2360392488         0.5929466140         1.7763967899 
        4.1650001000         0.0008795929         1.2283923943         0.3937484234         1.7763967899 
        4.1700001000        -0.0017593428         1.2258434428         0.3273490266         1.7699914387 
        4.1750000000        -0.0043982008         1.2054518309        -0.2038461484         1.7795994655 
        4.1800000000        -0.0070370490         1.2054518309        -0.2038461484         1.7731941143 
        4.1850000000        -0.0096757972         1.2207455399         0.1945502328         1.7892074923 
        4.1900001000        -0.0123144607         1.2156476369         0.0617514391         1.7828021411 
        4.1950001000        -0.0149528964         1.2207455399         0.1945502328         1.7795994655 
        4.2000001000        -0.0175911196         1.2054518309        -0.2038461484         1.7731941143 
        4.2050001000        -0.0202290927         1.2130986854        -0.0046479578         1.7731941143 
        4.2100000000        -0.0228667257         1.2105497339        -0.0710473547         1.7795994655 
        4.2150000000        -0.0255040863         1.2130986854        -0.0046479578         1.7763967899 
        4.2200039000        -0.0281431413         1.2105497339        -0.0710473547         1.7699914387 
        4.2250001000        -0.0307777355         1.2080007824        -0.1374467515         1.7699914387 
        4.2300001000        -0.0334138964         1.2130986854        -0.0046479578         1.7795994655 
        4.2350001000        -0.0360495823         1.2130986854        -0.0046479578         1.7763967899 
        4.2400000000        -0.0386847033         1.2029028795        -0.2702455453         1.7635860875 
        4.2450000000        -0.0413193271         1.1672175587        -1.1998371014         1.7828021411 
        4.2500000000        -0.0439533637         1.1697665101        -1.1334377046         1.7699914387 
        4.2550001000        -0.0465868282         1.1901581220        -0.6022425296         1.7699914387 
        4.2600001000        -0.0492195780         1.1646686072        -1.2662364983         1.7571807363 
        4.2650001000        -0.0518516283         1.1621196557        -1.3326358952         1.7571807363 
        4.2700000000        -0.0544828891         1.1697665101        -1.1334377046         1.7443700339 
        4.2750001000        -0.0571134807         1.1544728012        -1.5318340858         1.7315593315 
        4.2800000000        -0.0597431554         1.1748644131        -1.0006389108         1.7379646827 
        4.2850001000        -0.0623720862         1.1621196557        -1.3326358952         1.7251539802 
        4.2900001000        -0.0650000780         1.1519238497        -1.5982334826         1.7123432778 
        4.2950001000        -0.0676271460         1.1595707042        -1.3990352920         1.7091406022 
        4.3000000000        -0.0702532004         1.1595707042        -1.3990352920         1.7027352510 
        4.3050000000        -0.0728783088         1.1570217527        -1.4654346889         1.6995325754 
        4.3100000000        -0.0755023815         1.1672175587        -1.1998371014         1.6995325754 
        4.3150001000        -0.0781254335         1.1544728012        -1.5318340858         1.6835191974 
        4.3200001000        -0.0807473228         1.1595707042        -1.3990352920         1.6771138462 
        4.3250001000        -0.0833680645         1.1519238497        -1.5982334826         1.6707084950 
        4.3300001000        -0.0859876213         1.1544728012        -1.5318340858         1.6643031438 
        4.3350000000        -0.0886059037         1.1493748983        -1.6646328795         1.6450870902 
        4.3400000000        -0.0912229791         1.1417280438        -1.8638310701         1.6386817389 
        4.3450000000        -0.0938387581         1.1544728012        -1.5318340858         1.6514924414 
        4.3500001000        -0.0964532557         1.1595707042        -1.3990352920         1.6418844145 
        4.3550001000        -0.0990663302         1.1493748983        -1.6646328795         1.6258710365 
        4.3600001000        -0.1016779968         1.1544728012        -1.5318340858         1.6226683609 
        4.3650000000        -0.1042881661         1.1621196557        -1.3326358952         1.6258710365 
        4.3700000000        -0.1068969054         1.1340811893        -2.0630292607         1.6002496317 
        4.3750000000        -0.1095041255         1.1519238497        -1.5982334826         1.6002496317 
        4.3800001000        -0.1121098414         1.1493748983        -1.6646328795         1.5906416049 
        4.3850001000        -0.1147139119         1.1468259468        -1.7310322764         1.5810335781 
        4.3900001000        -0.1173163520         1.1417280438        -1.8638310701         1.5682228757 
        4.3950000000        -0.1199170728         1.1493748983        -1.6646328795         1.5650202001 
        4.4000001000        -0.1225161932         1.1417280438        -1.8638310701         1.5426014708 
        4.4050000000        -0.1251134686         1.1442769953        -1.7974316733         1.5361961196 
        4.4100001000        -0.1277090696         1.1519238497        -1.5982334826         1.5393987952 
        4.4150001000        -0.1303028037         1.1442769953        -1.7974316733         1.5201827416 
        4.4200001000        -0.1328946859         1.1468259468        -1.7310322764         1.5137773904 
        4.4250000000        -0.1354846276         1.1417280438        -1.8638310701         1.5041693636 
        4.4300000000        -0.1380726956         1.1417280438        -1.8638310701         1.4945613368 
        4.4350000000        -0.1406588013         1.1340811893        -2.0630292607         1.4881559856 
        4.4400001000        -0.1432429595         1.1417280438        -1.8638310701         1.4657372563 
        4.4450001000        -0.1458250303         1.1417280438        -1.8638310701         1.4721426075 
        4.4500001000        -0.1484050285         1.1468259468        -1.7310322764         1.4593319051 
        4.4550001000        -0.1509829176         1.1238853834        -2.3286268482         1.4433185271 
        4.4600000000        -0.1535586094         1.1544728012        -1.5318340858         1.4529265539 
        4.4650000000        -0.1561321703         1.1340811893        -2.0630292607         1.4337105003 
        4.4700000000        -0.1587035123         1.1442769953        -1.7974316733         1.4241024735 
        4.4750001000        -0.1612726500         1.1417280438        -1.8638310701         1.4241024735 
        4.4800001000        -0.1638394443         1.1315322379        -2.1294286576         1.4048864199 
        4.4850001000        -0.1664039102         1.1417280438        -1.8638310701         1.4048864199 
        4.4900000000        -0.1689659598         1.1366301408        -1.9966298639         1.3952783931 
        4.4950000000        -0.1715256593         1.1187874804        -2.4614256419         1.3728596638 
        4.5000000000        -0.1740829210         1.1213364319        -2.3950262451         1.3568462858 
        4.5050001000        -0.1766377597         1.1136895775        -2.5942244357         1.3376302322 
        4.5100001000        -0.1791900369         1.1085916745        -2.7270232294         1.3280222054 
        4.5150001000        -0.1817397674         1.1264343349        -2.2622274513         1.3280222054 
        4.5200000000        -0.1842868640         1.1213364319        -2.3950262451         1.3088061517 
        4.5250001000        -0.1868314434         1.1085916745        -2.7270232294         1.2895900981 
        4.5300000000        -0.1893732657         1.1162385289        -2.5278250388         1.2831847469 
        4.5350001000        -0.1919124983         1.1111406260        -2.6606238326         1.2799820713 
        4.5400001000        -0.1944489525         1.1085916745        -2.7270232294         1.2671713689 
        4.5450001000        -0.1969826432         1.1009448200        -2.9262214200         1.2383472885 
        4.5500000000        -0.1995134837         1.1034937715        -2.8598220232         1.2223339104 
        4.5550000000        -0.2020415394         1.1034937715        -2.8598220232         1.2255365860 
        4.5600000000        -0.2045667236         1.1111406260        -2.6606238326         1.2127258836 
        4.5650001000        -0.2070890508         1.1085916745        -2.7270232294         1.1903071544 
        4.5700001000        -0.2096083844         1.0958469171        -3.0590202138         1.1742937764 
        4.5750001000        -0.2121247390         1.1136895775        -2.5942244357         1.1742937764 
        4.5800001000        -0.2146380789         1.1009448200        -2.9262214200         1.1422670204 
        4.5850000000        -0.2171483181         1.1085916745        -2.7270232294         1.1262536423 
        4.5900000000        -0.2196555213         1.1111406260        -2.6606238326         1.1262536423 
        4.5950000000        -0.2221596028         1.1085916745        -2.7270232294         1.1070375887 
        4.6000001000        -0.2246605768         1.0983958685        -2.9926208169         1.0878215351 
        4.6050001000        -0.2271583079         1.1085916745        -2.7270232294         1.0782135083 
        4.6100001000        -0.2296528106         1.1060427230        -2.7934226263         1.0686054815 
        4.6150000000        -0.2321439996         1.1085916745        -2.7270232294         1.0493894278 
        4.6200000000        -0.2346319392         1.0882000626        -3.2582184044         1.0301733742 
        4.6250000000        -0.2371165442         1.1034937715        -2.8598220232         1.0237680230 
        4.6300001000        -0.2395978288         1.0958469171        -3.0590202138         1.0077546450 
        4.6350001000        -0.2420756585         1.0983958685        -2.9926208169         0.9949439426 
        4.6400001000        -0.2445500477         1.0907490141        -3.1918190075         0.9789305646 
        4.6450000000        -0.2470209121         1.1034937715        -2.8598220232         0.9725252133 
        4.6500001000        -0.2494883644         1.0805532081        -3.4574165950         0.9404984573 
        4.6550000000        -0.2519521724         1.0932979656        -3.1254196106         0.9372957817 
        4.6600001000        -0.2544124980         1.0932979656        -3.1254196106         0.9276877549 
        4.6650001000        -0.2568691586         1.1009448200        -2.9262214200         0.9116743769 
        4.6700001000        -0.2593221686         1.0780042567        -3.5238159919         0.8860529720 
        4.6750000000        -0.2617714440         1.0882000626        -3.2582184044         0.8700395940 
        4.6800000000        -0.2642170481         1.0805532081        -3.4574165950         0.8540262160 
        4.6850000000        -0.2666588972         1.0703574022        -3.7230141825         0.8316074868 
        4.6900001000        -0.2690970051         1.0703574022        -3.7230141825         0.8123914332 
        4.6950001000        -0.2715312397         1.0729063537        -3.6566147856         0.8091887576 
        4.7000001000        -0.2739616153         1.0780042567        -3.5238159919         0.7739593259 
        4.7050001000        -0.2763880974         1.0576126448        -4.0550111668         0.7579459479 
        4.7100000000        -0.2788106029         1.1034937715        -2.8598220232         0.7579459479 
        4.7150000000        -0.2812291943         1.0601615963        -3.9886117699         0.7195138406 
        4.7200000000        -0.2836437889         1.1009448200        -2.9262214200         0.7195138406 
        4.7250001000        -0.2860544005         1.0499657903        -4.2542093574         0.6938924358 
        4.7300001000        -0.2884608983         1.0882000626        -3.2582184044         0.6746763822 
        4.7350001000        -0.2908632965         1.0550636933        -4.1214105637         0.6618656798 
        4.7400000000        -0.2932615129         1.0729063537        -3.6566147856         0.6330415993 
        4.7450000000        -0.2956556095         1.0550636933        -4.1214105637         0.6234335725 
        4.7500000000        -0.2980455041         1.0754553052        -3.5902153887         0.6042175189 
        4.7550001000        -0.3004312105         1.0576126448        -4.0550111668         0.5850014653 
        4.7600001000        -0.3028125994         1.0729063537        -3.6566147856         0.5689880873 
        4.7650001000        -0.3051896846         1.0474168388        -4.3206087543         0.5529747092 
        4.7700000000        -0.3075623850         1.0703574022        -3.7230141825         0.5369613312 
        4.7750001000        -0.3099308090         1.0499657903        -4.2542093574         0.5081372508 
        4.7800000000        -0.3122947337         1.0627105477        -3.9222123731         0.4857185216 
        4.7850001000        -0.3146543144         1.0448678873        -4.3870081512         0.4665024679 
        4.7900001000        -0.3170093759         1.0703574022        -3.7230141825         0.4440837387 
        4.7950001000        -0.3193599320         1.0346720814        -4.6526057386         0.4216650095 
        4.8000000000        -0.3217059024         1.0525147418        -4.1878099606         0.3928409291 
        4.8050000000        -0.3240473477         1.0576126448        -4.0550111668         0.3928409291 
        4.8100000000        -0.3263841875         1.0499657903        -4.2542093574         0.3640168486 
        4.8150001000        -0.3287164352         1.0423189359        -4.4534075480         0.3383954438 
        4.8200001000        -0.3310439645         1.0474168388        -4.3206087543         0.3159767146 
        4.8250001000        -0.3333667890         1.0372210329        -4.5862063418         0.2903553097 
        4.8300183000        -0.3356933046         1.0346720814        -4.6526057386         0.2775446073 
        4.8350000000        -0.3379981450         1.0448678873        -4.3870081512         0.2711392561 
        4.8400000000        -0.3403066571         1.0321231299        -4.7190051355         0.2327071489 
        4.8450000000        -0.3426103327         1.0321231299        -4.7190051355         0.2102884196 
        4.8500001000        -0.3449091850         1.0321231299        -4.7190051355         0.1846670148 
        4.8550001000        -0.3472030893         1.0295741784        -4.7854045324         0.1622482856 
        4.8600001000        -0.3494920591         1.0295741784        -4.7854045324         0.1430322320 
        4.8650000000        -0.3517760163         1.0372210329        -4.5862063418         0.1238161783 
        4.8700000000        -0.3540550196         1.0295741784        -4.7854045324         0.0981947735 
        4.8750000000        -0.3563289910         1.0244762754        -4.9182033261         0.0821813955 
        4.8800001000        -0.3585979436         1.0193783725        -5.0510021199         0.0405466126 
        4.8850001000        -0.3608617542         1.0193783725        -5.0510021199         0.0309385858 
        4.8900001000        -0.3631204362         1.0346720814        -4.6526057386        -0.0042908458 
        4.8950000000        -0.3653739124         1.0066336150        -5.3829991042        -0.0203042238 
        4.9000001000        -0.3676222859         1.0372210329        -4.5862063418        -0.0331149263 
        4.9050000000        -0.3698653448         1.0015357121        -5.5157978979        -0.0587363311 
        4.9100001000        -0.3721032368         1.0295741784        -4.7854045324        -0.0939657627 
        4.9150001000        -0.3743357955         0.9964378091        -5.6485966917        -0.1163844920 
        4.9200001000        -0.3765630341         1.0219273240        -4.9846027230        -0.1548165992 
        4.9250000000        -0.3787848765         0.9964378091        -5.6485966917        -0.1708299772 
        4.9300000000        -0.3810013800         1.0244762754        -4.9182033261        -0.1868433552 
        4.9350155000        -0.3832193146         0.9734972457        -6.2461912635        -0.2348834893 
        4.9400001000        -0.3854181551         1.0117315180        -5.2502003105        -0.2476941917 
        4.9450001000        -0.3876183197         0.9989867606        -5.5821972948        -0.2829236234 
        4.9500001000        -0.3898129754         0.9989867606        -5.5821972948        -0.3085450282 
        4.9550001000        -0.3920020910         0.9887909546        -5.8477948823        -0.3309637574 
        4.9600000000        -0.3941855917         0.9887909546        -5.8477948823        -0.3501798110 
        4.9650000000        -0.3963635339         0.9887909546        -5.8477948823        -0.3854092427 
        4.9700000000        -0.3985358430         0.9964378091        -5.6485966917        -0.4142333231 
        4.9750001000        -0.4007025312         0.9938888576        -5.7149960885        -0.4398547279 
        4.9800001000        -0.4028634812         0.9785951487        -6.1133924698        -0.4686788084 
        4.9850001000        -0.4050187055         0.9862420032        -5.9141942792        -0.4910975376 
        4.9900000000        -0.4071681308         0.9913399061        -5.7813954854        -0.5263269692 
        4.9950000000        -0.4093118123         0.9658503913        -6.4453894541        -0.5647590765 
        5.0000000000        -0.4114496766         0.9862420032        -5.9141942792        -0.5903804813 
        5.0050001000        -0.4135817359         0.9683993428        -6.3789900572        -0.6095965349 
        5.0100001000        -0.4157078745         0.9836930517        -5.9805936760        -0.6416232910 
        5.0150001000        -0.4178281051         0.9683993428        -6.3789900572        -0.6768527226 
        5.0200000000        -0.4199423551         0.9658503913        -6.4453894541        -0.7088794787 
        5.0250001000        -0.4220507213         0.9582035368        -6.6445876447        -0.7505142615 
        5.0300000000        -0.4241530050         0.9658503913        -6.4453894541        -0.7601222883 
        5.0350001000        -0.4262493445         0.9709482942        -6.3125906604        -0.7857436932 
        5.0400001000        -0.4283395841         0.9505566824        -6.8437858353        -0.8369865028 
        5.0450001000        -0.4304237360         0.9683993428        -6.3789900572        -0.8626079076 
        5.0500000000        -0.4325017292         0.9582035368        -6.6445876447        -0.8882293125 
        5.0550000000        -0.4345736171         0.9429098279        -7.0429840259        -0.9394721221 
        5.0600000000        -0.4366393288         0.9556545853        -6.7109870416        -0.9618908514 
        5.0650001000        -0.4386988761         0.9505566824        -6.8437858353        -1.0035256342 
        5.0700001000        -0.4407521472         0.9429098279        -7.0429840259        -1.0291470390 
        5.0750001000        -0.4427991542         0.9454587794        -6.9765846291        -1.0547684439 
        5.0800001000        -0.4448398681         0.9429098279        -7.0429840259        -1.0867951999 
        5.0850000000        -0.4468742192         0.9403608764        -7.1093834228        -1.1252273072 
        5.0900000000        -0.4489022600         0.9327140220        -7.3085816134        -1.1668620900 
        5.0950000000        -0.4509239208         0.9327140220        -7.3085816134        -1.1924834948 
        5.1000001000        -0.4529392133         0.9429098279        -7.0429840259        -1.2341182777 
        5.1050001000        -0.4549480282         0.9250671675        -7.5077798040        -1.2629423581 
        5.1100001000        -0.4569503772         0.9531056338        -6.7773864385        -1.2949691142 
        5.1150000000        -0.4589461921         0.9250671675        -7.5077798040        -1.3462119238 
        5.1200000000        -0.4609355244         0.9301650705        -7.3749810103        -1.3782386799 
        5.1250000000        -0.4629183057         0.9123224101        -7.8397767884        -1.4102654359 
        5.1300001000        -0.4648945474         0.9454587794        -6.9765846291        -1.4454948675 
        5.1350001000        -0.4668641424         0.9097734586        -7.9061761852        -1.4871296504 
        5.1400001000        -0.4688271021         0.9250671675        -7.5077798040        -1.5319671088 
        5.1450000000        -0.4707833597         0.9174203130        -7.7069779946        -1.5671965405 
        5.1500001000        -0.4727330046         0.9250671675        -7.5077798040        -1.5896152697 
        5.1550000000        -0.4746758530         0.9148713616        -7.7733773915        -1.6408580794 
        5.1600001000        -0.4766120329         0.9199692645        -7.6405785978        -1.6568714574 
        5.1650001000        -0.4785414002         0.9225182160        -7.5741792009        -1.7017089158 
        5.1700001000        -0.4804639664         0.9174203130        -7.7069779946        -1.7337356719 
        5.1750000000        -0.4823796659         0.9225182160        -7.5741792009        -1.7785731303 
        5.1800000000        -0.4842885481         0.8970287012        -8.2381731696        -1.8202079132 
        5.1850000000        -0.4861905474         0.9250671675        -7.5077798040        -1.8522346692 
        5.1900001000        -0.4880856748         0.9174203130        -7.7069779946        -1.8906667765 
        5.1950001000        -0.4899738274         0.9097734586        -7.9061761852        -1.9258962081 
        5.2000001000        -0.4918550164         0.9021266041        -8.1053743758        -1.9739363422 
        5.2050001000        -0.4937292151         0.9199692645        -7.6405785978        -2.0027604226 
        5.2100000000        -0.4955963595         0.9072245071        -7.9725755821        -2.0443952055 
        5.2150000000        -0.4974564977         0.9046755556        -8.0389749790        -2.0956380151 
        5.2200000000        -0.4993095661         0.8944797497        -8.3045725665        -2.1308674468 
        5.2250001000        -0.5011555750         0.9123224101        -7.8397767884        -2.1628942028 
        5.2300001000        -0.5029944243         0.8970287012        -8.2381731696        -2.2077316612 
        5.2350001000        -0.5048261250         0.9021266041        -8.1053743758        -2.2525691197 
        5.2401632000        -0.5067100459         0.8740881378        -8.8357677414        -2.3070146050 
        5.2450000000        -0.5084679401         0.9097734586        -7.9061761852        -2.3294333342 
        5.2500000000        -0.5102780392         0.8817349922        -8.6365695508        -2.3774734683 
        5.2550001000        -0.5120809221         0.8766370893        -8.7693683445        -2.4287162779 
        5.2600001000        -0.5138764910         0.8893818467        -8.4373713602        -2.4543376827 
        5.2650001000        -0.5156647566         0.8970287012        -8.2381731696        -2.5055804924 
        5.2700000000        -0.5174456579         0.8638923318        -9.1013653289        -2.5536206265 
        5.2750001000        -0.5192192763         0.8868328952        -8.5037707571        -2.5856473825 
        5.2800000000        -0.5209854446         0.8638923318        -9.1013653289        -2.6464982190 
        5.2850001000        -0.5227442791         0.8817349922        -8.6365695508        -2.6817276506 
        5.2900001000        -0.5244956490         0.8613433804        -9.1677647258        -2.7265651091 
        5.2950001000        -0.5262395646         0.8868328952        -8.5037707571        -2.7746052431 
        5.3000000000        -0.5279759665         0.8613433804        -9.1677647258        -2.8162400260 
        5.3050000000        -0.5297048995         0.8715391863        -8.9021671383        -2.8738881868 
        5.3100000000        -0.5314263043         0.8638923318        -9.1013653289        -2.9091176185 
        5.3150001000        -0.5331401905         0.8689902348        -8.9685665351        -2.9571577525 
        5.3200001000        -0.5348464653         0.8715391863        -8.9021671383        -2.9955898598 
        5.3250001000        -0.5365451387         0.8638923318        -9.1013653289        -3.0404273182 
        5.3300001000        -0.5382361866         0.8740881378        -8.8357677414        -3.0884674523 
        5.3350000000        -0.5399195514         0.8689902348        -8.9685665351        -3.1397102620 
        5.3400000000        -0.5415952764         0.8485986229        -9.4997617101        -3.1429129376 
        5.3450000000        -0.5432633043         0.8664412833        -9.0349659320        -3.1397102620 
        5.3500001000        -0.5449236442         0.8536965259        -9.3669629164        -3.1525209644 
        5.3550001000        -0.5465762063         0.8562454774        -9.3005635195        -1.7593570767 
        5.3600001000        -0.5482210004         0.8638923318        -9.1013653289        -1.7529517255 
        5.3650000000        -0.5498579704         0.8587944289        -9.2341641226         3.1407365971 
        5.3700000000        -0.5514871584         0.8689902348        -8.9685665351         3.1407365971 
        5.3750000000        -0.5531085087         0.8435007200        -9.6325605038         3.1311285703 
        5.3800001000        -0.5547220302         0.8689902348        -8.9685665351         3.1087098411 
        5.3850001000        -0.5563276355         0.8562454774        -9.3005635195         3.0606697070 
        5.3900001000        -0.5579253342         0.8638923318        -9.1013653289         3.0126295730 
        5.3950000000        -0.5595150719         0.8485986229        -9.4997617101         2.9709947901 
        5.4000001000        -0.5610969210         0.8689902348        -8.9685665351         2.9229546561 
        5.4050000000        -0.5626707325         0.8638923318        -9.1013653289         2.8653064952 
        5.4100001000        -0.5642366101         0.8638923318        -9.1013653289         2.8140636855 
        5.4150001000        -0.5657944372         0.8460496714        -9.5661611070         2.7660235515 
        5.4200001000        -0.5673442231         0.8587944289        -9.2341641226         2.7275914442 
        5.4250000000        -0.5688859151         0.8536965259        -9.3669629164         2.6859566614 
        5.4300000000        -0.5704195528         0.8664412833        -9.0349659320         2.6347138517 
        5.4350000000        -0.5719450837         0.8460496714        -9.5661611070         2.5962817445 
        5.4400001000        -0.5734625161         0.8562454774        -9.3005635195         2.5354309080 
        5.4450001000        -0.5749717680         0.8638923318        -9.1013653289         2.4905934496 
        5.4500001000        -0.5764728483         0.8384028170        -9.7653592976         2.4425533155 
        5.4550001000        -0.5779657356         0.8511475744        -9.4333623132         2.4041212083 
        5.4600000000        -0.5794503791         0.8409517685        -9.6989599007         2.3496757230 
        5.4650000000        -0.5809268171         0.8307559625        -9.9645574882         2.3016355889 
        5.4700000000        -0.5823949989         0.8562454774        -9.3005635195         2.2535954549 
        5.4750001000        -0.5838549326         0.8384028170        -9.7653592976         2.1991499696 
        5.4800001000        -0.5853065392         0.8562454774        -9.3005635195         2.1671232136 
        5.4850001000        -0.5867498274         0.8409517685        -9.6989599007         2.1190830795 
        5.4900000000        -0.5881847478         0.8333049140        -9.8981580913         2.0518268918 
        5.4950000000        -0.5896113377         0.8333049140        -9.8981580913         2.0037867578 
        5.5000000000        -0.5910295479         0.8333049140        -9.8981580913         1.9621519749 
        5.5050001000        -0.5924393863         0.8282070110       -10.0309568851         1.9013011385 
        5.5100001000        -0.5938407766         0.8358538655        -9.8317586944         1.8628690312 
        5.5150001000        -0.5952337271         0.8333049140        -9.8981580913         1.8052208703 
        5.5200000000        -0.5966181904         0.8180112051       -10.2965544725         1.7571807363 
        5.5250001000        -0.5979942296         0.8358538655        -9.8317586944         1.7187486290 
        5.5300000000        -0.5993617152         0.8307559625        -9.9645574882         1.6739111706 
        5.5350001000        -0.6007207370         0.8256580595       -10.0973562819         1.6162630097 
        5.5400001000        -0.6020711940         0.8282070110       -10.0309568851         1.5746282269 
        5.5450001000        -0.6034130942         0.8282070110       -10.0309568851         1.5265880928 
        5.5500000000        -0.6047463920         0.8307559625        -9.9645574882         1.4913586612 
        5.5550000000        -0.6060711218         0.8435007200        -9.6325605038         1.4337105003 
        5.5600000000        -0.6073872380         0.8103643506       -10.4957526631         1.3760623394 
        5.5650001000        -0.6086947479         0.8409517685        -9.6989599007         1.3344275566 
        5.5700001000        -0.6099935807         0.8205601566       -10.2301550757         1.2863874225 
        5.5750001000        -0.6112837441         0.8384028170        -9.7653592976         1.2447526397 
        5.5800001000        -0.6125652198         0.8154622536       -10.3629538694         1.1871044788 
        5.5850000000        -0.6138379643         0.8460496714        -9.5661611070         1.1422670204 
        5.5900000000        -0.6151020102         0.8052664477       -10.6285514569         1.0910242107 
        5.5950000000        -0.6163573143         0.8256580595       -10.0973562819         1.0397814010 
        5.6000001000        -0.6176038833         0.8358538655        -9.8317586944         0.9885385914 
        5.6050001000        -0.6188416499         0.7848748358       -11.1597466318         0.9308904305 
        5.6100001000        -0.6200706213         0.8256580595       -10.0973562819         0.8860529720 
        5.6150000000        -0.6212907558         0.8307559625        -9.9645574882         0.8476208648 
        5.6200000000        -0.6225020850         0.8307559625        -9.9645574882         0.7995807307 
        5.6250000000        -0.6237045669         0.8256580595       -10.0973562819         0.7483379211 
        5.6300001000        -0.6248982085         0.8180112051       -10.2965544725         0.6906897602 
        5.6350001000        -0.6260829449         0.8256580595       -10.0973562819         0.6458523018 
        5.6400001000        -0.6272587832         0.8154622536       -10.3629538694         0.5946094921 
        5.6451662000        -0.6284643189         0.8256580595       -10.0973562819         0.5337586556 
        5.6500001000        -0.6295836992         0.7950706417       -10.8941490444         0.4825158460 
        5.6550217000        -0.6307376881         0.8409517685        -9.6989599007         0.4376783875 
        5.6600001000        -0.6318728241         0.8052664477       -10.6285514569         0.3864355778 
        5.6650001000        -0.6330039242         0.8154622536       -10.3629538694         0.3287874170 
        5.6700001000        -0.6341260280         0.8052664477       -10.6285514569         0.2775446073 
        5.6750000000        -0.6352390972         0.8256580595       -10.0973562819         0.2455178513 
        5.6800000000        -0.6363431606         0.8027174962       -10.6949508538         0.1878696904 
        5.6850000000        -0.6374381802         0.8282070110       -10.0309568851         0.1334242051 
        5.6900001000        -0.6385241620         0.8129133021       -10.4293532663         0.0789787199 
        5.6950001000        -0.6396010471         0.7925216902       -10.9605484412         0.0245332346 
        5.7000001000        -0.6406688421         0.8231091081       -10.1637556788        -0.0267095750 
        5.7050001000        -0.6417275318         0.7823258843       -11.2261460287        -0.0683443579 
        5.7100000000        -0.6427770802         0.8129133021       -10.4293532663        -0.1291951944 
        5.7150000000        -0.6438175144         0.8078153991       -10.5621520600        -0.1612219504 
        5.7200000000        -0.6448487985         0.8129133021       -10.4293532663        -0.2124647601 
        5.7250001000        -0.6458709383         0.7925216902       -10.9605484412        -0.2797209477 
        5.7300001000        -0.6468838782         0.8052664477       -10.6285514569        -0.3213557306 
        5.7350001000        -0.6478876245         0.8052664477       -10.6285514569        -0.3758012159 
        5.7400000000        -0.6488821431         0.7823258843       -11.2261460287        -0.4366520523 
        5.7450000000        -0.6498674597         0.8052664477       -10.6285514569        -0.4686788084 
        5.7500000000        -0.6508435401         0.7797769328       -11.2925454256        -0.5423403473 
        5.7550001000        -0.6518103899         0.8129133021       -10.4293532663        -0.5903804813 
        5.7600001000        -0.6527679566         0.7797769328       -11.2925454256        -0.6448259666 
        5.7650001000        -0.6537162460         0.7925216902       -10.9605484412        -0.6960687762 
        5.7700000000        -0.6546552260         0.7848748358       -11.1597466318        -0.7569196127 
        5.7750001000        -0.6555849392         0.7823258843       -11.2261460287        -0.7985543956 
        5.7800000000        -0.6565052982         0.7848748358       -11.1597466318        -0.8529998808 
        5.7850001000        -0.6574163633         0.7925216902       -10.9605484412        -0.9042426905 
        5.7900001000        -0.6583180668         0.7721300783       -11.4917436162        -0.9618908514 
        5.7950444000        -0.6592182785         0.7823258843       -11.2261460287        -1.0195390122 
        5.8000000000        -0.6600933751         0.7874237873       -11.0933472350        -1.0739844975 
        5.8050000000        -0.6609669724         0.7593853209       -11.8237406005        -1.1316326584 
        5.8100038000        -0.6618318292         0.7797769328       -11.2925454256        -1.1860781436 
        5.8150001000        -0.6626859904         0.7619342724       -11.7573412037        -1.2469289801 
        5.8200001000        -0.6635313694         0.7797769328       -11.2925454256        -1.2917664386 
        5.8250001000        -0.6643673181         0.7619342724       -11.7573412037        -1.3558199506 
        5.8300001000        -0.6651938247         0.7848748358       -11.1597466318        -1.3910493823 
        5.8350000000        -0.6660108612         0.7670321754       -11.6245424099        -1.4615082456 
        5.8400000000        -0.6668184487         0.7644832239       -11.6909418068        -1.5191564064 
        5.8450000000        -0.6676165592         0.7670321754       -11.6245424099        -1.5768045673 
        5.8500001000        -0.6684051970         0.7746790298       -11.4253442193        -1.6312500526 
        5.8550001000        -0.6691843195         0.7568363694       -11.8901399974        -1.6921008890 
        5.8600001000        -0.6699539313         0.7619342724       -11.7573412037        -1.7497490499 
        5.8650000000        -0.6707140066         0.7542874179       -11.9565393943        -1.8041945352 
        5.8700000000        -0.6714645648         0.7593853209       -11.8237406005        -1.8618426960 
        5.8750000000        -0.6722055800         0.7644832239       -11.6909418068        -1.9130855057 
        5.8800001000        -0.6729370562         0.7619342724       -11.7573412037        -1.9803416934 
        5.8850001000        -0.6736589537         0.7440916120       -12.2221369817        -2.0315845030 
        5.8900001000        -0.6743712771         0.7695811269       -11.5581430131        -2.0860299883 
        5.8950000000        -0.6750740022         0.7440916120       -12.2221369817        -2.1468808248 
        5.9000001000        -0.6757671609         0.7721300783       -11.4917436162        -2.2045289856 
        5.9050000000        -0.6764506880         0.7389937090       -12.3549357755        -2.2717851733 
        5.9100001000        -0.6771246283         0.7568363694       -11.8901399974        -2.3262306586 
        5.9150001000        -0.6777889317         0.7466405635       -12.1557375849        -2.3902841707 
        5.9200001000        -0.6784436021         0.7440916120       -12.2221369817        -2.4511350071 
        5.9250000000        -0.6790886175         0.7568363694       -11.8901399974        -2.5023778168 
        5.9300000000        -0.6797239946         0.7389937090       -12.3549357755        -2.5760393557 
        5.9350000000        -0.6803497114         0.7338958061       -12.4877345692        -2.6432955434 
        5.9400001000        -0.6809657710         0.7491895150       -12.0893381880        -2.6977410286 
        5.9450001000        -0.6815721402         0.7237000001       -12.7533321567        -2.7617945407 
        5.9500001000        -0.6821688228         0.7517384665       -12.0229387911        -2.8194427016 
        5.9550001000        -0.6827558102         0.7415426605       -12.2885363786        -2.8738881868 
        5.9600000000        -0.6833330827         0.7364447575       -12.4213351724        -2.9475497257 
        5.9650000000        -0.6839006552         0.7517384665       -12.0229387911        -3.0084005622 
        5.9700000000        -0.6844585080         0.7389937090       -12.3549357755        -3.0756567499 
        5.9750001000        -0.6850066439         0.7389937090       -12.3549357755        -3.1333049108 
        5.9800001000        -0.6855450333         0.7415426605       -12.2885363786        -3.1429129376 
        5.9850001000        -0.6860736796         0.7313468546       -12.5541339661        -3.1397102620 
        5.9900000000        -0.6865925650         0.7415426605       -12.2885363786        -1.7593570767 
        5.9950000000        -0.6871017029         0.7440916120       -12.2221369817         2.8492931172 
        6.0000000000        -0.6876010755         0.7186020971       -12.8861309504         3.1407365971 
        6.0050001000        -0.6880906855         0.7517384665       -12.0229387911         3.1439392727 
        6.0100001000        -0.6885705063         0.7211510486       -12.8197315536         3.0894937875 
        6.0150001000        -0.6890405410         0.7440916120       -12.2221369817         3.0286429510 
        6.0200001000        -0.6895007829         0.7262489516       -12.6869327598         2.9645894389 
        6.0250001000        -0.6899512255         0.7491895150       -12.0893381880         2.9037386025 
        6.0300000000        -0.6903918536         0.7135041942       -13.0189297442         2.8364824148 
        6.0350001000        -0.6908226872         0.7593853209       -11.8237406005         2.7724289027 
        6.0400001000        -0.6912436939         0.7186020971       -12.8861309504         2.7115780662 
        6.0450001000        -0.6916548766         0.7440916120       -12.2221369817         2.6571325810 
        6.0500000000        -0.6920562213         0.7364447575       -12.4213351724         2.5834710421 
        6.0550000000        -0.6924477385         0.7186020971       -12.8861309504         2.5066068276 
        6.0600000000        -0.6928294146         0.7415426605       -12.2885363786         2.4585666935 
        6.0650001000        -0.6932012513         0.7058573397       -13.2181279348         2.3913105058 
        6.0700001000        -0.6935632285         0.7389937090       -12.3549357755         2.3240543182 
        6.0750001000        -0.6939153487         0.7033083882       -13.2845273317         2.2696088329 
        6.0800001000        -0.6942576068         0.7466405635       -12.1557375849         2.2023526452 
        6.0850000000        -0.6945899914         0.7211510486       -12.8197315536         2.1415018087 
        6.0900000000        -0.6949125111         0.7237000001       -12.7533321567         2.0710429455 
        6.0950000000        -0.6952251546         0.7338958061       -12.4877345692         2.0198001358 
        6.1000001000        -0.6955279233         0.7186020971       -12.8861309504         1.9461385969 
        6.1050001000        -0.6958208009         0.7313468546       -12.5541339661         1.8820850848 
        6.1100001000        -0.6961037893         0.7262489516       -12.6869327598         1.8276395996 
        6.1150000000        -0.6963768792         0.7160531457       -12.9525303473         1.7635860875 
        6.1200000000        -0.6966400776         0.7313468546       -12.5541339661         1.7091406022 
        6.1250000000        -0.6968933752         0.7109552427       -13.0853291410         1.6322763877 
        6.1300001000        -0.6971367732         0.7160531457       -12.9525303473         1.5682228757 
        6.1350001000        -0.6973702583         0.7415426605       -12.2885363786         1.5169800660 
        6.1400001000        -0.6975938323         0.7109552427       -13.0853291410         1.4561292295 
        6.1450001000        -0.6978074919         0.7262489516       -12.6869327598         1.3952783931 
        6.1500001000        -0.6980112342         0.7160531457       -12.9525303473         1.3280222054 
        6.1550000000        -0.6982050523         0.7440916120       -12.2221369817         1.2767793957 
        6.1600001000        -0.6983889550         0.7135041942       -13.0189297442         1.2031178568 
        6.1650001000        -0.6985629283         0.7644832239       -11.6909418068         1.1454696960 
        6.1700001000        -0.6987269734         0.6905636308       -13.6165243160         1.0814161839 
        6.1750000000        -0.6988810851         0.7389937090       -12.3549357755         1.0205653474 
        6.1800000000        -0.6990252673         0.7440916120       -12.2221369817         0.9597145109 
        6.1850000000        -0.6991595148         0.7033083882       -13.2845273317         0.9052690257 
        6.1900001000        -0.6992838281         0.7517384665       -12.0229387911         0.8444181892 
        6.1950001000        -0.6993982005         0.7517384665       -12.0229387911         0.7675539747 
        6.2000001000        -0.6995026328         0.7186020971       -12.8861309504         0.7131084894 
        6.2050001000        -0.6995971237         0.7237000001       -12.7533321567         0.6490549774 
        6.2100000000        -0.6996816702         0.7364447575       -12.4213351724         0.5882041409 
        6.2150000000        -0.6997562744         0.7211510486       -12.8197315536         0.5273533044 
        6.2200000000        -0.6998209335         0.7211510486       -12.8197315536         0.4568944411 
        6.2250001000        -0.6998756477         0.7415426605       -12.2885363786         0.4056516315 
        6.2300001000        -0.6999204138         0.7160531457       -12.9525303473         0.3415981194 
        6.2350001000        -0.6999552325         0.7237000001       -12.7533321567         0.2807472829 
        6.2400000000        -0.6999801030         0.7313468546       -12.5541339661         0.2102884196 
        6.2450000000        -0.6999950257         0.7440916120       -12.2221369817         0.1718563124 
        6.2500000000        -0.7000000000         0.7084062912       -13.1517285379         0.0885867467 
        6.2550001000        -0.6999950255         0.7338958061       -12.4877345692         0.0341412614 
        6.2600256000        -0.6999800010         0.7415426605       -12.2885363786        -0.0203042238 
        6.2650001000        -0.6999552314         0.7007594367       -13.3509267285        -0.0907630871 
        6.2700001000        -0.6999204122         0.7364447575       -12.4213351724        -0.1516139236 
        6.2750001000        -0.6998756457         0.7262489516       -12.6869327598        -0.1964513820 
        6.2800000000        -0.6998209335         0.7186020971       -12.8861309504        -0.2669102453 
        6.2850001000        -0.6997562730         0.7186020971       -12.8861309504        -0.3277610818 
        6.2900001000        -0.6996816686         0.7338958061       -12.4877345692        -0.3822065671 
        6.2950001000        -0.6995971201         0.6931125823       -13.5501249191        -0.4590707816 
        6.3000000000        -0.6995026308         0.7262489516       -12.6869327598        -0.5231242936 
        6.3050000000        -0.6993981983         0.7109552427       -13.0853291410        -0.5775697789 
        6.3100000000        -0.6992838257         0.7109552427       -13.0853291410        -0.6416232910 
        6.3150001000        -0.6991595122         0.6956615338       -13.4837255223        -0.7088794787 
        6.3200001000        -0.6990252645         0.7313468546       -12.5541339661        -0.7633249639 
        6.3250001000        -0.6988810821         0.6982104853       -13.4173261254        -0.8177704492 
        6.3300652000        -0.6987248950         0.7262489516       -12.6869327598        -0.9010400149 
        6.3350000000        -0.6985629249         0.7109552427       -13.0853291410        -0.9458774733 
        6.3400000000        -0.6983889514         0.7211510486       -12.8197315536        -1.0099309854 
        6.3450000000        -0.6982050523         0.7109552427       -13.0853291410        -1.0835925243 
        6.3500001000        -0.6980112262         0.7007594367       -13.3509267285        -1.1444433608 
        6.3550001000        -0.6978074836         0.7313468546       -12.5541339661        -1.1956861704 
        6.3600001000        -0.6975938236         0.7084062912       -13.1517285379        -1.2661450337 
        6.3650000000        -0.6973702538         0.7186020971       -12.8861309504        -1.3301985458 
        6.3700000000        -0.6971367684         0.7211510486       -12.8197315536        -1.3782386799 
        6.3750000000        -0.6968933752         0.7287979031       -12.6205333630        -1.4486975431 
        6.3800001000        -0.6966400725         0.7109552427       -13.0853291410        -1.5191564064 
        6.3850001000        -0.6963768739         0.7084062912       -13.1517285379        -1.5928179453 
        6.3900001000        -0.6961037782         0.7186020971       -12.8861309504        -1.6504661062 
        6.3950001000        -0.6958207894         0.7033083882       -13.2845273317        -1.7113169427 
        6.4000001000        -0.6955279114         0.7058573397       -13.2181279348        -1.7817758059 
        6.4050000000        -0.6952251546         0.7186020971       -12.8861309504        -1.8266132644 
        6.4100001000        -0.6949125048         0.7135041942       -13.0189297442        -1.9034774789 
        6.4150001000        -0.6945899849         0.7135041942       -13.0189297442        -1.9579229641 
        6.4200001000        -0.6942575933         0.7058573397       -13.2181279348        -2.0251791518 
        6.4250000000        -0.6939153417         0.7109552427       -13.0853291410        -2.0956380151 
        6.4300000000        -0.6935632214         0.6905636308       -13.6165243160        -2.1564888516 
        6.4350000000        -0.6932012439         0.7338958061       -12.4877345692        -2.2205423637 
        6.4400001000        -0.6928294070         0.6778188734       -13.9485213003        -2.2974065782 
        6.4450001000        -0.6924477308         0.7109552427       -13.0853291410        -2.3582574146 
        6.4500001000        -0.6920562134         0.7135041942       -13.0189297442        -2.4191082511 
        6.4550001000        -0.6916548603         0.6982104853       -13.4173261254        -2.4863644388 
        6.4600000000        -0.6912436856         0.7186020971       -12.8861309504        -2.5440125996 
        6.4650000000        -0.6908226787         0.6931125823       -13.5501249191        -2.6208768141 
        6.4700077000        -0.6903911826         0.7186020971       -12.8861309504        -2.6753222994 
        6.4756505000        -0.6898931687         0.6905636308       -13.6165243160        -2.7746052431 
        6.4800001000        -0.6895007647         0.7109552427       -13.0853291410        -2.8226453772 
        6.4850001000        -0.6890405224         0.7007594367       -13.3509267285        -2.8931042405 
        6.4900000000        -0.6885704968         0.7058573397       -13.2181279348        -2.9507524013 
        6.4950000000        -0.6880906758         0.7033083882       -13.2845273317        -3.0308192914 
        6.5000000000        -0.6876010755         0.6982104853       -13.4173261254        -3.1044808303 
        6.5050001000        -0.6871016928         0.7237000001       -12.7533321567        -3.1333049108 
        6.5100001000        -0.6865925547         0.6803678249       -13.8821219035        -3.1397102620 
        6.5150001000        -0.6860736587         0.7237000001       -12.7533321567        -3.1301022351 
        6.5200001000        -0.6855450120         0.7237000001       -12.7533321567        -1.7337356719 
        6.5250001000        -0.6850066222         0.6803678249       -13.8821219035         3.1407365971 
        6.5300000000        -0.6844585080         0.7186020971       -12.8861309504         3.1439392727 
        6.5350001000        -0.6839006440         0.7007594367       -13.3509267285         3.0991018143 
        6.5400001000        -0.6833330713         0.7109552427       -13.0853291410         3.0254402754 
        6.5450001000        -0.6827557869         0.7186020971       -12.8861309504         2.9774001413 
        6.5500000000        -0.6821688110         0.7058573397       -13.2181279348         2.8909279000 
        6.5550000000        -0.6815721282         0.6880146793       -13.6829237129         2.8300770636 
        6.5600000000        -0.6809657588         0.7237000001       -12.7533321567         2.7628208759 
        6.5650001000        -0.6803496989         0.6931125823       -13.5501249191         2.6955646882 
        6.5700001000        -0.6797239820         0.7237000001       -12.7533321567         2.6315111761 
        6.5750001000        -0.6790886047         0.7135041942       -13.0189297442         2.5770656909 
        6.5800001000        -0.6784435761         0.7135041942       -13.0189297442         2.5034041520 
        6.5850000000        -0.6777889185         0.7058573397       -13.2181279348         2.4457559911 
        6.5900000000        -0.6771246150         0.7033083882       -13.2845273317         2.3720944522 
        6.5950000000        -0.6764506880         0.7058573397       -13.2181279348         2.2952302377 
        6.6000001000        -0.6757671334         0.7109552427       -13.0853291410         2.2375820769 
        6.6050001000        -0.6750739883         0.7186020971       -12.8861309504         2.1767312404 
        6.6100001000        -0.6743712488         0.7160531457       -12.9525303473         2.1190830795 
        6.6150000000        -0.6736589394         0.7058573397       -13.2181279348         2.0518268918 
        6.6200000000        -0.6729370416         0.7058573397       -13.2181279348         1.9653546505 
        6.6250000000        -0.6722055800         0.7109552427       -13.0853291410         1.9109091653 
        6.6300001000        -0.6714645499         0.7186020971       -12.8861309504         1.8468556532 
        6.6350001000        -0.6707139915         0.6905636308       -13.6165243160         1.7763967899 
        6.6400001000        -0.6699539007         0.7084062912       -13.1517285379         1.7059379266 
        6.6450001000        -0.6691842885         0.6931125823       -13.5501249191         1.6482897658 
        6.6500001000        -0.6684051656         0.7338958061       -12.4877345692         1.5874389293 
        6.6550000000        -0.6676165592         0.7237000001       -12.7533321567         1.5426014708 
        6.6600001000        -0.6668184326         0.7109552427       -13.0853291410         1.4753452831 
        6.6650001000        -0.6660108450         0.7160531457       -12.9525303473         1.3920757174 
        6.6700001000        -0.6651937919         0.6982104853       -13.4173261254         1.3280222054 
        6.6750000000        -0.6643673015         0.7364447575       -12.4213351724         1.2735767201 
        6.6800000000        -0.6635313526         0.7211510486       -12.8197315536         1.2031178568 
        6.6850000000        -0.6626859734         0.7262489516       -12.6869327598         1.1486723716 
        6.6900001000        -0.6618311588         0.7135041942       -13.0189297442         1.0910242107 
        6.6950001000        -0.6609669551         0.7211510486       -12.8197315536         1.0237680230 
        6.7000001000        -0.6600933576         0.7440916120       -12.2221369817         0.9693225377 
        6.7050001000        -0.6592103787         0.7287979031       -12.6205333630         0.9020663501 
        6.7100000000        -0.6583180489         0.7262489516       -12.6869327598         0.8412155136 
        6.7150000000        -0.6574163452         0.7237000001       -12.7533321567         0.7803646771 
        6.7200000000        -0.6565052982         0.7211510486       -12.8197315536         0.7163111650 
        6.7250001000        -0.6555849022         0.7338958061       -12.4877345692         0.6458523018 
        6.7300001000        -0.6546552073         0.7415426605       -12.2885363786         0.5914068165 
        6.7350001000        -0.6537162083         0.7262489516       -12.6869327598         0.5369613312 
        6.7400000000        -0.6527679375         0.7211510486       -12.8197315536         0.4665024679 
        6.7450000000        -0.6518103707         0.7338958061       -12.4877345692         0.4024489559 
        6.7500000000        -0.6508435401         0.7415426605       -12.2885363786         0.3608141730 
        6.7550001000        -0.6498674400         0.7211510486       -12.8197315536         0.2807472829 
        6.7600001000        -0.6488821233         0.7440916120       -12.2221369817         0.2230991221 
        6.7650001000        -0.6478875846         0.7287979031       -12.6205333630         0.1718563124 
        6.7700001000        -0.6468838379         0.7440916120       -12.2221369817         0.1110054759 
        6.7750001000        -0.6458708976         0.7237000001       -12.7533321567         0.0469519638 
        6.7800000000        -0.6448487985         0.7517384665       -12.0229387911        -0.0074935214 
        6.7850001000        -0.6438174937         0.7287979031       -12.6205333630        -0.0683443579 
        6.7900001000        -0.6427770593         0.7440916120       -12.2221369817        -0.1323978700 
        6.7950001000        -0.6417274896         0.7415426605       -12.2885363786        -0.1740326528 
        6.8000000000        -0.6406688208         0.7389937090       -12.3549357755        -0.2476941917 
        6.8050000000        -0.6396010257         0.7440916120       -12.2221369817        -0.3053423526 
        6.8100000000        -0.6385241403         0.7415426605       -12.2885363786        -0.3629905134 
        6.8150001000        -0.6374381584         0.7338958061       -12.4877345692        -0.4238413499 
        6.8200001000        -0.6363431386         0.7619342724       -11.7573412037        -0.4718814840 
        6.8250001000        -0.6352390750         0.7313468546       -12.5541339661        -0.5519483741 
        6.8300001000        -0.6341259833         0.7542874179       -11.9565393943        -0.5935831569 
        6.8350000000        -0.6330039017         0.7338958061       -12.4877345692        -0.6672446958 
        6.8400000000        -0.6318728014         0.7466405635       -12.1557375849        -0.7120821543 
        6.8450000000        -0.6307327208         0.7466405635       -12.1557375849        -0.7761356663 
        6.8500001000        -0.6295836530         0.7517384665       -12.0229387911        -0.8273784760 
        6.8550001000        -0.6284256604         0.7415426605       -12.2885363786        -0.9074453661 
        6.8600009000        -0.6272585489         0.7262489516       -12.6869327598        -0.9650935270 
        6.8650000000        -0.6260829213         0.7389937090       -12.3549357755        -1.0227416878 
        6.8700000000        -0.6248981847         0.7517384665       -12.0229387911        -1.0611737951 
        6.8750000000        -0.6237045669         0.7593853209       -11.8237406005        -1.1188219559 
        6.8800001000        -0.6225020608         0.7364447575       -12.4213351724        -1.1956861704 
        6.8850001000        -0.6212907315         0.7542874179       -11.9565393943        -1.2469289801 
        6.8900001000        -0.6200705723         0.7440916120       -12.2221369817        -1.3013744654 
        6.8950001000        -0.6188416006         0.7568363694       -11.8901399974        -1.3686306530 
        6.9000001000        -0.6176038337         0.7389937090       -12.3549357755        -1.4294814895 
        6.9050000000        -0.6163573143         0.7644832239       -11.6909418068        -1.4935350016 
        6.9100001000        -0.6151019851         0.7262489516       -12.6869327598        -1.5479804869 
        6.9150001000        -0.6138379389         0.7619342724       -11.7573412037        -1.6184393501 
        6.9200001000        -0.6125651687         0.7440916120       -12.2221369817        -1.6600741330 
        6.9250000000        -0.6112837184         0.7415426605       -12.2885363786        -1.7273303207 
        6.9300000000        -0.6099935548         0.7619342724       -11.7573412037        -1.7817758059 
        6.9350000000        -0.6086947218         0.7644832239       -11.6909418068        -1.8298159400 
        6.9400026000        -0.6073865558         0.7644832239       -11.6909418068        -1.8906667765 
        6.9450001000        -0.6060710954         0.7542874179       -11.9565393943        -1.9579229641 
        6.9500001000        -0.6047463655         0.7415426605       -12.2885363786        -2.0123684494 
        6.9550001000        -0.6034130407         0.7619342724       -11.7573412037        -2.0604085835 
        6.9600000000        -0.6020711671         0.7491895150       -12.0893381880        -2.1404754736 
        6.9650000000        -0.6007207099         0.7517384665       -12.0229387911        -2.1885156076 
        6.9700000000        -0.5993617152         0.7517384665       -12.0229387911        -2.2461637685 
        6.9750001000        -0.5979941748         0.7619342724       -11.7573412037        -2.3070146050 
        6.9800001000        -0.5966181628         0.7644832239       -11.6909418068        -2.3582574146 
        6.9850001000        -0.5952336715         0.7466405635       -12.1557375849        -2.4287162779 
        6.9900000000        -0.5938407486         0.7466405635       -12.1557375849        -2.4959724656 
        6.9950000000        -0.5924393582         0.7542874179       -11.9565393943        -2.5568233021 
        7.0000000000        -0.5910295479         0.7440916120       -12.2221369817        -2.6176741385 
        7.0050001000        -0.5896113092         0.7593853209       -11.8237406005        -2.6657142726 
        7.0100001000        -0.5881847192         0.7517384665       -12.0229387911        -2.7265651091 
        7.0150001000        -0.5867497698         0.7542874179       -11.9565393943        -2.7970239724 
        7.0200001000        -0.5853064814         0.7568363694       -11.8901399974        -2.8482667820 
        7.0250001000        -0.5838548744         0.7619342724       -11.7573412037        -2.9027122673 
        7.0300000000        -0.5823949989         0.7593853209       -11.8237406005        -2.9667657794 
        7.0350001000        -0.5809267877         0.7517384665       -12.0229387911        -3.0372246426 
        7.0400001000        -0.5794503495         0.7568363694       -11.8901399974        -3.0948728035 
        7.0450001000        -0.5779656760         0.7721300783       -11.4917436162        -3.1397102620 
        7.0500000000        -0.5764728183         0.7440916120       -12.2221369817        -3.1429129376 
        7.0550000000        -0.5749717379         0.7721300783       -11.4917436162        -3.1365075864 
        7.0600000000        -0.5734624859         0.7644832239       -11.6909418068        -1.7593570767 
        7.0650001000        -0.5719450532         0.7517384665       -12.0229387911         3.1343312459 
        7.0700001000        -0.5704195223         0.7721300783       -11.4917436162         3.1375339215 
        7.0750001000        -0.5688858844         0.7466405635       -12.1557375849         3.1407365971 
        7.0800001000        -0.5673441613         0.7797769328       -11.2925454256         3.0926964631 
        7.0850000000        -0.5657944061         0.7619342724       -11.7573412037         3.0286429510 
        7.0900000000        -0.5642365789         0.7568363694       -11.8901399974         2.9677921145 
        7.0950000000        -0.5626707325         0.7797769328       -11.2925454256         2.9101439537 
        7.1000001000        -0.5610968579         0.7542874179       -11.9565393943         2.8589011440 
        7.1050001000        -0.5595150401         0.7899727387       -11.0269478381         2.8076583343 
        7.1100170000        -0.5579198836         0.7823258843       -11.2261460287         2.7532128491 
        7.1150148000        -0.5563228626         0.7797769328       -11.2925454256         2.6827539858 
        7.1200000000        -0.5547219980         0.7848748358       -11.1597466318         2.6315111761 
        7.1250000000        -0.5531085087         0.7644832239       -11.6909418068         2.5674576641 
        7.1300001000        -0.5514871259         0.7695811269       -11.5581430131         2.5002014764 
        7.1350001000        -0.5498579377         0.7746790298       -11.4253442193         2.4553640179 
        7.1400001000        -0.5482209348         0.7848748358       -11.1597466318         2.4041212083 
        7.1450001000        -0.5465761404         0.7823258843       -11.2261460287         2.3400676962 
        7.1500001000        -0.5449235780         0.7721300783       -11.4917436162         2.2888248865 
        7.1550000000        -0.5432633043         0.7848748358       -11.1597466318         2.2247713744 
        7.1600001000        -0.5415952430         0.7797769328       -11.2925454256         2.1703258892 
        7.1650001000        -0.5399195178         0.7619342724       -11.7573412037         2.1126777283 
        7.1700001000        -0.5382361191         0.7848748358       -11.1597466318         2.0550295674 
        7.1750000000        -0.5365451048         0.7950706417       -10.8941490444         1.9941787310 
        7.1800000000        -0.5348464312         0.7593853209       -11.8237406005         1.9429359213 
        7.1850000000        -0.5331401563         0.8103643506       -10.4957526631         1.8820850848 
        7.1900001000        -0.5314262700         0.7644832239       -11.6909418068         1.8308422752 
        7.1950001000        -0.5297048650         0.7772279813       -11.3589448224         1.7763967899 
        7.2000001000        -0.5279759319         0.7823258843       -11.2261460287         1.7155459534 
        7.2050001000        -0.5262394950         0.8154622536       -10.3629538694         1.6771138462 
        7.2100000000        -0.5244956140         0.7848748358       -11.1597466318         1.6162630097 
        7.2150000000        -0.5227442440         0.7950706417       -10.8941490444         1.5586148488 
        7.2200000000        -0.5209854446         0.7899727387       -11.0269478381         1.5137773904 
        7.2250001000        -0.5192192055         0.8052664477       -10.6285514569         1.4689399319 
        7.2300001000        -0.5174456224         0.8052664477       -10.6285514569         1.4112917711 
        7.2350001000        -0.5156646852         0.8052664477       -10.6285514569         1.3536436102 
        7.2400000000        -0.5138764552         0.8052664477       -10.6285514569         1.3120088274 
        7.2450000000        -0.5120808861         0.8078153991       -10.5621520600         1.2639686933 
        7.2500000000        -0.5102780392         0.8103643506       -10.4957526631         1.2031178568 
        7.2550001000        -0.5084679039         0.8129133021       -10.4293532663         1.1518750472 
        7.2600001000        -0.5066505782         0.8027174962       -10.6949508538         1.0974295619 
        7.2650001000        -0.5048260519         0.8052664477       -10.6285514569         1.0461867522 
        7.2700001000        -0.5029943509         0.8282070110       -10.0309568851         0.9949439426 
        7.2750001000        -0.5011555013         0.8027174962       -10.6949508538         0.9372957817 
        7.2800000000        -0.4993095661         0.8052664477       -10.6285514569         0.8892556476 
        7.2850001000        -0.4974564606         0.8205601566       -10.2301550757         0.8476208648 
        7.2900001000        -0.4955963222         0.8205601566       -10.2301550757         0.8027834063 
        7.2950001000        -0.4937291402         0.8052664477       -10.6285514569         0.7323245431 
        7.3000000000        -0.4918549789         0.8256580595       -10.0973562819         0.7002977870 
        7.3050000000        -0.4899737897         0.8256580595       -10.0973562819         0.6362442749 
        7.3100180000        -0.4880788271         0.8001685447       -10.7613502506         0.5850014653 
        7.3150001000        -0.4861905095         0.8435007200        -9.6325605038         0.5465693580 
        7.3200001000        -0.4842885100         0.8078153991       -10.5621520600         0.4889211972 
        7.3250001000        -0.4823796276         0.8307559625        -9.9645574882         0.4376783875 
        7.3300001000        -0.4804638896         0.8027174962       -10.6949508538         0.3896382535 
        7.3350000000        -0.4785413617         0.8282070110       -10.0309568851         0.3415981194 
        7.3400000000        -0.4766119942         0.8485986229        -9.4997617101         0.2999633365 
        7.3450000000        -0.4746758530         0.8231091081       -10.1637556788         0.2519232025 
        7.3500001000        -0.4727329268         0.8282070110       -10.0309568851         0.2006803928 
        7.3550001000        -0.4707833207         0.8231091081       -10.1637556788         0.1462349076 
        7.3600001000        -0.4688270237         0.8435007200        -9.6325605038         0.1078028003 
        7.3650000000        -0.4668641030         0.8205601566       -10.2301550757         0.0693706931 
        7.3700000000        -0.4648945080         0.8460496714        -9.5661611070         0.0213305590 
        7.3750000000        -0.4629183057         0.8511475744        -9.4333623132        -0.0299122506 
        7.3800001000        -0.4609354847         0.8154622536       -10.3629538694        -0.0811550603 
        7.3850001000        -0.4589461523         0.8485986229        -9.4997617101        -0.1291951944 
        7.3900001000        -0.4569502973         0.8358538655        -9.8317586944        -0.1708299772 
        7.3950001000        -0.4549479480         0.8333049140        -9.8981580913        -0.2220727869 
        7.4000001000        -0.4529391329         0.8358538655        -9.8317586944        -0.2573022185 
        7.4050000000        -0.4509239208         0.8460496714        -9.5661611070        -0.3149503794 
        7.4100001000        -0.4489022195         0.8384028170        -9.7653592976        -0.3597878378 
        7.4150001000        -0.4468741786         0.8435007200        -9.6325605038        -0.4014226207 
        7.4200001000        -0.4448397866         0.8460496714        -9.5661611070        -0.4590707816 
        7.4250000000        -0.4427991133         0.8409517685        -9.6989599007        -0.5039082400 
        7.4300000000        -0.4407521062         0.8435007200        -9.6325605038        -0.5455430229 
        7.4350000000        -0.4386988350         0.8562454774        -9.3005635195        -0.5935831569 
        7.4400001000        -0.4366392876         0.8333049140        -9.8981580913        -0.6416232910 
        7.4450001000        -0.4345735758         0.8587944289        -9.2341641226        -0.6864607494 
        7.4500001000        -0.4325016877         0.8460496714        -9.5661611070        -0.7345008835 
        7.4550001000        -0.4304236528         0.8511475744        -9.4333623132        -0.7697303151 
        7.4600000000        -0.4283395423         0.8536965259        -9.3669629164        -0.8209731248 
        7.4650000000        -0.4262493026         0.8485986229        -9.4997617101        -0.8562025564 
        7.4700000000        -0.4241530050         0.8664412833        -9.0349659320        -0.9106480417 
        7.4750001000        -0.4220506371         0.8256580595       -10.0973562819        -0.9682962026 
        7.4800001000        -0.4199423129         0.8715391863        -8.9021671383        -1.0003229586 
        7.4850001000        -0.4178280204         0.8536965259        -9.3669629164        -1.0419577415 
        7.4900000000        -0.4157078321         0.8613433804        -9.1677647258        -1.0964032267 
        7.4950000000        -0.4135816933         0.8536965259        -9.3669629164        -1.1316326584 
        7.5000000000        -0.4114496766         0.8689902348        -8.9685665351        -1.1796727924 
        7.5050001000        -0.4093117695         0.8664412833        -9.0349659320        -1.2149022241 
        7.5100001000        -0.4071680879         0.8664412833        -9.0349659320        -1.2693477093 
        7.5150001000        -0.4050186195         0.8638923318        -9.1013653289        -1.3141851678 
        7.5200001000        -0.4028633948         0.8689902348        -8.9685665351        -1.3590226262 
        7.5250001000        -0.4007024446         0.8689902348        -8.9685665351        -1.4006574091 
        7.5300000000        -0.3985358430         0.8893818467        -8.4373713602        -1.4294814895 
        7.5350001000        -0.3963634904         0.8689902348        -8.9685665351        -1.4871296504 
        7.5400001000        -0.3941855481         0.8715391863        -8.9021671383        -1.5319671088 
        7.5450001000        -0.3920020035         0.8715391863        -8.9021671383        -1.5639938649 
        7.5500000000        -0.3898129315         0.8817349922        -8.6365695508        -1.6152366745 
        7.5550000000        -0.3876182757         0.8664412833        -9.0349659320        -1.6568714574 
        7.5600000000        -0.3854181110         0.8842839437        -8.5701701539        -1.6985062402 
        7.5650001000        -0.3832124245         0.8766370893        -8.7693683445        -1.7273303207 
        7.5700001000        -0.3810013357         0.8842839437        -8.5701701539        -1.7849784815 
        7.5750001000        -0.3787848321         0.8715391863        -8.9021671383        -1.8362212912 
        7.5800001000        -0.3765629451         0.8842839437        -8.5701701539        -1.8746533985 
        7.5850000000        -0.3743357509         0.8817349922        -8.6365695508        -1.9162881813 
        7.5900000000        -0.3721031921         0.8842839437        -8.5701701539        -1.9643283154 
        7.5950000000        -0.3698653448         0.8817349922        -8.6365695508        -1.9931523958 
        7.6000001000        -0.3676221961         0.8842839437        -8.5701701539        -2.0379898542 
        7.6050001000        -0.3653738674         0.8842839437        -8.5701701539        -2.0860299883 
        7.6100001000        -0.3631203459         0.8842839437        -8.5701701539        -2.1276647712 
        7.6150000000        -0.3608617090         0.8842839437        -8.5701701539        -2.1660968784 
        7.6200000000        -0.3585978982         0.8944797497        -8.3045725665        -2.1949209588 
        7.6250000000        -0.3563289910         0.9072245071        -7.9725755821        -2.2301503905 
        7.6300001000        -0.3540549741         0.8919307982        -8.3709719633        -2.2845958757 
        7.6350001000        -0.3517759706         0.8893818467        -8.4373713602        -2.3326360098 
        7.6400001000        -0.3494919677         0.8919307982        -8.3709719633        -2.3678654414 
        7.6450001000        -0.3472029977         0.9046755556        -8.0389749790        -2.4095002243 
        7.6500001000        -0.3449090932         0.8893818467        -8.4373713602        -2.4479323315 
        7.6550000000        -0.3426103327         0.9046755556        -8.0389749790        -2.4895671144 
        7.6600001000        -0.3403066110         0.8842839437        -8.5701701539        -2.5408099240 
        7.6650001000        -0.3379980988         0.9148713616        -7.7733773915        -2.5600259777 
        7.6700001000        -0.3356847829         0.8893818467        -8.4373713602        -2.6112687873 
        7.6750000000        -0.3333667426         0.9225182160        -7.5741792009        -2.6432955434 
        7.6800000000        -0.3310439180         0.8893818467        -8.4373713602        -2.6913356774 
        7.6850000000        -0.3287163887         0.9097734586        -7.9061761852        -2.7329704603 
        7.6900001000        -0.3263841408         0.8970287012        -8.2381731696        -2.7842132699 
        7.6950001000        -0.3240473009         0.9097734586        -7.9061761852        -2.8130373504 
        7.7000001000        -0.3217058556         0.8970287012        -8.2381731696        -2.8642801600 
        7.7050001000        -0.3193598381         0.9250671675        -7.5077798040        -2.8866988893 
        7.7100000000        -0.3170093288         0.8970287012        -8.2381731696        -2.9347390233 
        7.7150000000        -0.3146542672         0.9250671675        -7.5077798040        -2.9763738062 
        7.7200000000        -0.3122947337         0.8970287012        -8.2381731696        -3.0244139402 
        7.7250001000        -0.3099307144         0.9225182160        -7.5741792009        -3.0500353451 
        7.7300001000        -0.3075623376         0.9250671675        -7.5077798040        -3.0852647767 
        7.7350001000        -0.3051895896         0.9378119249        -7.1757828197        -3.1236968839 
        7.7400000000        -0.3028125518         0.9072245071        -7.9725755821        -3.1301022351 
        7.7450000000        -0.3004311628         0.9352629734        -7.2421822165        -3.1397102620 
        7.7500000000        -0.2980455041         0.9225182160        -7.5741792009        -3.1365075864 
        7.7550001000        -0.2956555616         0.9276161190        -7.4413804072        -3.1493182888 
        7.7600001000        -0.2932614650         0.9250671675        -7.5077798040        -1.7625597523 
        7.7650001000        -0.2908632005         0.9480077309        -6.9101852322        -1.7401410231 
        7.7700001000        -0.2884608022         0.9148713616        -7.7733773915         3.1407365971 
        7.7750001000        -0.2860543042         0.9327140220        -7.3085816134         3.1407365971 
        7.7800000000        -0.2836437889         0.9505566824        -6.8437858353         3.1471419483 
        7.7850001000        -0.2812291460         0.9276161190        -7.4413804072         3.1407365971 
        7.7900001000        -0.2788105545         0.9429098279        -7.0429840259         3.1183178679 
        7.7950001000        -0.2763880004         0.9378119249        -7.1757828197         3.0958991387 
        7.8000000000        -0.2739615668         0.9454587794        -6.9765846291         3.0414536534 
        7.8050000000        -0.2715311911         0.9378119249        -7.1757828197         3.0190349242 
        7.8100001000        -0.2690969076         0.9556545853        -6.7109870416         2.9677921145 
        7.8150001000        -0.2666588484         0.9480077309        -6.9101852322         2.9389680341 
        7.8200001000        -0.2642169993         0.9556545853        -6.7109870416         2.9165493049 
        7.8250001000        -0.2617713951         0.9531056338        -6.7773864385         2.8621038196 
        7.8300001000        -0.2593220705         0.9429098279        -7.0429840259         2.8364824148 
        7.8350000000        -0.2568691095         0.9683993428        -6.3789900572         2.8044556587 
        7.8400000000        -0.2544124488         0.9378119249        -7.1757828197         2.7628208759 
        7.8450000000        -0.2519521724         0.9658503913        -6.4453894541         2.7275914442 
        7.8500001000        -0.2494882658         0.9607524883        -6.5781882478         2.7115780662 
        7.8550001000        -0.2470208627         0.9607524883        -6.5781882478         2.6699432834 
        7.8600001000        -0.2445499489         0.9760461972        -6.1797918666         2.6379165273 
        7.8650000000        -0.2420756090         0.9429098279        -7.0429840259         2.5962817445 
        7.8700000000        -0.2395977792         0.9683993428        -6.3789900572         2.5706603397 
        7.8750000000        -0.2371165442         0.9683993428        -6.3789900572         2.5450389348 
        7.8800001000        -0.2346318895         0.9683993428        -6.3789900572         2.4969988008 
        7.8850001000        -0.2321439499         0.9862420032        -5.9141942792         2.4841880984 
        7.8900001000        -0.2296527109         0.9633014398        -6.5117888510         2.4521613423 
        7.8950001000        -0.2271582081         0.9862420032        -5.9141942792         2.4233372619 
        7.9000001000        -0.2246604769         0.9836930517        -5.9805936760         2.3784998034 
        7.9050000000        -0.2221596028         0.9785951487        -6.1133924698         2.3624864254 
        7.9100001000        -0.2196554712         0.9683993428        -6.3789900572         2.3240543182 
        7.9150001000        -0.2171482679         0.9862420032        -5.9141942792         2.2920275621 
        7.9200001000        -0.2146379784         0.9836930517        -5.9805936760         2.2600008061 
        7.9250000000        -0.2121246887         0.9811441002        -6.0469930729         2.2215686988 
        7.9300000000        -0.2096083341         0.9811441002        -6.0469930729         2.1927446184 
        7.9350001000        -0.2070889500         0.9760461972        -6.1797918666         2.1735285648 
        7.9401578000        -0.2044870730         1.0040846636        -5.4493985011         2.1447044843 
        7.9450001000        -0.2020414889         1.0091825665        -5.3165997073         2.1190830795 
        7.9500001000        -0.1995134331         0.9887909546        -5.8477948823         2.0966643503 
        7.9550001000        -0.1969825419         0.9913399061        -5.7813954854         2.0614349186 
        7.9600000000        -0.1944489018         1.0117315180        -5.2502003105         2.0326108382 
        7.9650000000        -0.1919124475         1.0015357121        -5.5157978979         2.0069894334 
        7.9700000000        -0.1893732657         0.9913399061        -5.7813954854         1.9685573261 
        7.9750001000        -0.1868313417         1.0040846636        -5.4493985011         1.9461385969 
        7.9800001000        -0.1842868131         1.0066336150        -5.3829991042         1.9301252189 
        7.9850001000        -0.1817396655         1.0168294210        -5.1174015167         1.8916931116 
        7.9900000000        -0.1791899859         1.0015357121        -5.5157978979         1.8724770580 
        7.9950000000        -0.1766377087         1.0168294210        -5.1174015167         1.8372476264 
        8.0000000000        -0.1740829210         1.0117315180        -5.2502003105         1.8180315728 
        8.0050001000        -0.1715256081         1.0219273240        -4.9846027230         1.7924101679 
        8.0100001000        -0.1689659086         1.0270252269        -4.8518039292         1.7731941143 
        8.0150001000        -0.1664038076         1.0270252269        -4.8518039292         1.7379646827 
        8.0200001000        -0.1638393417         1.0244762754        -4.9182033261         1.7347620071 
        8.0250000000        -0.1612725987         1.0219273240        -4.9846027230         1.6899245486 
        8.0300000000        -0.1587035123         1.0219273240        -4.9846027230         1.6771138462 
        8.0350001000        -0.1561321189         1.0372210329        -4.5862063418         1.6546951170 
        8.0400001000        -0.1535585579         1.0270252269        -4.8518039292         1.6354790633 
        8.0450001000        -0.1509828145         1.0219273240        -4.9846027230         1.6066549829 
        8.0500000000        -0.1484049769         1.0295741784        -4.7854045324         1.5778309025 
        8.0550001000        -0.1458249270         1.0397699844        -4.5198069449         1.5586148488 
        8.0600000000        -0.1432429079         1.0474168388        -4.3206087543         1.5426014708 
        8.0650001000        -0.1406587496         1.0244762754        -4.9182033261         1.5201827416 
        8.0700001000        -0.1380726439         1.0448678873        -4.3870081512         1.4913586612 
        8.0750001000        -0.1354845759         1.0525147418        -4.1878099606         1.4785479588 
        8.0800001000        -0.1328945823         1.0627105477        -3.9222123731         1.4593319051 
        8.0850000000        -0.1303027519         1.0372210329        -4.5862063418         1.4305078247 
        8.0900001000        -0.1277089659         1.0550636933        -4.1214105637         1.4144944467 
        8.0950000000        -0.1251134686         1.0550636933        -4.1214105637         1.3920757174 
        8.1000001000        -0.1225160893         1.0627105477        -3.9222123731         1.3824676906 
        8.1050001000        -0.1199170208         1.0525147418        -4.1878099606         1.3504409346 
        8.1100001000        -0.1173162479         1.0627105477        -3.9222123731         1.3408329078 
        8.1150000000        -0.1147138598         1.0652594992        -3.8558129762         1.3216168542 
        8.1200000000        -0.1121097893         1.0754553052        -3.5902153887         1.3024008005 
        8.1250001000        -0.1095040734         1.0525147418        -4.1878099606         1.2767793957 
        8.1300001000        -0.1068968533         1.0652594992        -3.8558129762         1.2703740445 
        8.1350001000        -0.1042881139         1.0703574022        -3.7230141825         1.2543606665 
        8.1400001000        -0.1016778924         1.0780042567        -3.5238159919         1.2287392617 
        8.1450001000        -0.0990662258         1.0780042567        -3.5238159919         1.2223339104 
        8.1500000000        -0.0964532035         1.0831021596        -3.3910171981         1.2031178568 
        8.1550000000        -0.0938387581         1.0703574022        -3.7230141825         1.1742937764 
        8.1600001000        -0.0912229268         1.0882000626        -3.2582184044         1.1550777228 
        8.1650001000        -0.0886058513         1.0856511111        -3.3246178012         1.1486723716 
        8.1700001000        -0.0859875165         1.1085916745        -2.7270232294         1.1326589935 
        8.1750000000        -0.0833680121         1.0983958685        -2.9926208169         1.1262536423 
        8.1800001000        -0.0807472180         1.1136895775        -2.5942244357         1.1166456155 
        8.1850000000        -0.0781253811         1.0958469171        -3.0590202138         1.0910242107 
        8.1900001000        -0.0755023290         1.1085916745        -2.7270232294         1.0686054815 
        8.1950001000        -0.0728782563         1.1085916745        -2.7270232294         1.0686054815 
        8.2000001000        -0.0702531479         1.1213364319        -2.3950262451         1.0493894278 
        8.2050001000        -0.0676270410         1.1034937715        -2.8598220232         1.0429840766 
        8.2100000000        -0.0650000255         1.1187874804        -2.4614256419         1.0205653474 
        8.2150000000        -0.0623720337         1.0958469171        -3.0590202138         1.0077546450 
        8.2200000000        -0.0597431554         1.1264343349        -2.2622274513         0.9917412670 
        8.2250001000        -0.0571133755         1.1111406260        -2.6606238326         0.9885385914 
        8.2300106000        -0.0544773115         1.1264343349        -2.2622274513         0.9661198621 
        8.2350001000        -0.0518515231         1.1136895775        -2.5942244357         0.9629171865 
        8.2400000000        -0.0492195254         1.1289832864        -2.1958280545         0.9533091597 
        8.2450000000        -0.0465867756         1.1213364319        -2.3950262451         0.9437011329 
        8.2500001000        -0.0439533110         1.1213364319        -2.3950262451         0.9308904305 
        8.2550001000        -0.0413192744         1.1187874804        -2.4614256419         0.9116743769 
        8.2600001000        -0.0386846506         1.1340811893        -2.0630292607         0.9084717013 
        8.2650001000        -0.0360494769         1.1187874804        -2.4614256419         0.8892556476 
        8.2700000000        -0.0334138437         1.1366301408        -1.9966298639         0.8892556476 
        8.2750000000        -0.0307776828         1.1340811893        -2.0630292607         0.8860529720 
        8.2800000000        -0.0281410846         1.1289832864        -2.1958280545         0.8700395940 
        8.2850001000        -0.0255040336         1.1315322379        -2.1294286576         0.8476208648 
        8.2900001000        -0.0228666729         1.1417280438        -1.8638310701         0.8508235404 
        8.2950001000        -0.0202289872         1.1417280438        -1.8638310701         0.8412155136 
        8.3000000000        -0.0175910668         1.1442769953        -1.7974316733         0.8348101624 
        8.3050000000        -0.0149528436         1.1595707042        -1.3990352920         0.8219994600 
        8.3100000000        -0.0123144079         1.1544728012        -1.5318340858         0.8027834063 
        8.3150001000        -0.0096757445         1.1646686072        -1.2662364983         0.8027834063 
        8.3200001000        -0.0070369962         1.1901581220        -0.6022425296         0.8155941088 
        8.3250001000        -0.0043981480         1.1876091705        -0.6686419265         0.8027834063 
        8.3300001000        -0.0017592373         1.1952560250        -0.4694437359         0.8027834063 
        8.3350000000         0.0008796457         1.2054518309        -0.2038461484         0.7995807307 
        8.3400000000         0.0035185690         1.2181965884         0.1281508360         0.7963780551 
        8.3450000000         0.0061574422         1.2156476369         0.0617514391         0.7995807307 
        8.3500001000         0.0087962807         1.2181965884         0.1281508360         0.7963780551 
        8.3550001000         0.0114349414         1.2207455399         0.1945502328         0.8059860819 
        8.3600001000         0.0140734396         1.2156476369         0.0617514391         0.8059860819 
        8.3650000000         0.0167116850         1.2181965884         0.1281508360         0.7995807307 
        8.3700000000         0.0193497457         1.2130986854        -0.0046479578         0.7995807307 
        8.3750001000         0.0219875841         1.2156476369         0.0617514391         0.7963780551 
        8.3800001000         0.0246250573         1.2207455399         0.1945502328         0.8027834063 
        8.3850001000         0.0272621805         1.2181965884         0.1281508360         0.7995807307 
        8.3900001000         0.0298989162         1.2232944913         0.2609496297         0.8059860819 
        8.3950000000         0.0325351743         1.2130986854        -0.0046479578         0.8027834063 
        8.4000000000         0.0351710227         1.2105497339        -0.0710473547         0.7963780551 
        8.4050000000         0.0378063713         1.2080007824        -0.1374467515         0.7899727039 
        8.4100001000         0.0404412352         1.2080007824        -0.1374467515         0.7931753795 
        8.4150001000         0.0430754717         1.2640777151         1.3233399796         0.8123914332 
        8.4200001000         0.0457090960         1.2742735211         1.5889375671         0.8027834063 
        8.4250000000         0.0483420180         1.2513329577         0.9913429953         0.8123914332 
        8.4300000000         0.0509743056         1.2538819092         1.0577423921         0.8123914332 
        8.4350000000         0.0536058688         1.2615287636         1.2569405827         0.8316074868 
        8.4400001000         0.0562367227         1.2640777151         1.3233399796         0.8412155136 
        8.4450001000         0.0588667247         1.2640777151         1.3233399796         0.8316074868 
        8.4500001000         0.0614958902         1.2589798122         1.1905411859         0.8476208648 
        8.4550001000         0.0641241816         1.2615287636         1.2569405827         0.8540262160 
        8.4600000000         0.0667515091         1.2640777151         1.3233399796         0.8636342428 
        8.4650000000         0.0693779405         1.2640777151         1.3233399796         0.8604315672 
        8.4700000000         0.0720033859         1.2691756181         1.4561387733         0.8732422696 
        8.4750001000         0.0746278605         1.2717245696         1.5225381702         0.8828502964 
        8.4800001000         0.0772512219         1.2768224726         1.6553369640         0.8988636745 
        8.4850001000         0.0798734854         1.2717245696         1.5225381702         0.8956609989 
        8.4900000000         0.0824945613         1.2742735211         1.5889375671         0.9052690257 
        8.4950000000         0.0851145172         1.2717245696         1.5225381702         0.9116743769 
        8.5000001000         0.0877333159         1.2742735211         1.5889375671         0.9116743769 
        8.5050001000         0.0903508152         1.2691756181         1.4561387733         0.9180797281 
        8.5100001000         0.0929670305         1.2691756181         1.4561387733         0.9437011329 
        8.5150001000         0.0955819245         1.2742735211         1.5889375671         0.9437011329 
        8.5200000000         0.0981954078         1.2615287636         1.2569405827         0.9404984573 
        8.5250000000         0.1008075478         1.2819203755         1.7881357577         0.9661198621 
        8.5300000000         0.1034182551         1.2691756181         1.4561387733         0.9693225377 
        8.5350001000         0.1060275448         1.2691756181         1.4561387733         0.9693225377 
        8.5400001000         0.1086352754         1.2589798122         1.1905411859         0.9693225377 
        8.5450001000         0.1112414620         1.2768224726         1.6553369640         0.9821332402 
        8.5500000000         0.1138460156         1.2768224726         1.6553369640         0.9981466182 
        8.5550000000         0.1164490033         1.2666266666         1.3897393765         1.0045519694 
        8.5600000000         0.1190503360         1.2819203755         1.7881357577         1.0077546450 
        8.5650001000         0.1216500287         1.2768224726         1.6553369640         1.0173626718 
        8.5700001000         0.1242479405         1.2870182785         1.9209345514         1.0237680230 
        8.5750001000         0.1268440864         1.2921161815         2.0537333452         1.0429840766 
        8.5800528000         0.1294657643         1.2742735211         1.5889375671         1.0301733742 
        8.5850000000         0.1320308814         1.2742735211         1.5889375671         1.0429840766 
        8.5902478000         0.1347498506         1.2742735211         1.5889375671         1.0493894278 
        8.5950000000         0.1372102225         1.2921161815         2.0537333452         1.0782135083 
        8.6000001000         0.1397970381         1.2742735211         1.5889375671         1.0782135083 
        8.6050001000         0.1423818151         1.2768224726         1.6553369640         1.0750108327 
        8.6100001000         0.1449645685         1.2895672300         1.9873339483         1.0942268863 
        8.6150000000         0.1475452101         1.2972140844         2.1865321389         1.1166456155 
        8.6200000000         0.1501238063         1.3023119874         2.3193309326         1.1230509667 
        8.6250001000         0.1527003205         1.2946651330         2.1201327420         1.1326589935 
        8.6300001000         0.1552746129         1.2946651330         2.1201327420         1.1358616691 
        8.6350001000         0.1578466985         1.2946651330         2.1201327420         1.1486723716 
        8.6400001000         0.1604165408         1.2870182785         1.9209345514         1.1486723716 
        8.6450000000         0.1629840518         1.2870182785         1.9209345514         1.1614830740 
        8.6500000000         0.1655492979         1.2946651330         2.1201327420         1.1774964520 
        8.6550000000         0.1681121912         1.3048609389         2.3857303295         1.1903071544 
        8.6600001000         0.1706727464         1.3099588419         2.5185291233         1.2063205324 
        8.6650001000         0.1732308247         1.3099588419         2.5185291233         1.2191312348 
        8.6700001000         0.1757864410         1.3125077934         2.5849285201         1.2255365860 
        8.6750000000         0.1783395080         1.3099588419         2.5185291233         1.2415499641 
        8.6800000000         0.1808900914         1.3150567448         2.6513279170         1.2511579909 
        8.6850000000         0.1834381041         1.3176056963         2.7177273139         1.2607660177 
        8.6900001000         0.1859835605         1.3227035993         2.8505261076         1.2799820713 
        8.6950001000         0.1885263227         1.3074098904         2.4521297264         1.2863874225 
        8.7000001000         0.1910664056         1.3150567448         2.6513279170         1.2991981249 
        8.7050001000         0.1936037730         1.3150567448         2.6513279170         1.3120088274 
        8.7100000000         0.1961383383         1.3201546478         2.7841267107         1.3152115030 
        8.7150000000         0.1986701666         1.3227035993         2.8505261076         1.3408329078 
        8.7200000000         0.2011991714         1.3176056963         2.7177273139         1.3408329078 
        8.7250001000         0.2037253673         1.3303504538         3.0497242982         1.3664543126 
        8.7300001000         0.2062486172         1.3354483567         3.1825230919         1.3824676906 
        8.7350001000         0.2087689358         1.3227035993         2.8505261076         1.3984810687 
        8.7400000000         0.2112862371         1.3405462597         3.3153218857         1.4176971223 
        8.7450000000         0.2138005859         1.3379973082         3.2489224888         1.4337105003 
        8.7500001000         0.2163119463         1.3227035993         2.8505261076         1.4433185271 
        8.7550001000         0.2188201821         1.3252525508         2.9169255045         1.4561292295 
        8.7600001000         0.2213253081         1.3227035993         2.8505261076         1.4817506344 
        8.7650001000         0.2238272885         1.3405462597         3.3153218857         1.4945613368 
        8.7700000000         0.2263260379         1.3328994052         3.1161236951         1.5041693636 
        8.7750000000         0.2288216208         1.3328994052         3.1161236951         1.5169800660 
        8.7800000000         0.2313139515         1.3303504538         3.0497242982         1.5233854172 
        8.7850001000         0.2338030445         1.3252525508         2.9169255045         1.5554121732 
        8.7900001000         0.2362887649         1.3328994052         3.1161236951         1.5490068220 
        8.7950001000         0.2387711271         1.3328994052         3.1161236951         1.5778309025 
        8.8000000000         0.2412500462         1.3481931142         3.5145200763         1.5906416049 
        8.8050000000         0.2437255863         1.3354483567         3.1825230919         1.6066549829 
        8.8100000000         0.2461976625         1.3354483567         3.1825230919         1.6226683609 
        8.8150001000         0.2486662890         1.3507420656         3.5809194732         1.6450870902 
        8.8200001000         0.2511313320         1.3456441627         3.4481206794         1.6611004682 
        8.8250001000         0.2535928059         1.3558399686         3.7137182669         1.6707084950 
        8.8300001000         0.2560506756         1.3430952112         3.3817212826         1.6835191974 
        8.8350000000         0.2585048573         1.3507420656         3.5809194732         1.7027352510 
        8.8400000000         0.2609554142         1.3481931142         3.5145200763         1.7219513046 
        8.8450000000         0.2634022623         1.3507420656         3.5809194732         1.7283566558 
        8.8500001000         0.2658454157         1.3303504538         3.0497242982         1.7539780607 
        8.8550001000         0.2682847419         1.3430952112         3.3817212826         1.7731941143 
        8.8600001000         0.2707202553         1.3430952112         3.3817212826         1.7924101679 
        8.8650000000         0.2731518725         1.3456441627         3.4481206794         1.8116262215 
        8.8700000000         0.2755796563         1.3583889201         3.7801176638         1.8180315728 
        8.8750001000         0.2780035719         1.3507420656         3.5809194732         1.8436529776 
        8.8800001000         0.2804234879         1.3532910171         3.6473188700         1.8532610044 
        8.8850001000         0.2828394186         1.3558399686         3.7137182669         1.8820850848 
        8.8900001000         0.2852513294         1.3609378716         3.8465170606         1.8884904360 
        8.8950000000         0.2876591381         1.3634868231         3.9129164575         1.9173145165 
        8.9000000000         0.2900629067         1.3762315805         4.2449134419         1.9365305701 
        8.9050000000         0.2924625529         1.3532910171         3.6473188700         1.9557466237 
        8.9100001000         0.2948580904         1.3787805320         4.3113128387         1.9813680286 
        8.9150001000         0.2972493893         1.3558399686         3.7137182669         2.0005840822 
        8.9200001000         0.2996364637         1.3685847260         4.0457152513         2.0165974602 
        8.9250000000         0.3020192320         1.3532910171         3.6473188700         2.0198001358 
        8.9300000000         0.3043977556         1.3634868231         3.9129164575         2.0390161894 
        8.9350000000         0.3067719530         1.3634868231         3.9129164575         2.0582322430 
        8.9400001000         0.3091418379         1.3660357746         3.9793158544         2.0934616747 
        8.9450001000         0.3115072818         1.3558399686         3.7137182669         2.1062723771 
        8.9500001000         0.3138682984         1.3583889201         3.7801176638         2.1222857551 
        8.9550001000         0.3162248543         1.3532910171         3.6473188700         2.1447044843 
        8.9600000000         0.3185768690         1.3558399686         3.7137182669         2.1543125112 
        8.9650000000         0.3209244030         1.3660357746         3.9793158544         2.1831365916 
        8.9700000000         0.3232673760         1.3736826290         4.1785140450         2.1991499696 
        8.9750001000         0.3256058014         1.3762315805         4.2449134419         2.2215686988 
        8.9800001000         0.3279395523         1.3787805320         4.3113128387         2.2503927793 
        8.9850001000         0.3302686426         1.3864273864         4.5105110293         2.2728115085 
        8.9900000000         0.3325929925         1.3838784350         4.4441116325         2.2856222109 
        8.9950000000         0.3349126621         1.3864273864         4.5105110293         2.3080409401 
        9.0000001000         0.3372276181         1.3762315805         4.2449134419         2.3240543182 
        9.0050001000         0.3395377350         1.3838784350         4.4441116325         2.3432703718 
        9.0100001000         0.3418430263         1.3864273864         4.5105110293         2.3784998034 
        9.0150001000         0.3441434593         1.3966231924         4.7761086168         2.4009185327 
        9.0200000000         0.3464389554         1.3864273864         4.5105110293         2.4137292351 
        9.0250000000         0.3487295737         1.4042700468         4.9753068074         2.4553640179 
        9.0300000000         0.3510152359         1.3940742409         4.7097092199         2.4681747203 
        9.0350001000         0.3532959549         1.3991721439         4.8425080137         2.4905934496 
        9.0400001000         0.3555716071         1.3762315805         4.2449134419         2.5066068276 
        9.0450001000         0.3578422059         1.4093679498         5.1081056012         2.5482416104 
        9.0500000000         0.3601076736         1.3966231924         4.7761086168         2.5706603397 
        9.0550000000         0.3623680689         1.4170148043         5.3073037918         2.5962817445 
        9.0600000000         0.3646233140         1.4042700468         4.9753068074         2.6122951225 
        9.0650001000         0.3668734220         1.4119169013         5.1745049980         2.6379165273 
        9.0700001000         0.3691182709         1.4119169013         5.1745049980         2.6667406078 
        9.0750001000         0.3713578737         1.4144658528         5.2409043949         2.6955646882 
        9.0800001000         0.3735921988         1.4144658528         5.2409043949         2.7211860930 
        9.0850000000         0.3758211698         1.4042700468         4.9753068074         2.7371994711 
        9.0900000000         0.3780448441         1.4195637558         5.3737031886         2.7692262271 
        9.0950000000         0.3802631456         1.4170148043         5.3073037918         2.8108610099 
        9.1000001000         0.3824760869         1.4323085132         5.7057001730         2.8396850904 
        9.1050001000         0.3846835481         1.4170148043         5.3073037918         2.8556984684 
        9.1100001000         0.3868855420         1.4323085132         5.7057001730         2.8941305756 
        9.1150000000         0.3890819936         1.4348574647         5.7720995699         2.9165493049 
        9.1200000000         0.3912729595         1.4374064162         5.8384989667         2.9517787365 
        9.1250001000         0.3934584081         1.4297595617         5.6393007761         2.9709947901 
        9.1300001000         0.3956382211         1.4399553677         5.9048983636         2.9966161950 
        9.1350001000         0.3978124112         1.4425043191         5.9712977605         3.0286429510 
        9.1400001000         0.3999809475         1.4450532706         6.0376971573         3.0702777339 
        9.1450000000         0.4021437560         1.4450532706         6.0376971573         3.0926964631 
        9.1500000000         0.4043008924         1.4679938340         6.6352917292         3.1279258947 
        9.1550000000         0.4064522828         1.4374064162         5.8384989667         3.1407365971 
        9.1600001000         0.4085979395         1.4527001251         6.2368953479         3.1407365971 
        9.1650001000         0.4107377461         1.4450532706         6.0376971573         3.1343312459 
        9.1700001000         0.4128717153         1.4654448825         6.5688923323         3.1407365971 
        9.1750000000         0.4149997741         1.4450532706         6.0376971573         3.1311285703 
        9.1800000000         0.4171219775         1.4577980281         6.3696941417        -1.7593570767 
        9.1850000000         0.4192382526         1.4654448825         6.5688923323        -1.7465463743 
        9.1900001000         0.4213486116         1.4705427855         6.7016911260        -3.1365075864 
        9.1950001000         0.4234529401         1.4577980281         6.3696941417        -3.1397102620 
        9.2000001000         0.4255512503         1.4807385914         6.9672887135        -3.1397102620 
        9.2058896000         0.4280150900         1.4628959310         6.5024929354        -3.1525209644 
        9.2100000000         0.4297296553         1.4756406885         6.8344899198        -3.1429129376 
        9.2150000000         0.4318097324         1.4705427855         6.7016911260        -3.1172915327 
        9.2200000000         0.4338836726         1.4730917370         6.7680905229        -3.0916701279 
        9.2250001000         0.4359514876         1.4730917370         6.7680905229        -3.0596433719 
        9.2300001000         0.4380130654         1.4807385914         6.9672887135        -3.0148059134 
        9.2350001000         0.4400684180         1.4756406885         6.8344899198        -2.9891845086 
        9.2400000000         0.4421174754         1.4883854459         7.1664869041        -2.9507524013 
        9.2450000000         0.4441602904         1.4730917370         6.7680905229        -2.9155229697 
        9.2500001000         0.4461968335         1.4960323003         7.3656850947        -2.8642801600 
        9.2550001000         0.4482269944         1.4858364944         7.1000875072        -2.8322534040 
        9.2600001000         0.4502507849         1.4960323003         7.3656850947        -2.7970239724 
        9.2650001000         0.4522681765         1.4781896399         6.9008893166        -2.7681998919 
        9.2700000000         0.4542791001         1.4985812518         7.4320844916        -2.7233624335 
        9.2750000000         0.4562836077         1.4858364944         7.1000875072        -2.6945383530 
        9.2800000000         0.4582816305         1.5087770578         7.6976820791        -2.6497008946 
        9.2850001000         0.4602731799         1.4960323003         7.3656850947        -2.6144714629 
        9.2900001000         0.4622581479         1.5113260093         7.7640814759        -2.5664313289 
        9.2950001000         0.4642365461         1.5164239122         7.8968802697        -2.5376072484 
        9.3000000000         0.4662083072         1.4985812518         7.4320844916        -2.4991751412 
        9.3050000000         0.4681734819         1.5215218152         8.0296790634        -2.4575403583 
        9.3100000000         0.4701320029         1.4960323003         7.3656850947        -2.4223109267 
        9.3150001000         0.4720838811         1.5164239122         7.8968802697        -2.3870814951 
        9.3200001000         0.4740290110         1.5113260093         7.7640814759        -2.3358386854 
        9.3250001000         0.4759674038         1.5342665726         8.3616760478        -2.2974065782 
        9.3300001000         0.4778990321         1.5138749607         7.8304808728        -2.2685824977 
        9.3350000000         0.4798238299         1.5240707667         8.0960784603        -2.2301503905 
        9.3400000000         0.4817418470         1.5215218152         8.0296790634        -2.1853129320 
        9.3450000000         0.4836530174         1.5240707667         8.0960784603        -2.1500835004 
        9.3500001000         0.4855573521         1.5266197182         8.1624778572        -2.1020433663 
        9.3550001000         0.4874547478         1.5266197182         8.1624778572        -2.0668139347 
        9.3600001000         0.4893452156         1.5215218152         8.0296790634        -2.0251791518 
        9.3650000000         0.4912286912         1.5393644756         8.4944748415        -1.9931523958 
        9.3700000000         0.4931052231         1.5164239122         7.8968802697        -1.9643283154 
        9.3750001000         0.4949747841         1.5393644756         8.4944748415        -1.9162881813 
        9.3800001000         0.4968372731         1.5368155241         8.4280754446        -1.8650453716 
        9.3850001000         0.4986927008         1.5368155241         8.4280754446        -1.8234105888 
        9.3900001000         0.5005410411         1.5266197182         8.1624778572        -1.7945865084 
        9.3950000000         0.5023822308         1.5393644756         8.4944748415        -1.7497490499 
        9.4000000000         0.5042163174         1.5317176211         8.2952766509        -1.7113169427 
        9.4050162000         0.5060491456         1.5317176211         8.2952766509        -1.6728848354 
        9.4100001000         0.5078630029         1.5572071360         8.9592706196        -1.6152366745 
        9.4150001000         0.5096755135         1.5393644756         8.4944748415        -1.5896152697 
        9.4200001000         0.5114807805         1.5546581845         8.8928712227        -1.5415751357 
        9.4250000000         0.5132787424         1.5470113301         8.6936730321        -1.4999403528 
        9.4300000000         0.5150694454         1.5495602815         8.7600724290        -1.4615082456 
        9.4350000000         0.5168528281         1.5470113301         8.6936730321        -1.4230761383 
        9.4400001000         0.5186289007         1.5521092330         8.8264718258        -1.3782386799 
        9.4450001000         0.5203975668         1.5470113301         8.6936730321        -1.3301985458 
        9.4500001000         0.5221588369         1.5674029419         9.2248682071        -1.2853610873 
        9.4550001000         0.5239126860         1.5546581845         8.8928712227        -1.2373209533 
        9.4600000000         0.5256590543         1.5775987479         9.4904657945        -1.1956861704 
        9.4650000000         0.5273979868         1.5623050390         9.0920694133        -1.1412406852 
        9.4700000000         0.5291294238         1.5495602815         8.7600724290        -1.1060112535 
        9.4750001000         0.5308533751         1.5775987479         9.4904657945        -1.0547684439 
        9.4800001000         0.5325697473         1.5699518934         9.2912676039        -1.0099309854 
        9.4850001000         0.5342785504         1.5674029419         9.2248682071        -0.9779042294 
        9.4900000000         0.5359797263         1.5750497964         9.4240663977        -0.9266614197 
        9.4950000000         0.5376733189         1.5826966509         9.6232645883        -0.8882293125 
        9.5000001000         0.5393593036         1.5699518934         9.2912676039        -0.8369865028 
        9.5050001000         0.5410375890         1.5928924568         9.8888621758        -0.7857436932 
        9.5100001000         0.5427081850         1.5801476994         9.5568651914        -0.7569196127 
        9.5150001000         0.5443710680         1.5775987479         9.4904657945        -0.7120821543 
        9.5200000000         0.5460261812         1.5750497964         9.4240663977        -0.6672446958 
        9.5250000000         0.5476735674         1.5903435053         9.8224627789        -0.6095965349 
        9.5300000000         0.5493131699         1.5877945538         9.7560633820        -0.5679617521 
        9.5350001000         0.5509449980         1.5903435053         9.8224627789        -0.5199216180 
        9.5400001000         0.5525689633         1.5826966509         9.6232645883        -0.4718814840 
        9.5450001000         0.5541850753         1.6005393113        10.0880603664        -0.4174359987 
        9.5500000000         0.5557932791         1.5826966509         9.6232645883        -0.3758012159 
        9.5550000000         0.5573936160         1.5928924568         9.8888621758        -0.3245584062 
        9.5600000000         0.5589860311         1.6132840687        10.4200573507        -0.2733155965 
        9.5650001000         0.5605705334         1.5877945538         9.7560633820        -0.2284781381 
        9.5700001000         0.5621470370         1.5979903598        10.0216609695        -0.1836406796 
        9.5750001000         0.5637155513         1.5954414083         9.9552615726        -0.1388032212 
        9.5800001000         0.5652760539         1.5979903598        10.0216609695        -0.0811550603 
        9.5850000000         0.5668284917         1.6005393113        10.0880603664        -0.0331149263 
        9.5900000000         0.5683729047         1.5801476994         9.5568651914        -0.0010881702 
        9.5950000000         0.5699092400         1.6056372142        10.2208591601         0.0597626663 
        9.6000001000         0.5714375060         1.6081861657        10.2872585570         0.1206135027 
        9.6050001000         0.5729576200         1.6005393113        10.0880603664         0.1654509612 
        9.6100001000         0.5744695910         1.6081861657        10.2872585570         0.2006803928 
        9.6150000000         0.5759733675         1.6005393113        10.0880603664         0.2551258781 
        9.6200000000         0.5774689883         1.6005393113        10.0880603664         0.2967606609 
        9.6250001000         0.5789564317         1.5826966509         9.6232645883         0.3544088218 
        9.6300001000         0.5804356169         1.6285777776        10.8184537319         0.4152596583 
        9.6350001000         0.5819065529         1.5877945538         9.7560633820         0.4440837387 
        9.6400001000         0.5833692188         1.6183819717        10.5528561444         0.5017318996 
        9.6450000000         0.5848235646         1.6081861657        10.2872585570         0.5561773849 
        9.6500000000         0.5862696280         1.5979903598        10.0216609695         0.5914068165 
        9.6550000000         0.5877073592         1.6158330202        10.4864567476         0.6458523018 
        9.6600001000         0.5891367663         1.6005393113        10.0880603664         0.7131084894 
        9.6650001000         0.5905577718         1.6081861657        10.2872585570         0.7483379211 
        9.6700001000         0.5919703841         1.6056372142        10.2208591601         0.8091887576 
        9.6750000000         0.5933745553         1.6260288261        10.7520543351         0.8508235404 
        9.6800000000         0.5947703214         1.6081861657        10.2872585570         0.9116743769 
        9.6850000000         0.5961576345         1.6311267291        10.8848531288         0.9693225377 
        9.6900001000         0.5975365024         1.6183819717        10.5528561444         1.0141599962 
        9.6950001000         0.5989068503         1.6005393113        10.0880603664         1.0654028059 
        9.7000001000         0.6002686865         1.6260288261        10.7520543351         1.1070375887 
        9.7050001000         0.6016219915         1.6107351172        10.3536579538         1.1678884252 
        9.7100000000         0.6029667193         1.6362246321        11.0176519225         1.2191312348 
        9.7150000000         0.6043029046         1.6132840687        10.4200573507         1.2735767201 
        9.7200000000         0.6056305014         1.6438714865        11.2168501131         1.3344275566 
        9.7250001000         0.6069495171         1.6107351172        10.3536579538         1.3824676906 
        9.7300001000         0.6082598803         1.6183819717        10.5528561444         1.4273051491 
        9.7350001000         0.6095615988         1.6362246321        11.0176519225         1.4913586612 
        9.7400000000         0.6108546282         1.6081861657        10.2872585570         1.5265880928 
        9.7450000000         0.6121390021         1.6489693895        11.3496489069         1.5906416049 
        9.7500001000         0.6134147015         1.6030882627        10.1544597632         1.6226683609 
        9.7550001000         0.6146816573         1.6387735836        11.0840513194         1.6867218730 
        9.7600001000         0.6159398771         1.5928924568         9.8888621758         1.7347620071 
        9.7650001000         0.6171893431         1.6209309231        10.6192555413         1.7795994655 
        9.7700000000         0.6184300127         1.6158330202        10.4864567476         1.8468556532 
        9.7750000000         0.6196619179         1.6311267291        10.8848531288         1.9013011385 
        9.7800000000         0.6208850164         1.6183819717        10.5528561444         1.9461385969 
        9.7850001000         0.6220993149         1.6285777776        10.8184537319         2.0005840822 
        9.7900001000         0.6233047477         1.6107351172        10.3536579538         2.0518268918 
        9.7950001000         0.6245013219         1.5903435053         9.8224627789         2.0934616747 
        9.8000000000         0.6256889969         1.6387735836        11.0840513194         2.1543125112 
        9.8050000000         0.6268678033         1.5928924568         9.8888621758         2.1991499696 
        9.8100000000         0.6280377006         1.6362246321        11.0176519225         2.2696088329 
        9.8150001000         0.6291986951         1.6132840687        10.4200573507         2.3208516426 
        9.8200001000         0.6303507241         1.6362246321        11.0176519225         2.3752971278 
        9.8250001000         0.6314937943         1.6107351172        10.3536579538         2.4169319107 
        9.8300001000         0.6326278897         1.6209309231        10.6192555413         2.4585666935 
        9.8350000000         0.6337529716         1.6183819717        10.5528561444         2.5226202056 
        9.8400000000         0.6348690690         1.6285777776        10.8184537319         2.5770656909 
        9.8450000000         0.6359761436         1.6387735836        11.0840513194         2.6347138517 
        9.8500001000         0.6370742013         1.6285777776        10.8184537319         2.6827539858 
        9.8550001000         0.6381631829         1.6132840687        10.4200573507         2.7339967954 
        9.8600001000         0.6392430947         1.6260288261        10.7520543351         2.7884422807 
        9.8650000000         0.6403139001         1.6234798746        10.6856549382         2.8524957928 
        9.8700000000         0.6413756267         1.6285777776        10.8184537319         2.9037386025 
        9.8750001000         0.6424282589         1.6362246321        11.0176519225         2.9549814121 
        9.8800001000         0.6434717397         1.6387735836        11.0840513194         3.0254402754 
        9.8850001000         0.6445060753         1.6362246321        11.0176519225         3.0702777339 
        9.8900001000         0.6455312511         1.6387735836        11.0840513194         3.1247232191 
        9.8950000000         0.6465472321         1.6336756806        10.9512525257         3.1375339215 
        9.9000000000         0.6475540448         1.6285777776        10.8184537319         3.1343312459 
        9.9050000000         0.6485516542         1.6617141469        11.6816458912        -1.7401410231 
        9.9100001000         0.6495400660         1.6387735836        11.0840513194        -1.7529517255 
        9.9150001000         0.6505192265         1.6489693895        11.3496489069        -3.1365075864 
        9.9200001000         0.6514891417         1.6489693895        11.3496489069        -3.1397102620 
        9.9250000000         0.6524497787         1.6438714865        11.2168501131        -3.1429129376 
        9.9300000000         0.6534011622         1.6617141469        11.6816458912        -3.0788594255 
        9.9350000000         0.6543432595         1.6591651954        11.6152464944        -3.0148059134 
        9.9400001000         0.6552760756         1.6515183410        11.4160483038        -2.9731711306 
        9.9450001000         0.6561995601         1.6438714865        11.2168501131        -2.8995095917 
        9.9500001000         0.6571137185         1.6719099529        11.9472434787        -2.8482667820 
        9.9550001000         0.6580185379         1.6438714865        11.2168501131        -2.8034293236 
        9.9600000000         0.6589139876         1.6540672925        11.4824477006        -2.7425784871 
        9.9650000000         0.6598000907         1.6617141469        11.6816458912        -2.6753222994 
        9.9700000000         0.6606768165         1.6668120499        11.8144446850        -2.6176741385 
        9.9750001000         0.6615441699         1.6617141469        11.6816458912        -2.5536206265 
        9.9800001000         0.6624021038         1.6897526133        12.4120392568        -2.4895671144 
        9.9850001000         0.6632506236         1.6591651954        11.6152464944        -2.4287162779 
        9.9900000000         0.6640897004         1.6770078558        12.0800422724        -2.3774734683 
        9.9950000000         0.6649193559         1.6795568073        12.1464416693        -2.3326360098 
