           Time[sec]           V_{cmd}[V]          V_{gyro}[V]          \theta[deg] \omega_{gyro}[deg/sec] 
        0.0000000000         0.0000000000         1.2130986854        52.0382951511        -0.4453317127 
        0.0050000000         0.0000000000         1.2054518309        51.6712955606       -11.8585473212 
        0.0100000000         0.0000000000         1.2130986854        52.0382951511        -0.4453317127 
        0.0150000000         0.0000000000         1.2105497339        52.2217949464        -4.2497369155 
        0.0200000000         0.0000000000         1.2054518309        51.6712955606       -11.8585473212 
        0.0250000000         0.0000000000         1.2080007824        51.6712955606        -8.0541421184 
        0.0300000000         0.0000000000         1.2054518309        51.6712955606       -11.8585473212 
        0.0350000000         0.0000000000         1.2130986854        52.0382951511        -0.4453317127 
        0.0400000000         0.0000000000         1.2130986854        52.0382951511        -0.4453317127 
        0.0450000000         0.0000000000         1.2130986854        52.0382951511        -0.4453317127 
        0.0500000000         0.0000000000         1.2207455399        52.4052947416        10.9678838958 
        0.0550000000         0.0000000000         1.2054518309        51.6712955606       -11.8585473212 
        0.0600000000         0.0000000000         1.2181965884        52.5887945369         7.1634786930 
        0.0650000000         0.0000000000         1.2130986854        52.0382951511        -0.4453317127 
        0.0700000000         0.0000000000         1.2130986854        52.4052947416        -0.4453317127 
        0.0750000000         0.0000000000         1.2181965884        52.0382951511         7.1634786930 
        0.0800000000         0.0000000000         1.2207455399        52.5887945369        10.9678838958 
        0.0850000000         0.0000000000         1.2130986854        52.0382951511        -0.4453317127 
        0.0900000000         0.0000000000         1.2130986854        52.4052947416        -0.4453317127 
        0.0950000000         0.0000000000         1.2130986854        52.0382951511        -0.4453317127 
        0.1000001000         0.0000000000         1.2181965884        52.7722943321         7.1634786930 
        0.1050000000         0.0000000000         1.2130986854        52.2217949464        -0.4453317127 
        0.1100000000         0.0000000000         1.2207455399        52.7722943321        10.9678838958 
        0.1150000000         0.0000000000         1.2156476369        52.0382951511         3.3590734901 
        0.1200000000         0.0000000000         1.2130986854        52.0382951511        -0.4453317127 
        0.1250000000         0.0000000000         1.2207455399        52.5887945369        10.9678838958 
        0.1300000000         0.0000000000         1.2054518309        51.6712955606       -11.8585473212 
        0.1350000000         0.0000000000         1.2130986854        52.0382951511        -0.4453317127 
        0.1400000000         0.0000000000         1.2054518309        51.6712955606       -11.8585473212 
        0.1450000000         0.0000000000         1.2130986854        52.0382951511        -0.4453317127 
        0.1500000000         0.0000000000         1.2207455399        52.5887945369        10.9678838958 
        0.1550000000         0.0000000000         1.2130986854        52.0382951511        -0.4453317127 
        0.1600000000         0.0000000000         1.2207455399        52.5887945369        10.9678838958 
        0.1650000000         0.0000000000         1.2207455399        52.5887945369        10.9678838958 
        0.1700000000         0.0000000000         1.2054518309        51.6712955606       -11.8585473212 
        0.1750000000         0.0000000000         1.2105497339        52.0382951511        -4.2497369155 
        0.1800001000         0.0000000000         1.2207455399        52.5887945369        10.9678838958 
        0.1850000000         0.0000000000         1.2130986854        52.2217949464        -0.4453317127 
        0.1900000000         0.0000000000         1.2207455399        52.2217949464        10.9678838958 
        0.1950000000         0.0000000000         1.2156476369        52.0382951511         3.3590734901 
        0.2000000000         0.0000000000         1.2130986854        52.0382951511        -0.4453317127 
        0.2050000000         0.0000000000         1.2130986854        52.0382951511        -0.4453317127 
        0.2100001000         0.0000000000         1.2080007824        51.6712955606        -8.0541421184 
        0.2150000000         0.0000000000         1.2130986854        52.0382951511        -0.4453317127 
        0.2200000000         0.0000000000         1.2130986854        52.0382951511        -0.4453317127 
        0.2250001000         0.0000000000         1.2054518309        51.6712955606       -11.8585473212 
        0.2300000000         0.0000000000         1.2080007824        51.6712955606        -8.0541421184 
        0.2350000000         0.0000000000         1.2156476369        52.0382951511         3.3590734901 
        0.2400001000         0.0000000000         1.2207455399        52.5887945369        10.9678838958 
        0.2450000000         0.0000000000         1.2105497339        52.0382951511        -4.2497369155 
        0.2500000000         0.0000000000         1.2207455399        52.5887945369        10.9678838958 
        0.2550000000         0.0000000000         1.2130986854        52.5887945369        -0.4453317127 
        0.2600000000         0.0000000000         1.2181965884        52.5887945369         7.1634786930 
        0.2650000000         0.0000000000         1.2232944913        52.0382951511        14.7722890986 
        0.2700000000         0.0000000000         1.2054518309        51.6712955606       -11.8585473212 
        0.2750000000         0.0000000000         1.2080007824        51.6712955606        -8.0541421184 
        0.2800000000         0.0000000000         1.2080007824        51.6712955606        -8.0541421184 
        0.2850000000         0.0000000000         1.2105497339        51.4877957654        -4.2497369155 
        0.2900001000         0.0000000000         1.2181965884        52.5887945369         7.1634786930 
        0.2950000000         0.0000000000         1.2130986854        52.0382951511        -0.4453317127 
        0.3000000000         0.0000000000         1.2207455399        52.5887945369        10.9678838958 
        0.3050000000         0.0000000000         1.2105497339        52.0382951511        -4.2497369155 
        0.3100000000         0.0000000000         1.2105497339        52.0382951511        -4.2497369155 
        0.3150000000         0.0000000000         1.2105497339        52.0382951511        -4.2497369155 
        0.3200000000         0.0000000000         1.2080007824        51.6712955606        -8.0541421184 
        0.3250000000         0.0000000000         1.2080007824        52.0382951511        -8.0541421184 
        0.3300000000         0.0000000000         1.2130986854        51.6712955606        -0.4453317127 
        0.3350000000         0.0000000000         1.2130986854        52.0382951511        -0.4453317127 
        0.3400000000         0.0000000000         1.2207455399        52.0382951511        10.9678838958 
        0.3450000000         0.0000000000         1.2130986854        51.4877957654        -0.4453317127 
        0.3500001000         0.0000000000         1.2105497339        52.0382951511        -4.2497369155 
        0.3550001000         0.0000000000         1.2130986854        52.0382951511        -0.4453317127 
        0.3600000000         0.0000000000         1.2054518309        51.6712955606       -11.8585473212 
        0.3650000000         0.0000000000         1.2181965884        52.5887945369         7.1634786930 
        0.3700000000         0.0000000000         1.2207455399        52.7722943321        10.9678838958 
        0.3750000000         0.0000000000         1.2130986854        52.5887945369        -0.4453317127 
        0.3800000000         0.0000000000         1.2054518309        51.6712955606       -11.8585473212 
        0.3850000000         0.0000000000         1.2130986854        52.0382951511        -0.4453317127 
        0.3900000000         0.0000000000         1.2130986854        52.0382951511        -0.4453317127 
        0.3950000000         0.0000000000         1.2130986854        52.2217949464        -0.4453317127 
        0.4000000000         0.0000000000         1.2130986854        52.0382951511        -0.4453317127 
        0.4050000000         0.0000000000         1.2130986854        52.0382951511        -0.4453317127 
        0.4100000000         0.0000000000         1.2080007824        51.6712955606        -8.0541421184 
        0.4150001000         0.0000000000         1.2130986854        51.6712955606        -0.4453317127 
        0.4200001000         0.0000000000         1.2080007824        51.6712955606        -8.0541421184 
        0.4250000000         0.0000000000         1.2130986854        52.0382951511        -0.4453317127 
        0.4300000000         0.0000000000         1.2080007824        51.6712955606        -8.0541421184 
        0.4350000000         0.0000000000         1.2130986854        52.5887945369        -0.4453317127 
        0.4400000000         0.0000000000         1.2181965884        52.5887945369         7.1634786930 
        0.4450000000         0.0000000000         1.2207455399        52.5887945369        10.9678838958 
        0.4500000000         0.0000000000         1.2207455399        52.5887945369        10.9678838958 
        0.4550000000         0.0000000000         1.2181965884        52.5887945369         7.1634786930 
        0.4600000000         0.0000000000         1.2181965884        52.5887945369         7.1634786930 
        0.4650000000         0.0000000000         1.2130986854        52.5887945369        -0.4453317127 
        0.4700000000         0.0000000000         1.2181965884        52.7722943321         7.1634786930 
        0.4750001000         0.0000000000         1.2054518309        51.8547953559       -11.8585473212 
        0.4800001000         0.0000000000         1.2207455399        52.0382951511        10.9678838958 
        0.4850000000         0.0000000000         1.2130986854        52.0382951511        -0.4453317127 
        0.4900000000         0.0000000000         1.2130986854        52.0382951511        -0.4453317127 
        0.4950000000         0.0000000000         1.2080007824        51.6712955606        -8.0541421184 
        0.5000000000         0.0000000000         1.2232944913        52.5887945369        14.7722890986 
        0.5050000000         0.0000000000         1.2130986854        52.0382951511        -0.4453317127 
        0.5100000000         0.0000000000         1.2207455399        52.4052947416        10.9678838958 
        0.5150000000         0.0000000000         1.2207455399        52.5887945369        10.9678838958 
        0.5200000000         0.0000000000         1.2130986854        52.0382951511        -0.4453317127 
        0.5250000000         0.0000000000         1.2232944913        52.5887945369        14.7722890986 
        0.5300000000         0.0000000000         1.2054518309        51.6712955606       -11.8585473212 
        0.5350000000         0.0000000000         1.2130986854        52.0382951511        -0.4453317127 
        0.5400000000         0.0000000000         1.2130986854        51.6712955606        -0.4453317127 
        0.5450000000         0.0000000000         1.2130986854        52.0382951511        -0.4453317127 
        0.5500000000         0.0000000000         1.2181965884        52.0382951511         7.1634786930 
        0.5550000000         0.0000000000         1.2207455399        52.0382951511        10.9678838958 
        0.5600000000         0.0000000000         1.2130986854        52.0382951511        -0.4453317127 
        0.5650000000         0.0000000000         1.2105497339        51.6712955606        -4.2497369155 
        0.5700001000         0.0000000000         1.2080007824        51.6712955606        -8.0541421184 
        0.5750001000         0.0000000000         1.2054518309        51.6712955606       -11.8585473212 
        0.5800001000         0.0000000000         1.2080007824        51.8547953559        -8.0541421184 
        0.5850000000         0.0000000000         1.2080007824        51.6712955606        -8.0541421184 
        0.5900000000         0.0000000000         1.2130986854        52.2217949464        -0.4453317127 
        0.5950000000         0.0000000000         1.2181965884        52.5887945369         7.1634786930 
        0.6000001000         0.0000000000         1.2232944913        52.5887945369        14.7722890986 
        0.6050000000         0.0000000000         1.2207455399        52.7722943321        10.9678838958 
        0.6100000000         0.0000000000         1.2207455399        52.0382951511        10.9678838958 
        0.6150000000         0.0000000000         1.2080007824        51.6712955606        -8.0541421184 
        0.6200000000         0.0000000000         1.2130986854        52.2217949464        -0.4453317127 
        0.6250000000         0.0000000000         1.2130986854        52.2217949464        -0.4453317127 
        0.6300000000         0.0000000000         1.2207455399        52.5887945369        10.9678838958 
        0.6350000000         0.0000000000         1.2130986854        52.2217949464        -0.4453317127 
        0.6400000000         0.0000000000         1.2130986854        52.0382951511        -0.4453317127 
        0.6450000000         0.0000000000         1.2130986854        52.0382951511        -0.4453317127 
        0.6500000000         0.0000000000         1.2130986854        52.0382951511        -0.4453317127 
        0.6550000000         0.0000000000         1.2130986854        52.0382951511        -0.4453317127 
        0.6600000000         0.0000000000         1.2080007824        51.6712955606        -8.0541421184 
        0.6650000000         0.0000000000         1.2054518309        51.6712955606       -11.8585473212 
        0.6700000000         0.0000000000         1.2130986854        52.0382951511        -0.4453317127 
        0.6750000000         0.0000000000         1.2130986854        52.2217949464        -0.4453317127 
        0.6800000000         0.0000000000         1.2207455399        52.5887945369        10.9678838958 
        0.6850000000         0.0000000000         1.2207455399        52.5887945369        10.9678838958 
        0.6900000000         0.0000000000         1.2080007824        51.6712955606        -8.0541421184 
        0.6950001000         0.0000000000         1.2130986854        52.0382951511        -0.4453317127 
        0.7000001000         0.0000000000         1.2080007824        51.6712955606        -8.0541421184 
        0.7050001000         0.0000000000         1.2130986854        52.0382951511        -0.4453317127 
        0.7100000000         0.0000000000         1.2130986854        52.0382951511        -0.4453317127 
        0.7150000000         0.0000000000         1.2130986854        52.0382951511        -0.4453317127 
        0.7200000000         0.0000000000         1.2130986854        52.0382951511        -0.4453317127 
        0.7250001000         0.0000000000         1.2130986854        52.7722943321        -0.4453317127 
        0.7300000000         0.0000000000         1.2054518309        51.4877957654       -11.8585473212 
        0.7350000000         0.0000000000         1.2130986854        52.0382951511        -0.4453317127 
        0.7400000000         0.0000000000         1.2207455399        52.7722943321        10.9678838958 
        0.7450000000         0.0000000000         1.2054518309        51.8547953559       -11.8585473212 
        0.7500000000         0.0000000000         1.2181965884        52.4052947416         7.1634786930 
        0.7550000000         0.0000000000         1.2130986854        52.0382951511        -0.4453317127 
        0.7600000000         0.0000000000         1.2207455399        52.5887945369        10.9678838958 
        0.7650000000         0.0000000000         1.2130986854        52.0382951511        -0.4453317127 
        0.7700000000         0.0000000000         1.2130986854        52.0382951511        -0.4453317127 
        0.7750000000         0.0000000000         1.2130986854        52.7722943321        -0.4453317127 
        0.7800000000         0.0000000000         1.2207455399        52.7722943321        10.9678838958 
        0.7850000000         0.0000000000         1.2130986854        52.0382951511        -0.4453317127 
        0.7900000000         0.0000000000         1.2054518309        51.6712955606       -11.8585473212 
        0.7950000000         0.0000000000         1.2130986854        52.0382951511        -0.4453317127 
        0.8000000000         0.0000000000         1.2130986854        52.0382951511        -0.4453317127 
        0.8050000000         0.0000000000         1.2130986854        52.0382951511        -0.4453317127 
        0.8100000000         0.0000000000         1.2130986854        52.0382951511        -0.4453317127 
        0.8150000000         0.0000000000         1.2130986854        52.2217949464        -0.4453317127 
        0.8200001000         0.0000000000         1.2054518309        51.6712955606       -11.8585473212 
        0.8250001000         0.0000000000         1.2080007824        51.4877957654        -8.0541421184 
        0.8300001000         0.0000000000         1.2130986854        52.2217949464        -0.4453317127 
        0.8350001000         0.0000000000         1.2054518309        52.0382951511       -11.8585473212 
        0.8400000000         0.0000000000         1.2130986854        52.0382951511        -0.4453317127 
        0.8450000000         0.0000000000         1.2080007824        52.0382951511        -8.0541421184 
        0.8500001000         0.0000000000         1.2130986854        52.0382951511        -0.4453317127 
        0.8550000000         0.0000000000         1.2080007824        51.6712955606        -8.0541421184 
        0.8600000000         0.0000000000         1.2105497339        52.0382951511        -4.2497369155 
        0.8650000000         0.0000000000         1.2130986854        52.0382951511        -0.4453317127 
        0.8700000000         0.0000000000         1.2105497339        52.0382951511        -4.2497369155 
        0.8750000000         0.0000000000         1.2232944913        52.5887945369        14.7722890986 
        0.8800000000         0.0000000000         1.2054518309        51.6712955606       -11.8585473212 
        0.8850000000         0.0000000000         1.2130986854        52.2217949464        -0.4453317127 
        0.8900000000         0.0000000000         1.2105497339        52.0382951511        -4.2497369155 
        0.8950000000         0.0000000000         1.2130986854        52.0382951511        -0.4453317127 
        0.9000000000         0.0000000000         1.2054518309        51.6712955606       -11.8585473212 
        0.9050000000         0.0000000000         1.2130986854        52.0382951511        -0.4453317127 
        0.9100000000         0.0000000000         1.2080007824        52.0382951511        -8.0541421184 
        0.9150000000         0.0000000000         1.2207455399        52.5887945369        10.9678838958 
        0.9200000000         0.0000000000         1.2207455399        52.5887945369        10.9678838958 
        0.9250000000         0.0000000000         1.2130986854        52.0382951511        -0.4453317127 
        0.9300000000         0.0000000000         1.2054518309        51.6712955606       -11.8585473212 
        0.9350000000         0.0000000000         1.2130986854        52.0382951511        -0.4453317127 
        0.9400000000         0.0000000000         1.2207455399        52.5887945369        10.9678838958 
        0.9450001000         0.0000000000         1.2130986854        52.0382951511        -0.4453317127 
        0.9500001000         0.0000000000         1.2054518309        51.6712955606       -11.8585473212 
        0.9550001000         0.0000000000         1.2130986854        52.0382951511        -0.4453317127 
        0.9600001000         0.0000000000         1.2130986854        52.2217949464        -0.4453317127 
        0.9650000000         0.0000000000         1.2130986854        51.6712955606        -0.4453317127 
        0.9700000000         0.0000000000         1.2080007824        51.6712955606        -8.0541421184 
        0.9750001000         0.0000000000         1.2054518309        51.6712955606       -11.8585473212 
        0.9800000000         0.0000000000         1.2054518309        51.6712955606       -11.8585473212 
        0.9850000000         0.0000000000         1.2080007824        51.6712955606        -8.0541421184 
        0.9900000000         0.0000000000         1.2054518309        51.6712955606       -11.8585473212 
        0.9950000000         0.0000000000         1.2130986854        52.0382951511        -0.4453317127 
        1.0000000000         0.0000000000         1.2130986854        52.0382951511        -0.4453317127 
        1.0050000000         0.0307776828         1.2130986854        52.0382951511        -0.4453317127 
        1.0100001000         0.0614964510         1.2130986854        52.0382951511        -0.4453317127 
        1.0150000000         0.0920950514         1.2130986854        52.0382951511        -0.4453317127 
        1.0200001000         0.1225167475         1.2130986854        51.8547953559        -0.4453317127 
        1.0250000000         0.1527002690         1.2105497339        52.0382951511        -4.2497369155 
        1.0300000000         0.1825890544         1.2130986854        52.0382951511        -0.4453317127 
        1.0350000000         0.2121246887         1.2207455399        52.5887945369        10.9678838958 
        1.0400000000         0.2412500462         1.2207455399        52.7722943321        10.9678838958 
        1.0450000000         0.2699087946         1.2207455399        52.7722943321        10.9678838958 
        1.0500000000         0.2980455041         1.2207455399        52.7722943321        10.9678838958 
        1.0550000000         0.3256057547         1.2105497339        51.3042959701        -4.2497369155 
        1.0600000000         0.3525362411         1.2105497339        52.0382951511        -4.2497369155 
        1.0650000000         0.3787848765         1.2080007824        51.8547953559        -8.0541421184 
        1.0700000000         0.4043008924         1.2080007824        52.0382951511        -8.0541421184 
        1.0750000000         0.4290349376         1.2054518309        51.6712955606       -11.8585473212 
        1.0800000000         0.4529391731         1.2130986854        52.0382951511        -0.4453317127 
        1.0850000000         0.4759673651         1.1978049765        52.0382951511       -23.2717629297 
        1.0900000000         0.4980749740         1.2130986854        52.0382951511        -0.4453317127 
        1.0950000000         0.5192192409         1.2156476369        51.6712955606         3.3590734901 
        1.1000001000         0.5393596624         1.2130986854        52.2217949464        -0.4453317127 
        1.1050000000         0.5584561077         1.2105497339        51.6712955606        -4.2497369155 
        1.1100000000         0.5764728183         1.2029028795        51.6712955606       -15.6629525240 
        1.1150000000         0.5933745553         1.2080007824        52.0382951511        -8.0541421184 
        1.1200000000         0.6091286283         1.2156476369        52.2217949464         3.3590734901 
        1.1250000000         0.6237045669         1.2411371518        52.7722943321        41.4031255184 
        1.1300000000         0.6370741795         1.3456441627        52.9557941274       197.3837388344 
        1.1350001000         0.6492118376         1.5979903598        54.4237924893       574.0198539145 
        1.1400000000         0.6600933751         1.7407316430        57.9102885991       787.0665452729 
        1.1450001000         0.6696986153         1.7152421281        62.1307838898       749.0224932446 
        1.1500000000         0.6780082128         1.7101442252        65.0667806138       741.4136828390 
        1.1550001000         0.6850067598         1.6872036618        68.7367765187       707.1740360135 
        1.1600000000         0.6906801609         1.6770078558        72.7737720142       691.9564152022 
        1.1650000000         0.6950178232         1.6744589044        75.8932685334       688.1520099994 
        1.1700000000         0.6980112302         1.6846547103        79.9302640289       703.3696308107 
        1.1750000000         0.6996545923         1.6897526133        82.3157613671       710.9784412164 
        1.1800000000         0.6999447309         1.7254379341        86.5362566578       764.2401140560 
        1.1850000000         0.6988810851         1.7432805945        89.6557531771       790.8709504758 
        1.1900000000         0.6964657119         1.7662211578        93.8762484678       825.1105973012 
        1.1950000000         0.6927032830         1.7687701093        98.0967437585       828.9150025041 
        1.2000000000         0.6876010755         1.7891617212       102.6842386397       859.3502441267 
        1.2050000000         0.6811689577         1.7942596242       105.9872349542       866.9590545324 
        1.2100000000         0.6734193701         1.7840638182       109.8407306544       851.7414337210 
        1.2150000000         0.6643673015         1.7968085757       114.2447257404       870.7634597352 
        1.2200000000         0.6540302597         1.7968085757       118.8322206216       870.7634597352 
        1.2250001000         0.6424279934         1.8019064786       123.0527159123       878.3722701408 
        1.2300000000         0.6295836761         1.8019064786       127.0897114078       878.3722701408 
        1.2350000000         0.6155214171         1.8070043816       131.6772062890       885.9810805465 
        1.2400000000         0.6002686593         1.8197491390       135.7142017844       905.0031065607 
        1.2450000000         0.5838549035         1.8044554301       140.1181968704       882.1766753437 
        1.2500000000         0.5663118961         1.8121022846       144.1551923659       893.5898909522 
        1.2550000000         0.5476735674         1.8197491390       149.2931866328       905.0031065607 
        1.2600001000         0.5279755622         1.8222980905       153.6971817188       908.8075117635 
        1.2650000000         0.5072571911         1.8121022846       157.5506774190       893.5898909522 
        1.2700001000         0.4855568705         1.7942596242       162.3216720955       866.9590545324 
        1.2750000000         0.4629183057         1.7993575272       166.5421673862       874.5678649380 
        1.2800001000         0.4393834736         1.8070043816       170.9461624722       885.9810805465 
        1.2850000000         0.4149997741         1.8146512361       175.7171571486       897.3942961550 
        1.2900000000         0.3898129315         1.8019064786       180.1211522346       878.3722701408 
        1.2950000000         0.3638721398         1.7891617212       184.3416475253       859.3502441267 
        1.3000000000         0.3372275719         1.7891617212       188.1951432255       859.3502441267 
        1.3050000000         0.3099307617         1.7815148668       192.4156385162       847.9370285182 
        1.3100000000         0.2820345050         1.7738680123       196.0856344212       836.5238129097 
        1.3150000000         0.2535927567         1.7636722064       199.7556303262       821.3061920984 
        1.3200000000         0.2246605269         1.7738680123       204.5266250026       836.5238129097 
        1.3250000000         0.1952937742         1.7662211578       208.5636204981       825.1105973012 
        1.3300000000         0.1655492979         1.7585743034       212.0501166078       813.6973816927 
        1.3350000000         0.1354846276         1.7407316430       215.9036123080       787.0665452729 
        1.3400000000         0.1051579124         1.7381826915       220.1241075988       783.2621400701 
        1.3450000000         0.0746278080         1.7228889826       223.7941035037       760.4357088531 
        1.3500001000         0.0439527492         1.7228889826       227.4640994087       760.4357088531 
        1.3550000000         0.0131939078         1.7152421281       231.1340953137       749.0224932446 
        1.3600000000        -0.0175910668         1.7203400311       234.8040912186       756.6313036503 
        1.3650000000        -0.0483420180         1.6999484192       238.1070875331       726.1960620277 
        1.3700000000        -0.0789994694         1.6897526133       241.9605832333       710.9784412164 
        1.3750000000        -0.1095041255         1.6719099529       245.2635795478       684.3476047966 
        1.3800000000        -0.1397969864         1.6617141469       249.4840748385       669.1299839852 
        1.3850001000        -0.1698200589         1.6336756806       251.8695721767       627.2815267541 
        1.3900000000        -0.1995134837         1.6132840687       254.4385693102       596.8462851315 
        1.3950001000        -0.2288222027         1.6030882627       257.5580658294       581.6286643202 
        1.4000000000        -0.2576871869         1.5979903598       260.4940625534       574.0198539145 
        1.4050001000        -0.2860549143         1.5699518934       263.2465594822       532.1713966834 
        1.4100000000        -0.3138682513         1.5572071360       265.9990564109       513.1493706692 
        1.4150000000        -0.3410750880         1.5393644756       268.5680535444       486.5185342494 
        1.4200000000        -0.3676222410         1.5215218152       270.5865512921       459.8876978296 
        1.4250000000        -0.3934583645         1.4985812518       273.3390482208       425.6480510042 
        1.4300000000        -0.4185334881         1.4781896399       274.9905463781       395.2128093815 
        1.4350000000        -0.4427991133         1.4654448825       277.1925439210       376.1907833674 
        1.4400000000        -0.4662083072         1.4348574647       278.8440420783       330.5379209334 
        1.4450000000        -0.4887157933         1.0244762754       278.4770424878      -281.9713167221 
        1.4500000000        -0.5102780392         0.8231091081       275.5410457638      -582.5193277456 
        1.4550000000        -0.5308533407         0.9072245071       273.3390482208      -456.9739560522 
        1.4600000000        -0.5504019025         0.9046755556       270.9535508826      -460.7783612550 
        1.4650000000        -0.5688859151         0.9301650705       268.5680535444      -422.7343092268 
        1.4700000000        -0.5862696280         0.9658503913       266.5495557966      -369.4726363871 
        1.4750001000        -0.6025197323         0.9683993428       265.0815574346      -365.6682311843 
        1.4800000000        -0.6176038585         0.9811441002       262.8795598917      -346.6462051702 
        1.4850000000        -0.6314937716         0.9454587794       261.7785611202      -399.9078780098 
        1.4900000000        -0.6441622932         0.8001685447       258.8425643962      -616.7589745710 
        1.4950000000        -0.6555849207         0.7797769328       256.0900674675      -647.1942161937 
        1.5000000000        -0.6657395614         0.7670321754       252.4200715625      -666.2162422078 
        1.5050000000        -0.6746065748         0.7772279813       249.8510744290      -650.9986213965 
        1.5100001000        -0.6821689490         0.7568363694       245.9975787288      -681.4338630191 
        1.5150000000        -0.6884116435         0.7389937090       242.6945824143      -708.0646994389 
        1.5200001000        -0.6933230828         0.6956615338       238.1070875331      -772.7395878870 
        1.5250000000        -0.6968933752         0.6650741159       234.4370916281      -818.3924503210 
        1.5300001000        -0.6991159006         0.6497804070       230.2165963374      -841.2188815380 
        1.5350000000        -0.6999861826         0.6293887951       226.5466004324      -871.6541231606 
        1.5400001000        -0.6995026076         0.6242908922       222.1426053465      -879.2629335663 
        1.5450000000        -0.6976661496         0.6064482318       217.9221100558      -905.8937699861 
        1.5500000000        -0.6944802909         0.5988013773       213.3346151746      -917.3069855946 
        1.5550000000        -0.6899512166         0.5758608139       209.4811194743      -951.5466324200 
        1.5600000000        -0.6840876865         0.5707629110       204.1596254121      -959.1554428257 
        1.5650000000        -0.6769010414         0.5605671050       199.3886307357      -974.3730636370 
        1.5700000000        -0.6684051813         0.5605671050       194.6176360592      -974.3730636370 
        1.5750000000        -0.6586165383         0.5580181535       190.3971407685      -978.1774688398 
        1.5800000000        -0.6475540448         0.5503712991       184.8921469110      -989.5906844483 
        1.5850000000        -0.6352390972         0.5580181535       180.4881518251      -978.1774688398 
        1.5900000000        -0.6216955142         0.5478223476       175.1666577629      -993.3950896511 
        1.5950000000        -0.6069494908         0.5376265416       169.6616639054     -1008.6127104625 
        1.6000001000        -0.5910292179         0.5401754931       165.2576688194     -1004.8083052596 
        1.6050000000        -0.5739664765         0.5478223476       160.1196745525      -993.3950896511 
        1.6100000000        -0.5557932791         0.5452733961       155.3486798760      -997.1994948540 
        1.6150000000        -0.5365451048         0.5503712991       150.9446847901      -989.5906844483 
        1.6200000000        -0.5162591822         0.5452733961       145.9901903184      -997.1994948540 
        1.6250000000        -0.4949747468         0.5503712991       141.2191956419      -989.5906844483 
        1.6300000000        -0.4727329657         0.5554692020       136.2647011702      -981.9818740427 
        1.6350001000        -0.4495763852         0.5605671050       131.4937064937      -974.3730636370 
        1.6400000000        -0.4255512084         0.5605671050       126.3557122268      -974.3730636370 
        1.6450001000        -0.4007019830         0.5733118624       122.1352169360      -955.3510376228 
        1.6500000000        -0.3750787565         0.5809587169       117.3642222596      -943.9378220144 
        1.6550001000        -0.3487290399         0.5886055714       112.4097277879      -932.5246064059 
        1.6600000000        -0.3217059024         0.6013503288       108.5562320877      -913.5025803917 
        1.6650001000        -0.2940594511         0.6013503288       103.9687372064      -913.5025803917 
        1.6700000000        -0.2658453669         0.6013503288       100.1152415062      -913.5025803917 
        1.6750000000        -0.2371165442         0.6013503288        95.3442468298      -913.5025803917 
        1.6800000000        -0.2079291071         0.6089971832        90.9402517438      -902.0893647832 
        1.6850000000        -0.1783395080         0.6064482318        86.7197564531      -905.8937699861 
        1.6900000000        -0.1484049769         0.6319377466        82.8662607529      -867.8497179578 
        1.6950000000        -0.1181834113         0.6319377466        78.2787658717      -867.8497179578 
        1.7000000000        -0.0877332635         0.6421335526        74.0582705809      -852.6320971465 
        1.7050000000        -0.0571134281         0.6497804070        70.0212750855      -841.2188815380 
        1.7100000000        -0.0263831279         0.6523293585        65.6172799995      -837.4144763351 
        1.7150000000         0.0043982008         0.6625251645        62.1307838898      -822.1968555238 
        1.7200000000         0.0351710227         0.6727209704        58.0937883943      -806.9792347125 
        1.7250001000         0.0658764323         0.6931125823        54.6072922846      -776.5439930899 
        1.7300000000         0.0964532035         0.7007594367        50.3867969939      -765.1307774814 
        1.7350000000         0.1268440345         0.7338958061        47.6343000652      -715.6735098446 
        1.7400000000         0.1569895327         0.7466405635        42.8633053887      -696.6514838305 
        1.7450000000         0.1868313925         0.7721300783        39.3768092790      -658.6074318022 
        1.7500000000         0.2163118961         0.7925216902        36.0738129645      -628.1721901795 
        1.7550000000         0.2453740241         0.8154622536        34.0553152168      -593.9325433541 
        1.7600001000         0.2739621334         0.8511475744        30.9358186975      -540.6708705145 
        1.7650000000         0.3020192320         0.8638923318        28.5503213593      -521.6488445003 
        1.7700001000         0.3294932958         0.8893818467        25.6143246353      -483.6047924720 
        1.7750000000         0.3563289910         0.9225182160        24.1463262733      -434.1475248352 
        1.7800001000         0.3824765584         0.9454587794        21.7608289351      -399.9078780098 
        1.7850000000         0.4078833358         0.9683993428        20.2928305731      -365.6682311843 
        1.7900001000         0.4325022133         0.9836930517        17.9073332349      -342.8417999673 
        1.7950000000         0.4562836077         1.0270252269        16.8063344634      -278.1669115192 
        1.8000000000         0.4791829742         1.1519238497        15.5218358967       -91.7510565806 
        1.8050000000         0.5011555381         1.4756406885        16.6228346682       391.4084041787 
        1.8100000000         0.5221588018         1.5775987479        18.0908330301       543.5846122919 
        1.8150000000         0.5421521421         1.5393644756        21.3938293446       486.5185342494 
        1.8200000000         0.5610968894         1.5393644756        23.7793266828       486.5185342494 
        1.8250000000         0.5789564020         1.5011302033        26.1648240211       429.4524562070 
        1.8300000000         0.5956961373         1.4756406885        28.3668215641       391.4084041787 
        1.8350000000         0.6112837184         1.4883854459        30.2018195165       410.4304301929 
        1.8400000000         0.6256889969         1.5011302033        32.2203172643       429.4524562070 
        1.8450000000         0.6388841112         1.5342665726        34.4223148073       478.9097238438 
        1.8500001000         0.6508437668         1.5928924568        37.1748117360       566.4110435088 
        1.8550000000         0.6615441526         1.6209309231        40.4778080505       608.2595007400 
        1.8600000000         0.6709652523         1.6209309231        43.0468051839       608.2595007400 
        1.8650000000         0.6790886175         1.6464204380        45.9828019079       646.3035527683 
        1.8700000000         0.6858985367         1.6693610014        48.9187986319       680.5431995937 
        1.8750000000         0.6913818384         1.6897526133        52.2217949464       710.9784412164 
        1.8800000000         0.6955279174         1.7024973707        56.4422902371       730.0004672305 
        1.8850001000         0.6983287970         1.7050463222        60.1122861421       733.8048724333 
        1.8900000000         0.6997789325         1.7228889826        63.4152824565       760.4357088531 
        1.8950001000         0.6998756351         1.7483784974        67.2687781567       798.4797608814 
        1.9000000000         0.6986187099         1.7585743034        70.9387740617       813.6973816927 
        1.9050001000         0.6960104876         1.7636722064        75.5262689429       821.3061920984 
        1.9100000000         0.6920562213         1.7713190608        78.6457654622       832.7194077069 
        1.9150001000         0.6867632430         1.7687701093        82.8662607529       828.9150025041 
        1.9200000000         0.6801422130         1.8121022846        87.8207552246       893.5898909522 
        1.9250000000         0.6722055800         1.7968085757        91.6742509248       870.7634597352 
        1.9300000000         0.6629688135         1.8095533331        95.3442468298       889.7854857493 
        1.9350000000         0.6524497787         1.8146512361       100.4822410967       897.3942961550 
        1.9400000000         0.6406688208         1.8248470420       104.8862361827       912.6119169663 
        1.9450000000         0.6276487257         1.8172001876       108.7397318829       901.1987013578 
        1.9500000000         0.6134146760         1.8248470420       113.5107265594       912.6119169663 
        1.9550000000         0.5979942022         1.8273959935       117.9147216453       916.4163221691 
        1.9600000000         0.5814171294         1.8222980905       121.7682173456       908.8075117635 
        1.9650000000         0.5637155200         1.8070043816       125.9887126363       885.9810805465 
        1.9700000000         0.5449236111         1.8146512361       130.7597073127       897.3942961550 
        1.9750001000         0.5250773416         1.8273959935       135.5307019892       916.4163221691 
        1.9800000000         0.5042163174         1.8197491390       140.1181968704       905.0031065607 
        1.9850000000         0.4823796659         1.8121022846       144.3386921611       893.5898909522 
        1.9900000000         0.4596100290         1.8146512361       147.8251882708       897.3942961550 
        1.9950000000         0.4359514463         1.8095533331       152.5961829473       889.7854857493 
        2.0000000000         0.4114496766         1.8172001876       157.7341772143       901.1987013578 
        2.0050000000         0.3861521094         1.7866127697       160.8536737335       855.5458389239 
        2.0100000000         0.3601076736         1.7866127697       165.0741690242       855.5458389239 
        2.0150001000         0.3333662012         1.7917106727       169.8451637007       863.1546493295 
        2.0200001000         0.3059804828         1.7917106727       174.0656589914       863.1546493295 
        2.0250000000         0.2780035234         1.7840638182       178.2861542821       851.7414337210 
        2.0300000000         0.2494883151         1.7687701093       181.7726503918       828.9150025041 
        2.0350001000         0.2204899793         1.7687701093       186.3601452730       828.9150025041 
        2.0400001000         0.1910657625         1.7713190608       190.3971407685       832.7194077069 
        2.0450000000         0.1612725987         1.7636722064       194.8011358545       821.3061920984 
        2.0500000000         0.1311669202         1.7585743034       198.8381313499       813.6973816927 
        2.0550000000         0.1008075478         1.7509274489       202.3246274596       802.2841660843 
        2.0600000000         0.0702532004         1.7432805945       205.9946233646       790.8709504758 
        2.0650000000         0.0395629741         1.7356337400       209.2976196791       779.4577348673 
        2.0700000000         0.0087962279         1.7203400311       213.5181149698       756.6313036503 
        2.0750000000        -0.0219875314         1.7126931766       217.1881108748       745.2180880418 
        2.0800000000        -0.0527287639         1.7024973707       220.8581067797       730.0004672305 
        2.0850000000        -0.0833680121         1.6821057588       224.1611030942       699.5652256079 
        2.0900000000        -0.1138460156         1.6540672925       227.0970998182       657.7167683768 
        2.0950000000        -0.1441038261         1.6311267291       230.4000961327       623.4771215513 
        2.1000001000        -0.1740835174         1.6158330202       233.8865922424       600.6506903343 
        2.1050000000        -0.2037253168         1.5877945538       236.0885897854       558.8022331032 
        2.1100000000        -0.2329736812         1.5674029419       238.6575869189       528.3669914806 
        2.1150000000        -0.2617714440         1.5546581845       241.7770834381       509.3449654664 
        2.1200000000        -0.2900629067         1.5291686697       243.7955811858       471.3009134381 
        2.1250000000        -0.3177933498         1.5087770578       245.9975787288       440.8656718155 
        2.1300000000        -0.3449091391         1.4883854459       248.7500756575       410.4304301929 
        2.1350000000        -0.3713578290         1.4679938340       250.5850736100       379.9951885702 
        2.1400001000        -0.3970887715         1.4577980281       252.7870711530       364.7775677589 
        2.1450000000        -0.4220506792         1.4297595617       254.2550695150       322.9291105278 
        2.1500000000        -0.4461967928         1.4221127072       256.0900674675       311.5158949193 
        2.1550000000        -0.4694799036         1.3940742409       257.0075664437       269.6674376882 
        2.1600001000        -0.4918554170         1.1060427230       256.6405668532      -160.2303502315 
        2.1650000000        -0.5132787424         0.8001685447       254.2550695150      -616.7589745710 
        2.1700000000        -0.5337097577         0.9021266041       252.2365717672      -464.5827664579 
        2.1750000000        -0.5531085087         0.9021266041       249.6675746338      -464.5827664579 
        2.1800001000        -0.5714378311         0.9276161190       247.8325766813      -426.5387144296 
        2.1850000000        -0.5886612076         0.9480077309       246.1810785240      -396.1034728069 
        2.1900000000        -0.6047463920         0.9582035368       243.9790809811      -380.8858519956 
        2.1950000000        -0.6196619179         0.9607524883       241.5935836428      -377.0814467928 
        2.2000000000        -0.6333789367         0.9174203130       239.5750858951      -441.7563352409 
        2.2050000000        -0.6458709179         0.8205601566       237.5565881474      -586.3237329484 
        2.2100000000        -0.6571137004         0.7670321754       233.8865922424      -666.2162422078 
        2.2150000000        -0.6670855391         0.7619342724       230.7670957232      -673.8250526135 
        2.2200000000        -0.6757671472         0.7568363694       228.0145987944      -681.4338630191 
        2.2250001000        -0.6831418677         0.7517384665       224.5281026847      -689.0426734248 
        2.2300000000        -0.6891950342         0.7440916120       221.5921059607      -700.4558890333 
        2.2350000000        -0.6939153417         0.6880146793       217.1881108748      -784.1528034955 
        2.2400000000        -0.6972935264         0.6727209704       213.5181149698      -806.9792347125 
        2.2450000000        -0.6993230543         0.6421335526       209.2976196791      -852.6320971465 
        2.2500000000        -0.7000000000         0.6370356496       205.8111235694      -860.2409075521 
        2.2550000000        -0.6993230543         0.6115461347       200.6731293024      -898.2849595804 
        2.2600000000        -0.6972935264         0.5988013773       197.0031333974      -917.3069855946 
        2.2650001000        -0.6939152607         0.5911545228       192.4156385162      -928.7202012030 
        2.2700000000        -0.6891950342         0.5682139595       188.0116434303      -962.9598480285 
        2.2750000000        -0.6831417334         0.5784097654       182.8736491633      -947.7422272172 
        2.2800000000        -0.6757671472         0.5656650080       178.1026544868      -966.7642532313 
        2.2850001000        -0.6670853525         0.5478223476       173.1481600151      -993.3950896511 
        2.2900000000        -0.6571137004         0.5401754931       168.0101657482     -1004.8083052596 
        2.2950000000        -0.6458709179         0.5605671050       164.1566700480      -974.3730636370 
        2.3000000000        -0.6333789367         0.5554692020       158.6516761905      -981.9818740427 
        2.3050001000        -0.6196616315         0.5503712991       154.4311808998      -989.5906844483 
        2.3100000000        -0.6047463920         0.5427244446       148.9261870423     -1001.0039000568 
        2.3150000000        -0.5886612076         0.5401754931       143.9716925706     -1004.8083052596 
        2.3200000000        -0.5714374755         0.5452733961       138.8336983037      -997.1994948540 
        2.3250000000        -0.5531085087         0.5478223476       134.0627036272      -993.3950896511 
        2.3300000000        -0.5337097577         0.5554692020       129.8422083365      -981.9818740427 
        2.3350000000        -0.5132787424         0.5503712991       124.5207142743      -989.5906844483 
        2.3400000000        -0.4918549789         0.5580181535       119.5662198026      -978.1774688398 
        2.3450000000        -0.4694799036         0.5656650080       114.9787249214      -966.7642532313 
        2.3500001000        -0.4461963184         0.5835076684       110.7582296306      -940.1334168115 
        2.3550000000        -0.4220506792         0.5809587169       104.8862361827      -943.9378220144 
        2.3600000000        -0.3970882644         0.5860566199       100.4822410967      -936.3290116087 
        2.3650000000        -0.3713578290         0.5860566199        96.8122451918      -936.3290116087 
        2.3700000000        -0.3449091391         0.5886055714        92.9587494915      -932.5246064059 
        2.3750000000        -0.3177933498         0.5784097654        87.6372554293      -947.7422272172 
        2.3800000000        -0.2900629067         0.5911545228        83.0497605481      -928.7202012030 
        2.3850000000        -0.2617714440         0.6038992803        78.8292652574      -909.6981751889 
        2.3900001000        -0.2329731006         0.6115461347        74.4252701714      -898.2849595804 
        2.3950000000        -0.2037253168         0.6089971832        69.6542754950      -902.0893647832 
        2.4000000000        -0.1740829210         0.6217419407        66.1677793853      -883.0673387691 
        2.4050000000        -0.1441038261         0.6370356496        61.9472840945      -860.2409075521 
        2.4100001000        -0.1138454081         0.6370356496        57.3597892133      -860.2409075521 
        2.4150000000        -0.0833680121         0.6446825041        52.9557941274      -848.8276919436 
        2.4200000000        -0.0527287639         0.6421335526        48.1847994509      -852.6320971465 
        2.4250000000        -0.0219875314         0.6574272615        44.6983033412      -829.8056659295 
        2.4300001000         0.0087968436         0.6727209704        41.0283074362      -806.9792347125 
        2.4350000000         0.0395629741         0.6727209704        36.4408125550      -806.9792347125 
        2.4400000000         0.0702532004         0.6829167763        32.7708166500      -791.7616139012 
        2.4450000000         0.1008075478         0.7007594367        29.2843205403      -765.1307774814 
        2.4500000000         0.1311669202         0.7058573397        25.2473250448      -757.5219670757 
        2.4550000000         0.1612725987         0.7440916120        21.3938293446      -700.4558890333 
        2.4600000000         0.1910663549         0.7670321754        18.0908330301      -666.2162422078 
        2.4650000000         0.2204905638         0.7848748358        14.2373373299      -639.5854057880 
        2.4700000000         0.2494883151         0.8001685447        10.9343410155      -616.7589745710 
        2.4750001000         0.2780040885         0.8333049140         8.5488436772      -567.3017069343 
        2.4800000000         0.3059810367         0.8536965259         6.3468461342      -536.8664653116 
        2.4850000000         0.3333667426         0.8766370893         2.8603500245      -502.6268184862 
        2.4900000000         0.3601076736         0.8944797497         0.8418522768      -475.9959820664 
        2.4950000000         0.3861521094         0.9148713616        -0.0756466995      -445.5607404437 
        2.5000000000         0.4114496766         0.9429098279         0.6583524815      -403.7122832126 
        2.5050000000         0.4359514463         0.9556545853        -0.0756466995      -384.6902571985 
        2.5100000000         0.4596100290         1.0066336150         0.6583524815      -308.6021531419 
        2.5150001000         0.4823801121         1.3048609389         0.2913528910       136.5132555891 
        2.5200000000         0.5042163174         1.6030882627         0.8418522768       581.6286643202 
        2.5250000000         0.5250777487         1.5546581845         0.2913528910       509.3449654664 
        2.5300000000         0.5449236111         1.5393644756         0.2913528910       486.5185342494 
        2.5350001000         0.5637158851         1.5138749607         1.3923516625       448.4744822211 
        2.5400000000         0.5814171294         1.4858364944         3.7778490008       406.6260249900 
        2.5450000000         0.5979942022         1.4603469795         6.1633463390       368.5819729617 
        2.5500000000         0.6134146760         1.4628959310         7.6313447010       372.3863781646 
        2.5550001000         0.6276489984         1.4628959310        10.0168420392       372.3863781646 
        2.5600000000         0.6406688208         1.5291686697        12.5858391727       471.3009134381 
        2.5650000000         0.6524497787         1.6081861657        14.9713365109       589.2374747258 
        2.5700000000         0.6629688135         1.6285777776        17.9073332349       619.6727163485 
        2.5750000000         0.6722055800         1.6081861657        20.2928305731       589.2374747258 
        2.5800000000         0.6801422130         1.6311267291        23.9628264781       623.4771215513 
        2.5850000000         0.6867633622         1.6821057588        28.1833217688       699.5652256079 
        2.5900000000         0.6920562213         1.6923015648        31.3028182880       714.7828464192 
        2.5950000000         0.6960105533         1.7075952737        35.1563139883       737.6092776362 
        2.6000001000         0.6986187486         1.7203400311        38.4593103027       756.6313036503 
        2.6050000000         0.6998756467         1.7177910796        41.5788068220       752.8268984475 
        2.6100000000         0.6997789325         1.7407316430        45.4323025222       787.0665452729 
        2.6150000000         0.6983287545         1.7509274489        49.2857982224       802.2841660843 
        2.6200000000         0.6955279174         1.7636722064        53.6897933084       821.3061920984 
        2.6250000000         0.6913818384         1.7789659153        58.4607879848       844.1326233154 
        2.6300000000         0.6858985367         1.7866127697        61.7637842993       855.5458389239 
        2.6350000000         0.6790886175         1.7917106727        66.3512791805       863.1546493295 
        2.6400001000         0.6709650768         1.8044554301        71.1222738570       882.1766753437 
        2.6450000000         0.6615441526         1.7942596242        74.4252701714       866.9590545324 
        2.6500000000         0.6508435401         1.8222980905        79.7467642336       908.8075117635 
        2.6550000000         0.6388841112         1.8070043816        83.4167601386       885.9810805465 
        2.6600001000         0.6256887208         1.8273959935        87.2702558388       916.4163221691 
        2.6650000000         0.6112837184         1.8222980905        91.8577507200       908.8075117635 
        2.6700000000         0.5956961373         1.8401407509        96.8122451918       935.4383481833 
        2.6750000000         0.5789564020         1.8197491390       100.8492406872       905.0031065607 
        2.6800001000         0.5610965212         1.8197491390       104.5192365922       905.0031065607 
        2.6850000000         0.5421521421         1.8121022846       109.1067314734       893.5898909522 
        2.6900000000         0.5221588018         1.8248470420       113.8777261499       912.6119169663 
        2.6950000000         0.5011555381         1.8146512361       118.4652210311       897.3942961550 
        2.7000000000         0.4791829742         1.8146512361       122.6857163218       897.3942961550 
        2.7050000000         0.4562836077         1.8172001876       127.6402107935       901.1987013578 
        2.7100000000         0.4325017292         1.7942596242       130.9432071080       866.9590545324 
        2.7150000000         0.4078833358         1.8044554301       135.5307019892       882.1766753437 
        2.7200000000         0.3824760427         1.7942596242       140.1181968704       866.9590545324 
        2.7250001000         0.3563284611         1.7968085757       144.1551923659       870.7634597352 
        2.7300000000         0.3294927525         1.7942596242       148.7426872471       866.9590545324 
        2.7350000000         0.3020192320         1.7891617212       152.5961829473       859.3502441267 
        2.7400000000         0.2739615668         1.7942596242       157.3671776238       866.9590545324 
        2.7450000000         0.2453740241         1.7738680123       161.4041731192       836.5238129097 
        2.7500000000         0.2163118961         1.7687701093       165.2576688194       828.9150025041 
        2.7550000000         0.1868313925         1.7636722064       169.4781641102       821.3061920984 
        2.7600000000         0.1569895327         1.7636722064       172.9646602199       821.3061920984 
        2.7650001000         0.1268434290         1.7611232549       177.3686553058       817.5017868956 
        2.7700000000         0.0964532035         1.7534764004       181.9561501871       806.0885712871 
        2.7750000000         0.0658758193         1.7407316430       185.6261460920       787.0665452729 
        2.7800000000         0.0351710227         1.7254379341       188.7456426113       764.2401140560 
        2.7850001000         0.0043975850         1.7126931766       192.0486389257       745.2180880418 
        2.7900000000        -0.0263831279         1.7050463222       196.0856344212       733.8048724333 
        2.7950000000        -0.0571134281         1.7050463222       199.7556303262       733.8048724333 
        2.8000000000        -0.0877332635         1.6973994677       203.9761256169       722.3916568249 
        2.8050001000        -0.1181840182         1.6795568073       207.4626217266       695.7608204050 
        2.8100000000        -0.1484049769         1.6438714865       209.2976196791       642.4991475654 
        2.8150000000        -0.1783395080         1.6311267291       212.2336164031       623.4771215513 
        2.8200000000        -0.2079291071         1.5954414083       215.1696131270       570.2154487117 
        2.8250000000        -0.2371165442         1.5775987479       218.2891096463       543.5846122919 
        2.8300000000        -0.2658453669         1.5674029419       220.8581067797       528.3669914806 
        2.8350000000        -0.2940600099         1.5393644756       223.0601043227       486.5185342494 
        2.8400000000        -0.3217059024         1.5266197182       225.8126012515       467.4965082353 
        2.8450000000        -0.3487295737         1.5164239122       228.7485979754       452.2788874240 
        2.8500001000        -0.3750792764         1.4934833489       230.0330965422       418.0392405985 
        2.8550000000        -0.4007024879         1.4679938340       231.8680944947       379.9951885702 
        2.8600000000        -0.4255512084         1.4552490766       233.8865922424       360.9731625561 
        2.8650000000        -0.4495768572         1.4374064162       235.7215901949       334.3423261363 
        2.8700000000        -0.4727329657         1.3532910171       236.6390891711       208.7969544429 
        2.8750000000        -0.4949747468         0.9021266041       235.1710908091      -464.5827664579 
        2.8800000000        -0.5162591822         0.8613433804       232.9690932661      -525.4532497031 
        2.8850000000        -0.5365451048         0.9148713616       231.1340953137      -445.5607404437 
        2.8900001000        -0.5557936534         0.9301650705       229.2990973612      -422.7343092268 
        2.8950000000        -0.5739664765         0.9429098279       226.5466004324      -403.7122832126 
        2.9000000000        -0.5910295479         0.9709482942       225.4456016610      -361.8638259815 
        2.9050000000        -0.6069494908         0.9683993428       223.0601043227      -365.6682311843 
        2.9100001000        -0.6216957972         0.9429098279       221.4086061655      -403.7122832126 
        2.9150000000        -0.6352390972         0.8435007200       218.1056098510      -552.0840861229 
        2.9200000000        -0.6475540448         0.8154622536       216.4541116938      -593.9325433541 
        2.9250000000        -0.6586165383         0.8052664477       212.6006159936      -609.1501641654 
        2.9300001000        -0.6684053642         0.7670321754       209.6646192696      -666.2162422078 
        2.9350000000        -0.6769010414         0.7619342724       206.7286225456      -673.8250526135 
        2.9400000000        -0.6840876865         0.7440916120       203.4256262311      -700.4558890333 
        2.9450000000        -0.6899512166         0.6982104853       199.9391301214      -768.9351826842 
        2.9500000000        -0.6944802909         0.6982104853       195.9021346259      -768.9351826842 
        2.9550000000        -0.6976661496         0.6778188734       192.7826381067      -799.3704243068 
        2.9600000000        -0.6995026308         0.6472314555       187.6446438398      -845.0232867408 
        2.9650000000        -0.6999861826         0.6395846011       183.7911481395      -856.4365023493 
        2.9700000000        -0.6991158696         0.6013503288       179.2036532583      -913.5025803917 
        2.9750001000        -0.6968933173         0.5835076684       174.6161583771      -940.1334168115 
        2.9800000000        -0.6933229980         0.5784097654       170.5791628817      -947.7422272172 
        2.9850000000        -0.6884116435         0.5682139595       165.8081682052      -962.9598480285 
        2.9900000000        -0.6821688110         0.5733118624       161.0371735287      -955.3510376228 
        2.9950000000        -0.6746065748         0.5631160565       156.2661788523      -970.5686584342 
        3.0000000000        -0.6657395614         0.5529202506       151.3116843806      -985.7862792455 
        3.0050000000        -0.6555849207         0.5478223476       146.7241894993      -993.3950896511 
        3.0100000000        -0.6441622932         0.5427244446       141.5861952324     -1001.0039000568 
        3.0150001000        -0.6314935059         0.5427244446       136.6317007607     -1001.0039000568 
        3.0200000000        -0.6176038585         0.5376265416       131.3102066985     -1008.6127104625 
        3.0250000000        -0.6025194189         0.5401754931       126.9062116125     -1004.8083052596 
        3.0300000000        -0.5862696280         0.5427244446       122.1352169360     -1001.0039000568 
        3.0350001000        -0.5688855563         0.5554692020       117.9147216453      -981.9818740427 
        3.0400000000        -0.5504019025         0.5580181535       112.4097277879      -978.1774688398 
        3.0450000000        -0.5308533407         0.5707629110       108.1892324972      -959.1554428257 
        3.0500000000        -0.5102780392         0.5707629110       103.0512382302      -959.1554428257 
        3.0550001000        -0.4887153524         0.5529202506        98.0967437585      -985.7862792455 
        3.0600000000        -0.4662083072         0.5631160565        93.6927486725      -970.5686584342 
        3.0650000000        -0.4427991133         0.5631160565        88.7382542008      -970.5686584342 
        3.0700000000        -0.4185334881         0.5580181535        83.9672595244      -978.1774688398 
        3.0750001000        -0.3934578552         0.5758608139        79.5632644384      -951.5466324200 
        3.0800000000        -0.3676222410         0.5911545228        76.0767683287      -928.7202012030 
        3.0850000000        -0.3410750880         0.5784097654        70.7552742665      -947.7422272172 
        3.0900000000        -0.3138682513         0.5962524258        66.7182787710      -921.1113907974 
        3.0950000000        -0.2860543523         0.5911545228        61.5802845040      -928.7202012030 
        3.1000001000        -0.2576866144         0.6064482318        56.9927896228      -905.8937699861 
        3.1050000000        -0.2288216208         0.6115461347        52.5887945369      -898.2849595804 
        3.1100000000        -0.1995134837         0.6089971832        48.0012996557      -902.0893647832 
        3.1150000000        -0.1698194616         0.6191929892        43.5973045697      -886.8717439719 
        3.1200000000        -0.1397969864         0.6268398436        39.0098096885      -875.4585283634 
        3.1250000000        -0.1095041255         0.6344866981        35.3398137835      -864.0453127549 
        3.1300000000        -0.0789994694         0.6395846011        31.3028182880      -856.4365023493 
        3.1350000000        -0.0483420180         0.6523293585        27.4493225878      -837.4144763351 
        3.1400001000        -0.0175904513         0.6599762130        22.4948281161      -826.0012607267 
        3.1450000000         0.0131939078         0.6727209704        18.0908330301      -806.9792347125 
        3.1500000000         0.0439533637         0.6854657278        14.4208371252      -787.9572086984 
        3.1550000000         0.0746278080         0.6854657278        10.0168420392      -787.9572086984 
        3.1600001000         0.1051585212         0.7033083882         6.1633463390      -761.3263722786 
        3.1650000000         0.1354846276         0.7262489516         2.1263508435      -727.0867254531 
        3.1700000000         0.1655492979         0.7542874179         0.4748526863      -685.2382682220 
        3.1750000000         0.1952937742         0.7644832239        -0.0756466995      -670.0206474107 
        3.1800001000         0.2246611101         0.7848748358         0.4748526863      -639.5854057880 
        3.1850000000         0.2535927567         0.8001685447        79.5632644384      -616.7589745710 
        3.1900000000         0.2820345050         0.8282070110       359.5839519876      -574.9105173399 
        3.1950000000         0.3099307617         0.8384028170       359.7674517829      -559.6928965286 
        3.2000001000         0.3372281115         0.8562454774       360.3179511686      -533.0620601088 
        3.2050000000         0.3638721398         0.8919307982       360.5014509639      -479.8003872692 
        3.2100000000         0.3898129315         0.9046755556       357.9324538304      -460.7783612550 
        3.2150000000         0.4149997741         0.9148713616       355.3634566969      -445.5607404437 
        3.2200000000         0.4393839529         0.9378119249       353.1614591539      -411.3210936183 
        3.2250001000         0.4629187676         0.9989867606       351.1429614062      -320.0153687504 
        3.2300000000         0.4855573141         1.3966231924       352.2439601777       273.4718428910 
        3.2350000000         0.5072571911         1.6081861657       354.0789581302       589.2374747258 
        3.2400000000         0.5279759665         1.5546581845       356.8314550589       509.3449654664 
        3.2450000000         0.5476735674         1.5342665726       359.2169523971       478.9097238438 
        3.2500000000         0.5663118961         1.5062281063       359.7674517829       437.0612666127 
        3.2550000000         0.5838549035         1.4883854459       360.1344513734       410.4304301929 
        3.2600000000         0.6002686593         1.4654448825       359.7674517829       376.1907833674 
        3.2650001000         0.6155217104         1.4476022221       359.4004521924       349.5599469476 
        3.2700000000         0.6295836761         1.4501511736        79.3797646431       353.3643521504 
        3.2750000000         0.6424282380         1.4960323003        79.3797646431       421.8436458013 
        3.2800000000         0.6540302597         1.5852456023         0.1078530958       554.9978279004 
        3.2850001000         0.6643674954         1.6566162440         0.6583524815       661.5211735796 
        3.2900000000         0.6734193701         1.6438714865        -0.0756466995       642.4991475654 
        3.2950000000         0.6811689577         1.6362246321         1.3923516625       631.0859319569 
        3.3000000000         0.6876010755         1.6693610014         5.4293471580       680.5431995937 
        3.3050001000         0.6927033717         1.7050463222         9.0993430630       733.8048724333 
        3.3100000000         0.6964657119         1.7075952737        12.5858391727       737.6092776362 
        3.3150000000         0.6988810851         1.7152421281        16.4393348729       749.0224932446 
        3.3200000000         0.6999447309         1.7330847885        20.2928305731       775.6533296645 
        3.3250001000         0.6996545729         1.7381826915        23.7793266828       783.2621400701 
        3.3300000000         0.6980112302         1.7611232549        27.8163221783       817.5017868956 
        3.3350000000         0.6950178232         1.7713190608        32.0368174690       832.7194077069 
        3.3400000000         0.6906801609         1.7687701093        35.5233135788       828.9150025041 
        3.3450000000         0.6850066330         1.7815148668        40.4778080505       847.9370285182 
        3.3500001000         0.6780080597         1.7840638182        44.5148035459       851.7414337210 
        3.3550000000         0.6696984361         1.7993575272        48.9187986319       874.5678649380 
        3.3600000000         0.6600933751         1.8070043816        53.5062935131       885.9810805465 
        3.3650000000         0.6492116073         1.8121022846        57.5432890086       893.5898909522 
        3.3700000000         0.6370741795         1.8095533331        61.9472840945       889.7854857493 
        3.3750000000         0.6237045669         1.8222980905        66.5347789758       908.8075117635 
        3.3800000000         0.6091286283         1.8273959935        71.4892734475       916.4163221691 
        3.3850000000         0.5933745553         1.8197491390        75.5262689429       905.0031065607 
        3.3900001000         0.5764724691         1.8222980905        80.1137638241       908.8075117635 
        3.3950000000         0.5584561077         1.8248470420        84.7012587054       912.6119169663 
        3.4000000000         0.5393592699         1.8350428480        88.0042550198       927.8295377776 
        3.4050000000         0.5192192409         1.8350428480        93.3257490820       927.8295377776 
        3.4100001000         0.4980745414         1.8324938965        97.5462443727       924.0251325748 
        3.4150000000         0.4759673651         1.8197491390       101.9502394587       905.0031065607 
        3.4200000000         0.4529391731         1.8248470420       106.1707347494       912.6119169663 
        3.4250000000         0.4290349376         1.8222980905       110.7582296306       908.8075117635 
        3.4300001000         0.4043003897         1.8146512361       114.4282255356       897.3942961550 
        3.4350000000         0.3787848765         1.7968085757       118.2817212358       870.7634597352 
        3.4400000000         0.3525362411         1.7993575272       123.2362157075       874.5678649380 
        3.4450000000         0.3256057547         1.7942596242       127.8237105888       866.9590545324 
        3.4500001000         0.2980449469         1.7866127697       131.4937064937       855.5458389239 
        3.4550000000         0.2699087946         1.7891617212       135.7142017844       859.3502441267 
        3.4600000000         0.2412500462         1.7815148668       140.4851964609       847.9370285182 
        3.4650000000         0.2121246887         1.7713190608       143.9716925706       832.7194077069 
        3.4700000000         0.1825890544         1.7713190608       148.5591874518       832.7194077069 
        3.4750001000         0.1526996681         1.7636722064       152.2291833568       821.3061920984 
        3.4800000000         0.1225161413         1.7560253519       155.5321796713       809.8929764899 
        3.4850000000         0.0920950514         1.7432805945       159.7526749620       790.8709504758 
        3.4900000000         0.0614958376         1.7356337400       163.6061706622       779.4577348673 
        3.4950000000         0.0307776828         1.7381826915       168.3771653387       783.2621400701 
        3.5000000000         0.0000000000         1.7254379341       172.2306610389       764.2401140560 
        3.5050000000        -0.0307776828         1.7203400311       175.7171571486       756.6313036503 
        3.5100000000        -0.0614958376         1.7101442252       179.2036532583       741.4136828390 
        3.5150001000        -0.0920956617         1.6821057588       182.1396499823       699.5652256079 
        3.5200000000        -0.1225161413         1.6693610014       186.1766454778       680.5431995937 
        3.5250000000        -0.1527002690         1.6387735836       189.1126422018       634.8903371598 
        3.5300000000        -0.1825890544         1.6081861657       191.6816393352       589.2374747258 
        3.5350001000        -0.2121252756         1.5979903598       194.4341362640       574.0198539145 
        3.5400000000        -0.2412500462         1.5801476994       197.5536327832       547.3890174947 
        3.5450000000        -0.2699087946         1.5444623786       199.7556303262       494.1273446551 
        3.5500000000        -0.2980455041         1.5342665726       202.3246274596       478.9097238438 
        3.5550012000        -0.3256122956         1.5215218152       204.5266250026       459.8876978296 
        3.5600000000        -0.3525362411         1.5062281063       206.1781231599       437.0612666127 
        3.5650000000        -0.3787848765         1.4756406885       208.0131211124       391.4084041787 
        3.5700000000        -0.4043008924         1.4654448825       210.3986184506       376.1907833674 
        3.5750001000        -0.4290354241         1.4476022221       212.6006159936       349.5599469476 
        3.5800000000        -0.4529391731         1.4195637558       213.5181149698       307.7114897165 
        3.5850000000        -0.4759673651         1.3125077934       214.9861133318       147.9264711976 
        3.5900000000        -0.4980749740         0.8613433804       212.7841157888      -525.4532497031 
        3.5950000000        -0.5192192409         0.8893818467       210.7656180411      -483.6047924720 
        3.6000001000        -0.5393596624         0.9225182160       209.1141198838      -434.1475248352 
        3.6050000000        -0.5584561077         0.9276161190       206.9121223409      -426.5387144296 
        3.6100000000        -0.5764728183         0.9454587794       204.8936245931      -399.9078780098 
        3.6150000000        -0.5933745553         0.9658503913       203.0586266406      -369.4726363871 
        3.6200000000        -0.6091286283         0.9658503913       201.0401288929      -369.4726363871 
        3.6250000000        -0.6237045669         0.9021266041       199.0216311452      -464.5827664579 
        3.6300000000        -0.6370741795         0.8358538655       196.6361338069      -563.4973017314 
        3.6350000000        -0.6492116073         0.8231091081       193.7001370830      -582.5193277456 
        3.6400001000        -0.6600935800         0.7925216902       190.5806405637      -628.1721901795 
        3.6450000000        -0.6696984361         0.7823258843       187.6446438398      -643.3898109908 
        3.6500000000        -0.6780082128         0.7670321754       184.3416475253      -666.2162422078 
        3.6550000000        -0.6850066330         0.7237000001       180.8551514156      -730.8911306559 
        3.6600001000        -0.6906802611         0.7109552427       177.5521551011      -749.9131566701 
        3.6650000000        -0.6950178232         0.6931125823       173.8821591961      -776.5439930899 
        3.6700000000        -0.6980112302         0.6676230674       169.6616639054      -814.5880451182 
        3.6750000000        -0.6996545923         0.6395846011       165.0741690242      -856.4365023493 
        3.6800001000        -0.6999447232         0.6344866981       161.2206733240      -864.0453127549 
        3.6850000000        -0.6988810851         0.6038992803       156.8166782380      -909.6981751889 
        3.6900000000        -0.6964657119         0.5988013773       152.7796827425      -917.3069855946 
        3.6950000000        -0.6927032830         0.5809587169       148.1921878613      -943.9378220144 
        3.7000001000        -0.6876009601         0.5605671050       142.3201944134      -974.3730636370 
        3.7050000000        -0.6811689577         0.5605671050       137.7326995322      -974.3730636370 
        3.7100000000        -0.6734193701         0.5580181535       132.9617048557      -978.1774688398 
        3.7150000000        -0.6643673015         0.5554692020       128.5577097697      -981.9818740427 
        3.7200000000        -0.6540302597         0.5580181535       123.9702148885      -978.1774688398 
        3.7250001000        -0.6424279934         0.5682139595       118.8322206216      -962.9598480285 
        3.7300000000        -0.6295836761         0.5580181535       114.2447257404      -978.1774688398 
        3.7350000000        -0.6155214171         0.5605671050       109.4737310639      -974.3730636370 
        3.7400000000        -0.6002686593         0.5503712991       104.8862361827      -989.5906844483 
        3.7450000000        -0.5838549035         0.5427244446        99.5647421205     -1001.0039000568 
        3.7500000000        -0.5663118961         0.5478223476        94.6102476488      -993.3950896511 
        3.7550000000        -0.5476735674         0.5478223476        90.0227527676      -993.3950896511 
        3.7600000000        -0.5279759665         0.5605671050        86.1692570673      -974.3730636370 
        3.7650001000        -0.5072567668         0.5605671050        81.0312628004      -974.3730636370 
        3.7700000000        -0.4855573141         0.5707629110        76.9942673049      -959.1554428257 
        3.7750000000        -0.4629183057         0.5631160565        71.8562730380      -970.5686584342 
        3.7800000000        -0.4393839529         0.5733118624        66.9017785662      -955.3510376228 
        3.7850001000        -0.4149992782         0.5758608139        62.3142836850      -951.5466324200 
        3.7900000000        -0.3898129315         0.5860566199        57.9102885991      -936.3290116087 
        3.7950000000        -0.3638721398         0.5733118624        52.5887945369      -955.3510376228 
        3.8000007000        -0.3372237948         0.5860566199        48.5517990414      -936.3290116087 
        3.8050001000        -0.3099302096         0.5937034743        43.7808043649      -924.9157960002 
        3.8100000000        -0.2820345050         0.5988013773        39.7438088695      -917.3069855946 
        3.8150000000        -0.2535927567         0.6115461347        35.1563139883      -898.2849595804 
        3.8200000000        -0.2246605269         0.5962524258        29.6513201308      -921.1113907974 
        3.8250001000        -0.1952931829         0.6191929892        25.6143246353      -886.8717439719 
        3.8300000000        -0.1655492979         0.6242908922        21.0268297541      -879.2629335663 
        3.8350000000        -0.1354846276         0.6344866981        16.8063344634      -864.0453127549 
        3.8400000000        -0.1051579124         0.6395846011        11.6683401964      -856.4365023493 
        3.8450000000        -0.0746278080         0.6395846011         7.4478449057      -856.4365023493 
        3.8500001000        -0.0439527492         0.6446825041         3.2273496150      -848.8276919436 
        3.8550000000        -0.0131939078         0.6574272615        -0.4426462900      -829.8056659295 
        3.8600000000         0.0175910668         0.6803678249         0.1078530958      -795.5660191040 
        3.8650000000         0.0483420180         0.6778188734         0.2913528910      -799.3704243068 
        3.8700000000         0.0789994694         0.7007594367        80.1137638241      -765.1307774814 
        3.8750000000         0.1095041255         0.7109552427       359.4004521924      -749.9131566701 
        3.8800000000         0.1397969864         0.7338958061       360.3179511686      -715.6735098446 
        3.8850000000         0.1698194616         0.7440916120       358.4829532161      -700.4558890333 
        3.8900001000         0.1995140739         0.7619342724       354.4459577207      -673.8250526135 
        3.8950000000         0.2288216208         0.7823258843       351.1429614062      -643.3898109908 
        3.9000000000         0.2576871869         0.8027174962       348.0234648870      -612.9545693682 
        3.9050000000         0.2860543523         0.8205601566       344.9039683677      -586.3237329484 
        3.9100001000         0.3138688017         0.8282070110       341.9679716438      -574.9105173399 
        3.9150000000         0.3410750880         0.8536965259       339.0319749198      -536.8664653116 
        3.9200000000         0.3676222410         0.8715391863       336.8299773768      -510.2356288918 
        3.9250000000         0.3934583645         0.8970287012       333.7104808576      -472.1915768635 
        3.9300001000         0.4185339817         0.8970287012       332.0589827003      -472.1915768635 
        3.9350000000         0.4427991133         0.9148713616       329.4899855669      -445.5607404437 
        3.9400000000         0.4662083072         1.0117315180       328.0219872049      -300.9933427362 
        3.9450000000         0.4887157933         1.4756406885       328.5724865906       391.4084041787 
        3.9500001000         0.5102784607         1.6311267291       331.6919831098       623.4771215513 
        3.9550000000         0.5308533407         1.5775987479       334.9949794243       543.5846122919 
        3.9600000000         0.5504019025         1.5495602815       336.8299773768       501.7361550608 
        3.9650000000         0.5688859151         1.5189728637       339.9494738960       456.0832926268 
        3.9700001000         0.5862699645         1.4960323003       341.7844718485       421.8436458013 
        3.9750001000         0.6025197323         1.4781896399       343.8029695962       395.2128093815 
        3.9800000000         0.6176038585         1.4628959310       346.1884669345       372.3863781646 
        3.9850000000         0.6314937716         1.4348574647       347.8399650917       330.5379209334 
        3.9900000000         0.6441622932         1.4450532706       350.0419626347       345.7555417448 
        3.9950000000         0.6555849207         1.5597560875       351.8769605872       516.9537758721 
        4.0000000000         0.6657395614         1.6846547103       354.9964571064       703.3696308107 
        4.0050000000         0.6746065748         1.6744589044       358.1159536256       688.1520099994 
        4.0100000000         0.6821688110         1.6668120499       359.9509515781       676.7387943909 
        4.0150000000         0.6884116435         1.6591651954       359.5839519876       665.3255787824 
        4.0200000000         0.6933229980         1.6795568073       358.4829532161       695.7608204050 
        4.0250001000         0.6968934332         1.7228889826        79.7467642336       760.4357088531 
        4.0300001000         0.6991159006         1.7254379341         0.6583524815       764.2401140560 
        4.0350001000         0.6999861865         1.7356337400         0.6583524815       779.4577348673 
        4.0400000000         0.6995026308         1.7432805945         1.7593512530       790.8709504758 
        4.0450000000         0.6976661496         1.7534764004         5.7963467485       806.0885712871 
        4.0500000000         0.6944802909         1.7840638182        10.5673414250       851.7414337210 
        4.0550000000         0.6899512166         1.7891617212        14.9713365109       859.3502441267 
        4.0600000000         0.6840876865         1.7968085757        19.3753315969       870.7634597352 
        4.0650001000         0.6769008846         1.8019064786        23.4123270924       878.3722701408 
        4.0700001000         0.6684049984         1.8095533331        28.1833217688       889.7854857493 
        4.0750001000         0.6586163297         1.8222980905        32.4038170595       908.8075117635 
        4.0800000000         0.6475540448         1.8248470420        36.8078121455       912.6119169663 
        4.0850000000         0.6352390972         1.8222980905        41.3953070267       908.8075117635 
        4.0900000000         0.6216955142         1.8222980905        45.4323025222       908.8075117635 
        4.0950000000         0.6069494908         1.8197491390        49.6527978129       905.0031065607 
        4.1000001000         0.5910292179         1.8222980905        54.0567928989       908.8075117635 
        4.1050000000         0.5739664765         1.8222980905        58.6442877801       908.8075117635 
        4.1100000000         0.5557932791         1.8146512361        63.5987822518       897.3942961550 
        4.1150000000         0.5365451048         1.8222980905        67.4522779520       908.8075117635 
        4.1200000000         0.5162591822         1.8197491390        72.4067724237       905.0031065607 
        4.1250000000         0.4949747468         1.8273959935        76.6272677144       916.4163221691 
        4.1300000000         0.4727329657         1.8197491390        81.0312628004       905.0031065607 
        4.1350000000         0.4495768572         1.8197491390        85.4352578863       905.0031065607 
        4.1400000000         0.4255512084         1.8172001876        88.9217539961       901.1987013578 
        4.1450000000         0.4007024879         1.8121022846        93.3257490820       893.5898909522 
        4.1500001000         0.3750782366         1.8146512361        97.7297441680       897.3942961550 
        4.1550000000         0.3487295737         1.7993575272       101.7667396635       874.5678649380 
        4.1600000000         0.3217059024         1.7993575272       106.1707347494       874.5678649380 
        4.1650000000         0.2940600099         1.7866127697       110.2077302449       855.5458389239 
        4.1700000000         0.2658453669         1.7968085757       114.2447257404       870.7634597352 
        4.1750000000         0.2371165442         1.7738680123       117.9147216453       836.5238129097 
        4.1800000000         0.2079291071         1.7738680123       122.5022165265       836.5238129097 
        4.1850000000         0.1783395080         1.7636722064       126.1722124315       821.3061920984 
        4.1900001000         0.1484043752         1.7662211578       130.5762075175       825.1105973012 
        4.1950000000         0.1181834113         1.7534764004       134.2462034225       806.0885712871 
        4.2000000000         0.0877332635         1.7585743034       138.6501985084       813.6973816927 
        4.2050000000         0.0571134281         1.7458295460       142.6871940039       794.6753556786 
        4.2100000000         0.0263831279         1.7356337400       146.5406897041       779.4577348673 
        4.2150000000        -0.0043982008         1.7228889826       150.3941854043       760.4357088531 
        4.2200000000        -0.0351710227         1.7203400311       154.2476811045       756.6313036503 
        4.2250001000        -0.0658764323         1.6999484192       157.0001780333       726.1960620277 
        4.2300000000        -0.0964532035         1.7024973707       161.0371735287       730.0004672305 
        4.2350000000        -0.1268440345         1.6617141469       164.7071694337       669.1299839852 
        4.2400000000        -0.1569895327         1.6413225350       167.2761665672       638.6947423626 
        4.2450000000        -0.1868313925         1.6285777776       170.9461624722       619.6727163485 
        4.2500000000        -0.2163118961         1.6005393113       173.5151596056       577.8242591173 
        4.2550000000        -0.2453740241         1.5826966509       175.3501575581       551.1934226975 
        4.2600000000        -0.2739615668         1.5572071360       178.2861542821       513.1493706692 
        4.2650000000        -0.3020192320         1.5393644756       181.2221510061       486.5185342494 
        4.2700000000        -0.3294927525         1.5266197182       183.7911481395       467.4965082353 
        4.2750001000        -0.3563295210         1.5113260093       185.9931456825       444.6700770183 
        4.2800000000        -0.3824760427         1.4960323003       188.0116434303       421.8436458013 
        4.2850000000        -0.4078833358         1.4858364944       190.0301411780       406.6260249900 
        4.2900000000        -0.4325017292         1.4399553677       191.1311399495       338.1467313391 
        4.2950000000        -0.4562836077         1.4272106102       194.0671366735       319.1247053250 
        4.3000000000        -0.4791829742         1.1595707042       193.5166372877       -80.3378409721 
        4.3050000000        -0.5011555381         0.8485986229       191.8651391305      -544.4752757173 
        4.3100000000        -0.5221588018         0.9327140220       189.8466413827      -418.9299040239 
        4.3150001000        -0.5421525317         0.9378119249       187.8281436350      -411.3210936183 
        4.3200000000        -0.5610968894         0.9505566824       186.1766454778      -392.2990676041 
        4.3250000000        -0.5789564020         0.9505566824       183.2406487538      -392.2990676041 
        4.3300000000        -0.5956961373         0.9683993428       182.3231497776      -365.6682311843 
        4.3350000000        -0.6112837184         0.9352629734       179.7541526441      -415.1254988211 
        4.3400000000        -0.6256889969         0.8842839437       178.1026544868      -491.2136028777 
        4.3450000000        -0.6388841112         0.8333049140       175.3501575581      -567.3017069343 
        4.3500001000        -0.6508437668         0.8256580595       172.5976606294      -578.7149225428 
        4.3550001000        -0.6615443539         0.7950706417       169.4781641102      -624.3677849767 
        4.3600000000        -0.6709652523         0.7874237873       166.5421673862      -635.7810005852 
        4.3650000000        -0.6790886175         0.7619342724       162.8721714812      -673.8250526135 
        4.3700000000        -0.6858985367         0.7160531457       159.2021755762      -742.3043462644 
        4.3750000000        -0.6913818384         0.7084062912       154.9816802855      -753.7175618729 
        4.3800000000        -0.6955279174         0.6829167763       151.6786839711      -791.7616139012 
        4.3850000000        -0.6983287545         0.6574272615       148.0086880661      -829.8056659295 
        4.3900000000        -0.6997789325         0.6421335526       143.6046929801      -852.6320971465 
        4.3950000000        -0.6998756467         0.6293887951       139.9346970752      -871.6541231606 
        4.4000001000        -0.6986186712         0.6191929892       135.5307019892      -886.8717439719 
        4.4050000000        -0.6960105533         0.5911545228       130.3927077222      -928.7202012030 
        4.4100000000        -0.6920562213         0.5809587169       125.9887126363      -943.9378220144 
        4.4150000000        -0.6867633622         0.5835076684       121.2177179598      -940.1334168115 
        4.4200000000        -0.6801422130         0.5733118624       116.6302230786      -955.3510376228 
        4.4250000000        -0.6722055800         0.5605671050       111.4922288116      -974.3730636370 
        4.4300000000        -0.6629688135         0.5452733961       107.0882337257      -997.1994948540 
        4.4350000000        -0.6524497787         0.5478223476       101.9502394587      -993.3950896511 
        4.4400001000        -0.6406685727         0.5554692020        97.7297441680      -981.9818740427 
        4.4450000000        -0.6276487257         0.5478223476        92.5917499010      -993.3950896511 
        4.4500000000        -0.6134146760         0.5350775902        87.6372554293     -1012.4171156653 
        4.4550000000        -0.5979942022         0.5529202506        83.9672595244      -985.7862792455 
        4.4600000000        -0.5814171294         0.5605671050        79.0127650526      -974.3730636370 
        4.4650000000        -0.5637155200         0.5529202506        73.6912709904      -985.7862792455 
        4.4700000000        -0.5449236111         0.5554692020        69.1037761092      -981.9818740427 
        4.4750001000        -0.5250773416         0.5605671050        64.3327814328      -974.3730636370 
        4.4800001000        -0.5042158903         0.5656650080        59.9287863468      -966.7642532313 
        4.4850000000        -0.4823796659         0.5707629110        55.3412914656      -959.1554428257 
        4.4900006000        -0.4596072424         0.5656650080        49.8362976081      -966.7642532313 
        4.4950000000        -0.4359514463         0.5784097654        45.2488027269      -947.7422272172 
        4.5000000000        -0.4114496766         0.5733118624        40.2943082552      -955.3510376228 
        4.5050000000        -0.3861521094         0.5835076684        36.0738129645      -940.1334168115 
        4.5100000000        -0.3601076736         0.5758608139        31.1193184928      -951.5466324200 
        4.5150000000        -0.3333667426         0.5758608139        25.7978244306      -951.5466324200 
        4.5200000000        -0.3059810367         0.5809587169        21.3938293446      -943.9378220144 
        4.5250001000        -0.2780029583         0.5988013773        17.3568338492      -917.3069855946 
        4.5300000000        -0.2494883151         0.6013503288        12.0353397869      -913.5025803917 
        4.5350000000        -0.2204905638         0.6089971832         7.2643451105      -902.0893647832 
        4.5400000000        -0.1910663549         0.6166440377         3.0438498198      -890.6761491748 
        4.5450000000        -0.1612725987         0.6242908922         0.2913528910      -879.2629335663 
        4.5500000000        -0.1311669202         0.6319377466        -0.0756466995      -867.8497179578 
        4.5550000000        -0.1008075478         0.6395846011        79.1962648479      -856.4365023493 
        4.5600000000        -0.0702532004         0.6574272615       360.3179511686      -829.8056659295 
        4.5650001000        -0.0395623594         0.6523293585       359.9509515781      -837.4144763351 
        4.5700000000        -0.0087962279         0.6803678249       359.5839519876      -795.5660191040 
        4.5750000000         0.0219875314         0.6854657278       355.7304562874      -787.9572086984 
        4.5800000000         0.0527287639         0.6931125823       351.5099609967      -776.5439930899 
        4.5850000000         0.0833680121         0.7033083882       346.7389663202      -761.3263722786 
        4.5900000000         0.1138460156         0.7211510486       343.8029695962      -734.6955358588 
        4.5950000000         0.1441038261         0.7389937090       339.7659741008      -708.0646994389 
        4.6000001000         0.1740835174         0.7542874179       335.3619790148      -685.2382682220 
        4.6050001000         0.2037259059         0.7721300783       332.4259822908      -658.6074318022 
        4.6100000000         0.2329736812         0.7874237873       329.6734853621      -635.7810005852 
        4.6150000000         0.2617714440         0.8078153991       326.0034894571      -605.3457589626 
        4.6200000000         0.2900629067         0.8154622536       323.2509925284      -593.9325433541 
        4.6250000000         0.3177933498         0.8333049140       319.7644964187      -567.3017069343 
        4.6300000000         0.3449091391         0.8485986229       317.7459986710      -544.4752757173 
        4.6350000000         0.3713578290         0.8689902348       314.9935017422      -514.0400340947 
        4.6400000000         0.3970882644         0.8868328952       312.6080044040      -487.4091976749 
        4.6450000000         0.4220506792         0.9072245071       310.4060068610      -456.9739560522 
        4.6500001000         0.4461972673         0.9709482942       307.6535099323      -361.8638259815 
        4.6550000000         0.4694799036         1.4476022221       308.2040093180       349.5599469476 
        4.6600000000         0.4918549789         1.6183819717       310.5895066563       604.4550955371 
        4.6650000000         0.5132787424         1.5470113301       312.9750039945       497.9317498579 
        4.6700000000         0.5337097577         1.5393644756       316.0945005137       486.5185342494 
        4.6750000000         0.5531085087         1.4985812518       318.1129982615       425.6480510042 
        4.6800000000         0.5714374755         1.4730917370       320.1314960092       387.6039989759 
        4.6850000000         0.5886612076         1.4603469795       322.5169933474       368.5819729617 
        4.6900001000         0.6047467021         1.4450532706       324.1684915047       345.7555417448 
        4.6950000000         0.6196619179         1.4195637558       326.1869892524       307.7114897165 
        4.7000000000         0.6333789367         1.4170148043       327.6549876144       303.9070845136 
        4.7050000000         0.6458709179         1.4756406885       329.4899855669       391.4084041787 
        4.7100000000         0.6571137004         1.6770078558       332.0589827003       691.9564152022 
        4.7150000000         0.6670855391         1.6617141469       335.5454788101       669.1299839852 
        4.7200000000         0.6757671472         1.6566162440       339.3989745103       661.5211735796 
        4.7250001000         0.6831418677         1.6464204380       342.8854706200       646.3035527683 
        4.7300001000         0.6891951419         1.6642630984       346.1884669345       672.9343891881 
        4.7350000000         0.6939153417         1.6897526133       350.0419626347       710.9784412164 
        4.7400000000         0.6972935264         1.7228889826       353.5284587444       760.4357088531 
        4.7450000000         0.6993230543         1.7228889826       357.0149548541       760.4357088531 
        4.7500000000         0.7000000000         1.7305358370       360.1344513734       771.8489244616 
        4.7550000000         0.6993230543         1.7330847885       359.5839519876       775.6533296645 
        4.7600000000         0.6972935264         1.7636722064       358.1159536256       821.3061920984 
        4.7650000000         0.6939153417         1.7840638182        81.0312628004       851.7414337210 
        4.7700000000         0.6891950342         1.7789659153        -0.0756466995       844.1326233154 
        4.7750001000         0.6831415990         1.7917106727        -0.0756466995       863.1546493295 
        4.7800000000         0.6757671472         1.7942596242         3.5943492055       866.9590545324 
        4.7850000000         0.6670855391         1.8044554301         7.9983442915       882.1766753437 
        4.7900000000         0.6571137004         1.8248470420        13.3198383537       912.6119169663 
        4.7950000000         0.6458709179         1.8197491390        17.7238334396       905.0031065607 
        4.8000000000         0.6333789367         1.8248470420        22.1278285256       912.6119169663 
        4.8050000000         0.6196619179         1.8172001876        26.1648240211       901.1987013578 
        4.8100000000         0.6047463920         1.8273959935        30.7523189023       916.4163221691 
        4.8150001000         0.5886608744         1.8146512361        34.9728141930       897.3942961550 
        4.8200007000         0.5714349860         1.8197491390        39.5603090742       905.0031065607 
        4.8250000000         0.5531085087         1.8121022846        44.3313037507       893.5898909522 
        4.8300000000         0.5337097577         1.8197491390        48.7352988366       905.0031065607 
        4.8350000000         0.5132787424         1.8197491390        52.5887945369       905.0031065607 
        4.8400004000         0.4918532263         1.8146512361        57.1762894181       897.3942961550 
        4.8450000000         0.4694799036         1.8044554301        61.5802845040       882.1766753437 
        4.8500001000         0.4461963184         1.8197491390        66.7182787710       905.0031065607 
        4.8550001000         0.4220501879         1.8095533331        70.7552742665       889.7854857493 
        4.8600000000         0.3970882644         1.8121022846        74.9757695572       893.5898909522 
        4.8650013000         0.3713510435         1.8044554301        79.1962648479       882.1766753437 
        4.8700000000         0.3449091391         1.7917106727        83.7837597291       863.1546493295 
        4.8750000000         0.3177933498         1.7968085757        87.6372554293       870.7634597352 
        4.8800000000         0.2900629067         1.7840638182        91.4907511295       851.7414337210 
        4.8850000000         0.2617714440         1.7942596242        95.7112464203       866.9590545324 
        4.8900000000         0.2329736812         1.7840638182       100.6657408920       851.7414337210 
        4.8950000000         0.2037253168         1.7789659153       104.3357367969       844.1326233154 
        4.9000001000         0.1740823246         1.7687701093       108.1892324972       828.9150025041 
        4.9050000000         0.1441038261         1.7662211578       112.7767273784       825.1105973012 
        4.9100000000         0.1138460156         1.7636722064       115.8962238976       821.3061920984 
        4.9150000000         0.0833680121         1.7560253519       120.3002189836       809.8929764899 
        4.9200000000         0.0527287639         1.7458295460       124.1537146838       794.6753556786 
        4.9250000000         0.0219875314         1.7356337400       127.4567109983       779.4577348673 
        4.9300000000        -0.0087962279         1.7228889826       131.3102066985       760.4357088531 
        4.9350000000        -0.0395629741         1.7101442252       134.7967028082       741.4136828390 
        4.9400001000        -0.0702538130         1.6973994677       138.0996991227       722.3916568249 
        4.9450000000        -0.1008075478         1.6770078558       141.5861952324       691.9564152022 
        4.9500000000        -0.1311669202         1.6668120499       145.0726913421       676.7387943909 
        4.9550000000        -0.1612725987         1.6515183410       148.5591874518       653.9123631739 
        4.9600000000        -0.1910663549         1.6260288261       151.6786839711       615.8683111456 
        4.9650000000        -0.2204905638         1.6056372142       154.6146806950       585.4330695230 
        4.9700000000        -0.2494883151         1.5826966509       157.5506774190       551.1934226975 
        4.9750001000        -0.2780040885         1.5546581845       159.3856753715       509.3449654664 
        4.9800001000        -0.3059815905         1.5470113301       162.1381723002       497.9317498579 
        4.9850000000        -0.3333667426         1.5291686697       164.5236696385       471.3009134381 
        4.9900022000        -0.3601192901         1.5215218152       167.2761665672       459.8876978296 
        4.9950000000        -0.3861521094         1.5062281063       168.9276647244       437.0612666127 
        5.0000000000         0.0000000000         1.4807385914       171.1296622674       399.0172145844 
        5.0050000000         0.0000000000         1.4628959310       173.3316598104       372.3863781646 
        5.0100000000         0.0000000000         1.4042700468       174.4326585819       284.8850584995 
        5.0150000000         0.0000000000         1.1697665101       174.7996581724       -65.1202201608 
        5.0200012000         0.0000000000         0.9887909546       173.8821591961      -335.2329895617 
        5.0250001000         0.0000000000         1.0780042567       173.5151596056      -202.0788074627 
        5.0300000000         0.0000000000         1.0678084507       171.6801616531      -217.2964282740 
        5.0350000000         0.0000000000         1.0882000626       171.4966618579      -186.8611866513 
        5.0400000000         0.0000000000         1.1009448200       170.0286634959      -167.8391606372 
        5.0450000000         0.0000000000         1.1315322379       169.6616639054      -122.1862982032 
        5.0500000000         0.0000000000         1.1519238497       169.6616639054       -91.7510565806 
        5.0550000000         0.0000000000         1.1723154616       169.2946643149       -61.3158149580 
        5.0600000000         0.0000000000         1.1825112676       168.5606651339       -46.0981941467 
        5.0650070000         0.0000000000         1.1952560250       167.8266659529       -27.0761681325 
        5.0700000000         0.0000000000         1.2283923943       168.7441649292        22.3810995043 
        5.0750000000         0.0000000000         1.2232944913       168.1936655434        14.7722890986 
        5.0800000000         0.0000000000         1.2232944913       168.9276647244        14.7722890986 
        5.0850000000         0.0000000000         1.2105497339       167.8266659529        -4.2497369155 
        5.0900000000         0.0000000000         1.2156476369       168.3771653387         3.3590734901 
        5.0950017000         0.0000000000         1.2105497339       168.0101657482        -4.2497369155 
        5.1000001000         0.0000000000         1.2054518309       168.0101657482       -11.8585473212 
        5.1050001000         0.0000000000         1.2156476369       168.1936655434         3.3590734901 
        5.1100000000         0.0000000000         1.2130986854       168.3771653387        -0.4453317127 
        5.1150012000         0.0000000000         1.2207455399       168.3771653387        10.9678838958 
        5.1200000000         0.0000000000         1.2130986854       167.8266659529        -0.4453317127 
        5.1250007000         0.0000000000         1.2080007824       168.0101657482        -8.0541421184 
        5.1300000000         0.0000000000         1.2080007824       168.5606651339        -8.0541421184 
        5.1350000000         0.0000000000         1.2130986854       168.5606651339        -0.4453317127 
        5.1400000000         0.0000000000         1.2130986854       168.9276647244        -0.4453317127 
        5.1450008000         0.0000000000         1.2080007824       168.0101657482        -8.0541421184 
        5.1500001000         0.0000000000         1.2130986854       168.5606651339        -0.4453317127 
        5.1550000000         0.0000000000         1.2232944913       168.3771653387        14.7722890986 
        5.1600000000         0.0000000000         1.2207455399       168.7441649292        10.9678838958 
        5.1650000000         0.0000000000         1.2130986854       168.3771653387        -0.4453317127 
        5.1700000000         0.0000000000         1.2130986854       168.3771653387        -0.4453317127 
        5.1750000000         0.0000000000         1.2130986854       168.0101657482        -0.4453317127 
        5.1800000000         0.0000000000         1.2156476369       168.5606651339         3.3590734901 
        5.1850000000         0.0000000000         1.2080007824       168.0101657482        -8.0541421184 
        5.1900001000         0.0000000000         1.2029028795       168.0101657482       -15.6629525240 
        5.1950000000         0.0000000000         1.2130986854       168.5606651339        -0.4453317127 
        5.2000000000         0.0000000000         1.2130986854       168.3771653387        -0.4453317127 
        5.2050000000         0.0000000000         1.2105497339       168.5606651339        -4.2497369155 
        5.2100000000         0.0000000000         1.2130986854       168.9276647244        -0.4453317127 
        5.2150000000         0.0000000000         1.2130986854       168.9276647244        -0.4453317127 
        5.2200000000         0.0000000000         1.2130986854       168.3771653387        -0.4453317127 
        5.2250001000         0.0000000000         1.2130986854       168.5606651339        -0.4453317127 
        5.2300001000         0.0000000000         1.2207455399       168.7441649292        10.9678838958 
        5.2350000000         0.0000000000         1.2130986854       169.1111645197        -0.4453317127 
        5.2400000000         0.0000000000         1.2105497339       168.3771653387        -4.2497369155 
        5.2450000000         0.0000000000         1.2130986854       168.5606651339        -0.4453317127 
        5.2500000000         0.0000000000         1.2080007824       168.0101657482        -8.0541421184 
        5.2550000000         0.0000000000         1.2130986854       168.5606651339        -0.4453317127 
        5.2600000000         0.0000000000         1.2130986854       168.3771653387        -0.4453317127 
        5.2650017000         0.0000000000         1.2207455399       168.9276647244        10.9678838958 
        5.2700000000         0.0000000000         1.2130986854       168.5606651339        -0.4453317127 
        5.2750001000         0.0000000000         1.2130986854       168.1936655434        -0.4453317127 
        5.2800000000         0.0000000000         1.2054518309       168.0101657482       -11.8585473212 
        5.2850000000         0.0000000000         1.2054518309       168.0101657482       -11.8585473212 
        5.2900000000         0.0000000000         1.2130986854       168.0101657482        -0.4453317127 
        5.2950000000         0.0000000000         1.2080007824       168.0101657482        -8.0541421184 
        5.3000000000         0.0000000000         1.2130986854       168.5606651339        -0.4453317127 
        5.3050000000         0.0000000000         1.2130986854       168.0101657482        -0.4453317127 
        5.3100000000         0.0000000000         1.2054518309       168.3771653387       -11.8585473212 
        5.3150001000         0.0000000000         1.2105497339       168.1936655434        -4.2497369155 
        5.3200000000         0.0000000000         1.2105497339       168.3771653387        -4.2497369155 
        5.3250000000         0.0000000000         1.2207455399       168.9276647244        10.9678838958 
        5.3300000000         0.0000000000         1.2207455399       168.9276647244        10.9678838958 
        5.3350000000         0.0000000000         1.2207455399       168.7441649292        10.9678838958 
        5.3400000000         0.0000000000         1.2207455399       168.9276647244        10.9678838958 
        5.3450000000         0.0000000000         1.2130986854       169.1111645197        -0.4453317127 
        5.3500001000         0.0000000000         1.2130986854       168.5606651339        -0.4453317127 
        5.3550001000         0.0000000000         1.2130986854       168.5606651339        -0.4453317127 
        5.3600000000         0.0000000000         1.2130986854       168.5606651339        -0.4453317127 
        5.3650000000         0.0000000000         1.2156476369       168.5606651339         3.3590734901 
        5.3700000000         0.0000000000         1.2130986854       168.7441649292        -0.4453317127 
        5.3750000000         0.0000000000         1.2080007824       168.0101657482        -8.0541421184 
        5.3800000000         0.0000000000         1.2130986854       168.5606651339        -0.4453317127 
        5.3850000000         0.0000000000         1.2130986854       168.5606651339        -0.4453317127 
        5.3900000000         0.0000000000         1.2130986854       168.5606651339        -0.4453317127 
        5.3950000000         0.0000000000         1.2130986854       168.5606651339        -0.4453317127 
        5.4000001000         0.0000000000         1.2130986854       168.0101657482        -0.4453317127 
        5.4050000000         0.0000000000         1.2080007824       168.0101657482        -8.0541421184 
        5.4100000000         0.0000000000         1.2054518309       168.0101657482       -11.8585473212 
        5.4150000000         0.0000000000         1.2054518309       168.0101657482       -11.8585473212 
        5.4200000000         0.0000000000         1.2207455399       168.9276647244        10.9678838958 
        5.4250000000         0.0000000000         1.2130986854       168.3771653387        -0.4453317127 
        5.4300000000         0.0000000000         1.2080007824       168.3771653387        -8.0541421184 
        5.4350000000         0.0000000000         1.2130986854       168.5606651339        -0.4453317127 
        5.4400001000         0.0000000000         1.2130986854       168.5606651339        -0.4453317127 
        5.4450000000         0.0000000000         1.2054518309       168.0101657482       -11.8585473212 
        5.4500000000         0.0000000000         1.2130986854       168.5606651339        -0.4453317127 
        5.4550000000         0.0000000000         1.2207455399       169.1111645197        10.9678838958 
        5.4600000000         0.0000000000         1.2029028795       168.5606651339       -15.6629525240 
        5.4650000000         0.0000000000         1.2130986854       168.5606651339        -0.4453317127 
        5.4700000000         0.0000000000         1.2207455399       168.9276647244        10.9678838958 
        5.4750001000         0.0000000000         1.2130986854       168.5606651339        -0.4453317127 
        5.4800001000         0.0000000000         1.2130986854       168.5606651339        -0.4453317127 
        5.4850000000         0.0000000000         1.2130986854       168.5606651339        -0.4453317127 
        5.4900000000         0.0000000000         1.2080007824       168.0101657482        -8.0541421184 
        5.4950000000         0.0000000000         1.2130986854       168.5606651339        -0.4453317127 
        5.5000000000         0.0000000000         1.2080007824       168.5606651339        -8.0541421184 
        5.5050000000         0.0000000000         1.2105497339       168.0101657482        -4.2497369155 
        5.5100000000         0.0000000000         1.2080007824       168.0101657482        -8.0541421184 
        5.5150000000         0.0000000000         1.2130986854       168.5606651339        -0.4453317127 
        5.5200000000         0.0000000000         1.2207455399       168.5606651339        10.9678838958 
        5.5250001000         0.0000000000         1.2207455399       169.1111645197        10.9678838958 
        5.5300000000         0.0000000000         1.2080007824       167.8266659529        -8.0541421184 
        5.5350000000         0.0000000000         1.2080007824       168.0101657482        -8.0541421184 
        5.5400000000         0.0000000000         1.2054518309       168.0101657482       -11.8585473212 
        5.5450000000         0.0000000000         1.2130986854       168.5606651339        -0.4453317127 
        5.5500000000         0.0000000000         1.2080007824       168.0101657482        -8.0541421184 
        5.5550000000         0.0000000000         1.2130986854       168.5606651339        -0.4453317127 
        5.5600000000         0.0000000000         1.2181965884       168.7441649292         7.1634786930 
        5.5650001000         0.0000000000         1.2130986854       168.3771653387        -0.4453317127 
        5.5700000000         0.0000000000         1.2130986854       168.3771653387        -0.4453317127 
        5.5750000000         0.0000000000         1.2130986854       168.5606651339        -0.4453317127 
        5.5800000000         0.0000000000         1.2130986854       168.5606651339        -0.4453317127 
        5.5850000000         0.0000000000         1.2130986854       168.9276647244        -0.4453317127 
        5.5900000000         0.0000000000         1.2232944913       168.9276647244        14.7722890986 
        5.5950000000         0.0000000000         1.2130986854       168.5606651339        -0.4453317127 
        5.6000001000         0.0000000000         1.2130986854       168.5606651339        -0.4453317127 
        5.6050001000         0.0000000000         1.2054518309       168.0101657482       -11.8585473212 
        5.6100000000         0.0000000000         1.2130986854       168.3771653387        -0.4453317127 
        5.6150000000         0.0000000000         1.2181965884       169.1111645197         7.1634786930 
        5.6200000000         0.0000000000         1.2232944913       168.9276647244        14.7722890986 
        5.6250000000         0.0000000000         1.2130986854       168.5606651339        -0.4453317127 
        5.6300000000         0.0000000000         1.2080007824       168.0101657482        -8.0541421184 
        5.6350000000         0.0000000000         1.2130986854       168.5606651339        -0.4453317127 
        5.6400000000         0.0000000000         1.2130986854       168.3771653387        -0.4453317127 
        5.6450000000         0.0000000000         1.2054518309       168.0101657482       -11.8585473212 
        5.6500001000         0.0000000000         1.2130986854       168.5606651339        -0.4453317127 
        5.6550000000         0.0000000000         1.2105497339       168.0101657482        -4.2497369155 
        5.6600000000         0.0000000000         1.2130986854       168.5606651339        -0.4453317127 
        5.6650000000         0.0000000000         1.2080007824       168.0101657482        -8.0541421184 
        5.6700000000         0.0000000000         1.2130986854       169.1111645197        -0.4453317127 
        5.6750000000         0.0000000000         1.2130986854       168.5606651339        -0.4453317127 
        5.6800000000         0.0000000000         1.2054518309       168.0101657482       -11.8585473212 
        5.6850000000         0.0000000000         1.2080007824       168.0101657482        -8.0541421184 
        5.6900001000         0.0000000000         1.2207455399       169.1111645197        10.9678838958 
        5.6950000000         0.0000000000         1.2080007824       168.0101657482        -8.0541421184 
        5.7000000000         0.0000000000         1.2080007824       168.0101657482        -8.0541421184 
        5.7050000000         0.0000000000         1.2130986854       168.3771653387        -0.4453317127 
        5.7100000000         0.0000000000         1.2130986854       168.3771653387        -0.4453317127 
        5.7150000000         0.0000000000         1.2207455399       168.9276647244        10.9678838958 
        5.7200000000         0.0000000000         1.2232944913       169.1111645197        14.7722890986 
        5.7250001000         0.0000000000         1.2207455399       168.9276647244        10.9678838958 
        5.7300001000         0.0000000000         1.2181965884       168.9276647244         7.1634786930 
        5.7350000000         0.0000000000         1.2130986854       168.5606651339        -0.4453317127 
        5.7400000000         0.0000000000         1.2130986854       168.5606651339        -0.4453317127 
        5.7450000000         0.0000000000         1.2130986854       168.3771653387        -0.4453317127 
        5.7500000000         0.0000000000         1.2105497339       168.5606651339        -4.2497369155 
        5.7550000000         0.0000000000         1.2130986854       168.5606651339        -0.4453317127 
        5.7600000000         0.0000000000         1.2207455399       169.1111645197        10.9678838958 
        5.7650000000         0.0000000000         1.2130986854       168.5606651339        -0.4453317127 
        5.7700000000         0.0000000000         1.2130986854       168.5606651339        -0.4453317127 
        5.7750001000         0.0000000000         1.2130986854       168.5606651339        -0.4453317127 
        5.7800000000         0.0000000000         1.2130986854       168.5606651339        -0.4453317127 
        5.7850000000         0.0000000000         1.2156476369       168.0101657482         3.3590734901 
        5.7900000000         0.0000000000         1.2054518309       168.0101657482       -11.8585473212 
        5.7950000000         0.0000000000         1.2054518309       168.0101657482       -11.8585473212 
        5.8000000000         0.0000000000         1.2029028795       168.0101657482       -15.6629525240 
        5.8050000000         0.0000000000         1.2130986854       169.1111645197        -0.4453317127 
        5.8100000000         0.0000000000         1.2130986854       168.5606651339        -0.4453317127 
        5.8150001000         0.0000000000         1.2130986854       168.5606651339        -0.4453317127 
        5.8200000000         0.0000000000         1.2130986854       168.5606651339        -0.4453317127 
        5.8250000000         0.0000000000         1.2130986854       168.5606651339        -0.4453317127 
        5.8300000000         0.0000000000         1.2130986854       168.5606651339        -0.4453317127 
        5.8350000000         0.0000000000         1.2130986854       168.5606651339        -0.4453317127 
        5.8400000000         0.0000000000         1.2105497339       168.5606651339        -4.2497369155 
        5.8450000000         0.0000000000         1.2181965884       169.1111645197         7.1634786930 
        5.8500001000         0.0000000000         1.2130986854       168.5606651339        -0.4453317127 
        5.8550001000         0.0000000000         1.2080007824       168.3771653387        -8.0541421184 
        5.8600000000         0.0000000000         1.2181965884       169.2946643149         7.1634786930 
        5.8650000000         0.0000000000         1.2130986854       168.3771653387        -0.4453317127 
        5.8700000000         0.0000000000         1.2080007824       168.0101657482        -8.0541421184 
        5.8750000000         0.0000000000         1.2207455399       168.9276647244        10.9678838958 
        5.8800000000         0.0000000000         1.2207455399       169.1111645197        10.9678838958 
        5.8850000000         0.0000000000         1.2130986854       168.5606651339        -0.4453317127 
        5.8900000000         0.0000000000         1.2130986854       168.5606651339        -0.4453317127 
        5.8950000000         0.0000000000         1.2207455399       169.1111645197        10.9678838958 
        5.9000001000         0.0000000000         1.2054518309       167.8266659529       -11.8585473212 
        5.9050000000         0.0000000000         1.2130986854       168.5606651339        -0.4453317127 
        5.9100000000         0.0000000000         1.2181965884       168.7441649292         7.1634786930 
        5.9150000000         0.0000000000         1.2207455399       169.1111645197        10.9678838958 
        5.9200000000         0.0000000000         1.2232944913       169.1111645197        14.7722890986 
        5.9250000000         0.0000000000         1.2130986854       168.3771653387        -0.4453317127 
        5.9300000000         0.0000000000         1.2130986854       168.5606651339        -0.4453317127 
        5.9350000000         0.0000000000         1.2003539280       168.0101657482       -19.4673577269 
        5.9400001000         0.0000000000         1.2054518309       168.0101657482       -11.8585473212 
        5.9450000000         0.0000000000         1.2130986854       168.5606651339        -0.4453317127 
        5.9500000000         0.0000000000         1.2080007824       168.0101657482        -8.0541421184 
        5.9550000000         0.0000000000         1.2130986854       168.5606651339        -0.4453317127 
        5.9600000000         0.0000000000         1.2156476369       168.5606651339         3.3590734901 
        5.9650000000         0.0000000000         1.2130986854       168.3771653387        -0.4453317127 
        5.9700000000         0.0000000000         1.2207455399       168.9276647244        10.9678838958 
        5.9750001000         0.0000000000         1.2130986854       168.7441649292        -0.4453317127 
        5.9800001000         0.0000000000         1.2130986854       168.3771653387        -0.4453317127 
        5.9850000000         0.0000000000         1.2080007824       168.0101657482        -8.0541421184 
        5.9900000000         0.0000000000         1.2130986854       168.3771653387        -0.4453317127 
        5.9950000000         0.0000000000         1.2054518309       168.0101657482       -11.8585473212 
