           Time[sec]  \omega_{cmd}[rad/s]          V_{gyro}[V] \omega_{gyro}[rad/s]          \theta[rad] \omega_{dist}[rad/s]  \omega_{distRaw}[V] 
        0.0000000000         0.0000000000         1.2132484939         0.0021225749        -2.3970230358         4.7805587237         1.3966839240 
        0.0050000000         0.1156065857         1.2107021885        -0.0642078921        -2.4066318667         4.5815051984         1.3890426230 
        0.0100001000         0.2311913396         1.2056095777        -0.1968688262        -2.4098348103         4.7805587237         1.3966839240 
        0.0150000000         0.3467231902         1.2132484939         0.0021225749        -2.4002259794         4.7805587237         1.3966839240 
        0.0200000000         0.4621849433         1.2183411047         0.1347835091        -2.3970230358         4.7805587237         1.3966839240 
        0.0250000000         0.5775501751         1.2132484939         0.0021225749        -2.4066318667         4.9796122491         1.4043252250 
        0.0300000000         0.6927947928         1.2234337155         0.2674444432        -2.4066318667         4.6478563735         1.3915897233 
        0.0350000000         0.8078947293         1.2234337155         0.2674444432        -2.4066318667         4.6478563735         1.3915897233 
        0.0400000000         0.9228259473         1.2285263263         0.4001053773        -2.4034289230         4.2497493228         1.3763071212 
        0.0450000000         1.0375644449         1.2234337155         0.2674444432        -2.4098348103         4.7805587237         1.3966839240 
        0.0500000000         1.1520862604         1.2336189371         0.5327663114        -2.3970230358         4.9796122491         1.4043252250 
        0.0550000000         1.2663674775         1.2361652425         0.5990967785        -2.3970230358         4.6478563735         1.3915897233 
        0.0600000000         1.3803842300         1.2387115479         0.6654272456        -2.3810083176         4.7805587237         1.3966839240 
        0.0650000000         1.4941127069         1.2361652425         0.5990967785        -2.3970230358         4.7805587237         1.3966839240 
        0.0700000000         1.6075291574         1.2387115479         0.6654272456        -2.3906171485         4.7805587237         1.3966839240 
        0.0750000000         1.7206098961         1.2463504641         0.8644186468        -2.3810083176         4.6478563735         1.3915897233 
        0.0800000000         1.8333313075         1.2590819910         1.1960709821        -2.3681965431         4.7805587237         1.3966839240 
        0.0850000000         1.9456698511         1.2488967694         0.9307491138        -2.3778053740         4.8469098988         1.3992310243 
        0.0900000000         2.0576020664         1.2590819910         1.1960709821        -2.3617906558         4.5815051984         1.3890426230 
        0.0950000000         2.1691045780         1.2616282964         1.2624014491        -2.3489788813         4.7805587237         1.3966839240 
        0.1000000000         2.2801540998         1.2565356856         1.1297405150        -2.3553847686         4.9796122491         1.4043252250 
        0.1050000000         2.3907274406         1.2539893802         1.0634100479        -2.3553847686         4.8469098988         1.3992310243 
        0.1100000000         2.5008015086         1.2565356856         1.1297405150        -2.3457759377         4.7805587237         1.3966839240 
        0.1150000000         2.6103533162         1.2539893802         1.0634100479        -2.3329641632         4.9796122491         1.4043252250 
        0.1200000000         2.7193599850         1.2641746018         1.3287319162        -2.3297612195         4.8469098988         1.3992310243 
        0.1250000000         2.8277987502         1.2718135180         1.5277233174        -2.3201523886         5.0459634242         1.4068723253 
        0.1300000000         2.9356469659         1.2616282964         1.2624014491        -2.3105435578         4.9796122491         1.4043252250 
        0.1350001000         3.0428842478         1.2845450450         1.8593756527        -2.3041376705         4.9796122491         1.4043252250 
        0.1400000000         3.1494817858         1.2667209072         1.3950623832        -2.2945288396         4.9132610740         1.4017781247 
        0.1450000000         3.2554237333         1.2819987396         1.7930451856        -2.2945288396         4.8469098988         1.3992310243 
        0.1500000000         3.3606858273         1.2896376558         1.9920365868        -2.2753111778         4.5151540233         1.3864955226 
        0.1550000000         3.4652460851         1.2870913504         1.9257061197        -2.2689052905         4.9132610740         1.4017781247 
        0.1600000000         3.5690826705         1.2819987396         1.7930451856        -2.2689052905         4.5151540233         1.3864955226 
        0.1650000000         3.6721738988         1.2947302666         2.1246975209        -2.2432817415         4.8469098988         1.3992310243 
        0.1700000000         3.7744982406         1.2819987396         1.7930451856        -2.2464846851         4.7805587237         1.3966839240 
        0.1750000000         3.8760343268         1.2845450450         1.8593756527        -2.2272670233         4.6478563735         1.3915897233 
        0.1800001000         3.9767629591         1.2845450450         1.8593756527        -2.2176581925         4.9796122491         1.4043252250 
        0.1850000000         4.0766570832         1.2921839612         2.0583670539        -2.2112523052         4.2497493228         1.3763071212 
        0.1900000000         4.1757018560         1.2819987396         1.7930451856        -2.2112523052         4.4488028481         1.3839484223 
        0.1950000000         4.2738745869         1.2972765720         2.1910279880        -2.1952375870         4.9796122491         1.4043252250 
        0.2000000000         4.3711547739         1.2921839612         2.0583670539        -2.1824258125         4.5151540233         1.3864955226 
        0.2050000000         4.4675221011         1.3100080990         2.5226803233        -2.1664110944         4.7142075486         1.3941368236 
        0.2100001000         4.5629583428         1.2998228774         2.2573584551        -2.1503963762         4.4488028481         1.3839484223 
        0.2150000000         4.6574378710         1.2998228774         2.2573584551        -2.1503963762         4.7805587237         1.3966839240 
        0.2200000000         4.7509466522         1.2972765720         2.1910279880        -2.1407875453         4.7805587237         1.3966839240 
        0.2250000000         4.8434632590         1.3049154882         2.3900193892        -2.1215698835         4.9796122491         1.4043252250 
        0.2300000000         4.9349683706         1.3049154882         2.3900193892        -2.1087581090         4.9796122491         1.4043252250 
        0.2350000000         5.0254428772         1.3201933206         2.7880021915        -2.0991492781         4.6478563735         1.3915897233 
        0.2400001000         5.1148696622         1.3176470152         2.7216717245        -2.0863375036         4.6478563735         1.3915897233 
        0.2450016000         5.2032528181         1.3100080990         2.5226803233        -2.0799316163         4.7805587237         1.3966839240 
        0.2500000000         5.2904949226         1.3176470152         2.7216717245        -2.0575110109         4.6478563735         1.3915897233 
        0.2550000000         5.3766602762         1.3227396259         2.8543326586        -2.0350904055         4.8469098988         1.3992310243 
        0.2600001000         5.4617044726         1.3227396259         2.8543326586        -2.0286845182         4.6478563735         1.3915897233 
        0.2650000000         5.5456046833         1.3227396259         2.8543326586        -2.0222786310         4.7805587237         1.3966839240 
        0.2700000000         5.6283484550         1.3252859313         2.9206631257        -2.0094668564         4.8469098988         1.3992310243 
        0.2750000000         5.7099168182         1.3252859313         2.9206631257        -1.9934521383         4.7805587237         1.3966839240 
        0.2800000000         5.7902927384         1.3380174583         3.2523154610        -1.9678285892         4.6478563735         1.3915897233 
        0.2850000000         5.8694594301         1.3532952907         3.6502982634        -1.9454079838         4.8469098988         1.3992310243 
        0.2900001000         5.9474019068         1.3431100691         3.3849763951        -1.9422050402         4.7805587237         1.3966839240 
        0.2950000000         6.0240992522         1.3558415961         3.7166287304        -1.9293932657         4.6478563735         1.3915897233 
        0.3000000000         6.0995400881         1.3660268177         3.9819505987        -1.8973638294         4.5151540233         1.3864955226 
        0.3050000000         6.1737071131         1.3634805123         3.9156201316        -1.8749432240         4.8469098988         1.3992310243 
        0.3100000000         6.2465848385         1.3634805123         3.9156201316        -1.8557255622         4.8469098988         1.3992310243 
        0.3150000000         6.3181580446         1.3762120393         4.2472724669        -1.8397108440         4.7142075486         1.3941368236 
        0.3200000000         6.3884117843         1.3558415961         3.7166287304        -1.8301020131         4.8469098988         1.3992310243 
        0.3250000000         6.4573313860         1.3660268177         3.9819505987        -1.8108843513         4.8469098988         1.3992310243 
        0.3300000000         6.5249024567         1.3762120393         4.2472724669        -1.7820578587         4.6478563735         1.3915897233 
        0.3350000000         6.5911108851         1.3813046501         4.3799334010        -1.7532313660         4.5815051984         1.3890426230 
        0.3400000000         6.6559428444         1.3940361771         4.7115857363        -1.7308107606         4.8469098988         1.3992310243 
        0.3450000000         6.7193847953         1.3660268177         3.9819505987        -1.7179989860         4.9132610740         1.4017781247 
        0.3500001000         6.7814247153         1.3863972609         4.5125943352        -1.6955783806         4.4488028481         1.3839484223 
        0.3550001000         6.8420471668         1.3889435663         4.5789248022        -1.6731577752         4.7142075486         1.3941368236 
        0.3600000000         6.9012395749         1.3813046501         4.3799334010        -1.6603460007         4.5151540233         1.3864955226 
        0.3650000000         6.9589919456         1.3965824825         4.7779162034        -1.6315195080         4.7142075486         1.3941368236 
        0.3700000000         7.0152910200         1.3965824825         4.7779162034        -1.6026930153         4.5815051984         1.3890426230 
        0.3750000000         7.0701250407         1.4144066202         5.2422294728        -1.5866782972         5.0459634242         1.4068723253 
        0.3800000000         7.1234825563         1.3889435663         4.5789248022        -1.5642576918         4.9132610740         1.4017781247 
        0.3850001000         7.1753534463         1.4118603148         5.1758990058        -1.5354311991         4.9796122491         1.4043252250 
        0.3900000000         7.2257238109         1.3940361771         4.7115857363        -1.5098076500         4.7805587237         1.3966839240 
        0.3950000000         7.2745861980         1.4144066202         5.2422294728        -1.4937929319         4.7805587237         1.3966839240 
        0.4000000000         7.3219293810         1.4042213986         4.9769076046        -1.4649664392         4.7805587237         1.3966839240 
        0.4050000000         7.3677434727         1.4194992310         5.3748904070        -1.4329370029         4.7142075486         1.3941368236 
        0.4100000000         7.4120189056         1.4245918418         5.5075513411        -1.4009075666         4.7805587237         1.3966839240 
        0.4150001000         7.4547472723         1.4347770634         5.7728732093        -1.3816899048         5.0459634242         1.4068723253 
        0.4200001000         7.4959179404         1.4169529256         5.3085599399        -1.3592692994         4.8469098988         1.3992310243 
        0.4250000000         7.5355224057         1.4347770634         5.7728732093        -1.3272398631         4.7805587237         1.3966839240 
        0.4300000000         7.5735539813         1.4245918418         5.5075513411        -1.3016163140         4.7142075486         1.3941368236 
        0.4350000000         7.6100039172         1.4449622850         6.0381950776        -1.2663839341         4.8469098988         1.3992310243 
        0.4400000000         7.6448646013         1.4245918418         5.5075513411        -1.2535721596         4.7805587237         1.3966839240 
        0.4450000000         7.6781287532         1.4322307580         5.7065427423        -1.2183397796         5.0459634242         1.4068723253 
        0.4500000000         7.7097894263         1.4322307580         5.7065427423        -1.1799044561         4.7805587237         1.3966839240 
        0.4550000000         7.7398400086         1.4551475066         6.3035169458        -1.1606867943         4.7142075486         1.3941368236 
        0.4600000000         7.7682742244         1.4347770634         5.7728732093        -1.1382661889         4.7805587237         1.3966839240 
        0.4650000000         7.7950861357         1.4373233688         5.8392036764        -1.0998308653         5.0459634242         1.4068723253 
        0.4700000000         7.8202701430         1.4551475066         6.3035169458        -1.0806132035         4.5815051984         1.3890426230 
        0.4750001000         7.8438214416         1.4271381472         5.5738818081        -1.0453808236         4.7142075486         1.3941368236 
        0.4800001000         7.8657341713         1.4729716443         6.7678302153        -1.0037425564         4.6478563735         1.3915897233 
        0.4850000000         7.8860038541         1.4526012012         6.2371864788        -0.9845248946         4.7142075486         1.3941368236 
        0.4900000000         7.9046270679         1.4576938120         6.3698474129        -0.9460895710         4.8469098988         1.3992310243 
        0.4950000000         7.9215995015         1.4627864228         6.5025083470        -0.9332777965         4.5815051984         1.3890426230 
        0.5000000000         7.9369176105         1.4551475066         6.3035169458        -0.8948424729         4.4488028481         1.3839484223 
        0.5050000000         7.9505781959         1.4653327282         6.5688388141        -0.8660159802         4.7142075486         1.3941368236 
        0.5100001000         7.9625786282         1.4755179497         6.8341606823        -0.8307836003         5.0459634242         1.4068723253 
        0.5150000000         7.9729157313         1.4576938120         6.3698474129        -0.8083629949         4.7805587237         1.3966839240 
        0.5200000000         7.9815880163         1.4806105605         6.9668216164        -0.7667247277         4.4488028481         1.3839484223 
        0.5250000000         7.9885934490         1.4551475066         6.3035169458        -0.7378982350         4.7805587237         1.3966839240 
        0.5300000000         7.9939305661         1.4806105605         6.9668216164        -0.7058687987         4.7142075486         1.3941368236 
        0.5350000000         7.9975982533         1.4780642551         6.9004911494        -0.6674334751         4.5815051984         1.3890426230 
        0.5400000000         7.9995957444         1.4831568659         7.0331520835        -0.6418099261         4.9132610740         1.4017781247 
        0.5450000000         7.9999226224         1.4729716443         6.7678302153        -0.6161863770         4.7805587237         1.3966839240 
        0.5500000000         7.9985788190         1.4780642551         6.9004911494        -0.5777510535         4.6478563735         1.3915897233 
        0.5550000000         7.9955646149         1.4933420875         7.2984739518        -0.5393157299         4.9132610740         1.4017781247 
        0.5600000000         7.9908806395         1.4806105605         6.9668216164        -0.4912715754         4.7805587237         1.3966839240 
        0.5650000000         7.9845278710         1.5086199199         7.6964567541        -0.4592421391         4.7805587237         1.3966839240 
        0.5700001000         7.9765074590         1.4780642551         6.9004911494        -0.4368215337         4.8469098988         1.3992310243 
        0.5750001000         7.9668213993         1.4780642551         6.9004911494        -0.3887773792         4.7805587237         1.3966839240 
        0.5800001000         7.9554715709         1.5162588361         7.8954481553        -0.3535449993         4.7142075486         1.3941368236 
        0.5850000000         7.9424606211         1.4806105605         6.9668216164        -0.3279214502         4.5815051984         1.3890426230 
        0.5900000000         7.9277907464         1.4984346983         7.4311348859        -0.2926890703         4.3824516730         1.3814013219 
        0.5950000000         7.9114652541         1.4958883929         7.3648044188        -0.2606596340         4.9132610740         1.4017781247 
        0.6000000000         7.8934875537         1.5009810037         7.4974653529        -0.2222243104         4.7142075486         1.3941368236 
        0.6050000000         7.8738613994         1.4882494767         7.1658130176        -0.1869919305         5.0459634242         1.4068723253 
        0.6100000000         7.8525908900         1.4907957821         7.2321434847        -0.1549624942         4.6478563735         1.3915897233 
        0.6150000000         7.8296804676         1.4933420875         7.2984739518        -0.1165271706         4.7142075486         1.3941368236 
        0.6200000000         7.8051349166         1.5009810037         7.4974653529        -0.0909036216         4.8469098988         1.3992310243 
        0.6250000000         7.7789593632         1.4882494767         7.1658130176        -0.0428594671         4.7805587237         1.3966839240 
        0.6300000000         7.7511592737         1.5035273091         7.5637958200        -0.0140329744         4.6478563735         1.3915897233 
        0.6350001000         7.7217398493         1.4984346983         7.4311348859         0.0244023491         4.6478563735         1.3915897233 
        0.6400000000         7.6907090474         1.4857031713         7.0994825506         0.0564317855         4.8469098988         1.3992310243 
        0.6450000000         7.6580715349         1.5213514469         8.0281090894         0.1044759399         4.7805587237         1.3966839240 
        0.6500000000         7.6238347321         1.4857031713         7.0994825506         0.1300994890         4.5815051984         1.3890426230 
        0.6550000000         7.5880057892         1.4882494767         7.1658130176         0.1685348125         4.6478563735         1.3915897233 
        0.6600000000         7.5505921883         1.5137125307         7.8291176883         0.2101730797         4.7805587237         1.3966839240 
        0.6650000000         7.5116017430         1.4958883929         7.3648044188         0.2454054597         4.9796122491         1.4043252250 
        0.6700000000         7.4710425959         1.5111662253         7.7627872212         0.2806378396         4.4488028481         1.3839484223 
        0.6750000000         7.4289232171         1.4958883929         7.3648044188         0.3222761068         4.7805587237         1.3966839240 
        0.6800000000         7.3852524029         1.5137125307         7.8291176883         0.3543055431         4.7142075486         1.3941368236 
        0.6850000000         7.3400392733         1.5009810037         7.4974653529         0.3895379231         4.7142075486         1.3941368236 
        0.6900000000         7.2932932705         1.4958883929         7.3648044188         0.4375820775         4.7805587237         1.3966839240 
        0.6950001000         7.2450231762         1.5188051415         7.9617786224         0.4728144575         4.5151540233         1.3864955226 
        0.7000001000         7.1952410018         1.4882494767         7.1658130176         0.5112497810         4.5815051984         1.3890426230 
        0.7050001000         7.1439561935         1.5111662253         7.7627872212         0.5400762737         4.6478563735         1.3915897233 
        0.7100000000         7.0911805317         1.4857031713         7.0994825506         0.5689027664         4.3824516730         1.3814013219 
        0.7150000000         7.0369229271         1.4627864228         6.5025083470         0.5977292591         4.7805587237         1.3966839240 
        0.7200000000         6.9811957512         1.5035273091         7.5637958200         0.6329616390         4.7805587237         1.3966839240 
        0.7250000000         6.9240106420         1.4576938120         6.3698474129         0.6713969626         4.8469098988         1.3992310243 
        0.7300000000         6.8653795419         1.5060736145         7.6301262871         0.7194411170         4.7805587237         1.3966839240 
        0.7350000000         6.8053146951         1.4678790336         6.6351692811         0.7546734970         4.5815051984         1.3890426230 
        0.7400000000         6.7438286455         1.4907957821         7.2321434847         0.7802970460         4.9796122491         1.4043252250 
        0.7450000000         6.6809342336         1.4780642551         6.9004911494         0.8219353132         4.9796122491         1.4043252250 
        0.7500000000         6.6166445942         1.4729716443         6.7678302153         0.8475588623         4.5815051984         1.3890426230 
        0.7550000000         6.5509731533         1.4653327282         6.5688388141         0.8795882986         4.9796122491         1.4043252250 
        0.7600001000         6.4839322711         1.4831568659         7.0331520835         0.9212265658         4.7142075486         1.3941368236 
        0.7650000000         6.4155400112         1.4526012012         6.2371864788         0.9436471712         4.9796122491         1.4043252250 
        0.7700000000         6.3458065936         1.4653327282         6.5688388141         0.9788795511         4.9132610740         1.4017781247 
        0.7750000000         6.2747479355         1.4627864228         6.5025083470         1.0141119311         4.9796122491         1.4043252250 
        0.7800000000         6.2023788766         1.4755179497         6.8341606823         1.0525472547         4.8469098988         1.3992310243 
        0.7850000000         6.1287145303         1.4526012012         6.2371864788         1.0845766910         4.7805587237         1.3966839240 
        0.7900016000         6.0537460952         1.4653327282         6.5688388141         1.1005914091         4.7805587237         1.3966839240 
        0.7950000000         5.9775617783         1.4449622850         6.0381950776         1.1326208454         4.7805587237         1.3966839240 
        0.8000000000         5.9001049389         1.4602401174         6.4361778800         1.1710561690         5.0459634242         1.4068723253 
        0.8050000000         5.8214159381         1.4475085904         6.1045255446         1.2030856053         5.0459634242         1.4068723253 
        0.8100000000         5.7415112091         1.4449622850         6.0381950776         1.2255062107         4.7805587237         1.3966839240 
        0.8150000000         5.6604074390         1.4449622850         6.0381950776         1.2639415343         4.8469098988         1.3992310243 
        0.8200001000         5.5781199079         1.4271381472         5.5738818081         1.2863621397         4.5815051984         1.3890426230 
        0.8250001000         5.4946690918         1.4322307580         5.7065427423         1.3151886324         4.8469098988         1.3992310243 
        0.8300001000         5.4100707845         1.4424159796         5.9718646105         1.3568268996         4.5815051984         1.3890426230 
        0.8350001000         5.3243426531         1.4347770634         5.7728732093         1.3760445614         4.7142075486         1.3941368236 
        0.8400000000         5.2375043488         1.4322307580         5.7065427423         1.4016681104         4.5151540233         1.3864955226 
        0.8450000000         5.1495705330         1.4067677040         5.0432380717         1.4304946031         4.5151540233         1.3864955226 
        0.8500000000         5.0605612953         1.4475085904         6.1045255446         1.4753358139         4.7805587237         1.3966839240 
        0.8550000000         4.9704952242         1.4194992310         5.3748904070         1.4913505321         4.6478563735         1.3915897233 
        0.8600000000         4.8793911289         1.4016750932         4.9105771375         1.5169740811         4.3824516730         1.3814013219 
        0.8650000000         4.7872680351         1.4169529256         5.3085599399         1.5393946865         4.5815051984         1.3890426230 
        0.8700000000         4.6941451818         1.4220455364         5.4412208740         1.5682211792         4.3161004979         1.3788542216 
        0.8750000000         4.6000420163         1.3863972609         4.5125943352         1.5778300101         4.7805587237         1.3966839240 
        0.8800000000         4.5049781910         1.4042213986         4.9769076046         1.6130623901         4.9796122491         1.4043252250 
        0.8850001000         4.4089716293         1.3965824825         4.7779162034         1.6386859391         4.9132610740         1.4017781247 
        0.8900000000         4.3120481687         1.3889435663         4.5789248022         1.6611065445         4.9132610740         1.4017781247 
        0.8950000000         4.2142222626         1.3660268177         3.9819505987         1.6867300936         4.7142075486         1.3941368236 
        0.9000000000         4.1155162703         1.3991287878         4.8442466705         1.7091506990         4.7805587237         1.3966839240 
        0.9050000000         4.0159508050         1.3762120393         4.2472724669         1.7219624735         4.6478563735         1.3915897233 
        0.9100000000         3.9155466598         1.3914898717         4.6452552693         1.7443830789         4.7142075486         1.3941368236 
        0.9150000000         3.8143248029         1.3431100691         3.3849763951         1.7636007407         4.5815051984         1.3890426230 
        0.9200000000         3.7123063730         1.3838509555         4.4462638681         1.7796154589         4.7805587237         1.3966839240 
        0.9250000000         3.6095126755         1.3532952907         3.6502982634         1.8052390079         4.9132610740         1.4017781247 
        0.9300000000         3.5059651775         1.3914898717         4.6452552693         1.8340655006         4.7805587237         1.3966839240 
        0.9350000000         3.4016855036         1.3431100691         3.3849763951         1.8436743315         4.9796122491         1.4043252250 
        0.9400000000         3.2966954312         1.3762120393         4.2472724669         1.8725008242         4.8469098988         1.3992310243 
        0.9450001000         3.1910147659         1.3431100691         3.3849763951         1.8917184859         4.7805587237         1.3966839240 
        0.9500001000         3.0846698048         1.3609342069         3.8492896645         1.9013273168         4.6478563735         1.3915897233 
        0.9550001000         2.9776806499         1.3532952907         3.6502982634         1.9269508659         4.7805587237         1.3966839240 
        0.9600001000         2.8700696445         1.3634805123         3.9156201316         1.9397626404         4.8469098988         1.3992310243 
        0.9650826000         2.7600688913         1.3329248475         3.1196545269         1.9525744149         4.3824516730         1.3814013219 
        0.9700000000         2.6530742816         1.3456563745         3.4513068622         1.9814009076         5.1123145993         1.4094194257 
        0.9750000000         2.5437330707         1.3252859313         2.9206631257         1.9910097385         5.0459634242         1.4068723253 
        0.9800000000         2.4338606337         1.3380174583         3.2523154610         2.0070244567         5.0459634242         1.4068723253 
        0.9850000000         2.3234799161         1.3176470152         2.7216717245         2.0230391748         4.3161004979         1.3788542216 
        0.9900000000         2.2126139694         1.3252859313         2.9206631257         2.0454597802         4.9132610740         1.4017781247 
        0.9950000000         2.1012859467         1.3201933206         2.7880021915         2.0486627239         4.8469098988         1.3992310243 
        1.0000000000         1.9895190973         1.2998228774         2.2573584551         2.0518656675         4.8469098988         1.3992310243 
        1.0050000000         1.8773367623         1.3151007098         2.6553412574         2.0710833293         4.6478563735         1.3915897233 
        1.0100001000         1.7647601144         1.2998228774         2.2573584551         2.0806921602         4.7805587237         1.3966839240 
        1.0150000000         1.6518194289         1.2998228774         2.2573584551         2.0967068783         4.7805587237         1.3966839240 
        1.0200001000         1.5385292578         1.3049154882         2.3900193892         2.1223304274         4.9132610740         1.4017781247 
        1.0250000000         1.4249223221         1.3049154882         2.3900193892         2.1223304274         4.3824516730         1.3814013219 
        1.0300000000         1.3110155406         1.2947302666         2.1246975209         2.1287363146         4.3161004979         1.3788542216 
        1.0350000000         1.1968349704         1.3049154882         2.3900193892         2.1479539764         4.9132610740         1.4017781247 
        1.0400000000         1.0824044564         1.2972765720         2.1910279880         2.1703745818         4.8469098988         1.3992310243 
        1.0450000000         0.9677478962         1.3023691828         2.3236889221         2.1703745818         4.5815051984         1.3890426230 
        1.0500000000         0.8528892342         1.2794524342         1.7267147186         2.1703745818         4.7805587237         1.3966839240 
        1.0550000000         0.7378524572         1.2947302666         2.1246975209         2.1927951872         4.9796122491         1.4043252250 
        1.0600000000         0.6226615892         1.2896376558         1.9920365868         2.2056069618         4.7805587237         1.3966839240 
        1.0650000000         0.5073406863         1.2870913504         1.9257061197         2.2056069618         4.9132610740         1.4017781247 
        1.0700000000         0.3919138317         1.2769061288         1.6603842515         2.2152157927         4.9132610740         1.4017781247 
        1.0750000000         0.2764051310         1.2921839612         2.0583670539         2.2344334544         4.7805587237         1.3966839240 
        1.0800000000         0.1608387066         1.2692672126         1.4613928503         2.2280275672         4.7805587237         1.3966839240 
        1.0850000000         0.0452386931         1.2616282964         1.2624014491         2.2376363981         4.7142075486         1.3941368236 
        1.0900000000        -0.0703707679         1.2565356856         1.1297405150         2.2472452290         4.9132610740         1.4017781247 
        1.0950000000        -0.1859655329         1.2565356856         1.1297405150         2.2632599471         4.7805587237         1.3966839240 
        1.1000000000        -0.3015214614         1.2488967694         0.9307491138         2.2568540599         4.5815051984         1.3890426230 
        1.1050000000        -0.4170144209         1.2361652425         0.5990967785         2.2664628908         4.5815051984         1.3890426230 
        1.1100000000        -0.5324202924         1.2157947993         0.0684530420         2.2568540599         4.7805587237         1.3966839240 
        1.1150000000        -0.6477149747         1.1979706615        -0.3958602274         2.2632599471         4.9796122491         1.4043252250 
        1.1200000000        -0.7628743900         1.2234337155         0.2674444432         2.2696658344         4.7805587237         1.3966839240 
        1.1250000000        -0.8778744887         1.2234337155         0.2674444432         2.2696658344         4.8469098988         1.3992310243 
        1.1300000000        -0.9926912546         1.2132484939         0.0021225749         2.2632599471         4.5815051984         1.3890426230 
        1.1350001000        -1.1073029997         1.2157947993         0.0684530420         2.2664628908         4.9132610740         1.4017781247 
        1.1400000000        -1.2216789192         1.2132484939         0.0021225749         2.2632599471         4.5815051984         1.3890426230 
        1.1450001000        -1.3358042764         1.2081558831        -0.1305383592         2.2568540599         4.8469098988         1.3992310243 
        1.1500000000        -1.4496461090         1.1954243561        -0.4621906945         2.2536511162         4.7805587237         1.3966839240 
        1.1550001000        -1.5631897490         1.1343130266        -2.0541219040         2.2568540599         4.5815051984         1.3890426230 
        1.1600000000        -1.6764024020         1.1801465237        -0.8601734969         2.2504481726         4.9796122491         1.4043252250 
        1.1650000000        -1.7892672274         1.1623223860        -1.3244867663         2.2408393417         4.3824516730         1.3814013219 
        1.1700000000        -1.9017583873         1.1495908590        -1.6561391016         2.2280275672         4.8469098988         1.3992310243 
        1.1750000000        -2.0138523893         1.1699613022        -1.1254953651         2.2280275672         4.6478563735         1.3915897233 
        1.1800000000        -2.1255258241         1.1648686914        -1.2581562992         2.2280275672         4.5815051984         1.3890426230 
        1.1850000000        -2.2367553700         1.1597760806        -1.3908172334         2.2184187363         4.8469098988         1.3992310243 
        1.1900000000        -2.3475177981         1.1521371644        -1.5898086345         2.1927951872         4.8469098988         1.3992310243 
        1.1950000000        -2.4577899773         1.1419519428        -1.8551305028         2.1831863564         4.5151540233         1.3864955226 
        1.2000000000        -2.5675488785         1.1546834698        -1.5234781675         2.1831863564         4.6478563735         1.3915897233 
        1.2050000000        -2.6767715799         1.1495908590        -1.6561391016         2.1767804691         4.7142075486         1.3941368236 
        1.2100000000        -2.7854352719         1.1521371644        -1.5898086345         2.1767804691         4.7805587237         1.3966839240 
        1.2150000000        -2.8935172614         1.1470445536        -1.7224695687         2.1671716382         4.7142075486         1.3941368236 
        1.2200000000        -3.0009949769         1.1394056374        -1.9214609699         2.1415480891         4.8469098988         1.3992310243 
        1.2250000000        -3.1078459731         1.1394056374        -1.9214609699         2.1479539764         4.7805587237         1.3966839240 
        1.2300000000        -3.2140479353         1.1394056374        -1.9214609699         2.1223304274         4.5815051984         1.3890426230 
        1.2350000000        -3.3195786849         1.1317667212        -2.1204523710         2.1287363146         4.7805587237         1.3966839240 
        1.2400000000        -3.4244161829         1.1444982482        -1.7888000357         2.1127215965         4.6478563735         1.3915897233 
        1.2450000000        -3.5285385354         1.1292204158        -2.1867828381         2.1031127656         4.5815051984         1.3890426230 
        1.2500000000        -3.6319239979         1.1394056374        -1.9214609699         2.0838951038         4.7805587237         1.3966839240 
        1.2550000000        -3.7345509796         1.1292204158        -2.1867828381         2.0710833293         4.7805587237         1.3966839240 
        1.2600001000        -3.8364000771         1.1419519428        -1.8551305028         2.0710833293         4.6478563735         1.3915897233 
        1.2650000000        -3.9374439340         1.1368593320        -1.9877914369         2.0614744984         4.7142075486         1.3941368236 
        1.2700001000        -4.0376695312         1.1419519428        -1.8551305028         2.0518656675         4.6478563735         1.3915897233 
        1.2750000000        -4.1370479211         1.1292204158        -2.1867828381         2.0422568366         4.9796122491         1.4043252250 
        1.2800001000        -4.2355662992         1.1394056374        -1.9214609699         2.0294450621         4.9796122491         1.4043252250 
        1.2850000000        -4.3331962107         1.1419519428        -1.8551305028         2.0294450621         4.8469098988         1.3992310243 
        1.2900000000        -4.4299231513         1.1521371644        -1.5898086345         2.0198362312         4.8469098988         1.3992310243 
        1.2950000000        -4.5257249592         1.1215814996        -2.3857742393         1.9974156258         4.8469098988         1.3992310243 
        1.3000000000        -4.6205816274         1.1343130266        -2.0541219040         1.9910097385         4.7142075486         1.3941368236 
        1.3050000000        -4.7144733462         1.1215814996        -2.3857742393         1.9878067949         4.7805587237         1.3966839240 
        1.3100000000        -4.8073805077         1.1215814996        -2.3857742393         1.9685891331         4.7142075486         1.3941368236 
        1.3150000000        -4.8992837093         1.1139425834        -2.5847656405         1.9461685277         4.5815051984         1.3890426230 
        1.3200000000        -4.9901637583         1.1113962780        -2.6510961075         1.9365596968         4.9796122491         1.4043252250 
        1.3250000000        -5.0800016754         1.1063036672        -2.7837570417         1.9173420350         4.4488028481         1.3839484223 
        1.3300000000        -5.1687786993         1.1012110564        -2.9164179758         1.9013273168         4.8469098988         1.3992310243 
        1.3350000000        -5.2564762899         1.0935721403        -3.1154093770         1.8853125987         4.8469098988         1.3992310243 
        1.3400000000        -5.3430761327         1.0986647511        -2.9827484428         1.8757037678         4.7142075486         1.3941368236 
        1.3450000000        -5.4285601426         1.0884795295        -3.2480703111         1.8564861060         4.7805587237         1.3966839240 
        1.3500000000        -5.5129104671         1.0884795295        -3.2480703111         1.8404713878         4.7805587237         1.3966839240 
        1.3550000000        -5.5961094909         1.0986647511        -2.9827484428         1.8340655006         4.3824516730         1.3814013219 
        1.3600000000        -5.6781398389         1.1088499726        -2.7174265746         1.8244566697         4.5815051984         1.3890426230 
        1.3650000000        -5.7589843801         1.0732016971        -3.6460531135         1.7892242898         4.6478563735         1.3915897233 
        1.3700000000        -5.8386262311         1.1037573618        -2.8500875087         1.7956301770         4.8469098988         1.3992310243 
        1.3750000000        -5.9170487598         1.0782943079        -3.5133921793         1.7668036843         4.7805587237         1.3966839240 
        1.3800000000        -5.9942355887         1.0935721403        -3.1154093770         1.7571948534         4.9796122491         1.4043252250 
        1.3850001000        -6.0701721043         1.0859332241        -3.3144007782         1.7379771917         4.9796122491         1.4043252250 
        1.3900000000        -6.1448379303         1.1012110564        -2.9164179758         1.7315713044         4.8469098988         1.3992310243 
        1.3950001000        -6.2182234465         1.0935721403        -3.1154093770         1.7187595299         4.7805587237         1.3966839240 
        1.4000000000        -6.2903074571         1.0884795295        -3.2480703111         1.7027448117         4.7805587237         1.3966839240 
        1.4050001000        -6.3610806745         1.0833869187        -3.3807312452         1.6675124318         4.5815051984         1.3890426230 
        1.4100000000        -6.4305226576         1.0986647511        -2.9827484428         1.6707153754         4.7805587237         1.3966839240 
        1.4150000000        -6.4986231105         1.0630164755        -3.9113749817         1.6354829955         4.5815051984         1.3890426230 
        1.4200000000        -6.5653664092         1.0961184457        -3.0490789099         1.6290771082         4.7805587237         1.3966839240 
        1.4250013000        -6.6307554325         1.0782943079        -3.5133921793         1.6194682773         4.7805587237         1.3966839240 
        1.4300000000        -6.6947260764         1.0961184457        -3.0490789099         1.5938447283         4.9796122491         1.4043252250 
        1.4350000000        -6.7573154298         1.0579238647        -4.0440359158         1.5714241229         4.7805587237         1.3966839240 
        1.4400000000        -6.8184936043         1.0961184457        -3.0490789099         1.5714241229         4.8469098988         1.3992310243 
        1.4450000000        -6.8782478238         1.0451923377        -4.3756882511         1.5393946865         4.9796122491         1.4043252250 
        1.4500000000        -6.9365656093         1.0884795295        -3.2480703111         1.5329887993         4.8469098988         1.3992310243 
        1.4550000000        -6.9934347819         1.0502849485        -4.2430273170         1.5041623066         4.9796122491         1.4043252250 
        1.4600000000        -7.0488434652         1.0630164755        -3.9113749817         1.4817417012         4.8469098988         1.3992310243 
        1.4650000000        -7.1027800878         1.0579238647        -4.0440359158         1.4721328703         4.6478563735         1.3915897233 
        1.4700000000        -7.1552333858         1.0732016971        -3.6460531135         1.4593210958         4.7805587237         1.3966839240 
        1.4750000000        -7.2061924048         1.0528312539        -4.1766968500         1.4272916595         4.7142075486         1.3941368236 
        1.4800000000        -7.2556465029         1.0604701701        -3.9777054488         1.4112769413         4.4488028481         1.3839484223 
        1.4850000000        -7.3035853521         1.0477386431        -4.3093577841         1.3888563359         4.7142075486         1.3941368236 
        1.4900000000        -7.3499989410         1.0604701701        -3.9777054488         1.3600298432         4.5151540233         1.3864955226 
        1.4950000000        -7.3948775768         1.0630164755        -3.9113749817         1.3440151251         4.5815051984         1.3890426230 
        1.5000000000        -7.4382118871         1.0706553917        -3.7123835805         1.3312033505         4.6478563735         1.3915897233 
        1.5050000000        -7.4799928221         1.0553775593        -4.1103663829         1.3087827451         4.7805587237         1.3966839240 
        1.5100001000        -7.5202124450         1.0732016971        -3.6460531135         1.2959709706         4.8469098988         1.3992310243 
        1.5150000000        -7.5588599907         1.0477386431        -4.3093577841         1.2703474216         4.4488028481         1.3839484223 
        1.5200001000        -7.5959304795         1.0604701701        -3.9777054488         1.2479268161         4.9132610740         1.4017781247 
        1.5250000000        -7.6314132045         1.0451923377        -4.3756882511         1.2351150416         4.5151540233         1.3864955226 
        1.5300001000        -7.6653035940         1.0451923377        -4.3756882511         1.1998826617         4.6478563735         1.3915897233 
        1.5350000000        -7.6975918595         1.0579238647        -4.0440359158         1.1934767744         4.7805587237         1.3966839240 
        1.5400007000        -7.7282774259         1.0451923377        -4.3756882511         1.1742591126         4.6478563735         1.3915897233 
        1.5450000000        -7.7573406762         1.0477386431        -4.3093577841         1.1454326200         4.6478563735         1.3915897233 
        1.5500000000        -7.7847880879         1.0400997269        -4.5083491853         1.1294179018         4.6478563735         1.3915897233 
        1.5550000000        -7.8106097462         1.0502849485        -4.2430273170         1.1102002400         4.5815051984         1.3890426230 
        1.5600000000        -7.8348002587         1.0273681999        -4.8400015206         1.0685619728         4.7805587237         1.3966839240 
        1.5650000000        -7.8573545735         1.0400997269        -4.5083491853         1.0525472547         4.4488028481         1.3839484223 
        1.5700000000        -7.8782679804         1.0400997269        -4.5083491853         1.0397354801         4.7805587237         1.3966839240 
        1.5750000000        -7.8975361120         1.0502849485        -4.2430273170         1.0077060438         4.7805587237         1.3966839240 
        1.5800000000        -7.9151549442         1.0477386431        -4.3093577841         0.9852854384         4.7142075486         1.3941368236 
        1.5850000000        -7.9311207977         1.0375534215        -4.5746796523         0.9660677766         4.9796122491         1.4043252250 
        1.5900000000        -7.9454303382         1.0324608107        -4.7073405865         0.9532560021         4.7805587237         1.3966839240 
        1.5950000000        -7.9580805773         1.0400997269        -4.5083491853         0.9244295094         4.9796122491         1.4043252250 
        1.6000000000        -7.9690688731         1.0375534215        -4.5746796523         0.8988059604         4.9796122491         1.4043252250 
        1.6050000000        -7.9783929310         1.0197292838        -5.0389929218         0.8667765241         4.8469098988         1.3992310243 
        1.6100000000        -7.9860508037         1.0350071161        -4.6410101194         0.8635735804         4.7805587237         1.3966839240 
        1.6150000000        -7.9920408920         1.0248218946        -4.9063319876         0.8315441441         4.6478563735         1.3915897233 
        1.6200000000        -7.9963619448         1.0299145053        -4.7736710535         0.8091235387         4.9796122491         1.4043252250 
        1.6250000000        -7.9990130599         1.0019051460        -5.5033061912         0.7770941024         4.9796122491         1.4043252250 
        1.6300000000        -7.9999936835         1.0146366730        -5.1716538559         0.7450646661         4.7805587237         1.3966839240 
        1.6350001000        -7.9993035803         1.0044514514        -5.4369757241         0.7258470043         5.0459634242         1.4068723253 
        1.6400000000        -7.9969429861         1.0273681999        -4.8400015206         0.7002234553         4.6478563735         1.3915897233 
        1.6450001000        -7.9929122048         0.9891736190        -5.8349585265         0.6713969626         4.7142075486         1.3941368236 
        1.6500000000        -7.9872124009         1.0197292838        -5.0389929218         0.6489763572         5.0459634242         1.4068723253 
        1.6550001000        -7.9798443085         1.0120903676        -5.2379843229         0.6265557518         4.5815051984         1.3890426230 
        1.6600000000        -7.9708100559         1.0069977568        -5.3706452571         0.6073380900         4.5815051984         1.3890426230 
        1.6650001000        -7.9601108070         1.0019051460        -5.5033061912         0.5753086537         4.8469098988         1.3992310243 
        1.6700000000        -7.9477496521         1.0299145053        -4.7736710535         0.5528880482         4.8469098988         1.3992310243 
        1.6750000000        -7.9337284809         0.9840810082        -5.9676194606         0.5112497810         4.5815051984         1.3890426230 
        1.6800000000        -7.9180504520         1.0095440622        -5.3043147900         0.4984380065         4.9132610740         1.4017781247 
        1.6850000000        -7.9007188397         0.9917199244        -5.7686280594         0.4632056266         4.4488028481         1.3839484223 
        1.6900000000        -7.8817372635         1.0171829784        -5.1053233888         0.4439879648         4.5815051984         1.3890426230 
        1.6950000000        -7.8611096873         0.9917199244        -5.7686280594         0.4087555849         4.8469098988         1.3992310243 
        1.7000000000        -7.8388404191         0.9738957866        -6.2329413289         0.3735232049         4.5815051984         1.3890426230 
        1.7050000000        -7.8149341094         0.9968125352        -5.6359671253         0.3511025995         4.6478563735         1.3915897233 
        1.7100000000        -7.7893957508         1.0019051460        -5.5033061912         0.3254790505         4.3161004979         1.3788542216 
        1.7150000000        -7.7622306766         0.9789883974        -6.1002803948         0.2998555014         4.4488028481         1.3839484223 
        1.7200000000        -7.7334445600         0.9968125352        -5.6359671253         0.2710290087         4.9796122491         1.4043252250 
        1.7250000000        -7.7030434125         1.0044514514        -5.4369757241         0.2550142906         4.7805587237         1.3966839240 
        1.7300000000        -7.6710335830         0.9738957866        -6.2329413289         0.2069701361         4.7142075486         1.3941368236 
        1.7350000000        -7.6374217564         0.9942662298        -5.7022975924         0.1813465871         4.4488028481         1.3839484223 
        1.7400000000        -7.6022149520         0.9866273136        -5.9012889936         0.1589259816         4.5815051984         1.3890426230 
        1.7450000000        -7.5654205224         0.9789883974        -6.1002803948         0.1268965453         4.9796122491         1.4043252250 
        1.7500000000        -7.5270461516         0.9968125352        -5.6359671253         0.1076788836         4.7805587237         1.3966839240 
        1.7550000000        -7.4870998536         0.9789883974        -6.1002803948         0.0692435600         4.9796122491         1.4043252250 
        1.7600001000        -7.4455891249         0.9789883974        -6.1002803948         0.0404170673         4.7805587237         1.3966839240 
        1.7650000000        -7.4025251717         0.9789883974        -6.1002803948         0.0147935183         4.9132610740         1.4017781247 
        1.7700001000        -7.3579135424         0.9738957866        -6.2329413289        -0.0140329744         4.9796122491         1.4043252250 
        1.7750000000        -7.3117671222         0.9713494812        -6.2992717959        -0.0492653544         4.7805587237         1.3966839240 
        1.7800001000        -7.2640918567         0.9713494812        -6.2992717959        -0.0780918470         4.7805587237         1.3966839240 
        1.7850000000        -7.2149015159         0.9764420920        -6.1666108618        -0.1069183397         4.7805587237         1.3966839240 
        1.7900001000        -7.1642024376         0.9738957866        -6.2329413289        -0.1293389451         5.0459634242         1.4068723253 
        1.7950000000        -7.1120092650         0.9789883974        -6.1002803948        -0.1581654378         4.6478563735         1.3915897233 
        1.8000000000        -7.0583298115         0.9840810082        -5.9676194606        -0.1933978177         4.7142075486         1.3941368236 
        1.8050000000        -7.0031763161         0.9586179542        -6.6309241312        -0.2286301977         4.8469098988         1.3992310243 
        1.8100000000        -6.9465602971         0.9713494812        -6.2992717959        -0.2574566904         4.7805587237         1.3966839240 
        1.8150000000        -6.8884935779         0.9764420920        -6.1666108618        -0.2734714085         4.8469098988         1.3992310243 
        1.8200000000        -6.8289882850         0.9586179542        -6.6309241312        -0.3183126194         4.7805587237         1.3966839240 
        1.8250000000        -6.7680568453         0.9713494812        -6.2992717959        -0.3343273375         4.6478563735         1.3915897233 
        1.8300000000        -6.7057119837         0.9662568704        -6.4319327301        -0.3791685483         4.7805587237         1.3966839240 
        1.8350000000        -6.6419667200         0.9637105650        -6.4982631971        -0.3951832665         4.6478563735         1.3915897233 
        1.8400000000        -6.5768343666         0.9738957866        -6.2329413289        -0.4336185901         4.6478563735         1.3915897233 
        1.8450000000        -6.5103285255         0.9662568704        -6.4319327301        -0.4720539136         4.7805587237         1.3966839240 
        1.8500000000        -6.4424630857         0.9586179542        -6.6309241312        -0.4912715754         4.9796122491         1.4043252250 
        1.8550000000        -6.3732522200         0.9662568704        -6.4319327301        -0.5265039554         4.7142075486         1.3941368236 
        1.8600000000        -6.3027103821         0.9509790381        -6.8299155324        -0.5617363353         4.5151540233         1.3864955226 
        1.8650000000        -6.2308523039         0.9611642596        -6.5645936642        -0.6033746025         4.8469098988         1.3992310243 
        1.8700000000        -6.1576929920         0.9662568704        -6.4319327301        -0.6161863770         4.5815051984         1.3890426230 
        1.8750000000        -6.0832477248         0.9535253434        -6.7635850654        -0.6642305315         4.7805587237         1.3966839240 
        1.8800000000        -6.0075320492         0.9688031758        -6.3656022630        -0.6802452496         4.7142075486         1.3941368236 
        1.8850001000        -5.9305602256         0.9688031758        -6.3656022630        -0.7090717423         4.6478563735         1.3915897233 
        1.8900000000        -5.8523529838         0.9688031758        -6.3656022630        -0.7571158968         4.7805587237         1.3966839240 
        1.8950001000        -5.7729204004         0.9509790381        -6.8299155324        -0.7763335586         4.7805587237         1.3966839240 
        1.9000000000        -5.6922854177         0.9688031758        -6.3656022630        -0.8083629949         4.6478563735         1.3915897233 
        1.9050001000        -5.6104584250         0.9535253434        -6.7635850654        -0.8500012621         4.6478563735         1.3915897233 
        1.9100000000        -5.5274630562         0.9764420920        -6.1666108618        -0.8660159802         4.7805587237         1.3966839240 
        1.9150001000        -5.4433100047         0.9764420920        -6.1666108618        -0.8948424729         4.7805587237         1.3966839240 
        1.9200000000        -5.3580235762         0.9560716488        -6.6972545983        -0.9364807401         4.6478563735         1.3915897233 
        1.9250000000        -5.2716164987         0.9789883974        -6.1002803948        -0.9653072328         4.6478563735         1.3915897233 
        1.9300000000        -5.1841085115         0.9637105650        -6.4982631971        -1.0005396127         4.5815051984         1.3890426230 
        1.9350000000        -5.0955178897         0.9738957866        -6.2329413289        -1.0229602181         4.9796122491         1.4043252250 
        1.9400000000        -5.0058631342         0.9738957866        -6.2329413289        -1.0613955417         4.7805587237         1.3966839240 
        1.9450000000        -4.9151629683         0.9688031758        -6.3656022630        -1.0902220344         4.7805587237         1.3966839240 
        1.9500000000        -4.8234363335         0.9789883974        -6.1002803948        -1.1126426398         4.5815051984         1.3890426230 
        1.9550000000        -4.7307023858         0.9688031758        -6.3656022630        -1.1510779634         4.7805587237         1.3966839240 
        1.9600000000        -4.6369804916         0.9789883974        -6.1002803948        -1.1799044561         4.7805587237         1.3966839240 
        1.9650000000        -4.5422902233         0.9840810082        -5.9676194606        -1.1959191742         4.7805587237         1.3966839240 
        1.9700000000        -4.4466513559         0.9789883974        -6.1002803948        -1.2343544978         4.7805587237         1.3966839240 
        1.9750000000        -4.3500838622         0.9866273136        -5.9012889936        -1.2535721596         4.8469098988         1.3992310243 
        1.9800000000        -4.2526079093         0.9840810082        -5.9676194606        -1.2888045395         4.9796122491         1.4043252250 
        1.9850000000        -4.1542438537         0.9917199244        -5.7686280594        -1.3272398631         4.7805587237         1.3966839240 
        1.9900000000        -4.0550122374         0.9840810082        -5.9676194606        -1.3560663558         4.7805587237         1.3966839240 
        1.9950000000        -3.9549337837         1.0069977568        -5.3706452571        -1.3656751866         4.6478563735         1.3915897233 
        2.0000000000        -3.8540293928         0.9917199244        -5.7686280594        -1.4009075666         4.9796122491         1.4043252250 
        2.0050000000        -3.7523201372         1.0069977568        -5.3706452571        -1.4265311156         4.9796122491         1.4043252250 
        2.0100001000        -3.6498252000         0.9942662298        -5.7022975924        -1.4489517210         4.7805587237         1.3966839240 
        2.0150001000        -3.5465700857         1.0222755892        -4.9726624547        -1.4713723265         4.8469098988         1.3992310243 
        2.0200001000        -3.4425743156         1.0171829784        -5.1053233888        -1.4969958755         4.7805587237         1.3966839240 
        2.0250000000        -3.3378617093         0.9993588406        -5.5696366583        -1.5450400300         4.5815051984         1.3890426230 
        2.0300000000        -3.2324499461         1.0019051460        -5.5033061912        -1.5610547481         4.7805587237         1.3966839240 
        2.0350001000        -3.1263609989         1.0273681999        -4.8400015206        -1.5770694663         4.8469098988         1.3992310243 
        2.0400001000        -3.0196212662         1.0222755892        -4.9726624547        -1.6123018462         4.6478563735         1.3915897233 
        2.0450000000        -2.9122530778         1.0146366730        -5.1716538559        -1.6283165644         4.5815051984         1.3890426230 
        2.0500000000        -2.8042745615         1.0273681999        -4.8400015206        -1.6603460007         4.5815051984         1.3890426230 
        2.0550000000        -2.6957104084         1.0273681999        -4.8400015206        -1.6859695497         4.4488028481         1.3839484223 
        2.0600000000        -2.5865832907         1.0171829784        -5.1053233888        -1.7147960424         4.7805587237         1.3966839240 
        2.0650000000        -2.4769159982         1.0248218946        -4.9063319876        -1.7308107606         4.7805587237         1.3966839240 
        2.0700000000        -2.3667314335         1.0248218946        -4.9063319876        -1.7628401969         4.7805587237         1.3966839240 
        2.0750000000        -2.2560526072         1.0324608107        -4.7073405865        -1.7788549150         4.5815051984         1.3890426230 
        2.0800000000        -2.1449026332         1.0426460323        -4.4420187182        -1.8044784641         4.4488028481         1.3839484223 
        2.0850000000        -2.0333047238         1.0273681999        -4.8400015206        -1.8236961259         4.7805587237         1.3966839240 
        2.0900000000        -1.9212821848         1.0375534215        -4.5746796523        -1.8493196749         4.7805587237         1.3966839240 
        2.0950000000        -1.8088584105         1.0426460323        -4.4420187182        -1.8749432240         4.5815051984         1.3890426230 
        2.1000000000        -1.6960568794         1.0477386431        -4.3093577841        -1.8941608857         4.7805587237         1.3966839240 
        2.1050000000        -1.5829011485         1.0528312539        -4.1766968500        -1.9101756039         4.6478563735         1.3915897233 
        2.1100000000        -1.4694148489         1.0502849485        -4.2430273170        -1.9325962093         4.9796122491         1.4043252250 
        2.1150000000        -1.3556216809         1.0681090863        -3.7787140476        -1.9582197584         4.6478563735         1.3915897233 
        2.1200000000        -1.2415454086         1.0553775593        -4.1103663829        -1.9678285892         4.9132610740         1.4017781247 
        2.1250000000        -1.1272098555         1.0706553917        -3.7123835805        -1.9870462510         4.6478563735         1.3915897233 
        2.1300000000        -1.0126388990         1.0655627809        -3.8450445146        -2.0126698001         4.7142075486         1.3941368236 
        2.1350001000        -0.8978541683         1.0757480025        -3.5797226464        -2.0222786310         4.9132610740         1.4017781247 
        2.1400001000        -0.7828842258         1.0808406133        -3.4470617123        -2.0414962928         4.9132610740         1.4017781247 
        2.1450000000        -0.6677530922         1.0910258349        -3.1817398440        -2.0543080673         5.0459634242         1.4068723253 
        2.1500000000        -0.5524802057         1.0859332241        -3.3144007782        -2.0703227854         4.9796122491         1.4043252250 
        2.1550000000        -0.4370919408         1.0910258349        -3.1817398440        -2.0927433909         4.7805587237         1.3966839240 
        2.1600001000        -0.3216100846         1.1012110564        -2.9164179758        -2.0991492781         4.5815051984         1.3890426230 
        2.1650000000        -0.2060656843         1.1139425834        -2.5847656405        -2.1119610526         4.5815051984         1.3890426230 
        2.1700000000        -0.0904759396         1.1139425834        -2.5847656405        -2.1343816581         4.7805587237         1.3966839240 
        2.1750000000         0.0251326999         1.1292204158        -2.1867828381        -2.1279757708         4.7805587237         1.3966839240 
        2.1800001000         0.1407384026         1.1394056374        -1.9214609699        -2.1439904889         4.7142075486         1.3941368236 
        2.1850000000         0.2563100906         1.1470445536        -1.7224695687        -2.1503963762         4.7805587237         1.3966839240 
        2.1900000000         0.3718305635         1.1495908590        -1.6561391016        -2.1664110944         4.5815051984         1.3890426230 
        2.1950000000         0.4872733843         1.1725076076        -1.0591648980        -2.1728169816         4.9132610740         1.4017781247 
        2.2000000000         0.6026144442         1.2132484939         0.0021225749        -2.1664110944         4.7805587237         1.3966839240 
        2.2050000000         0.7178296559         1.2183411047         0.1347835091        -2.1760199253         4.9796122491         1.4043252250 
        2.2100000000         0.8328949580         1.2208874101         0.2011139761        -2.1760199253         4.6478563735         1.3915897233 
        2.2150000000         0.9477863207         1.2081558831        -0.1305383592        -2.1792228689         4.5815051984         1.3890426230 
        2.2200000000         1.0624797504         1.2030632723        -0.2631992933        -2.1792228689         4.7805587237         1.3966839240 
        2.2250000000         1.1769512947         1.2157947993         0.0684530420        -2.1696140380         4.9132610740         1.4017781247 
        2.2300000000         1.2911770479         1.2056095777        -0.1968688262        -2.1824258125         4.7142075486         1.3941368236 
        2.2350000000         1.4051331552         1.2132484939         0.0021225749        -2.1728169816         4.6478563735         1.3915897233 
        2.2400000000         1.5187958185         1.2157947993         0.0684530420        -2.1728169816         4.6478563735         1.3915897233 
        2.2450000000         1.6321413007         1.2896376558         1.9920365868        -2.1600052071         4.7805587237         1.3966839240 
        2.2500000000         1.7451459312         1.2590819910         1.1960709821        -2.1535993198         4.7805587237         1.3966839240 
        2.2550000000         1.8577861102         1.2438041587         0.7980881797        -2.1632081507         4.7805587237         1.3966839240 
        2.2600001000         1.9700405554         1.2565356856         1.1297405150        -2.1600052071         4.7805587237         1.3966839240 
        2.2650001000         2.0818813339         1.2514430748         0.9970795809        -2.1503963762         4.9796122491         1.4043252250 
        2.2700000000         2.1932851145         1.2590819910         1.1960709821        -2.1407875453         4.6478563735         1.3915897233 
        2.2750000000         2.3042330881         1.2539893802         1.0634100479        -2.1375846017         4.5151540233         1.3864955226 
        2.2800000000         2.4146998522         1.2514430748         0.9970795809        -2.1311787144         4.6478563735         1.3915897233 
        2.2850001000         2.5246645311         1.2590819910         1.1960709821        -2.1247728272         4.6478563735         1.3915897233 
        2.2900000000         2.6340975786         1.2565356856         1.1297405150        -2.1151639963         4.7805587237         1.3966839240 
        2.2950000000         2.7429827226         1.2565356856         1.1297405150        -2.1151639963         4.6478563735         1.3915897233 
        2.3000000000         2.8512950297         1.2616282964         1.2624014491        -2.1215698835         4.7805587237         1.3966839240 
        2.3050001000         2.9590140286         1.2641746018         1.3287319162        -2.1119610526         4.7805587237         1.3966839240 
        2.3100000000         3.0661107793         1.2718135180         1.5277233174        -2.0959463345         4.6478563735         1.3915897233 
        2.3150000000         3.1725693603         1.2769061288         1.6603842515        -2.0831345600         4.7805587237         1.3966839240 
        2.3200000000         3.2783653908         1.2819987396         1.7930451856        -2.0767286727         4.3161004979         1.3788542216 
        2.3250000000         3.3834767767         1.2794524342         1.7267147186        -2.0607139545         4.8469098988         1.3992310243 
        2.3300000000         3.4878815667         1.2794524342         1.7267147186        -2.0671198418         5.0459634242         1.4068723253 
        2.3350000000         3.5915579574         1.2743598234         1.5940537844        -2.0671198418         4.7805587237         1.3966839240 
        2.3400000000         3.6944842972         1.2845450450         1.8593756527        -2.0479021800         4.7142075486         1.3941368236 
        2.3450000000         3.7966390912         1.2870913504         1.9257061197        -2.0414962928         4.6478563735         1.3915897233 
        2.3500000000         3.8980010058         1.2896376558         1.9920365868        -2.0286845182         4.4488028481         1.3839484223 
        2.3550000000         3.9985488728         1.2921839612         2.0583670539        -2.0286845182         4.4488028481         1.3839484223 
        2.3600000000         4.0982616940         1.2998228774         2.2573584551        -2.0126698001         4.6478563735         1.3915897233 
        2.3650000000         4.1971186458         1.3125544044         2.5890107904        -1.9966550819         4.7142075486         1.3941368236 
        2.3700000000         4.2950990831         1.3023691828         2.3236889221        -1.9870462510         4.3824516730         1.3814013219 
        2.3750000000         4.3921825440         1.3151007098         2.6553412574        -1.9774374201         5.0459634242         1.4068723253 
        2.3800000000         4.4883487538         1.3125544044         2.5890107904        -1.9614227020         5.0459634242         1.4068723253 
        2.3850001000         4.5835795244         1.3354711529         3.1859849939        -1.9390020966         4.9132610740         1.4017781247 
        2.3900001000         4.6778511592         1.3227396259         2.8543326586        -1.9357991529         4.6478563735         1.3915897233 
        2.3950000000         4.7711440287         1.3227396259         2.8543326586        -1.9325962093         4.7142075486         1.3941368236 
        2.4000000000         4.8634423816         1.3252859313         2.9206631257        -1.9101756039         4.3824516730         1.3814013219 
        2.4050000000         4.9547250668         1.3380174583         3.2523154610        -1.8941608857         4.6478563735         1.3915897233 
        2.4100001000         5.0449748156         1.3354711529         3.1859849939        -1.8685373367         4.7805587237         1.3966839240 
        2.4150000000         5.1341673974         1.3431100691         3.3849763951        -1.8525226185         4.8469098988         1.3992310243 
        2.4200000000         5.2222895686         1.3482026799         3.5176373292        -1.8429137876         4.7805587237         1.3966839240 
        2.4250000000         5.3093211315         1.3405637637         3.3186459280        -1.8268990695         4.9796122491         1.4043252250 
        2.4300001000         5.3952456179         1.3431100691         3.3849763951        -1.8172902386         4.7805587237         1.3966839240 
        2.4350000000         5.4800399622         1.3252859313         2.9206631257        -1.8012755204         4.8469098988         1.3992310243 
        2.4400000000         5.5636915776         1.3558415961         3.7166287304        -1.7724490278         4.5815051984         1.3890426230 
        2.4450000000         5.6461812872         1.3558415961         3.7166287304        -1.7564343096         4.6478563735         1.3915897233 
        2.4500000000         5.7274918642         1.3660268177         3.9819505987        -1.7404195915         4.7142075486         1.3941368236 
        2.4550000000         5.8076063278         1.3532952907         3.6502982634        -1.7147960424         4.3824516730         1.3814013219 
        2.4600000000         5.8865079473         1.3711194285         4.1146115328        -1.6987813243         4.5815051984         1.3890426230 
        2.4650000000         5.9641802449         1.3609342069         3.8492896645        -1.6891724934         4.7805587237         1.3966839240 
        2.4700000000         6.0406069998         1.3507489853         3.5839677963        -1.6667518879         4.8469098988         1.3992310243 
        2.4750000000         6.1157722514         1.3863972609         4.5125943352        -1.6347224516         4.7805587237         1.3966839240 
        2.4800000000         6.1896603022         1.3787583447         4.3136029340        -1.6251136207         5.0459634242         1.4068723253 
        2.4850000000         6.2622557217         1.3736657339         4.1809419998        -1.6090989026         4.8469098988         1.3992310243 
        2.4900000000         6.3335433493         1.3863972609         4.5125943352        -1.5802724099         5.0459634242         1.4068723253 
        2.4950000000         6.4035082975         1.3863972609         4.5125943352        -1.5610547481         4.9796122491         1.4043252250 
        2.5000000000         6.4721359550         1.3991287878         4.8442466705        -1.5354311991         4.9796122491         1.4043252250 
        2.5050000000         6.5394119898         1.3863972609         4.5125943352        -1.5034017628         4.8469098988         1.3992310243 
        2.5100001000         6.6053236565         1.3991287878         4.8442466705        -1.4873870446         4.7142075486         1.3941368236 
        2.5150001000         6.6698545541         1.3914898717         4.6452552693        -1.4713723265         4.8469098988         1.3992310243 
        2.5200000000         6.7329912892         1.3991287878         4.8442466705        -1.4393428902         5.0459634242         1.4068723253 
        2.5250000000         6.7947232021         1.4067677040         5.0432380717        -1.4073134538         4.5151540233         1.3864955226 
        2.5300000000         6.8550361240         1.4067677040         5.0432380717        -1.3880957921         4.6478563735         1.3915897233 
        2.5350001000         6.9139186227         1.4093140094         5.1095685387        -1.3688781303         4.3824516730         1.3814013219 
        2.5400000000         6.9713549117         1.4016750932         4.9105771375        -1.3432545812         4.7142075486         1.3941368236 
        2.5450000000         7.0273364858         1.4144066202         5.2422294728        -1.3176310322         4.9132610740         1.4017781247 
        2.5500000000         7.0818504907         1.4118603148         5.1758990058        -1.2952104268         4.6478563735         1.3915897233 
        2.5550001000         7.1348865876         1.4194992310         5.3748904070        -1.2695868777         4.5151540233         1.3864955226 
        2.5600000000         7.1864305633         1.4194992310         5.3748904070        -1.2439633287         4.3824516730         1.3814013219 
        2.5650000000         7.2364747909         1.4067677040         5.0432380717        -1.2279486105         4.7805587237         1.3966839240 
        2.5700000000         7.2850077734         1.4042213986         4.9769076046        -1.1895132869         4.7805587237         1.3966839240 
        2.5750000000         7.3320193753         1.4475085904         6.1045255446        -1.1542809070         4.7805587237         1.3966839240 
        2.5800000000         7.3774997788         1.4245918418         5.5075513411        -1.1254544143         4.7142075486         1.3941368236 
        2.5850000000         7.4214394860         1.4118603148         5.1758990058        -1.1126426398         4.6478563735         1.3915897233 
        2.5900000000         7.4638293206         1.4475085904         6.1045255446        -1.0774102599         4.6478563735         1.3915897233 
        2.5950000000         7.5046604300         1.4194992310         5.3748904070        -1.0549896545         4.5815051984         1.3890426230 
        2.6000000000         7.5439242871         1.4271381472         5.5738818081        -1.0357719927         4.7805587237         1.3966839240 
        2.6050000000         7.5816126923         1.4373233688         5.8392036764        -1.0005396127         5.0459634242         1.4068723253 
        2.6100000000         7.6177177748         1.4500548958         6.1708560117        -0.9653072328         4.9132610740         1.4017781247 
        2.6150000000         7.6522319945         1.4449622850         6.0381950776        -0.9428866274         4.3824516730         1.3814013219 
        2.6200000000         7.6851481434         1.4602401174         6.4361778800        -0.9076542474         4.8469098988         1.3992310243 
        2.6250000000         7.7164593477         1.4475085904         6.1045255446        -0.8820306984         4.7805587237         1.3966839240 
        2.6300000000         7.7461590682         1.4678790336         6.6351692811        -0.8628130366         4.8469098988         1.3992310243 
        2.6350001000         7.7742416479         1.4526012012         6.2371864788        -0.8211747694         4.7805587237         1.3966839240 
        2.6400001000         7.8007000991         1.4729716443         6.7678302153        -0.7827394458         4.8469098988         1.3992310243 
        2.6450000000         7.8255289936         1.4653327282         6.5688388141        -0.7539129532         4.8469098988         1.3992310243 
        2.6500000000         7.8487241395         1.4475085904         6.1045255446        -0.7411011786         4.7805587237         1.3966839240 
        2.6550000000         7.8702801799         1.4729716443         6.7678302153        -0.6994629114         4.7142075486         1.3941368236 
        2.6600001000         7.8901929949         1.4653327282         6.5688388141        -0.6738393624         4.6478563735         1.3915897233 
        2.6650000000         7.9084572806         1.4780642551         6.9004911494        -0.6450128697         4.7142075486         1.3941368236 
        2.6700000000         7.9250703680         1.4678790336         6.6351692811        -0.6161863770         4.8469098988         1.3992310243 
        2.6750000000         7.9400284060         1.4627864228         6.5025083470        -0.5777510535         4.5815051984         1.3890426230 
        2.6800001000         7.9533285201         1.4780642551         6.9004911494        -0.5457216171         4.5151540233         1.3864955226 
        2.6850000000         7.9649671846         1.4755179497         6.8341606823        -0.5008804063         4.4488028481         1.3839484223 
        2.6900000000         7.9749427172         1.4882494767         7.1658130176        -0.4752568573         4.7805587237         1.3966839240 
        2.6950000000         7.9832527851         1.4857031713         7.0994825506        -0.4336185901         4.9796122491         1.4043252250 
        2.7000000000         7.9898956528         1.4551475066         6.3035169458        -0.4111979846         4.5815051984         1.3890426230 
        2.7050000000         7.9948699332         1.4933420875         7.2984739518        -0.3695597174         4.9796122491         1.4043252250 
        2.7100000000         7.9981745874         1.4857031713         7.0994825506        -0.3375302811         4.7142075486         1.3941368236 
        2.7150000000         7.9998089252         1.4958883929         7.3648044188        -0.2926890703         4.8469098988         1.3992310243 
        2.7200000000         7.9997726054         1.4933420875         7.2984739518        -0.2542537467         4.7805587237         1.3966839240 
        2.7250000000         7.9980656355         1.4907957821         7.2321434847        -0.2318331413         4.6478563735         1.3915897233 
        2.7300000000         7.9946883720         1.4831568659         7.0331520835        -0.1998037050         4.5815051984         1.3890426230 
        2.7350000000         7.9896415202         1.5009810037         7.4974653529        -0.1677742687         4.7805587237         1.3966839240 
        2.7400000000         7.9829261341         1.4806105605         6.9668216164        -0.1261360015         4.9796122491         1.4043252250 
        2.7450000000         7.9745436161         1.5035273091         7.5637958200        -0.0909036216         4.7805587237         1.3966839240 
        2.7500000000         7.9644957168         1.4882494767         7.1658130176        -0.0556712416         4.6478563735         1.3915897233 
        2.7550000000         7.9527845346         1.4958883929         7.3648044188        -0.0236418053         4.7142075486         1.3941368236 
        2.7600001000         7.9394122311         1.4933420875         7.2984739518         0.0147935183         4.9796122491         1.4043252250 
        2.7650001000         7.9243821338         1.4882494767         7.1658130176         0.0500258982         4.9796122491         1.4043252250 
        2.7700000000         7.9076974811         1.5137125307         7.8291176883         0.0916641654         4.7805587237         1.3966839240 
        2.7750000000         7.8893610898         1.5060736145         7.6301262871         0.1204906581         4.7142075486         1.3941368236 
        2.7800000000         7.8693771065         1.4958883929         7.3648044188         0.1557230380         5.0459634242         1.4068723253 
        2.7850001000         7.8477492556         1.5086199199         7.6964567541         0.1877524743         4.8469098988         1.3992310243 
        2.7900000000         7.8244834006         1.4984346983         7.4311348859         0.2325936852         5.0459634242         1.4068723253 
        2.7950000000         7.7995830535         1.5086199199         7.6964567541         0.2710290087         5.0459634242         1.4068723253 
        2.8000000000         7.7730538633         1.4984346983         7.4311348859         0.3158702196         4.9132610740         1.4017781247 
        2.8050001000         7.7449007911         1.5086199199         7.6964567541         0.3414937686         4.4488028481         1.3839484223 
        2.8100000000         7.7151314540         1.5086199199         7.6964567541         0.3799290922         4.9132610740         1.4017781247 
        2.8150005000         7.6837471127         1.5009810037         7.4974653529         0.4151614721         4.7805587237         1.3966839240 
        2.8200000000         7.6507645555         1.4984346983         7.4311348859         0.4471909084         4.5815051984         1.3890426230 
        2.8250000000         7.6161810156         1.4933420875         7.2984739518         0.4856262320         4.9132610740         1.4017781247 
        2.8300000000         7.5800069338         1.5060736145         7.6301262871         0.5272644992         4.9796122491         1.4043252250 
        2.8350000000         7.5422498646         1.5009810037         7.4974653529         0.5592939355         4.5815051984         1.3890426230 
        2.8400000000         7.5029176932         1.4704253390         6.7014997482         0.6041351463         4.9132610740         1.4017781247 
        2.8450000000         7.4620186335         1.5188051415         7.9617786224         0.6457734135         4.5815051984         1.3890426230 
        2.8500000000         7.4195612267         1.4780642551         6.9004911494         0.6681940190         4.5815051984         1.3890426230 
        2.8550000000         7.3755543396         1.4907957821         7.2321434847         0.6938175680         4.7805587237         1.3966839240 
        2.8600000000         7.3300071623         1.4780642551         6.9004911494         0.7322528916         4.7805587237         1.3966839240 
        2.8650000000         7.2829292070         1.4806105605         6.9668216164         0.7706882151         4.7805587237         1.3966839240 
        2.8700000000         7.2343303052         1.4984346983         7.4311348859         0.8219353132         4.8469098988         1.3992310243 
        2.8750000000         7.1842206061         1.4857031713         7.0994825506         0.8507618059         4.9796122491         1.4043252250 
        2.8800000000         7.1326105745         1.4755179497         6.8341606823         0.8924000731         4.7805587237         1.3966839240 
        2.8850001000         7.0795099118         1.4984346983         7.4311348859         0.9180236222         4.6478563735         1.3915897233 
        2.8900001000         7.0249318311         1.4678790336         6.6351692811         0.9468501148         4.6478563735         1.3915897233 
        2.8950000000         6.9688878190         1.4831568659         7.0331520835         0.9852854384         4.9132610740         1.4017781247 
        2.9000000000         6.9113873375         1.4704253390         6.7014997482         1.0205178183         4.9796122491         1.4043252250 
        2.9050000000         6.8524435014         1.4729716443         6.7678302153         1.0621560855         4.7805587237         1.3966839240 
        2.9100001000         6.7920673984         1.4857031713         7.0994825506         1.0973884655         4.8469098988         1.3992310243 
        2.9150000000         6.7302753023         1.4704253390         6.7014997482         1.1230120145         4.7142075486         1.3941368236 
        2.9200000000         6.6670764527         1.4755179497         6.8341606823         1.1486355636         4.7805587237         1.3966839240 
        2.9250000000         6.6024852695         1.4755179497         6.8341606823         1.1998826617         4.8469098988         1.3992310243 
        2.9300001000         6.5365139088         1.4576938120         6.3698474129         1.2223032671         4.5815051984         1.3890426230 
        2.9350000000         6.4691801467         1.4780642551         6.9004911494         1.2447238725         4.7805587237         1.3966839240 
        2.9400000000         6.4004940461         1.4424159796         5.9718646105         1.2799562524         4.8469098988         1.3992310243 
        2.9450000000         6.3304712843         1.4424159796         5.9718646105         1.3183915760         4.9796122491         1.4043252250 
        2.9500000000         6.2591264846         1.4704253390         6.7014997482         1.3568268996         4.8469098988         1.3992310243 
        2.9550000000         6.1864745465         1.4449622850         6.0381950776         1.3824504486         4.3824516730         1.3814013219 
        2.9600000000         6.1125306424         1.4653327282         6.5688388141         1.4112769413         4.7805587237         1.3966839240 
        2.9650000000         6.0373102146         1.4347770634         5.7728732093         1.4369004904         4.5151540233         1.3864955226 
        2.9700000000         5.9608289718         1.4500548958         6.1708560117         1.4657269830         4.5815051984         1.3890426230 
        2.9750000000         5.8831028862         1.4373233688         5.8392036764         1.4977564193         4.8469098988         1.3992310243 
        2.9800000000         5.8041481900         1.4169529256         5.3085599399         1.5329887993         4.7142075486         1.3941368236 
        2.9850000000         5.7239813717         1.4500548958         6.1708560117         1.5586123483         4.7805587237         1.3966839240 
        2.9900000000         5.6426191732         1.4245918418         5.5075513411         1.5874388410         5.0459634242         1.4068723253 
        2.9950000000         5.5600785859         1.4475085904         6.1045255446         1.6258741646         4.5151540233         1.3864955226 
        3.0000000000         5.4763768474         1.4449622850         6.0381950776         1.6418888827         4.5815051984         1.3890426230 
        3.0050000000         5.3915314378         1.3940361771         4.7115857363         1.6611065445         4.5815051984         1.3890426230 
        3.0100001000         5.3055583453         1.4271381472         5.5738818081         1.6931359808         4.5815051984         1.3890426230 
        3.0150001000         5.2184789630         1.4296844526         5.6402122752         1.7251654171         4.3824516730         1.3814013219 
        3.0200000000         5.1303115425         1.3965824825         4.7779162034         1.7379771917         4.7805587237         1.3966839240 
        3.0250000000         5.0410709695         1.4144066202         5.2422294728         1.7700066280         4.5815051984         1.3890426230 
        3.0300000000         4.9507776334         1.4067677040         5.0432380717         1.7956301770         4.5815051984         1.3890426230 
        3.0350001000         4.8594485540         1.4169529256         5.3085599399         1.8276596133         4.9796122491         1.4043252250 
        3.0400000000         4.7671083142         1.4144066202         5.2422294728         1.8468772751         4.9796122491         1.4043252250 
        3.0450000000         4.6737706880         1.3914898717         4.6452552693         1.8757037678         4.9796122491         1.4043252250 
        3.0500000000         4.5794570048         1.4016750932         4.9105771375         1.8981243732         4.9132610740         1.4017781247 
        3.0550001000         4.4841850457         1.4067677040         5.0432380717         1.9301538095         4.7805587237         1.3966839240 
        3.0600000000         4.3879804513         1.4194992310         5.3748904070         1.9589803022         4.7805587237         1.3966839240 
        3.0650000000         4.2908575685         1.3863972609         4.5125943352         1.9814009076         4.7805587237         1.3966839240 
        3.0700000000         4.1928385950         1.3965824825         4.7779162034         2.0006185694         4.6478563735         1.3915897233 
        3.0750001000         4.0939420144         1.3787583447         4.3136029340         2.0102274003         4.7805587237         1.3966839240 
        3.0800000000         3.9941944390         1.3736657339         4.1809419998         2.0326480057         4.7805587237         1.3966839240 
        3.0850000000         3.8936107408         1.3787583447         4.3136029340         2.0710833293         4.5151540233         1.3864955226 
        3.0900000000         3.7922139118         1.3787583447         4.3136029340         2.0870980474         4.9796122491         1.4043252250 
        3.0950000000         3.6900251275         1.3711194285         4.1146115328         2.1063157092         4.9796122491         1.4043252250 
        3.1000000000         3.5870657287         1.3863972609         4.5125943352         2.1319392583         4.8469098988         1.3992310243 
        3.1050000000         3.4833572172         1.3711194285         4.1146115328         2.1543598637         4.7805587237         1.3966839240 
        3.1100000000         3.3789212511         1.3685731231         4.0482810657         2.1639686946         4.5151540233         1.3864955226 
        3.1150000000         3.2737796406         1.3583879015         3.7829591975         2.1927951872         4.9796122491         1.4043252250 
        3.1200000000         3.1679543431         1.3711194285         4.1146115328         2.2024040181         4.8469098988         1.3992310243 
        3.1250000000         3.0614674589         1.3583879015         3.7829591975         2.2248246236         4.6478563735         1.3915897233 
        3.1300000000         2.9543412265         1.3660268177         3.9819505987         2.2504481726         5.0459634242         1.4068723253 
        3.1350001000         2.8465958568         1.3634805123         3.9156201316         2.2696658344         4.9796122491         1.4043252250 
        3.1400001000         2.7382581608         1.3787583447         4.3136029340         2.2920864398         4.9796122491         1.4043252250 
        3.1450000000         2.6293507984         1.3660268177         3.9819505987         2.3209129325         4.8469098988         1.3992310243 
        3.1500000000         2.5198921572         1.3431100691         3.3849763951         2.3241158761         4.5815051984         1.3890426230 
        3.1550000000         2.4099072689         1.3482026799         3.5176373292         2.3433335379         4.7805587237         1.3966839240 
        3.1600001000         2.2994168876         1.3583879015         3.7829591975         2.3753629742         4.7805587237         1.3966839240 
        3.1650000000         2.1884507313         1.3558415961         3.7166287304         2.3849718051         4.6478563735         1.3915897233 
        3.1700000000         2.0770253305         1.3482026799         3.5176373292         2.4170012414         4.9132610740         1.4017781247 
        3.1750000000         1.9651661695         1.3431100691         3.3849763951         2.4234071287         4.3824516730         1.3814013219 
        3.1800001000         1.8528943594         1.3380174583         3.2523154610         2.4330159596         4.7142075486         1.3941368236 
        3.1850000000         1.7402400943         1.3303785421         3.0533240598         2.4490306777         4.7805587237         1.3966839240 
        3.1900000000         1.6272201530         1.3278322367         2.9869935927         2.4618424522         4.3824516730         1.3814013219 
        3.1950000000         1.5138603876         1.3303785421         3.0533240598         2.4874660013         4.9796122491         1.4043252250 
        3.2000001000         1.4001821953         1.3354711529         3.1859849939         2.5002777758         4.9132610740         1.4017781247 
        3.2050000000         1.2862161454         1.3354711529         3.1859849939         2.5226983812         4.7805587237         1.3966839240 
        3.2100000000         1.1719792093         1.3176470152         2.7216717245         2.5323072121         4.6478563735         1.3915897233 
        3.2150000000         1.0574975203         1.3303785421         3.0533240598         2.5451189866         4.6478563735         1.3915897233 
        3.2200000000         0.9427949865         1.3201933206         2.7880021915         2.5643366484         4.5815051984         1.3890426230 
        3.2250000000         0.8278955620         1.3227396259         2.8543326586         2.5675395921         4.7805587237         1.3966839240 
        3.2300000000         0.7128232421         1.3100080990         2.5226803233         2.5835543102         4.7805587237         1.3966839240 
        3.2350000000         0.5976020583         1.2998228774         2.2573584551         2.6027719720         4.8469098988         1.3992310243 
        3.2400000000         0.4822560729         1.3049154882         2.3900193892         2.6123808029         4.7805587237         1.3966839240 
        3.2450000000         0.3668093745         1.2947302666         2.1246975209         2.6219896338         4.7142075486         1.3941368236 
        3.2500000000         0.2512860726         1.2921839612         2.0583670539         2.6444102392         4.9132610740         1.4017781247 
        3.2550000000         0.1357102929         1.2845450450         1.8593756527         2.6540190701         4.9132610740         1.4017781247 
        3.2600001000         0.0201038596         1.2667209072         1.3950623832         2.6636279010         4.9132610740         1.4017781247 
        3.2650001000        -0.0955044602         1.2718135180         1.5277233174         2.6668308446         4.5815051984         1.3890426230 
        3.2700000000        -0.2110905238         1.2565356856         1.1297405150         2.6860485064         4.7805587237         1.3966839240 
        3.2750000000        -0.3266348158         1.2514430748         0.9970795809         2.6732367319         4.7805587237         1.3966839240 
        3.2800000000        -0.4421108944         1.2463504641         0.8644186468         2.6892514500         4.9132610740         1.4017781247 
        3.2850001000        -0.5574969503         1.2387115479         0.6654272456         2.6956573373         4.8469098988         1.3992310243 
        3.2900000000        -0.6727619675         1.2132484939         0.0021225749         2.6956573373         4.7805587237         1.3966839240 
        3.2950000000        -0.7878887935         1.2234337155         0.2674444432         2.6924543937         4.7805587237         1.3966839240 
        3.3000000000        -0.9028510790         1.2208874101         0.2011139761         2.6892514500         4.7142075486         1.3941368236 
        3.3050001000        -1.0176271091         1.2132484939         0.0021225749         2.6892514500         5.0459634242         1.4068723253 
        3.3100000000        -1.1321860344         1.2132484939         0.0021225749         2.6892514500         4.7805587237         1.3966839240 
        3.3150000000        -1.2465108105         1.2132484939         0.0021225749         2.6924543937         5.0459634242         1.4068723253 
        3.3200000000        -1.3605752689         1.2208874101         0.2011139761         2.6988602809         4.5151540233         1.3864955226 
        3.3250001000        -1.4743578611         1.2157947993         0.0684530420         2.6892514500         4.5815051984         1.3890426230 
        3.3300000000        -1.5878280078         1.1394056374        -1.9214609699         2.6764396755         4.7805587237         1.3966839240 
        3.3350000000        -1.7009688296         1.1750539129        -0.9928344310         2.6668308446         4.5151540233         1.3864955226 
        3.3400000000        -1.8137544259         1.1623223860        -1.3244867663         2.6668308446         4.9796122491         1.4043252250 
        3.3450000000        -1.9261612427         1.1648686914        -1.2581562992         2.6540190701         4.7805587237         1.3966839240 
        3.3500000000        -2.0381658055         1.1750539129        -0.9928344310         2.6636279010         4.7805587237         1.3966839240 
        3.3550000000        -2.1497447234         1.1776002183        -0.9265039639         2.6476131828         4.7805587237         1.3966839240 
        3.3600000000        -2.2608746946         1.1623223860        -1.3244867663         2.6412072956         4.3824516730         1.3814013219 
        3.3650000000        -2.3715325112         1.1597760806        -1.3908172334         2.6251925774         4.7805587237         1.3966839240 
        3.3700000000        -2.4816950635         1.1444982482        -1.7888000357         2.6187866901         4.7805587237         1.3966839240 
        3.3750000000        -2.5913393456         1.1699613022        -1.1254953651         2.6251925774         4.8469098988         1.3992310243 
        3.3800000000        -2.7004424596         1.1546834698        -1.5234781675         2.6123808029         4.7142075486         1.3941368236 
        3.3850001000        -2.8089837859         1.1572297752        -1.4571477004         2.6123808029         4.5151540233         1.3864955226 
        3.3900001000        -2.9169363153         1.1470445536        -1.7224695687         2.5899601975         4.6478563735         1.3915897233 
        3.3950000000        -3.0242775393         1.1444982482        -1.7888000357         2.5867572538         4.6478563735         1.3915897233 
        3.4000000000        -3.1309893347         1.1292204158        -2.1867828381         2.5643366484         4.8469098988         1.3992310243 
        3.4050000000        -3.2370472631         1.1444982482        -1.7888000357         2.5707425357         4.5815051984         1.3890426230 
        3.4100001000        -3.3424312763         1.1317667212        -2.1204523710         2.5515248739         4.9796122491         1.4043252250 
        3.4150000000        -3.4471130645         1.1419519428        -1.8551305028         2.5515248739         4.7805587237         1.3966839240 
        3.4200000000        -3.5510770681         1.1292204158        -2.1867828381         2.5323072121         4.8469098988         1.3992310243 
        3.4250000000        -3.6542994747         1.1215814996        -2.3857742393         2.5226983812         4.6478563735         1.3915897233 
        3.4300001000        -3.7567607690         1.1190351942        -2.4521047063         2.5002777758         4.7805587237         1.3966839240 
        3.4350000000        -3.8584334296         1.1139425834        -2.5847656405         2.4874660013         4.8469098988         1.3992310243 
        3.4400000000        -3.9593023471         1.1215814996        -2.3857742393         2.4842630577         5.0459634242         1.4068723253 
        3.4450000000        -4.0593444151         1.1190351942        -2.4521047063         2.4714512831         4.9796122491         1.4043252250 
        3.4500001000        -4.1585407162         1.1190351942        -2.4521047063         2.4682483395         4.8469098988         1.3992310243 
        3.4550000000        -4.2568646093         1.1292204158        -2.1867828381         2.4554365650         4.8469098988         1.3992310243 
        3.4600000000        -4.3543014859         1.1113962780        -2.6510961075         2.4362189032         4.3161004979         1.3788542216 
        3.4650000000        -4.4508290224         1.1113962780        -2.6510961075         2.4137982978         4.7805587237         1.3966839240 
        3.4700000000        -4.5464270603         1.1113962780        -2.6510961075         2.4009865232         4.6478563735         1.3915897233 
        3.4750000000        -4.6410756351         1.1063036672        -2.7837570417         2.3881747487         4.5151540233         1.3864955226 
        3.4800000000        -4.7347549807         1.1139425834        -2.5847656405         2.3881747487         4.5815051984         1.3890426230 
        3.4850000000        -4.8274455334         1.1139425834        -2.5847656405         2.3785659178         4.5815051984         1.3890426230 
        3.4900000000        -4.9191279358         1.1139425834        -2.5847656405         2.3593482560         4.6478563735         1.3915897233 
        3.4950000000        -5.0097830414         1.1012110564        -2.9164179758         2.3433335379         4.6478563735         1.3915897233 
        3.5000000000        -5.0993919180         1.1037573618        -2.8500875087         2.3273188197         4.3824516730         1.3814013219 
        3.5050000000        -5.1879358518         1.0935721403        -3.1154093770         2.3048982143         4.7805587237         1.3966839240 
        3.5100001000        -5.2753980900         1.0935721403        -3.1154093770         2.2952893834         4.4488028481         1.3839484223 
        3.5150001000        -5.3617568687         1.0961184457        -3.0490789099         2.2920864398         4.7805587237         1.3966839240 
        3.5200000000        -5.4469942196         1.0859332241        -3.3144007782         2.2728687780         4.7142075486         1.3941368236 
        3.5250000000        -5.5310957516         1.0859332241        -3.3144007782         2.2472452290         4.6478563735         1.3915897233 
        3.5300000000        -5.6140421851         1.0732016971        -3.6460531135         2.2312305108         4.5815051984         1.3890426230 
        3.5350001000        -5.6958178214         1.0706553917        -3.7123835805         2.2024040181         4.7805587237         1.3966839240 
        3.5400000000        -5.7764007122         1.0604701701        -3.9777054488         2.1831863564         4.7805587237         1.3966839240 
        3.5450000000        -5.8557788993         1.0655627809        -3.8450445146         2.1735775255         4.9796122491         1.4043252250 
        3.5500000000        -5.9339341819         1.0655627809        -3.8450445146         2.1543598637         4.9796122491         1.4043252250 
        3.5550001000        -6.0108517642         1.0604701701        -3.9777054488         2.1415480891         4.7805587237         1.3966839240 
        3.5600000000        -6.0865110057         1.0732016971        -3.6460531135         2.1223304274         4.8469098988         1.3992310243 
        3.5650000000        -6.1609006832         1.0604701701        -3.9777054488         2.0935039347         4.7142075486         1.3941368236 
        3.5700000000        -6.2340037355         1.0630164755        -3.9113749817         2.0774892165         4.6478563735         1.3915897233 
        3.5750001000        -6.3058063188         1.0553775593        -4.1103663829         2.0550686111         4.7142075486         1.3941368236 
        3.5800000000        -6.3762891697         1.0604701701        -3.9777054488         2.0262421184         4.8469098988         1.3992310243 
        3.5850000000        -6.4454418372         1.0655627809        -3.8450445146         2.0134303439         5.0459634242         1.4068723253 
        3.5900000000        -6.5132484567         1.0502849485        -4.2430273170         1.9942126821         4.9796122491         1.4043252250 
        3.5950000000        -6.5796948676         1.0553775593        -4.1103663829         1.9717920767         4.9796122491         1.4043252250 
        3.6000000000        -6.6447671936         1.0553775593        -4.1103663829         1.9621832458         4.8469098988         1.3992310243 
        3.6050000000        -6.7084518450         1.0604701701        -3.9777054488         1.9333567531         4.8469098988         1.3992310243 
        3.6100000000        -6.7707355221         1.0451923377        -4.3756882511         1.9045302605         4.4488028481         1.3839484223 
        3.6150000000        -6.8316052178         1.0451923377        -4.3756882511         1.8853125987         4.7142075486         1.3941368236 
        3.6200000000        -6.8910482202         1.0197292838        -5.0389929218         1.8500802187         4.6478563735         1.3915897233 
        3.6250000000        -6.9490521155         1.0477386431        -4.3093577841         1.8308625570         4.7805587237         1.3966839240 
        3.6300000000        -7.0056047902         1.0273681999        -4.8400015206         1.8084419515         4.7805587237         1.3966839240 
        3.6350001000        -7.0606955212         1.0299145053        -4.7736710535         1.7892242898         4.7805587237         1.3966839240 
        3.6400001000        -7.1143105998         1.0273681999        -4.8400015206         1.7636007407         4.9132610740         1.4017781247 
        3.6450000000        -7.1664389181         1.0400997269        -4.5083491853         1.7411801353         4.5151540233         1.3864955226 
        3.6500000000        -7.2170716749         1.0299145053        -4.7736710535         1.7251654171         4.9796122491         1.4043252250 
        3.6550000000        -7.2661972387         1.0400997269        -4.5083491853         1.6963389245         4.7142075486         1.3941368236 
        3.6600001000        -7.3138062872         1.0120903676        -5.2379843229         1.6771212627         4.7805587237         1.3966839240 
        3.6650000000        -7.3598860673         1.0528312539        -4.1766968500         1.6514977136         4.7805587237         1.3966839240 
        3.6700000000        -7.4044297663         1.0248218946        -4.9063319876         1.6386859391         4.9796122491         1.4043252250 
        3.6750000000        -7.4474271449         1.0477386431        -4.3093577841         1.6162653337         4.9796122491         1.4043252250 
        3.6800001000        -7.4888700370         1.0273681999        -4.8400015206         1.5938447283         4.9796122491         1.4043252250 
        3.6850000000        -7.5287473482         1.0451923377        -4.3756882511         1.5746270665         4.9796122491         1.4043252250 
        3.6900000000        -7.5670531902         1.0248218946        -4.9063319876         1.5490035174         4.9796122491         1.4043252250 
        3.6950000000        -7.6037787500         1.0222755892        -4.9726624547         1.5329887993         4.7805587237         1.3966839240 
        3.7000001000        -7.6389170448         1.0248218946        -4.9063319876         1.5137711375         4.8469098988         1.3992310243 
        3.7050000000        -7.6724586761         1.0350071161        -4.6410101194         1.4881475885         4.7805587237         1.3966839240 
        3.7100000000        -7.7043986995         1.0248218946        -4.9063319876         1.4593210958         4.6478563735         1.3915897233 
        3.7150000000        -7.7347297578         1.0120903676        -5.2379843229         1.4240887158         4.7805587237         1.3966839240 
        3.7200020000        -7.7634566792         1.0171829784        -5.1053233888         1.3984651668         4.7805587237         1.3966839240 
        3.7250000000        -7.7905399798         1.0171829784        -5.1053233888         1.3824504486         4.9796122491         1.4043252250 
        3.7300000000        -7.8160074882         1.0426460323        -4.4420187182         1.3568268996         5.0459634242         1.4068723253 
        3.7350000000        -7.8398427235         1.0197292838        -5.0389929218         1.3344062942         4.9796122491         1.4043252250 
        3.7400000000        -7.8620407081         1.0350071161        -4.6410101194         1.3087827451         5.0459634242         1.4068723253 
        3.7450000000        -7.8825968061         1.0324608107        -4.7073405865         1.2863621397         5.0459634242         1.4068723253 
        3.7500000000        -7.9015067248         1.0299145053        -4.7736710535         1.2671444779         4.9796122491         1.4043252250 
        3.7550000000        -7.9187665149         1.0197292838        -5.0389929218         1.2447238725         4.9796122491         1.4043252250 
        3.7600001000        -7.9343728676         1.0248218946        -4.9063319876         1.2191003235         4.4488028481         1.3839484223 
        3.7650001000        -7.9483218995         1.0248218946        -4.9063319876         1.1966797180         4.6478563735         1.3915897233 
        3.7700000000        -7.9606107969         1.0350071161        -4.6410101194         1.1710561690         4.3824516730         1.3814013219 
        3.7750000000        -7.9712374852         1.0120903676        -5.2379843229         1.1422296763         4.6478563735         1.3915897233 
        3.7800000000        -7.9801994825         1.0171829784        -5.1053233888         1.1102002400         4.5151540233         1.3864955226 
        3.7850001000        -7.9874950466         1.0146366730        -5.1716538559         1.0877796346         4.7805587237         1.3966839240 
        3.7900000000        -7.9931222662         1.0171829784        -5.1053233888         1.0717649164         4.4488028481         1.3839484223 
        3.7950000000        -7.9970803538         1.0299145053        -4.7736710535         1.0525472547         4.5815051984         1.3890426230 
        3.8000000000        -7.9993683536         1.0146366730        -5.1716538559         1.0205178183         4.7805587237         1.3966839240 
        3.8050001000        -7.9999857834         1.0375534215        -4.5746796523         0.9884883820         4.9132610740         1.4017781247 
        3.8100000000        -7.9989325273         1.0146366730        -5.1716538559         0.9756766075         4.9796122491         1.4043252250 
        3.8150000000        -7.9962087923         1.0171829784        -5.1053233888         0.9404442276         4.7805587237         1.3966839240 
        3.8200000000        -7.9918151514         1.0069977568        -5.3706452571         0.9148206785         4.7805587237         1.3966839240 
        3.8250001000        -7.9857523843         1.0273681999        -4.8400015206         0.8924000731         4.7805587237         1.3966839240 
        3.8300000000        -7.9780221709         0.9968125352        -5.6359671253         0.8699794677         4.7805587237         1.3966839240 
        3.8350000000        -7.9686257119         1.0120903676        -5.2379843229         0.8443559186         4.8469098988         1.3992310243 
        3.8400000000        -7.9575651074         1.0044514514        -5.4369757241         0.8251382569         5.0459634242         1.4068723253 
        3.8450000000        -7.9448426673         1.0095440622        -5.3043147900         0.7899058769         4.6478563735         1.3915897233 
        3.8500000000        -7.9304610486         0.9891736190        -5.8349585265         0.7706882151         4.9796122491         1.4043252250 
        3.8550000000        -7.9144232546         1.0146366730        -5.1716538559         0.7514705534         4.7805587237         1.3966839240 
        3.8600000000        -7.8967326347         1.0069977568        -5.3706452571         0.7226440607         4.7805587237         1.3966839240 
        3.8650000000        -7.8773928833         1.0146366730        -5.1716538559         0.6874116807         4.3824516730         1.3814013219 
        3.8700000000        -7.8564080392         0.9764420920        -6.1666108618         0.6585851881         4.9796122491         1.4043252250 
        3.8750000000        -7.8337824850         1.0146366730        -5.1716538559         0.6201498645         4.6478563735         1.3915897233 
        3.8800000000        -7.8095209456         0.9993588406        -5.5696366583         0.6169469209         4.7805587237         1.3966839240 
        3.8850001000        -7.7836279536         1.0069977568        -5.3706452571         0.5881204282         4.7805587237         1.3966839240 
        3.8900001000        -7.7561099521         1.0095440622        -5.3043147900         0.5528880482         4.5151540233         1.3864955226 
        3.8950000000        -7.7269727854         1.0044514514        -5.4369757241         0.5368733301         4.7805587237         1.3966839240 
        3.9000000000        -7.6962213727         0.9917199244        -5.7686280594         0.4984380065         4.6478563735         1.3915897233 
        3.9050000000        -7.6638627027         0.9917199244        -5.7686280594         0.4760174011         4.6478563735         1.3915897233 
        3.9100001000        -7.6299028381         0.9942662298        -5.7022975924         0.4343791339         4.6478563735         1.3915897233 
        3.9150000000        -7.5943509560         1.0044514514        -5.4369757241         0.4151614721         4.7805587237         1.3966839240 
        3.9200000000        -7.5572123959         0.9789883974        -6.1002803948         0.3863349794         4.7805587237         1.3966839240 
        3.9250000000        -7.5184956087         0.9866273136        -5.9012889936         0.3575084868         4.9796122491         1.4043252250 
        3.9300001000        -7.4782078586         1.0146366730        -5.1716538559         0.3350878813         4.8469098988         1.3992310243 
        3.9350000000        -7.4363600232         0.9713494812        -6.2992717959         0.3030584450         4.9796122491         1.4043252250 
        3.9400000000        -7.3929583778         1.0019051460        -5.5033061912         0.2806378396         4.7142075486         1.3941368236 
        3.9450000000        -7.3480128077         0.9993588406        -5.5696366583         0.2518113469         4.6478563735         1.3915897233 
        3.9500001000        -7.3015317543         0.9738957866        -6.2329413289         0.2165789670         4.4488028481         1.3839484223 
        3.9550000000        -7.2535277592         0.9942662298        -5.7022975924         0.1877524743         4.4488028481         1.3839484223 
        3.9600000000        -7.2040080127         0.9840810082        -5.9676194606         0.1589259816         4.9796122491         1.4043252250 
        3.9650000000        -7.1529838014         0.9738957866        -6.2329413289         0.1300994890         4.9796122491         1.4043252250 
        3.9700001000        -7.1004647159         0.9942662298        -5.7022975924         0.0980700527         4.9796122491         1.4043252250 
        3.9750000000        -7.0464649194         0.9738957866        -6.2329413289         0.0724465036         4.9132610740         1.4017781247 
        3.9800000000        -6.9909924937         0.9789883974        -6.1002803948         0.0468229546         4.7805587237         1.3966839240 
        3.9850000000        -6.9340600888         0.9866273136        -5.9012889936         0.0244023491         4.7805587237         1.3966839240 
        3.9900000000        -6.8756795942         0.9891736190        -5.8349585265        -0.0076270872         4.7142075486         1.3941368236 
        3.9950000000        -6.8158632020         0.9866273136        -5.9012889936        -0.0396565235         4.5815051984         1.3890426230 
        4.0000000000        -6.7546234040         0.9840810082        -5.9676194606        -0.0684830161         4.6478563735         1.3915897233 
        4.0050000000        -6.6919729894         0.9840810082        -5.9676194606        -0.0909036216         4.7805587237         1.3966839240 
        4.0100001000        -6.6279237472         0.9637105650        -6.4982631971        -0.1389477760         4.8469098988         1.3992310243 
        4.0150000000        -6.5624929373         0.9789883974        -6.1002803948        -0.1581654378         4.9796122491         1.4043252250 
        4.0200000000        -6.4956903400         0.9764420920        -6.1666108618        -0.1901948741         4.9132610740         1.4017781247 
        4.0250001000        -6.4275298242         0.9688031758        -6.3656022630        -0.2126154795         4.7805587237         1.3966839240 
        4.0300001000        -6.3580283509         0.9840810082        -5.9676194606        -0.2414419722         4.7805587237         1.3966839240 
        4.0350001000        -6.2871990847         0.9688031758        -6.3656022630        -0.2798772958         4.6478563735         1.3915897233 
        4.0400000000        -6.2150582734         0.9662568704        -6.4319327301        -0.3119067321         4.6478563735         1.3915897233 
        4.0450000000        -6.1416180970         0.9713494812        -6.2992717959        -0.3439361684         4.6478563735         1.3915897233 
        4.0500000000        -6.0668953223         0.9840810082        -5.9676194606        -0.3631538302         4.6478563735         1.3915897233 
        4.0550007000        -5.9908948277         0.9560716488        -6.6972545983        -0.4079950410         4.8469098988         1.3992310243 
        4.0600000000        -5.9136646622         0.9688031758        -6.3656022630        -0.4368215337         4.7805587237         1.3966839240 
        4.0650001000        -5.8351871953         0.9713494812        -6.2992717959        -0.4720539136         4.8469098988         1.3992310243 
        4.0700001000        -5.7554926815         0.9586179542        -6.6309241312        -0.5008804063         4.7805587237         1.3966839240 
        4.0750001000        -5.6745962067         0.9688031758        -6.3656022630        -0.5329098426         4.7805587237         1.3966839240 
        4.0800000000        -5.5925163186         0.9509790381        -6.8299155324        -0.5617363353         4.7805587237         1.3966839240 
        4.0850000000        -5.5092668752         0.9815347028        -6.0339499277        -0.5873598843         4.6478563735         1.3915897233 
        4.0900000000        -5.4248668920         0.9688031758        -6.3656022630        -0.6161863770         4.4488028481         1.3839484223 
        4.0950000000        -5.3393339948         0.9713494812        -6.2992717959        -0.6322010952         4.8469098988         1.3992310243 
        4.1000000000        -5.2526860460         0.9891736190        -5.8349585265        -0.6770423060         4.4488028481         1.3839484223 
        4.1050000000        -5.1649411411         0.9586179542        -6.6309241312        -0.7154776296         4.7805587237         1.3966839240 
        4.1100000000        -5.0761176043         0.9917199244        -5.7686280594        -0.7314923477         4.7142075486         1.3941368236 
        4.1150000000        -4.9862339853         0.9662568704        -6.4319327301        -0.7731306149         4.4488028481         1.3839484223 
        4.1200000000        -4.8953090553         0.9764420920        -6.1666108618        -0.7987541640         4.7805587237         1.3966839240 
        4.1250000000        -4.8033618026         0.9815347028        -6.0339499277        -0.8147688821         4.7805587237         1.3966839240 
        4.1300000000        -4.7104114293         0.9764420920        -6.1666108618        -0.8532042057         4.4488028481         1.3839484223 
        4.1350001000        -4.6164754586         0.9866273136        -5.9012889936        -0.8884365856         4.6478563735         1.3915897233 
        4.1400000000        -4.5215791724         0.9789883974        -6.1002803948        -0.9108571911         4.6478563735         1.3915897233 
        4.1450000000        -4.4257367239         0.9611642596        -6.5645936642        -0.9492925146         4.7805587237         1.3966839240 
        4.1500001000        -4.3289680726         0.9968125352        -5.6359671253        -0.9717131200         4.9796122491         1.4043252250 
        4.1550000000        -4.2312992602         0.9789883974        -6.1002803948        -0.9973366691         4.9796122491         1.4043252250 
        4.1600000000        -4.1327448506         0.9917199244        -5.7686280594        -1.0229602181         4.9132610740         1.4017781247 
        4.1650000000        -4.0333273702         0.9942662298        -5.7022975924        -1.0389749363         4.7805587237         1.3966839240 
        4.1700000000        -3.9330675811         0.9993588406        -5.5696366583        -1.0678014290         4.7805587237         1.3966839240 
        4.1750000000        -3.8319864212         1.0019051460        -5.5033061912        -1.0998308653         4.7142075486         1.3941368236 
        4.1800000000        -3.7301049999         0.9942662298        -5.7022975924        -1.1318603016         4.5815051984         1.3890426230 
        4.1850000000        -3.6274445940         0.9968125352        -5.6359671253        -1.1670926815         4.7142075486         1.3941368236 
        4.1900001000        -3.5240245670         0.9968125352        -5.6359671253        -1.1863103433         4.5815051984         1.3890426230 
        4.1950000000        -3.4198727437         0.9993588406        -5.5696366583        -1.2247456669         4.7805587237         1.3966839240 
        4.2000000000        -3.3150046479         0.9993588406        -5.5696366583        -1.2439633287         4.9796122491         1.4043252250 
        4.2050000000        -3.2094442560         1.0095440622        -5.3043147900        -1.2695868777         4.9796122491         1.4043252250 
        4.2100000000        -3.1032136126         1.0019051460        -5.5033061912        -1.2952104268         4.9796122491         1.4043252250 
        4.2150000000        -2.9963349029         1.0299145053        -4.7736710535        -1.3080222013         4.7805587237         1.3966839240 
        4.2200000000        -2.8888304469         1.0171829784        -5.1053233888        -1.3336457503         4.7805587237         1.3966839240 
        4.2250000000        -2.7807226958         1.0400997269        -4.5083491853        -1.3560663558         4.9132610740         1.4017781247 
        4.2300000000        -2.6720342263         1.0171829784        -5.1053233888        -1.3912987357         4.3824516730         1.3814013219 
        4.2350000000        -2.5627877366         1.0375534215        -4.5746796523        -1.4137193411         4.4488028481         1.3839484223 
        4.2400000000        -2.4530060416         1.0248218946        -4.9063319876        -1.4393428902         4.6478563735         1.3915897233 
        4.2450000000        -2.3427120677         1.0426460323        -4.4420187182        -1.4585605519         4.6478563735         1.3915897233 
        4.2500000000        -2.2319288483         1.0324608107        -4.7073405865        -1.4841841010         4.5815051984         1.3890426230 
        4.2550000000        -2.1206795192         1.0400997269        -4.5083491853        -1.5130105937         4.8469098988         1.3992310243 
        4.2600001000        -2.0089850752         1.0400997269        -4.5083491853        -1.5258223682         4.3824516730         1.3814013219 
        4.2650000000        -1.8968755562         1.0477386431        -4.3093577841        -1.5482429736         4.7142075486         1.3941368236 
        4.2700000000        -1.7843676609         1.0375534215        -4.5746796523        -1.5738665227         4.9796122491         1.4043252250 
        4.2750001000        -1.6714848620         1.0477386431        -4.3093577841        -1.6026930153         4.7805587237         1.3966839240 
        4.2800000000        -1.5582575169         1.0477386431        -4.3093577841        -1.6123018462         4.6478563735         1.3915897233 
        4.2850000000        -1.4447024884         1.0579238647        -4.0440359158        -1.6251136207         4.7805587237         1.3966839240 
        4.2900000000        -1.3308457523         1.0681090863        -3.7787140476        -1.6411283389         4.7805587237         1.3966839240 
        4.2950000000        -1.2167110862         1.0655627809        -3.8450445146        -1.6635489443         4.7805587237         1.3966839240 
        4.3000000000        -1.1023223255         1.0732016971        -3.6460531135        -1.6987813243         4.7805587237         1.3966839240 
        4.3050000000        -0.9877033589         1.0579238647        -4.0440359158        -1.7083901551         4.9132610740         1.4017781247 
        4.3100000000        -0.8728781231         1.0782943079        -3.5133921793        -1.7340137042         4.6478563735         1.3915897233 
        4.3150001000        -0.7578682960         1.0859332241        -3.3144007782        -1.7340137042         4.7805587237         1.3966839240 
        4.3200000000        -0.6427048011         1.0884795295        -3.2480703111        -1.7532313660         4.7142075486         1.3941368236 
        4.3250000000        -0.5274047836         1.0935721403        -3.1154093770        -1.7692460841         4.7805587237         1.3966839240 
        4.3300000000        -0.4119946244         1.0935721403        -3.1154093770        -1.7948696332         4.6478563735         1.3915897233 
        4.3350000000        -0.2964984254         1.0961184457        -3.0490789099        -1.8108843513         4.5815051984         1.3890426230 
        4.3400000000        -0.1809403065         1.0884795295        -3.2480703111        -1.8268990695         4.5815051984         1.3890426230 
        4.3450000000        -0.0653444006         1.1088499726        -2.7174265746        -1.8461167313         4.7805587237         1.3966839240 
        4.3500000000         0.0502651517         1.1113962780        -2.6510961075        -1.8525226185         4.5815051984         1.3890426230 
        4.3550001000         0.1658665185         1.1343130266        -2.0541219040        -1.8621314494         4.5815051984         1.3890426230 
        4.3600000000         0.2814286232         1.1164888888        -2.5184351734        -1.8813491112         4.7142075486         1.3941368236 
        4.3650000000         0.3969342669         1.1495908590        -1.6561391016        -1.8813491112         4.9132610740         1.4017781247 
        4.3700000000         0.5123570160         1.1470445536        -1.7224695687        -1.9005667730         4.7805587237         1.3966839240 
        4.3750000000         0.6276727658         1.1928780507        -0.5285211615        -1.9005667730         4.9796122491         1.4043252250 
        4.3800000000         0.7428574342         1.2132484939         0.0021225749        -1.8909579421         4.7805587237         1.3966839240 
        4.3850001000         0.8578892653         1.2259800209         0.3337749103        -1.8973638294         4.7805587237         1.3966839240 
        4.3900000000         0.9727373399         1.2030632723        -0.2631992933        -1.9069726603         4.8469098988         1.3992310243 
        4.3950000000         1.0873845696         1.2132484939         0.0021225749        -1.8941608857         4.9796122491         1.4043252250 
        4.4000001000         1.2018069989         1.2208874101         0.2011139761        -1.8909579421         4.8469098988         1.3992310243 
        4.4050000000         1.3159738748         1.2107021885        -0.0642078921        -1.8973638294         4.3161004979         1.3788542216 
        4.4100000000         1.4298682124         1.2132484939         0.0021225749        -1.8941608857         4.6478563735         1.3915897233 
        4.4150000000         1.5434639403         1.2132484939         0.0021225749        -1.8941608857         4.6478563735         1.3915897233 
        4.4200000000         1.6567373355         1.2132484939         0.0021225749        -1.9101756039         4.4488028481         1.3839484223 
        4.4250000000         1.7696647423         1.2947302666         2.1246975209        -1.8909579421         4.5815051984         1.3890426230 
        4.4300000000         1.8822225773         1.2438041587         0.7980881797        -1.8781461676         4.9132610740         1.4017781247 
        4.4350000000         1.9943873343         1.2565356856         1.1297405150        -1.8717402803         4.4488028481         1.3839484223 
        4.4400001000         2.1061378196         1.2819987396         1.7930451856        -1.8749432240         4.6478563735         1.3915897233 
        4.4450000000         2.2174440042         1.2616282964         1.2624014491        -1.8653343931         4.4488028481         1.3839484223 
        4.4500000000         2.3282893346         1.2769061288         1.6603842515        -1.8621314494         4.8469098988         1.3992310243 
        4.4550000000         2.4386484317         1.2769061288         1.6603842515        -1.8557255622         4.5815051984         1.3890426230 
        4.4600000000         2.5484982482         1.2641746018         1.3287319162        -1.8557255622         4.7805587237         1.3966839240 
        4.4650000000         2.6578158435         1.2769061288         1.6603842515        -1.8493196749         4.7805587237         1.3966839240 
        4.4700000000         2.7665783880         1.2718135180         1.5277233174        -1.8301020131         4.9796122491         1.4043252250 
        4.4750000000         2.8747631680         1.2845450450         1.8593756527        -1.8236961259         4.9796122491         1.4043252250 
        4.4800001000         2.9823497361         1.2870913504         1.9257061197        -1.8044784641         4.7805587237         1.3966839240 
        4.4850000000         3.0893091881         1.2819987396         1.7930451856        -1.8044784641         4.6478563735         1.3915897233 
        4.4900000000         3.1956256229         1.2947302666         2.1246975209        -1.7916666896         4.7805587237         1.3966839240 
        4.4950000000         3.3012746922         1.2947302666         2.1246975209        -1.7788549150         4.7805587237         1.3966839240 
        4.5000000000         3.4062343325         1.2972765720         2.1910279880        -1.7692460841         4.7805587237         1.3966839240 
        4.5050000000         3.5104826245         1.2845450450         1.8593756527        -1.7724490278         4.8469098988         1.3992310243 
        4.5100001000         3.6139998599         1.2972765720         2.1910279880        -1.7564343096         4.9796122491         1.4043252250 
        4.5150000000         3.7167582325         1.3023691828         2.3236889221        -1.7372166478         4.8469098988         1.3992310243 
        4.5200000000         3.8187424705         1.2947302666         2.1246975209        -1.7276078169         4.7805587237         1.3966839240 
        4.5250001000         3.9199312288         1.3023691828         2.3236889221        -1.7244048733         4.6478563735         1.3915897233 
        4.5300000000         4.0202973287         1.2998228774         2.2573584551        -1.7179989860         4.8469098988         1.3992310243 
        4.5350000000         4.1198258567         1.3151007098         2.6553412574        -1.6987813243         4.7142075486         1.3941368236 
        4.5400000000         4.2184940118         1.3125544044         2.5890107904        -1.6923754370         4.8469098988         1.3992310243 
        4.5450000000         4.3162811884         1.3074617936         2.4563498562        -1.6827666061         4.8469098988         1.3992310243 
        4.5500000000         4.4131669650         1.3151007098         2.6553412574        -1.6635489443         4.9796122491         1.4043252250 
        4.5550000000         4.5091311082         1.3252859313         2.9206631257        -1.6507371698         4.5815051984         1.3890426230 
        4.5600000000         4.6041535771         1.3329248475         3.1196545269        -1.6251136207         4.8469098988         1.3992310243 
        4.5650001000         4.6982163989         1.3329248475         3.1196545269        -1.6155047899         4.7805587237         1.3966839240 
        4.5700000000         4.7912943159         1.3329248475         3.1196545269        -1.6026930153         4.3824516730         1.3814013219 
        4.5750000000         4.8833735039         1.3456563745         3.4513068622        -1.5802724099         4.8469098988         1.3992310243 
        4.5800000000         4.9744328618         1.3278322367         2.9869935927        -1.5738665227         4.3161004979         1.3788542216 
        4.5850000000         5.0644533731         1.3431100691         3.3849763951        -1.5610547481         4.3824516730         1.3814013219 
        4.5900000000         5.1534162382         1.3354711529         3.1859849939        -1.5546488609         4.7805587237         1.3966839240 
        4.5950000000         5.2413028783         1.3431100691         3.3849763951        -1.5354311991         4.5151540233         1.3864955226 
        4.6000000000         5.3280949395         1.3456563745         3.4513068622        -1.5098076500         4.9132610740         1.4017781247 
        4.6050001000         5.4137759985         1.3609342069         3.8492896645        -1.4809811574         4.8469098988         1.3992310243 
        4.6100000000         5.4983230555         1.3609342069         3.8492896645        -1.4617634956         4.7805587237         1.3966839240 
        4.6150000000         5.5817235604         1.3482026799         3.5176373292        -1.4521546647         4.6478563735         1.3915897233 
        4.6200000000         5.6639583938         1.3558415961         3.7166287304        -1.4425458338         4.7805587237         1.3966839240 
        4.6250000000         5.7450103821         1.3482026799         3.5176373292        -1.4265311156         4.7805587237         1.3966839240 
        4.6300000000         5.8248625985         1.3634805123         3.9156201316        -1.4041105102         4.7805587237         1.3966839240 
        4.6350001000         5.9034999274         1.3609342069         3.8492896645        -1.3784869612         4.9796122491         1.4043252250 
        4.6400000000         5.9809012654         1.3685731231         4.0482810657        -1.3624722430         4.9132610740         1.4017781247 
        4.6450000000         6.0570551291         1.3736657339         4.1809419998        -1.3336457503         4.7805587237         1.3966839240 
        4.6500001000         6.1319455395         1.3813046501         4.3799334010        -1.3112251449         4.7805587237         1.3966839240 
        4.6550000000         6.2055524018         1.3685731231         4.0482810657        -1.3016163140         4.6478563735         1.3915897233 
        4.6600000000         6.2778647991         1.3787583447         4.3136029340        -1.2823986522         4.6478563735         1.3915897233 
        4.6650000000         6.3488661446         1.3685731231         4.0482810657        -1.2695868777         4.9132610740         1.4017781247 
        4.6700000000         6.4185416107         1.3838509555         4.4462638681        -1.2471662723         4.8469098988         1.3992310243 
        4.6750000000         6.4868766467         1.3762120393         4.2472724669        -1.2183397796         5.0459634242         1.4068723253 
        4.6800000000         6.5538569815         1.3838509555         4.4462638681        -1.1991221178         4.9796122491         1.4043252250 
        4.6850000000         6.6194686272         1.4016750932         4.9105771375        -1.1638897379         4.9132610740         1.4017781247 
        4.6900001000         6.6836991523         1.3914898717         4.6452552693        -1.1446720761         4.8469098988         1.3992310243 
        4.6950000000         6.7465313313         1.4093140094         5.1095685387        -1.1190485271         4.8469098988         1.3992310243 
        4.7000000000         6.8079558544         1.3863972609         4.5125943352        -1.1030338089         4.7805587237         1.3966839240 
        4.7050000000         6.8679586230         1.4169529256         5.3085599399        -1.0806132035         4.7142075486         1.3941368236 
        4.7100000000         6.9265271064         1.3762120393         4.2472724669        -1.0645984853         4.5815051984         1.3890426230 
        4.7150000000         6.9836490734         1.4016750932         4.9105771375        -1.0325690490         5.0459634242         1.4068723253 
        4.7200000000         7.0393125946         1.4067677040         5.0432380717        -1.0005396127         4.5815051984         1.3890426230 
        4.7250000000         7.0935060456         1.4245918418         5.5075513411        -0.9845248946         4.3824516730         1.3814013219 
        4.7300001000         7.1462191480         1.3889435663         4.5789248022        -0.9749160637         4.5815051984         1.3890426230 
        4.7350000000         7.1974377756         1.4347770634         5.7728732093        -0.9428866274         4.6478563735         1.3915897233 
        4.7400000000         7.2471543498         1.4118603148         5.1758990058        -0.9140601347         5.0459634242         1.4068723253 
        4.7450000000         7.2953574486         1.4245918418         5.5075513411        -0.8820306984         4.5151540233         1.3864955226 
        4.7500000000         7.3420370055         1.4220455364         5.4412208740        -0.8596100930         4.5815051984         1.3890426230 
        4.7550000000         7.3871832719         1.4271381472         5.5738818081        -0.8403924312         4.5815051984         1.3890426230 
        4.7600001000         7.4307876763         1.4373233688         5.8392036764        -0.8051600512         4.7805587237         1.3966839240 
        4.7650000000         7.4728385428         1.4398696742         5.9055341435        -0.7699276713         4.7805587237         1.3966839240 
        4.7700000000         7.5133296593         1.4245918418         5.5075513411        -0.7507100095         4.5815051984         1.3890426230 
        4.7750001000         7.5522524758         1.4424159796         5.9718646105        -0.7314923477         4.6478563735         1.3915897233 
        4.7800000000         7.5895965759         1.4398696742         5.9055341435        -0.6898540805         4.5151540233         1.3864955226 
        4.7850000000         7.6253564486         1.4373233688         5.8392036764        -0.6770423060         4.6478563735         1.3915897233 
        4.7900000000         7.6595238632         1.4449622850         6.0381950776        -0.6546217006         4.8469098988         1.3992310243 
        4.7950000000         7.6920916844         1.4271381472         5.5738818081        -0.6257952079         4.7805587237         1.3966839240 
        4.8000000000         7.7230531107         1.4398696742         5.9055341435        -0.5969687152         4.7805587237         1.3966839240 
        4.8050000000         7.7524016762         1.4526012012         6.2371864788        -0.5585333917         4.9796122491         1.4043252250 
        4.8100000000         7.7801312520         1.4526012012         6.2371864788        -0.5265039554         4.9796122491         1.4043252250 
        4.8150001000         7.8062365528         1.4526012012         6.2371864788        -0.4880686318         5.0459634242         1.4068723253 
        4.8200000000         7.8307106095         1.4704253390         6.7014997482        -0.4560391955         4.9796122491         1.4043252250 
        4.8250000000         7.8535498284         1.4500548958         6.1708560117        -0.4336185901         4.7142075486         1.3941368236 
        4.8300000000         7.8747489340         1.4500548958         6.1708560117        -0.4015891538         4.7142075486         1.3941368236 
        4.8350000000         7.8943034991         1.4755179497         6.8341606823        -0.3759656047         4.7142075486         1.3941368236 
        4.8400000000         7.9122094400         1.4576938120         6.3698474129        -0.3343273375         4.7805587237         1.3966839240 
        4.8450000000         7.9284630172         1.4780642551         6.9004911494        -0.3087037885         4.7142075486         1.3941368236 
        4.8500000000         7.9430608366         1.4526012012         6.2371864788        -0.2894861267         4.8469098988         1.3992310243 
        4.8550001000         7.9560000915         1.4678790336         6.6351692811        -0.2542537467         4.5151540233         1.3864955226 
        4.8600000000         7.9672773534         1.4653327282         6.5688388141        -0.2158184232         4.9132610740         1.4017781247 
        4.8650000000         7.9768909936         1.4653327282         6.5688388141        -0.1901948741         4.9132610740         1.4017781247 
        4.8700000000         7.9848387623         1.4627864228         6.5025083470        -0.1453536633         5.0459634242         1.4068723253 
        4.8750000000         7.9911189997         1.4755179497         6.8341606823        -0.1165271706         5.0459634242         1.4068723253 
        4.8800000000         7.9957303942         1.4882494767         7.1658130176        -0.0716859598         4.5815051984         1.3890426230 
        4.8850001000         7.9986720249         1.4653327282         6.5688388141        -0.0492653544         4.4488028481         1.3839484223 
        4.8900000000         7.9999431511         1.4755179497         6.8341606823        -0.0172359181         4.4488028481         1.3839484223 
        4.8950000000         7.9995436338         1.4780642551         6.9004911494         0.0147935183         4.3824516730         1.3814013219 
        4.9000001000         7.9974734562         1.4704253390         6.7014997482         0.0404170673         4.5151540233         1.3864955226 
        4.9050000000         7.9937332248         1.4806105605         6.9668216164         0.0820553345         4.5151540233         1.3864955226 
        4.9100000000         7.9883235464         1.4907957821         7.2321434847         0.1236936017         4.7805587237         1.3966839240 
        4.9150000000         7.9812456091         1.4857031713         7.0994825506         0.1589259816         4.5151540233         1.3864955226 
        4.9200000000         7.9725008907         1.4933420875         7.2984739518         0.1781436434         4.7805587237         1.3966839240 
        4.9250000000         7.9620912177         1.4831568659         7.0331520835         0.2197819106         4.3824516730         1.3814013219 
        4.9300000000         7.9500187638         1.4907957821         7.2321434847         0.2582172342         4.5815051984         1.3890426230 
        4.9350000000         7.9362860503         1.4882494767         7.1658130176         0.2870437269         4.6478563735         1.3915897233 
        4.9400001000         7.9208956208         1.4933420875         7.2984739518         0.3318849377         4.9132610740         1.4017781247 
        4.9450000000         7.9038516623         1.5009810037         7.4974653529         0.3543055431         4.7805587237         1.3966839240 
        4.9500000000         7.8851567612         1.4958883929         7.3648044188         0.3959438103         4.9796122491         1.4043252250 
        4.9550000000         7.8648151461         1.4882494767         7.1658130176         0.4311761903         4.9796122491         1.4043252250 
        4.9600000000         7.8428310651         1.5035273091         7.5637958200         0.4664085702         4.9796122491         1.4043252250 
        4.9650000000         7.8192091092         1.4857031713         7.0994825506         0.5112497810         4.8469098988         1.3992310243 
        4.9700000000         7.7939542116         1.5188051415         7.9617786224         0.5528880482         4.7805587237         1.3966839240 
        4.9750000000         7.7670716465         1.4958883929         7.3648044188         0.5849174846         4.8469098988         1.3992310243 
        4.9800001000         7.7385664417         1.4678790336         6.6351692811         0.6169469209         4.7142075486         1.3941368236 
        4.9850000000         7.7084463088         1.5289903631         8.2271004906         0.6425704699         4.7142075486         1.3941368236 
        4.9900000000         7.6767157794         1.4576938120         6.3698474129         0.6778028498         4.6478563735         1.3915897233 
        4.9950000000         7.6433820661         1.5137125307         7.8291176883         0.7066293425         4.7805587237         1.3966839240 
        5.0000000000         7.6084521304         1.4653327282         6.5688388141         0.7418617225         4.8469098988         1.3992310243 
        5.0050000000         7.5719332668         1.4857031713         7.0994825506         0.7802970460         4.9132610740         1.4017781247 
        5.0100001000         7.5338323242         1.4984346983         7.4311348859         0.8315441441         4.8469098988         1.3992310243 
        5.0150000000         7.4941595926         1.4933420875         7.2984739518         0.8699794677         4.8469098988         1.3992310243 
        5.0200000000         7.4529210239         1.4984346983         7.4311348859         0.8988059604         4.5815051984         1.3890426230 
        5.0250001000         7.4101251367         1.4857031713         7.0994825506         0.9276324531         4.9796122491         1.4043252250 
        5.0300000000         7.3657834824         1.4806105605         6.9668216164         0.9692707203         4.9132610740         1.4017781247 
        5.0350000000         7.3199027072         1.4984346983         7.4311348859         1.0013001566         4.8469098988         1.3992310243 
        5.0400000000         7.2724932640         1.4704253390         6.7014997482         1.0301266492         4.4488028481         1.3839484223 
        5.0450000000         7.2235650536         1.4755179497         6.8341606823         1.0685619728         4.7142075486         1.3941368236 
        5.0500000000         7.1731282943         1.4882494767         7.1658130176         1.1005914091         4.7142075486         1.3941368236 
        5.0550000000         7.1211935189         1.4627864228         6.5025083470         1.1294179018         4.5815051984         1.3890426230 
        5.0600000000         7.0677715735         1.4806105605         6.9668216164         1.1678532254         4.6478563735         1.3915897233 
        5.0650001000         7.0128725018         1.4653327282         6.5688388141         1.2030856053         4.7805587237         1.3966839240 
        5.0700000000         6.9565111066         1.4831568659         7.0331520835         1.2415209289         4.7805587237         1.3966839240 
        5.0750000000         6.8986958205         1.4857031713         7.0994825506         1.2799562524         4.5815051984         1.3890426230 
        5.0800000000         6.8394398300         1.4551475066         6.3035169458         1.3023768579         4.5815051984         1.3890426230 
        5.0850000000         6.7787555102         1.4576938120         6.3698474129         1.3280004069         4.3824516730         1.3814013219 
        5.0900000000         6.7166555341         1.4627864228         6.5025083470         1.3600298432         4.7805587237         1.3966839240 
        5.0950000000         6.6531528704         1.4475085904         6.1045255446         1.3920592795         4.7805587237         1.3966839240 
        5.1000000000         6.5882607810         1.4576938120         6.3698474129         1.4240887158         4.5815051984         1.3890426230 
        5.1050001000         6.5219914787         1.4551475066         6.3035169458         1.4593210958         4.5151540233         1.3864955226 
        5.1100000000         6.4543628197         1.4576938120         6.3698474129         1.4945534757         4.9132610740         1.4017781247 
        5.1150000000         6.3853849107         1.4398696742         5.9055341435         1.5297858557         4.7805587237         1.3966839240 
        5.1200000000         6.3150734958         1.4526012012         6.2371864788         1.5618152920         4.7805587237         1.3966839240 
        5.1250000000         6.2434432587         1.4526012012         6.2371864788         1.5810329537         4.5815051984         1.3890426230 
        5.1300000000         6.1705091584         1.4475085904         6.1045255446         1.6098594464         4.6478563735         1.3915897233 
        5.1350001000         6.0962849291         1.4475085904         6.1045255446         1.6354829955         4.7805587237         1.3966839240 
        5.1400000000         6.0207905628         1.4093140094         5.1095685387         1.6611065445         4.6478563735         1.3915897233 
        5.1450000000         5.9440373343         1.4245918418         5.5075513411         1.6931359808         4.4488028481         1.3839484223 
        5.1500001000         5.8660411976         1.4551475066         6.3035169458         1.7251654171         4.9796122491         1.4043252250 
        5.1550000000         5.7868231573         1.4067677040         5.0432380717         1.7539919098         5.0459634242         1.4068723253 
        5.1600000000         5.7063950409         1.4271381472         5.5738818081         1.7700066280         4.7805587237         1.3966839240 
        5.1650000000         5.6247752170         1.4220455364         5.4412208740         1.8116448952         4.9132610740         1.4017781247 
        5.1700000000         5.5419807308         1.4475085904         6.1045255446         1.8404713878         4.8469098988         1.3992310243 
        5.1750000000         5.4580288729         1.4271381472         5.5738818081         1.8692978805         4.8469098988         1.3992310243 
        5.1800000000         5.3729371755         1.4042213986         4.9769076046         1.8853125987         4.9132610740         1.4017781247 
        5.1850000000         5.2867234091         1.4220455364         5.4412208740         1.9205449786         4.8469098988         1.3992310243 
        5.1900001000         5.1994038208         1.4424159796         5.9718646105         1.9461685277         4.7142075486         1.3941368236 
        5.1950000000         5.1110019179         1.3965824825         4.7779162034         1.9653861895         4.7142075486         1.3941368236 
        5.2000000000         5.0215308903         1.3965824825         4.7779162034         1.9878067949         4.5151540233         1.3864955226 
        5.2050000000         4.9310111804         1.4042213986         4.9769076046         2.0198362312         4.7805587237         1.3966839240 
        5.2100000000         4.8394616919         1.3991287878         4.8442466705         2.0486627239         4.6478563735         1.3915897233 
        5.2150000000         4.7469015438         1.3914898717         4.6452552693         2.0774892165         4.7805587237         1.3966839240 
        5.2200000000         4.6533500661         1.3991287878         4.8442466705         2.0999098219         4.5151540233         1.3864955226 
        5.2250000000         4.5588267958         1.3838509555         4.4462638681         2.1159245401         4.7142075486         1.3941368236 
        5.2300001000         4.4633495540         1.4093140094         5.1095685387         2.1479539764         4.7805587237         1.3966839240 
        5.2350000000         4.3669440362         1.3813046501         4.3799334010         2.1671716382         4.5151540233         1.3864955226 
        5.2400000000         4.2696246192         1.4067677040         5.0432380717         2.1927951872         4.7142075486         1.3941368236 
        5.2450000000         4.1714135458         1.3940361771         4.7115857363         2.2152157927         4.7805587237         1.3966839240 
        5.2500000000         4.0723313260         1.3914898717         4.6452552693         2.2376363981         4.7805587237         1.3966839240 
        5.2550000000         3.9723986520         1.3889435663         4.5789248022         2.2632599471         4.7805587237         1.3966839240 
        5.2600001000         3.8716343700         1.3863972609         4.5125943352         2.2696658344         4.5151540233         1.3864955226 
        5.2650000000         3.7700655931         1.4016750932         4.9105771375         2.3113041016         4.7805587237         1.3966839240 
        5.2700000000         3.6677074629         1.3863972609         4.5125943352         2.3305217634         4.7805587237         1.3966839240 
        5.2750001000         3.5645813090         1.3762120393         4.2472724669         2.3561453124         4.7142075486         1.3941368236 
        5.2800000000         3.4607148775         1.3685731231         4.0482810657         2.3689570869         4.9796122491         1.4043252250 
        5.2850000000         3.3561236500         1.3813046501         4.3799334010         2.3977835796         4.7805587237         1.3966839240 
        5.2900000000         3.2508315390         1.3813046501         4.3799334010         2.4170012414         4.7805587237         1.3966839240 
        5.2950000000         3.1448605335         1.3558415961         3.7166287304         2.4202041850         4.7805587237         1.3966839240 
        5.3000000000         3.0382327642         1.3660268177         3.9819505987         2.4522336213         4.6478563735         1.3915897233 
        5.3050000000         2.9309704988         1.3762120393         4.2472724669         2.4746542268         4.7805587237         1.3966839240 
        5.3100000000         2.8230961378         1.3660268177         3.9819505987         2.4970748322         4.8469098988         1.3992310243 
        5.3150001000         2.7146300343         1.3558415961         3.7166287304         2.5098866067         4.9132610740         1.4017781247 
        5.3200000000         2.6056013647         1.3431100691         3.3849763951         2.5259013249         4.9796122491         1.4043252250 
        5.3250000000         2.4960263735         1.3634805123         3.9156201316         2.5483219303         5.0459634242         1.4068723253 
        5.3300000000         2.3859301192         1.3583879015         3.7829591975         2.5611337048         4.8469098988         1.3992310243 
        5.3350000000         2.2753355940         1.3609342069         3.8492896645         2.5867572538         4.9796122491         1.4043252250 
        5.3400000000         2.1642658940         1.3303785421         3.0533240598         2.5995690284         4.7805587237         1.3966839240 
        5.3450000000         2.0527442149         1.3634805123         3.9156201316         2.6283955210         4.6478563735         1.3915897233 
        5.3500000000         1.9407938464         1.3431100691         3.3849763951         2.6380043519         4.8469098988         1.3992310243 
        5.3550001000         1.8284359169         1.3482026799         3.5176373292         2.6636279010         4.6478563735         1.3915897233 
        5.3600000000         1.7157006436         1.3227396259         2.8543326586         2.6700337882         4.8469098988         1.3992310243 
        5.3650000000         1.6026048171         1.3380174583         3.2523154610         2.6956573373         4.6478563735         1.3915897233 
        5.3700000000         1.4891743072         1.3201933206         2.7880021915         2.7052661682         4.4488028481         1.3839484223 
        5.3750000000         1.3754328022         1.3176470152         2.7216717245         2.7180779427         4.8469098988         1.3992310243 
        5.3800000000         1.2614040558         1.3227396259         2.8543326586         2.7404985481         4.7142075486         1.3941368236 
        5.3850001000         1.1471095929         1.3125544044         2.5890107904         2.7565132663         4.9132610740         1.4017781247 
        5.3900000000         1.0325801471         1.3100080990         2.5226803233         2.7693250408         4.9132610740         1.4017781247 
        5.3950000000         0.9178327717         1.3151007098         2.6553412574         2.7821368153         4.6478563735         1.3915897233 
        5.4000001000         0.8028914183         1.3100080990         2.5226803233         2.8013544771         4.8469098988         1.3992310243 
        5.4050000000         0.6877869918         1.3023691828         2.3236889221         2.8077603644         4.9796122491         1.4043252250 
        5.4100000000         0.5725366293         1.2896376558         1.9920365868         2.8205721389         4.6478563735         1.3915897233 
        5.4150000000         0.4571666998         1.3023691828         2.3236889221         2.8365868570         4.7805587237         1.3966839240 
        5.4200000000         0.3417012970         1.2921839612         2.0583670539         2.8493986316         4.7805587237         1.3966839240 
        5.4250000000         0.2261645342         1.2896376558         1.9920365868         2.8429927443         4.7805587237         1.3966839240 
        5.4300000000         0.1105805398         1.2718135180         1.5277233174         2.8590074625         4.5815051984         1.3890426230 
        5.4350000000        -0.0050265479         1.2769061288         1.6603842515         2.8654133497         4.5815051984         1.3890426230 
        5.4400001000        -0.1206348978         1.2616282964         1.2624014491         2.8718192370         4.5815051984         1.3890426230 
        5.4450000000        -0.2362134313         1.2718135180         1.5277233174         2.8878339551         4.7805587237         1.3966839240 
        5.4500000000        -0.3517449465         1.2539893802         1.0634100479         2.8974427860         4.7805587237         1.3966839240 
        5.4550000000        -0.4672030044         1.2412578533         0.7317577126         2.8910368988         4.6478563735         1.3915897233 
        5.4600000000        -0.5825634928         1.2056095777        -0.1968688262         2.8910368988         4.5815051984         1.3890426230 
        5.4650000000        -0.6978023204         1.2030632723        -0.2631992933         2.8846310115         4.7805587237         1.3966839240 
        5.4700000000        -0.8128954208         1.2081558831        -0.1305383592         2.8846310115         4.7805587237         1.3966839240 
        5.4750000000        -0.9278187585         1.2081558831        -0.1305383592         2.8814280679         4.7805587237         1.3966839240 
        5.4800001000        -1.0425506256         1.2107021885        -0.0642078921         2.8846310115         4.7805587237         1.3966839240 
        5.4850000000        -1.1570601848         1.2132484939         0.0021225749         2.8942398424         4.9796122491         1.4043252250 
        5.4900000000        -1.2713303993         1.2081558831        -0.1305383592         2.8814280679         4.7805587237         1.3966839240 
        5.4950000000        -1.3853351127         1.2157947993         0.0684530420         2.8910368988         4.6478563735         1.3915897233 
        5.5000000000        -1.4990505167         1.1750539129        -0.9928344310         2.8814280679         4.8469098988         1.3992310243 
        5.5050000000        -1.6124528631         1.1521371644        -1.5898086345         2.8782251242         4.9796122491         1.4043252250 
        5.5100001000        -1.7255207272         1.1903317453        -0.5948516286         2.8718192370         4.9796122491         1.4043252250 
        5.5150000000        -1.8382237233         1.1546834698        -1.5234781675         2.8558045188         4.7142075486         1.3941368236 
        5.5200000000        -1.9505450877         1.1699613022        -1.1254953651         2.8590074625         4.9796122491         1.4043252250 
        5.5250001000        -2.0624613398         1.1801465237        -0.8601734969         2.8526015752         4.6478563735         1.3915897233 
        5.5300000000        -2.1739424056         1.1623223860        -1.3244867663         2.8397898007         4.7805587237         1.3966839240 
        5.5350000000        -2.2849717054         1.1776002183        -0.9265039639         2.8333839134         4.7805587237         1.3966839240 
        5.5400000000        -2.3955238181         1.1648686914        -1.2581562992         2.8269780262         4.7805587237         1.3966839240 
        5.5450000000        -2.5055756564         1.1776002183        -0.9265039639         2.8269780262         4.7805587237         1.3966839240 
        5.5500000000        -2.6151042372         1.1725076076        -1.0591648980         2.8301809698         4.6478563735         1.3915897233 
        5.5550000000        -2.7240866871         1.1826928291        -0.7938430298         2.8237750825         4.6478563735         1.3915897233 
        5.5600000000        -2.8325002463         1.1750539129        -0.9928344310         2.8205721389         4.9796122491         1.4043252250 
        5.5650001000        -2.9403244245         1.1699613022        -1.1254953651         2.8173691953         4.6478563735         1.3915897233 
        5.5700000000        -3.0475302533         1.1699613022        -1.1254953651         2.8077603644         4.7142075486         1.3941368236 
        5.5750000000        -3.1541017947         1.1725076076        -1.0591648980         2.8013544771         4.9796122491         1.4043252250 
        5.5800000000        -3.2600146425         1.1648686914        -1.2581562992         2.7949485898         4.9796122491         1.4043252250 
        5.5850000000        -3.3652466779         1.1546834698        -1.5234781675         2.7885427026         4.9796122491         1.4043252250 
        5.5900000000        -3.4697759246         1.1572297752        -1.4571477004         2.7885427026         5.0459634242         1.4068723253 
        5.5950000000        -3.5735805531         1.1521371644        -1.5898086345         2.7757309281         4.9796122491         1.4043252250 
        5.6000000000        -3.6766388850         1.1521371644        -1.5898086345         2.7693250408         4.6478563735         1.3915897233 
        5.6050001000        -3.7789314359         1.1419519428        -1.8551305028         2.7597162099         4.9796122491         1.4043252250 
        5.6100000000        -3.8804307299         1.1444982482        -1.7888000357         2.7501073790         5.0459634242         1.4068723253 
        5.6150000000        -3.9811216836         1.1368593320        -1.9877914369         2.7308897172         4.7805587237         1.3966839240 
        5.6200000000        -4.0809812310         1.1266741104        -2.2531133052         2.7244838300         4.7805587237         1.3966839240 
        5.6250000000        -4.1799885177         1.1266741104        -2.2531133052         2.7180779427         4.9796122491         1.4043252250 
        5.6300000000        -4.2781228674         1.1317667212        -2.1204523710         2.7116720554         4.9796122491         1.4043252250 
        5.6350001000        -4.3753657216         1.1190351942        -2.4521047063         2.7052661682         4.7805587237         1.3966839240 
        5.6400000000        -4.4716909656         1.1266741104        -2.2531133052         2.6924543937         4.8469098988         1.3992310243 
        5.6450000000        -4.5670842900         1.1241278050        -2.3194437722         2.6700337882         4.7142075486         1.3941368236 
        5.6500001000        -4.6615257165         1.1113962780        -2.6510961075         2.6540190701         4.6478563735         1.3915897233 
        5.6550000000        -4.7549898851         1.1139425834        -2.5847656405         2.6348014083         4.7805587237         1.3966839240 
        5.6600000000        -4.8474629141         1.1012110564        -2.9164179758         2.6219896338         4.7805587237         1.3966839240 
        5.6650000000        -4.9389236126         1.0961184457        -3.0490789099         2.6091778593         4.8469098988         1.3992310243 
        5.6700000000        -5.0293528801         1.0961184457        -3.0490789099         2.5899601975         4.7805587237         1.3966839240 
        5.6750000000        -5.1187318316         1.1012110564        -2.9164179758         2.5803513666         4.7142075486         1.3941368236 
        5.6800000000        -5.2070418016         1.0859332241        -3.3144007782         2.5611337048         4.8469098988         1.3992310243 
        5.6850000000        -5.2942643475         1.0808406133        -3.4470617123         2.5419160430         4.8469098988         1.3992310243 
        5.6900001000        -5.3803829653         1.0859332241        -3.3144007782         2.5355101557         4.6478563735         1.3915897233 
        5.6950000000        -5.4653745371         1.0833869187        -3.3807312452         2.5162924940         4.9132610740         1.4017781247 
        5.7000000000        -5.5492264465         1.0910258349        -3.1817398440         2.5002777758         4.7805587237         1.3966839240 
        5.7050000000        -5.6319194710         1.0681090863        -3.7787140476         2.4842630577         4.7142075486         1.3941368236 
        5.7100000000        -5.7134363413         1.0833869187        -3.3807312452         2.4650453959         5.0459634242         1.4068723253 
        5.7150000000        -5.7937600336         1.0757480025        -3.5797226464         2.4554365650         4.5815051984         1.3890426230 
        5.7200000000        -5.8728737733         1.0782943079        -3.5133921793         2.4298130159         4.6478563735         1.3915897233 
        5.7250000000        -5.9507610385         1.0681090863        -3.7787140476         2.4105953541         4.3824516730         1.3814013219 
        5.7300001000        -6.0274070838         1.0681090863        -3.7787140476         2.3817688615         4.8469098988         1.3992310243 
        5.7350000000        -6.1027913419         1.0706553917        -3.7123835805         2.3721600306         4.3824516730         1.3814013219 
        5.7400000000        -6.1769026305         1.0604701701        -3.9777054488         2.3497394252         4.5815051984         1.3890426230 
        5.7450000000        -6.2497239522         1.0655627809        -3.8450445146         2.3337247070         4.9796122491         1.4043252250 
        5.7500000000        -6.3212400990         1.0706553917        -3.7123835805         2.3241158761         4.7805587237         1.3966839240 
        5.7550000000        -6.3914361358         1.0604701701        -3.9777054488         2.3048982143         4.8469098988         1.3992310243 
        5.7600001000        -6.4602987667         1.0655627809        -3.8450445146         2.2760717216         4.9796122491         1.4043252250 
        5.7650000000        -6.5278095198         1.0375534215        -4.5746796523         2.2536511162         4.9796122491         1.4043252250 
        5.7700000000        -6.5939583871         1.0553775593        -4.1103663829         2.2312305108         4.7142075486         1.3941368236 
        5.7750001000        -6.6587314723         1.0477386431        -4.3093577841         2.2184187363         4.8469098988         1.3992310243 
        5.7800000000        -6.7221114038         1.0426460323        -4.4420187182         2.1959981309         4.8469098988         1.3992310243 
        5.7850000000        -6.7840887900         1.0375534215        -4.5746796523         2.1639686946         4.6478563735         1.3915897233 
        5.7900000000        -6.8446494061         1.0324608107        -4.7073405865         2.1479539764         4.7805587237         1.3966839240 
        5.7950000000        -6.9037806048         1.0324608107        -4.7073405865         2.1127215965         4.7805587237         1.3966839240 
        5.8000000000        -6.9614700374         1.0324608107        -4.7073405865         2.0999098219         4.5815051984         1.3890426230 
        5.8050000000        -7.0177056560         1.0324608107        -4.7073405865         2.0614744984         4.7805587237         1.3966839240 
        5.8100000000        -7.0724757168         1.0248218946        -4.9063319876         2.0486627239         4.6478563735         1.3915897233 
        5.8150001000        -7.1257698325         1.0426460323        -4.4420187182         2.0134303439         4.9132610740         1.4017781247 
        5.8200000000        -7.1775737207         1.0324608107        -4.7073405865         2.0006185694         4.5815051984         1.3890426230 
        5.8250000000        -7.2278797155         1.0197292838        -5.0389929218         1.9749950203         4.3824516730         1.3814013219 
        5.8300000000        -7.2766762602         1.0324608107        -4.7073405865         1.9493714713         4.7142075486         1.3941368236 
        5.8350000000        -7.3239531642         1.0171829784        -5.1053233888         1.9109361477         4.6478563735         1.3915897233 
        5.8400000000        -7.3697005544         1.0324608107        -4.7073405865         1.9013273168         4.7142075486         1.3941368236 
        5.8450013000        -7.4139201702         1.0095440622        -5.3043147900         1.8660949369         4.5815051984         1.3890426230 
        5.8500000000        -7.4565688997         1.0069977568        -5.3706452571         1.8404713878         4.6478563735         1.3915897233 
        5.8550001000        -7.4976725198         1.0248218946        -4.9063319876         1.8276596133         4.9796122491         1.4043252250 
        5.8600000000        -7.5372087344         1.0171829784        -5.1053233888         1.7828184025         4.5815051984         1.3890426230 
        5.8650000000        -7.5751717059         1.0019051460        -5.5033061912         1.7668036843         4.5815051984         1.3890426230 
        5.8700000000        -7.6115526998         1.0273681999        -4.8400015206         1.7475860226         4.8469098988         1.3992310243 
        5.8750000000        -7.6463441184         1.0197292838        -5.0389929218         1.7315713044         4.7805587237         1.3966839240 
        5.8800000000        -7.6795386959         1.0375534215        -4.5746796523         1.7091506990         4.8469098988         1.3992310243 
        5.8850001000        -7.7111301158         1.0095440622        -5.3043147900         1.6835271499         4.5815051984         1.3890426230 
        5.8900000000        -7.7411099337         1.0502849485        -4.2430273170         1.6611065445         4.7805587237         1.3966839240 
        5.8950000000        -7.7694737355         1.0044514514        -5.4369757241         1.6258741646         4.9796122491         1.4043252250 
        5.9000001000        -7.7962155009         1.0299145053        -4.7736710535         1.6066565028         4.9796122491         1.4043252250 
        5.9050000000        -7.8213280894         1.0095440622        -5.3043147900         1.5778300101         4.9796122491         1.4043252250 
        5.9100000000        -7.8448078123         1.0273681999        -4.8400015206         1.5490035174         4.5151540233         1.3864955226 
        5.9150000000        -7.8666492475         0.9993588406        -5.5696366583         1.5297858557         4.9796122491         1.4043252250 
        5.9200000000        -7.8868478338         1.0197292838        -5.0389929218         1.5073652502         4.9796122491         1.4043252250 
        5.9250000000        -7.9053993529         0.9942662298        -5.7022975924         1.4689299267         4.7805587237         1.3966839240 
        5.9300000000        -7.9222999306         1.0324608107        -4.7073405865         1.4465093213         4.7805587237         1.3966839240 
        5.9350000000        -7.9375460373         0.9891736190        -5.8349585265         1.4208857722         4.7805587237         1.3966839240 
        5.9400001000        -7.9511347444         1.0171829784        -5.1053233888         1.4112769413         4.5151540233         1.3864955226 
        5.9450000000        -7.9630624486         0.9942662298        -5.7022975924         1.3728416177         4.9132610740         1.4017781247 
        5.9500000000        -7.9733274243         1.0400997269        -4.5083491853         1.3472180687         4.9796122491         1.4043252250 
        5.9550000000        -7.9819272726         1.0095440622        -5.3043147900         1.3280004069         4.8469098988         1.3992310243 
        5.9600000000        -7.9888601977         1.0299145053        -4.7736710535         1.3055798015         4.7805587237         1.3966839240 
        5.9650000000        -7.9941247516         1.0146366730        -5.1716538559         1.2767533088         4.7142075486         1.3941368236 
        5.9700000000        -7.9977198349         1.0248218946        -4.9063319876         1.2383179852         4.6478563735         1.3915897233 
        5.9750000000        -7.9996446969         0.9968125352        -5.6359671253         1.2191003235         4.5815051984         1.3890426230 
        5.9800001000        -7.9998989238         1.0095440622        -5.3043147900         1.1966797180         4.9132610740         1.4017781247 
        5.9850000000        -7.9984824976         1.0222755892        -4.9726624547         1.1742591126         4.7142075486         1.3941368236 
        5.9900000000        -7.9953956791         1.0146366730        -5.1716538559         1.1454326200         4.8469098988         1.3992310243 
        5.9950000000        -7.9906391246         1.0146366730        -5.1716538559         1.1294179018         4.5815051984         1.3890426230 
        6.0000000000        -7.9842138274         1.0248218946        -4.9063319876         1.1037943527         4.5815051984         1.3890426230 
        6.0050000000        -7.9761211294         1.0171829784        -5.1053233888         1.0781708037         4.7805587237         1.3966839240 
        6.0100001000        -7.9663625089         1.0197292838        -5.0389929218         1.0525472547         4.7805587237         1.3966839240 
        6.0150000000        -7.9549406391         1.0120903676        -5.2379843229         1.0269237056         4.7142075486         1.3941368236 
        6.0200001000        -7.9418569918         1.0426460323        -4.4420187182         1.0013001566         4.8469098988         1.3992310243 
        6.0250001000        -7.9271150344         1.0120903676        -5.2379843229         0.9724736639         4.4488028481         1.3839484223 
        6.0300000000        -7.9107179450         1.0197292838        -5.0389929218         0.9468501148         4.4488028481         1.3839484223 
        6.0350000000        -7.8926684920         1.0146366730        -5.1716538559         0.9276324531         4.8469098988         1.3992310243 
        6.0400000000        -7.8729707564         1.0299145053        -4.7736710535         0.8859941859         4.7805587237         1.3966839240 
        6.0450000000        -7.8516288516         0.9968125352        -5.6359671253         0.8603706368         4.5815051984         1.3890426230 
        6.0500000000        -7.8286472346         1.0197292838        -5.0389929218         0.8475588623         4.7142075486         1.3941368236 
        6.0550000000        -7.8040307049         0.9968125352        -5.6359671253         0.8187323696         4.7805587237         1.3966839240 
        6.0600000000        -7.7777844034         1.0197292838        -5.0389929218         0.8027176514         4.8469098988         1.3992310243 
        6.0650001000        -7.7499132375         1.0019051460        -5.5033061912         0.7706882151         4.7805587237         1.3966839240 
        6.0700000000        -7.7204247486         1.0069977568        -5.3706452571         0.7386587788         4.6478563735         1.3915897233 
        6.0750000000        -7.6893233743         0.9993588406        -5.5696366583         0.7098322862         5.0459634242         1.4068723253 
        6.0800000000        -7.6566161833         1.0146366730        -5.1716538559         0.6842087371         4.7142075486         1.3941368236 
        6.0850000000        -7.6223100060         0.9993588406        -5.5696366583         0.6681940190         4.7142075486         1.3941368236 
        6.0900000000        -7.5864120068         1.0146366730        -5.1716538559         0.6265557518         4.5815051984         1.3890426230 
        6.0950000000        -7.5489296827         0.9891736190        -5.8349585265         0.5945263154         4.7805587237         1.3966839240 
        6.1000000000        -7.5098708612         0.9968125352        -5.6359671253         0.5689027664         4.7805587237         1.3966839240 
        6.1050001000        -7.4692428713         1.0095440622        -5.3043147900         0.5528880482         5.0459634242         1.4068723253 
        6.1100000000        -7.4270566817         1.0044514514        -5.4369757241         0.5368733301         4.8469098988         1.3992310243 
        6.1150000000        -7.3833186183         0.9968125352        -5.6359671253         0.4888291756         4.7805587237         1.3966839240 
        6.1200000000        -7.3380386434         0.9917199244        -5.7686280594         0.4728144575         4.4488028481         1.3839484223 
        6.1250000000        -7.2912262131         0.9993588406        -5.5696366583         0.4503938521         4.7805587237         1.3966839240 
        6.1300000000        -7.2428911035         1.0146366730        -5.1716538559         0.4247703030         4.7805587237         1.3966839240 
        6.1350001000        -7.1930423969         0.9840810082        -5.9676194606         0.3799290922         4.7805587237         1.3966839240 
        6.1400000000        -7.1416935393         0.9789883974        -6.1002803948         0.3511025995         4.7805587237         1.3966839240 
        6.1450001000        -7.0888511467         1.0069977568        -5.3706452571         0.3222761068         4.7805587237         1.3966839240 
        6.1500001000        -7.0345293804         0.9815347028        -6.0339499277         0.3158702196         4.9132610740         1.4017781247 
        6.1550000000        -6.9787396730         1.0095440622        -5.3043147900         0.2870437269         4.6478563735         1.3915897233 
        6.1600000000        -6.9214914441         1.0069977568        -5.3706452571         0.2614201778         4.6478563735         1.3915897233 
        6.1650000000        -6.8627977504         0.9789883974        -6.1002803948         0.2229848543         4.3824516730         1.3814013219 
        6.1700000000        -6.8026708492         1.0019051460        -5.5033061912         0.1941583616         4.4488028481         1.3839484223 
        6.1750000000        -6.7411232973         0.9840810082        -5.9676194606         0.1621289253         4.7805587237         1.3966839240 
        6.1800000000        -6.6781679481         0.9866273136        -5.9012889936         0.1333024326         4.6478563735         1.3915897233 
        6.1850000000        -6.6138179491         0.9917199244        -5.7686280594         0.1108818272         4.9796122491         1.4043252250 
        6.1900001000        -6.5480854105         0.9866273136        -5.9012889936         0.0820553345         4.6478563735         1.3915897233 
        6.1950000000        -6.4809880446         0.9891736190        -5.8349585265         0.0596347291         4.9796122491         1.4043252250 
        6.2000000000        -6.4125358790         0.9840810082        -5.9676194606         0.0276052928         4.8469098988         1.3992310243 
        6.2050000000        -6.3427445373         0.9891736190        -5.8349585265         0.0019817437         4.9132610740         1.4017781247 
        6.2100000000        -6.2716285947         0.9993588406        -5.5696366583        -0.0140329744         4.7805587237         1.3966839240 
        6.2150000000        -6.1992029028         0.9815347028        -6.0339499277        -0.0428594671         4.7805587237         1.3966839240 
        6.2200000000        -6.1254825867         1.0019051460        -5.5033061912        -0.0780918470         4.5815051984         1.3890426230 
        6.2250000000        -6.0504830420         0.9789883974        -6.1002803948        -0.1069183397         4.5815051984         1.3890426230 
        6.2300001000        -5.9742183936         0.9866273136        -5.9012889936        -0.1325418888         4.9796122491         1.4043252250 
        6.2350000000        -5.8967091815         0.9891736190        -5.8349585265        -0.1645713251         4.9132610740         1.4017781247 
        6.2400000000        -5.8179669794         0.9917199244        -5.7686280594        -0.1901948741         4.9796122491         1.4043252250 
        6.2450000000        -5.7380097694         0.9713494812        -6.2992717959        -0.2094125359         4.7805587237         1.3966839240 
        6.2500000000        -5.6568542495         0.9891736190        -5.8349585265        -0.2510508031         4.6478563735         1.3915897233 
        6.2550000000        -5.5745173680         0.9866273136        -5.9012889936        -0.2766743522         4.6478563735         1.3915897233 
        6.2600001000        -5.4910146385         0.9789883974        -6.1002803948        -0.3055008448         4.8469098988         1.3992310243 
        6.2650000000        -5.4063685435         0.9789883974        -6.1002803948        -0.3439361684         4.7805587237         1.3966839240 
        6.2700001000        -5.3205899895         0.9891736190        -5.8349585265        -0.3631538302         4.5815051984         1.3890426230 
        6.2750001000        -5.2337020027         0.9688031758        -6.3656022630        -0.3983862101         4.7805587237         1.3966839240 
        6.2800000000        -5.1457227947         0.9815347028        -6.0339499277        -0.4240097592         4.7805587237         1.3966839240 
        6.2850000000        -5.0566672196         0.9789883974        -6.1002803948        -0.4560391955         4.7805587237         1.3966839240 
        6.2900000000        -4.9665556244         0.9789883974        -6.1002803948        -0.4720539136         4.9796122491         1.4043252250 
        6.2950000000        -4.8754068276         0.9891736190        -5.8349585265        -0.4976774627         4.8469098988         1.3992310243 
        6.3000000000        -4.7832398645         0.9840810082        -5.9676194606        -0.5393157299         4.4488028481         1.3839484223 
        6.3050000000        -4.6900739830         0.9815347028        -6.0339499277        -0.5745481098         4.7805587237         1.3966839240 
        6.3100000000        -4.5959286396         0.9891736190        -5.8349585265        -0.5937657716         4.7142075486         1.3941368236 
        6.3150001000        -4.5008215838         0.9891736190        -5.8349585265        -0.6225922643         4.6478563735         1.3915897233 
        6.3200000000        -4.4047784118         0.9968125352        -5.6359671253        -0.6418099261         4.8469098988         1.3992310243 
        6.3250000000        -4.3078134466         0.9917199244        -5.7686280594        -0.6770423060         4.7142075486         1.3941368236 
        6.3300000000        -4.2099488498         0.9891736190        -5.8349585265        -0.7026658551         4.9796122491         1.4043252250 
        6.3350000000        -4.1112050591         1.0095440622        -5.3043147900        -0.7314923477         4.7805587237         1.3966839240 
        6.3400000000        -4.0116026958         0.9917199244        -5.7686280594        -0.7475070659         4.6478563735         1.3915897233 
        6.3450000000        -3.9111625607         1.0095440622        -5.3043147900        -0.7795365022         4.5815051984         1.3890426230 
        6.3500000000        -3.8099056293         0.9968125352        -5.6359671253        -0.8083629949         4.6478563735         1.3915897233 
        6.3550001000        -3.7078509991         0.9942662298        -5.7022975924        -0.8435953748         4.7805587237         1.3966839240 
        6.3600000000        -3.6050261290         0.9968125352        -5.6359671253        -0.8692189239         4.7805587237         1.3966839240 
        6.3650000000        -3.5014463465         1.0044514514        -5.4369757241        -0.8980454165         4.7805587237         1.3966839240 
        6.3700000000        -3.3971353318         1.0095440622        -5.3043147900        -0.9172630783         4.9796122491         1.4043252250 
        6.3750000000        -3.2921148688         1.0069977568        -5.3706452571        -0.9332777965         4.7805587237         1.3966839240 
        6.3800000000        -3.1864068899         1.0350071161        -4.6410101194        -0.9589013455         4.7805587237         1.3966839240 
        6.3850001000        -3.0800313366         1.0120903676        -5.2379843229        -0.9845248946         4.7805587237         1.3966839240 
        6.3900000000        -2.9730168258         1.0299145053        -4.7736710535        -1.0133513873         4.6478563735         1.3915897233 
        6.3950001000        -2.8653771457         1.0095440622        -5.3043147900        -1.0389749363         4.5815051984         1.3890426230 
        6.4000001000        -2.7571412148         1.0375534215        -4.5746796523        -1.0613955417         4.6478563735         1.3915897233 
        6.4050000000        -2.6483316722         1.0197292838        -5.0389929218        -1.0870190908         4.6478563735         1.3915897233 
        6.4100000000        -2.5389668889         1.0324608107        -4.7073405865        -1.1094396962         4.7805587237         1.3966839240 
        6.4150000000        -2.4290718749         1.0146366730        -5.1716538559        -1.1350632452         4.7805587237         1.3966839240 
        6.4200000000        -2.3186695802         1.0502849485        -4.2430273170        -1.1542809070         4.9796122491         1.4043252250 
        6.4250000000        -2.2077830612         1.0273681999        -4.8400015206        -1.1767015124         4.9132610740         1.4017781247 
        6.4300000000        -2.0964354749         1.0273681999        -4.8400015206        -1.2055280051         4.7805587237         1.3966839240 
        6.4350000000        -1.9846500749         1.0350071161        -4.6410101194        -1.2215427233         4.9132610740         1.4017781247 
        6.4400001000        -1.8724479582         1.0681090863        -3.7787140476        -1.2439633287         4.6478563735         1.3915897233 
        6.4450000000        -1.7598593002         1.0553775593        -4.1103663829        -1.2535721596         4.7805587237         1.3966839240 
        6.4500000000        -1.6469008702         1.0630164755        -3.9113749817        -1.2823986522         4.6478563735         1.3915897233 
        6.4550000000        -1.5335985059         1.0528312539        -4.1766968500        -1.3080222013         4.8469098988         1.3992310243 
        6.4600000000        -1.4199758693         1.0732016971        -3.6460531135        -1.3304428067         4.8469098988         1.3992310243 
        6.4650000000        -1.3060566889         1.0706553917        -3.7123835805        -1.3336457503         4.7142075486         1.3941368236 
        6.4700000000        -1.1918647553         1.0986647511        -2.9827484428        -1.3496604685         4.9796122491         1.4043252250 
        6.4750000000        -1.0774239160         1.0757480025        -3.5797226464        -1.3688781303         4.9796122491         1.4043252250 
        6.4800001000        -0.9627557751         1.1063036672        -2.7837570417        -1.3720810739         4.7805587237         1.3966839240 
        6.4850000000        -0.8478911653         1.0935721403        -3.1154093770        -1.3945016793         4.6478563735         1.3915897233 
        6.4900000000        -0.7328471889         1.1063036672        -2.7837570417        -1.4105163975         4.4488028481         1.3839484223 
        6.4950000000        -0.6176501667         1.0961184457        -3.0490789099        -1.4329370029         4.7805587237         1.3966839240 
        6.5000000000        -0.5023241562         1.1088499726        -2.7174265746        -1.4393428902         4.6478563735         1.3915897233 
        6.5050000000        -0.3868932418         1.1037573618        -2.8500875087        -1.4617634956         4.7805587237         1.3966839240 
        6.5100001000        -0.2713792188         1.1139425834        -2.5847656405        -1.4649664392         4.6478563735         1.3915897233 
        6.5150000000        -0.1558131429         1.1113962780        -2.6510961075        -1.4777782137         4.5815051984         1.3890426230 
        6.5200001000        -0.0402099045         1.1190351942        -2.4521047063        -1.5001988191         4.7142075486         1.3941368236 
        6.5250001000         0.0753994196         1.1317667212        -2.1204523710        -1.5066047064         4.5815051984         1.3890426230 
        6.5300000000         0.1909906858         1.1368593320        -1.9877914369        -1.5098076500         4.9132610740         1.4017781247 
        6.5350000000         0.3065443783         1.1470445536        -1.7224695687        -1.5226194246         4.9796122491         1.4043252250 
        6.5400000000         0.4220340528         1.1521371644        -1.5898086345        -1.5226194246         4.7805587237         1.3966839240 
        6.5450000000         0.5374355909         1.1826928291        -0.7938430298        -1.5290253118         4.7805587237         1.3966839240 
        6.5500000000         0.6527248925         1.2030632723        -0.2631992933        -1.5386341427         4.6478563735         1.3915897233 
        6.5550000000         0.7678778809         1.2157947993         0.0684530420        -1.5482429736         4.7805587237         1.3966839240 
        6.5600000000         0.8828705078         1.2208874101         0.2011139761        -1.5354311991         4.9796122491         1.4043252250 
        6.5650001000         0.9976810527         1.2081558831        -0.1305383592        -1.5386341427         4.9796122491         1.4043252250 
        6.5700000000         1.1122786568         1.2107021885        -0.0642078921        -1.5354311991         4.5815051984         1.3890426230 
        6.5750000000         1.2266462699         1.2056095777        -0.1968688262        -1.5450400300         4.7805587237         1.3966839240 
        6.5800000000         1.3407577136         1.2081558831        -0.1305383592        -1.5450400300         4.7805587237         1.3966839240 
        6.5850000000         1.4545891573         1.2132484939         0.0021225749        -1.5386341427         4.9796122491         1.4043252250 
        6.5900000000         1.5681168287         1.2132484939         0.0021225749        -1.5322282555         4.7805587237         1.3966839240 
        6.5950000000         1.6813170189         1.2819987396         1.7930451856        -1.5322282555         4.6478563735         1.3915897233 
        6.6000000000         1.7941660876         1.2641746018         1.3287319162        -1.5258223682         4.6478563735         1.3915897233 
        6.6050001000         1.9066427133         1.2463504641         0.8644186468        -1.5226194246         4.6478563735         1.3915897233 
        6.6100000000         2.0187166703         1.2769061288         1.6603842515        -1.5066047064         4.5151540233         1.3864955226 
        6.6150000000         2.1303712898         1.2743598234         1.5940537844        -1.4969958755         4.8469098988         1.3992310243 
        6.6200000000         2.2415810086         1.2718135180         1.5277233174        -1.5066047064         4.3161004979         1.3788542216 
        6.6250000000         2.3523226019         1.2769061288         1.6603842515        -1.4937929319         4.5815051984         1.3890426230 
        6.6300000000         2.4625729427         1.2667209072         1.3950623832        -1.4969958755         4.7805587237         1.3966839240 
        6.6350001000         2.5723111961         1.2743598234         1.5940537844        -1.4777782137         4.6478563735         1.3915897233 
        6.6400000000         2.6815078768         1.2692672126         1.4613928503        -1.4713723265         5.0459634242         1.4068723253 
        6.6450001000         2.7901489155         1.2819987396         1.7930451856        -1.4553576083         4.5151540233         1.3864955226 
        6.6500001000         2.8982050888         1.2845450450         1.8593756527        -1.4457487774         4.5151540233         1.3864955226 
        6.6550000000         3.0056538663         1.2845450450         1.8593756527        -1.4457487774         4.5815051984         1.3890426230 
        6.6600000000         3.1124771065         1.2769061288         1.6603842515        -1.4489517210         4.3161004979         1.3788542216 
        6.6650000000         3.2186503459         1.2819987396         1.7930451856        -1.4297340593         4.5151540233         1.3864955226 
        6.6700000000         3.3241514113         1.2921839612         2.0583670539        -1.4137193411         4.7805587237         1.3966839240 
        6.6750000000         3.4289582702         1.2972765720         2.1910279880        -1.4073134538         4.4488028481         1.3839484223 
        6.6800000000         3.5330490351         1.2947302666         2.1246975209        -1.4073134538         4.7805587237         1.3966839240 
        6.6850000000         3.6364019680         1.2896376558         1.9920365868        -1.3977046230         4.6478563735         1.3915897233 
        6.6900001000         3.7389975290         1.2972765720         2.1910279880        -1.3784869612         4.6478563735         1.3915897233 
        6.6950000000         3.8408081604         1.3100080990         2.5226803233        -1.3592692994         4.7805587237         1.3966839240 
        6.7000000000         3.9418187324         1.2998228774         2.2573584551        -1.3624722430         4.8469098988         1.3992310243 
        6.7050000000         4.0420061060         1.3049154882         2.3900193892        -1.3464575249         4.6478563735         1.3915897233 
        6.7100000000         4.1413493583         1.3049154882         2.3900193892        -1.3432545812         4.7805587237         1.3966839240 
        6.7150000000         4.2398277429         1.2998228774         2.2573584551        -1.3304428067         4.7805587237         1.3966839240 
        6.7200000000         4.3374206938         1.3023691828         2.3236889221        -1.3176310322         4.7805587237         1.3966839240 
        6.7250000000         4.4341078299         1.3100080990         2.5226803233        -1.3048192577         4.7805587237         1.3966839240 
        6.7300001000         4.5298708652         1.3074617936         2.4563498562        -1.2920074831         4.8469098988         1.3992310243 
        6.7350000000         4.6246840837         1.3252859313         2.9206631257        -1.2695868777         4.9796122491         1.4043252250 
        6.7400000000         4.7185334019         1.3227396259         2.8543326586        -1.2567751032         4.9796122491         1.4043252250 
        6.7450000000         4.8113973149         1.3151007098         2.6553412574        -1.2535721596         4.5151540233         1.3864955226 
        6.7500000000         4.9032564292         1.3303785421         3.0533240598        -1.2279486105         4.7142075486         1.3941368236 
        6.7550000000         4.9940915612         1.3278322367         2.9869935927        -1.2151368360         4.6478563735         1.3915897233 
        6.7600001000         5.0838855264         1.3405637637         3.3186459280        -1.1991221178         4.6478563735         1.3915897233 
        6.7650000000         5.1726142170         1.3380174583         3.2523154610        -1.1927162306         4.7805587237         1.3966839240 
        6.7700001000         5.2602662007         1.3405637637         3.3186459280        -1.1670926815         4.9796122491         1.4043252250 
        6.7750001000         5.3468178813         1.3482026799         3.5176373292        -1.1574838506         4.5815051984         1.3890426230 
        6.7800000000         5.4322512500         1.3456563745         3.4513068622        -1.1382661889         4.8469098988         1.3992310243 
        6.7850000000         5.5165518826         1.3532952907         3.6502982634        -1.0998308653         4.7805587237         1.3966839240 
        6.7900000000         5.5997004539         1.3660268177         3.9819505987        -1.0934249780         5.0459634242         1.4068723253 
        6.7950000000         5.6816795995         1.3583879015         3.7829591975        -1.0774102599         5.0459634242         1.4068723253 
        6.8000000000         5.7624721991         1.3583879015         3.7829591975        -1.0517867108         4.5151540233         1.3864955226 
        6.8050000000         5.8420613802         1.3583879015         3.7829591975        -1.0453808236         4.3161004979         1.3788542216 
        6.8100000000         5.9204305215         1.3634805123         3.9156201316        -1.0325690490         4.7805587237         1.3966839240 
        6.8150001000         5.9975647869         1.3634805123         3.9156201316        -1.0133513873         4.9132610740         1.4017781247 
        6.8200000000         6.0734434777         1.3787583447         4.3136029340        -0.9845248946         4.6478563735         1.3915897233 
        6.8250000000         6.1480553378         1.3660268177         3.9819505987        -0.9589013455         4.7805587237         1.3966839240 
        6.8300000000         6.2213832552         1.4042213986         4.9769076046        -0.9396836837         4.7805587237         1.3966839240 
        6.8350000000         6.2934119164         1.3813046501         4.3799334010        -0.9204660220         4.5151540233         1.3864955226 
        6.8400000000         6.3641262791         1.3889435663         4.5789248022        -0.9076542474         4.5151540233         1.3864955226 
        6.8450000000         6.4335115755         1.3863972609         4.5125943352        -0.8724218675         4.8469098988         1.3992310243 
        6.8500000000         6.5015533155         1.3863972609         4.5125943352        -0.8692189239         4.7805587237         1.3966839240 
        6.8550001000         6.5682386092         1.3914898717         4.6452552693        -0.8435953748         4.7805587237         1.3966839240 
        6.8600000000         6.6335495708         1.3965824825         4.7779162034        -0.8179718258         4.8469098988         1.3992310243 
        6.8650000000         6.6974765204         1.3991287878         4.8442466705        -0.7955512204         4.5151540233         1.3864955226 
        6.8700000000         6.7600047878         1.4016750932         4.9105771375        -0.7667247277         4.9796122491         1.4043252250 
        6.8750000000         6.8211213148         1.4042213986         4.9769076046        -0.7411011786         4.9796122491         1.4043252250 
        6.8800000000         6.8808133380         1.4169529256         5.3085599399        -0.7154776296         4.9132610740         1.4017781247 
        6.8850001000         6.9390695420         1.4169529256         5.3085599399        -0.6930570242         4.7142075486         1.3941368236 
        6.8900000000         6.9958743092         1.4194992310         5.3748904070        -0.6770423060         4.6478563735         1.3915897233 
        6.8950001000         7.0512203205         1.4220455364         5.4412208740        -0.6418099261         5.0459634242         1.4068723253 
        6.9000001000         7.1050926532         1.4296844526         5.6402122752        -0.6097804898         4.8469098988         1.3992310243 
        6.9050000000         7.1574801453         1.4296844526         5.6402122752        -0.5873598843         4.8469098988         1.3992310243 
        6.9100000000         7.2083739521         1.4271381472         5.5738818081        -0.5617363353         4.7142075486         1.3941368236 
        6.9150000000         7.2577623822         1.4373233688         5.8392036764        -0.5361127863         5.0459634242         1.4068723253 
        6.9200000000         7.3056351217         1.4271381472         5.5738818081        -0.5072862936         4.9796122491         1.4043252250 
        6.9250000000         7.3519821727         1.4475085904         6.1045255446        -0.4656480264         4.8469098988         1.3992310243 
        6.9300000000         7.3967938565         1.4296844526         5.6402122752        -0.4496333082         4.7142075486         1.3941368236 
        6.9350000000         7.4400608146         1.4194992310         5.3748904070        -0.4304156464         4.5815051984         1.3890426230 
        6.9400001000         7.4817748299         1.4576938120         6.3698474129        -0.3951832665         4.7142075486         1.3941368236 
        6.9450000000         7.5219247352         1.4322307580         5.7065427423        -0.3663567738         4.7142075486         1.3941368236 
        6.9500000000         7.5605046014         1.4475085904         6.1045255446        -0.3343273375         4.7805587237         1.3966839240 
        6.9550000000         7.5975055532         1.4526012012         6.2371864788        -0.2990949576         4.5815051984         1.3890426230 
        6.9600000000         7.6329198631         1.4526012012         6.2371864788        -0.2670655213         4.5815051984         1.3890426230 
        6.9650000000         7.6667401355         1.4653327282         6.5688388141        -0.2382390286         4.6478563735         1.3915897233 
        6.9700000000         7.6989593074         1.4526012012         6.2371864788        -0.2158184232         4.3824516730         1.3814013219 
        6.9750000000         7.7295706503         1.4551475066         6.3035169458        -0.1837889869         4.3824516730         1.3814013219 
        6.9800001000         7.7585683350         1.4526012012         6.2371864788        -0.1645713251         4.7805587237         1.3966839240 
        6.9850000000         7.7859446147         1.4551475066         6.3035169458        -0.1261360015         4.9796122491         1.4043252250 
        6.9900000000         7.8116954633         1.4678790336         6.6351692811        -0.1005124525         4.5815051984         1.3890426230 
        6.9950000000         7.8358149394         1.4551475066         6.3035169458        -0.0620771289         4.9132610740         1.4017781247 
        7.0000000000         7.8582980058         1.4576938120         6.3698474129        -0.0236418053         4.7805587237         1.3966839240 
        7.0050000000         7.8791399674         1.4806105605         6.9668216164         0.0083876310         4.7805587237         1.3966839240 
        7.0100001000         7.8983368389         1.4551475066         6.3035169458         0.0372141237         4.9796122491         1.4043252250 
        7.0150000000         7.9158835090         1.4780642551         6.9004911494         0.0692435600         4.7142075486         1.3941368236 
        7.0200001000         7.9317777171         1.4780642551         6.9004911494         0.0916641654         5.0459634242         1.4068723253 
        7.0250001000         7.9460151405         1.4576938120         6.3698474129         0.1172877144         4.8469098988         1.3992310243 
        7.0300000000         7.9585929055         1.4755179497         6.8341606823         0.1589259816         5.0459634242         1.4068723253 
        7.0350000000         7.9695088884         1.4780642551         6.9004911494         0.1941583616         4.9796122491         1.4043252250 
        7.0400000000         7.9787605414         1.4755179497         6.8341606823         0.2261877979         4.9796122491         1.4043252250 
        7.0450000000         7.9863459324         1.4907957821         7.2321434847         0.2678260651         4.8469098988         1.3992310243 
        7.0500000000         7.9922634774         1.4704253390         6.7014997482         0.2838407832         4.7805587237         1.3966839240 
        7.0550000000         7.9965119405         1.4806105605         6.9668216164         0.3254790505         5.0459634242         1.4068723253 
        7.0600000000         7.9990904345         1.4882494767         7.1658130176         0.3607114304         4.9796122491         1.4043252250 
        7.0650001000         7.9999984223         1.4831568659         7.0331520835         0.3959438103         4.3824516730         1.3814013219 
        7.0700000000         7.9992357100         1.4806105605         6.9668216164         0.4311761903         4.7142075486         1.3941368236 
        7.0750000000         7.9968024612         1.4933420875         7.2984739518         0.4664085702         5.0459634242         1.4068723253 
        7.0800000000         7.9926991826         1.4755179497         6.8341606823         0.5080468374         4.8469098988         1.3992310243 
        7.0850000000         7.9869267311         1.4882494767         7.1658130176         0.5240615556         4.7805587237         1.3966839240 
        7.0900000000         7.9794863123         1.4678790336         6.6351692811         0.5624968791         4.9132610740         1.4017781247 
        7.0950000000         7.9703794799         1.4551475066         6.3035169458         0.5913233718         4.8469098988         1.3992310243 
        7.1000000000         7.9596081359         1.4958883929         7.3648044188         0.6329616390         5.1123145993         1.4094194257 
        7.1050001000         7.9471742643         1.4551475066         6.3035169458         0.6649910753         4.6478563735         1.3915897233 
        7.1100000000         7.9330812576         1.4958883929         7.3648044188         0.7066293425         4.8469098988         1.3992310243 
        7.1150000000         7.9173312632         1.4500548958         6.1708560117         0.7258470043         4.5815051984         1.3890426230 
        7.1200000000         7.8999278356         1.4678790336         6.6351692811         0.7610793842         4.5815051984         1.3890426230 
        7.1250000000         7.8808746092         1.4780642551         6.9004911494         0.7995147078         4.9132610740         1.4017781247 
        7.1300000000         7.8601755631         1.4602401174         6.4361778800         0.8315441441         4.7142075486         1.3941368236 
        7.1350001000         7.8378345568         1.4653327282         6.5688388141         0.8571676932         4.9132610740         1.4017781247 
        7.1400000000         7.8138576453         1.4806105605         6.9668216164         0.9116177349         4.7805587237         1.3966839240 
        7.1450001000         7.7882479181         1.4729716443         6.7678302153         0.9404442276         4.5151540233         1.3864955226 
        7.1500001000         7.7610122110         1.4653327282         6.5688388141         0.9628648330         4.5815051984         1.3890426230 
        7.1550000000         7.7321563091         1.4678790336         6.6351692811         0.9980972129         4.5815051984         1.3890426230 
        7.1600000000         7.7016850844         1.4551475066         6.3035169458         1.0205178183         4.7805587237         1.3966839240 
        7.1650000000         7.6696054615         1.4526012012         6.2371864788         1.0557501983         4.7805587237         1.3966839240 
        7.1700000000         7.6359241396         1.4729716443         6.7678302153         1.0973884655         4.9796122491         1.4043252250 
        7.1750000000         7.6006481528         1.4576938120         6.3698474129         1.1262149582         4.9796122491         1.4043252250 
        7.1800000000         7.5637848679         1.4780642551         6.9004911494         1.1678532254         4.8469098988         1.3992310243 
        7.1850000000         7.5253419835         1.4475085904         6.1045255446         1.1998826617         4.7805587237         1.3966839240 
        7.1900001000         7.4853267117         1.4602401174         6.4361778800         1.2255062107         4.7142075486         1.3941368236 
        7.1950000000         7.4437498571         1.4729716443         6.7678302153         1.2575356470         4.7142075486         1.3941368236 
        7.2000000000         7.4006176547         1.4398696742         5.9055341435         1.2799562524         4.7805587237         1.3966839240 
        7.2050000000         7.3559399280         1.4398696742         5.9055341435         1.3087827451         4.9132610740         1.4017781247 
        7.2100000000         7.3097260075         1.4551475066         6.3035169458         1.3504210123         4.9796122491         1.4043252250 
        7.2150000000         7.2619855443         1.4551475066         6.3035169458         1.3888563359         4.8469098988         1.3992310243 
        7.2200000000         7.2127285085         1.4704253390         6.7014997482         1.4240887158         4.8469098988         1.3992310243 
        7.2250000000         7.1619651866         1.4373233688         5.8392036764         1.4433063776         4.7805587237         1.3966839240 
        7.2300001000         7.1097051200         1.4551475066         6.3035169458         1.4657269830         4.8469098988         1.3992310243 
        7.2350000000         7.0559624024         1.4526012012         6.2371864788         1.5137711375         4.5815051984         1.3890426230 
        7.2400000000         7.0007450773         1.4245918418         5.5075513411         1.5329887993         4.7805587237         1.3966839240 
        7.2450000000         6.9440657363         1.4602401174         6.4361778800         1.5586123483         4.6478563735         1.3915897233 
        7.2500000000         6.8859362160         1.4271381472         5.5738818081         1.5842358974         4.5151540233         1.3864955226 
        7.2550000000         6.8263686562         1.4398696742         5.9055341435         1.6194682773         4.6478563735         1.3915897233 
        7.2600001000         6.7653742627         1.4373233688         5.8392036764         1.6418888827         4.5815051984         1.3890426230 
        7.2650000000         6.7029694751         1.3863972609         4.5125943352         1.6675124318         4.8469098988         1.3992310243 
        7.2700001000         6.6391623342         1.4475085904         6.1045255446         1.6995418681         4.7142075486         1.3941368236 
        7.2750001000         6.5739699514         1.4322307580         5.7065427423         1.7315713044         4.7142075486         1.3941368236 
        7.2800000000         6.5074060241         1.4169529256         5.3085599399         1.7603977971         4.7142075486         1.3941368236 
        7.2850000000         6.4394817908         1.4398696742         5.9055341435         1.7796154589         4.3824516730         1.3814013219 
        7.2900000000         6.3702127541         1.3991287878         4.8442466705         1.7988331206         4.7805587237         1.3966839240 
        7.2950000000         6.2996133801         1.4398696742         5.9055341435         1.8244566697         4.7142075486         1.3941368236 
        7.3000000000         6.2276984125         1.4144066202         5.2422294728         1.8628919933         4.9132610740         1.4017781247 
        7.3050000000         6.1544828699         1.4169529256         5.3085599399         1.8981243732         4.8469098988         1.3992310243 
        7.3100000000         6.0799820423         1.4245918418         5.5075513411         1.9205449786         4.7142075486         1.3941368236 
        7.3150001000         6.0042099603         1.4551475066         6.3035169458         1.9493714713         4.6478563735         1.3915897233 
        7.3200000000         5.9271870316         1.3940361771         4.7115857363         1.9717920767         4.7805587237         1.3966839240 
        7.3250000000         5.8489247578         1.4144066202         5.2422294728         1.9942126821         4.7805587237         1.3966839240 
        7.3300000000         5.7694410110         1.4042213986         4.9769076046         2.0294450621         4.9796122491         1.4043252250 
        7.3350000000         5.6887523903         1.4169529256         5.3085599399         2.0518656675         5.0459634242         1.4068723253 
        7.3400000000         5.6068757465         1.3889435663         4.5789248022         2.0774892165         4.9796122491         1.4043252250 
        7.3450000000         5.5238281785         1.4245918418         5.5075513411         2.1127215965         4.8469098988         1.3992310243 
        7.3500000000         5.4396270298         1.4067677040         5.0432380717         2.1287363146         4.6478563735         1.3915897233 
        7.3550001000         5.3542881666         1.4144066202         5.2422294728         2.1575628073         4.6478563735         1.3915897233 
        7.3600000000         5.2678345645         1.3965824825         4.7779162034         2.1735775255         4.5815051984         1.3890426230 
        7.3650000000         5.1802791246         1.4169529256         5.3085599399         2.2152157927         4.8469098988         1.3992310243 
        7.3700000000         5.0916418497         1.4042213986         4.9769076046         2.2312305108         4.7142075486         1.3941368236 
        7.3750000000         5.0019412507         1.4118603148         5.1758990058         2.2504481726         4.8469098988         1.3992310243 
        7.3800000000         4.9111960603         1.3965824825         4.7779162034         2.2728687780         4.8469098988         1.3992310243 
        7.3850001000         4.8194233839         1.4194992310         5.3748904070         2.3177099888         4.7805587237         1.3966839240 
        7.3900000000         4.7266479234         1.3889435663         4.5789248022         2.3337247070         4.9796122491         1.4043252250 
        7.3950001000         4.6328816324         1.3965824825         4.7779162034         2.3593482560         4.7142075486         1.3941368236 
        7.4000001000         4.5381496888         1.3889435663         4.5789248022         2.3849718051         5.0459634242         1.4068723253 
        7.4050000000         4.4424719338         1.4194992310         5.3748904070         2.4170012414         4.5815051984         1.3890426230 
        7.4100000000         4.3458645212         1.3965824825         4.7779162034         2.4426247905         4.6478563735         1.3915897233 
        7.4150000000         4.2483495305         1.3940361771         4.7115857363         2.4586395086         4.5151540233         1.3864955226 
        7.4200000000         4.1499473263         1.3914898717         4.6452552693         2.4746542268         4.3161004979         1.3788542216 
        7.4250000000         4.0506784588         1.3965824825         4.7779162034         2.4970748322         4.7142075486         1.3941368236 
        7.4300000000         3.9505636590         1.3838509555         4.4462638681         2.5162924940         4.7805587237         1.3966839240 
        7.4350000000         3.8496238345         1.3889435663         4.5789248022         2.5515248739         4.9796122491         1.4043252250 
        7.4400001000         3.7478780227         1.3940361771         4.7115857363         2.5771484229         4.9132610740         1.4017781247 
        7.4450000000         3.6453535996         1.3965824825         4.7779162034         2.5995690284         4.9796122491         1.4043252250 
        7.4500000000         3.5420658483         1.3838509555         4.4462638681         2.6219896338         4.6478563735         1.3915897233 
        7.4550000000         3.4380383819         1.3940361771         4.7115857363         2.6476131828         4.6478563735         1.3915897233 
        7.4600000000         3.3332929253         1.3711194285         4.1146115328         2.6636279010         4.7805587237         1.3966839240 
        7.4650000000         3.2278513531         1.3736657339         4.1809419998         2.6828455628         4.7805587237         1.3966839240 
        7.4700000000         3.1217356854         1.3685731231         4.0482810657         2.7084691118         4.7805587237         1.3966839240 
        7.4750000000         3.0149680833         1.3558415961         3.7166287304         2.7276867736         4.7805587237         1.3966839240 
        7.4800001000         2.9075686896         1.3838509555         4.4462638681         2.7565132663         4.9796122491         1.4043252250 
        7.4850000000         2.7995663951         1.3634805123         3.9156201316         2.7789338717         4.9796122491         1.4043252250 
        7.4900000000         2.6909772930         1.3762120393         4.2472724669         2.8045574207         4.7805587237         1.3966839240 
        7.4950000000         2.5818262146         1.3558415961         3.7166287304         2.8269780262         4.8469098988         1.3992310243 
        7.5000000000         2.4721359550         1.3711194285         4.1146115328         2.8429927443         4.7805587237         1.3966839240 
        7.5050000000         2.3619294214         1.3558415961         3.7166287304         2.8558045188         4.6478563735         1.3915897233 
        7.5100001000         2.2512274103         1.3634805123         3.9156201316         2.8814280679         4.8469098988         1.3992310243 
        7.5150000000         2.1400596963         1.3660268177         3.9819505987         2.9038486733         4.7805587237         1.3966839240 
        7.5200001000         2.0284406028         1.3558415961         3.7166287304         2.9230663351         4.8469098988         1.3992310243 
        7.5250001000         1.9164001234         1.3456563745         3.4513068622         2.9262692787         4.6478563735         1.3915897233 
        7.5300000000         1.8039616811         1.3482026799         3.5176373292         2.9486898841         4.7142075486         1.3941368236 
        7.5350000000         1.6911442595         1.3456563745         3.4513068622         2.9679075459         4.8469098988         1.3992310243 
        7.5400000000         1.5779736642         1.3405637637         3.3186459280         2.9839222641         5.0459634242         1.4068723253 
        7.5450000000         1.4644735292         1.3354711529         3.1859849939         3.0127487567         4.5151540233         1.3864955226 
        7.5500000000         1.3506675577         1.3482026799         3.5176373292         3.0255605313         4.8469098988         1.3992310243 
        7.5550000000         1.2365795166         1.3176470152         2.7216717245         3.0319664185         4.3161004979         1.3788542216 
        7.5600000000         1.1222332316         1.3176470152         2.7216717245         3.0383723058         4.7142075486         1.3941368236 
        7.5650001000         1.0076502889         1.3125544044         2.5890107904         3.0639958548         4.9132610740         1.4017781247 
        7.5700000000         0.8928614984         1.3252859313         2.9206631257         3.0896194039         4.7142075486         1.3941368236 
        7.5750000000         0.7778839514         1.3125544044         2.5890107904         3.0896194039         4.6478563735         1.3915897233 
        7.5800000000         0.6627439533         1.3023691828         2.3236889221         3.1024311784         4.4488028481         1.3839484223 
        7.5850000000         0.5474655496         1.2870913504         1.9257061197         3.1024311784         4.7805587237         1.3966839240 
        7.5900000000         0.4320728147         1.2947302666         2.1246975209         3.1248517838         4.7805587237         1.3966839240 
        7.5950000000         0.3165898470         1.2819987396         1.7930451856         3.1312576711         4.6478563735         1.3915897233 
        7.6000000000         0.2010407635         1.2921839612         2.0583670539         3.1472723892         4.7805587237         1.3966839240 
        7.6050001000         0.0854473832         1.2794524342         1.7267147186         3.1408665020         4.7805587237         1.3966839240 
        7.6100000000        -0.0301592180         1.2718135180         1.5277233174         3.1376635583         4.5815051984         1.3890426230 
        7.6150000000        -0.1457618330         1.2488967694         0.9307491138         3.1312576711         4.7805587237         1.3966839240 
        7.6200000000        -0.2613340075         1.2438041587         0.7980881797         3.1312576711         4.7805587237         1.3966839240 
        7.6250000000        -0.3768516057         1.2310726317         0.4664358444         3.1312576711         4.7805587237         1.3966839240 
        7.6300000000        -0.4922905033         1.2234337155         0.2674444432         3.1408665020         4.9796122491         1.4043252250 
        7.6350001000        -0.6076288978         1.2081558831        -0.1305383592         3.1504753329         4.7805587237         1.3966839240 
        7.6400000000        -0.7228357862         1.2081558831        -0.1305383592         3.1376635583         4.9132610740         1.4017781247 
        7.6450001000        -0.8378963247         1.2183411047         0.1347835091         3.1504753329         4.7805587237         1.3966839240 
        7.6500001000        -0.9527795765         1.2132484939         0.0021225749         3.1376635583         4.6478563735         1.3915897233 
        7.6550000000        -1.0674615610         1.2081558831        -0.1305383592         3.1408665020         4.6478563735         1.3915897233 
        7.6600000000        -1.1819229155         1.2132484939         0.0021225749         3.1376635583         4.6478563735         1.3915897233 
        7.6650000000        -1.2961374406         1.2132484939         0.0021225749         3.1312576711         4.7805587237         1.3966839240 
        7.6700000000        -1.4100812839         1.2056095777        -0.1968688262         3.1376635583         5.0459634242         1.4068723253 
        7.6750000000        -1.5237306498         1.1292204158        -2.1867828381         3.1376635583         4.9796122491         1.4043252250 
        7.6800000000        -1.6370618042         1.1852391345        -0.7275125627         3.1472723892         4.8469098988         1.3992310243 
        7.6850000000        -1.7500510791         1.1903317453        -0.5948516286         3.1504753329         4.8469098988         1.3992310243 
        7.6900001000        -1.8626771269         1.1572297752        -1.4571477004         3.1440694456         4.7805587237         1.3966839240 
        7.6950000000        -1.9749096816         1.1725076076        -1.0591648980         3.1312576711         4.7805587237         1.3966839240 
        7.7000000000        -2.0867320503         1.1597760806        -1.3908172334         3.1248517838         4.7805587237         1.3966839240 
        7.7050000000        -2.1981186318         1.1725076076        -1.0591648980         3.1280547275         4.7142075486         1.3941368236 
        7.7100000000        -2.3090461644         1.1826928291        -0.7938430298         3.1184458966         5.0459634242         1.4068723253 
        7.7150000000        -2.4194914822         1.1725076076        -1.0591648980         3.1184458966         4.9796122491         1.4043252250 
        7.7200000000        -2.5294315202         1.1928780507        -0.5285211615         3.1184458966         4.5815051984         1.3890426230 
        7.7250000000        -2.6388433189         1.1750539129        -0.9928344310         3.1152429529         4.6478563735         1.3915897233 
        7.7300001000        -2.7477062004         1.1750539129        -0.9928344310         3.1024311784         4.2497493228         1.3763071212 
        7.7350000000        -2.8559909161         1.1699613022        -1.1254953651         3.0960252911         4.3161004979         1.3788542216 
        7.7400000000        -2.9636813662         1.1623223860        -1.3244867663         3.0928223475         4.6478563735         1.3915897233 
        7.7450000000        -3.0707528893         1.1521371644        -1.5898086345         3.0768076294         4.5151540233         1.3864955226 
        7.7500000000        -3.1771831251         1.1623223860        -1.3244867663         3.0896194039         4.7805587237         1.3966839240 
        7.7550000000        -3.2829498468         1.1444982482        -1.7888000357         3.0704017421         4.7805587237         1.3966839240 
        7.7600001000        -3.3880330611         1.1444982482        -1.7888000357         3.0511840803         4.7805587237         1.3966839240 
        7.7650000000        -3.4924045393         1.1394056374        -1.9214609699         3.0511840803         4.6478563735         1.3915897233 
        7.7700001000        -3.5960508336         1.1419519428        -1.8551305028         3.0415752494         4.9796122491         1.4043252250 
        7.7750001000        -3.6989440585         1.1394056374        -1.9214609699         3.0351693622         4.9132610740         1.4017781247 
        7.7800000000        -3.8010627718         1.1444982482        -1.7888000357         3.0287634749         4.7805587237         1.3966839240 
        7.7850000000        -3.9023897319         1.1419519428        -1.8551305028         3.0223575876         4.7805587237         1.3966839240 
        7.7900000000        -4.0029017280         1.1215814996        -2.3857742393         2.9999369822         4.6478563735         1.3915897233 
        7.7950000000        -4.1025777693         1.1266741104        -2.2531133052         2.9871252077         4.6478563735         1.3915897233 
        7.8000000000        -4.2013970397         1.1215814996        -2.3857742393         2.9679075459         4.8469098988         1.3992310243 
        7.8050000000        -4.2993389022         1.1241278050        -2.3194437722         2.9679075459         4.9132610740         1.4017781247 
        7.8100001000        -4.3963848345         1.1266741104        -2.2531133052         2.9679075459         4.8469098988         1.3992310243 
        7.8150001000        -4.4925106883         1.1266741104        -2.2531133052         2.9486898841         4.7805587237         1.3966839240 
        7.8200000000        -4.5876964445         1.1139425834        -2.5847656405         2.9262692787         4.7142075486         1.3941368236 
        7.8250000000        -4.6819260322         1.1139425834        -2.5847656405         2.9134575042         4.6478563735         1.3915897233 
        7.8300000000        -4.7751778596         1.1063036672        -2.7837570417         2.8942398424         4.7805587237         1.3966839240 
        7.8350000000        -4.8674324523         1.0986647511        -2.9827484428         2.8814280679         4.8469098988         1.3992310243 
        7.8400000000        -4.9586705441         1.1088499726        -2.7174265746         2.8654133497         4.8469098988         1.3992310243 
        7.8450000000        -5.0488730810         1.1012110564        -2.9164179758         2.8590074625         4.9796122491         1.4043252250 
        7.8500000000        -5.1380212254         1.1037573618        -2.8500875087         2.8429927443         5.0459634242         1.4068723253 
        7.8550001000        -5.2260981105         1.1088499726        -2.7174265746         2.8397898007         4.5815051984         1.3890426230 
        7.8600000000        -5.3130800911         1.1063036672        -2.7837570417         2.8141662516         4.9796122491         1.4043252250 
        7.8650000000        -5.3989542535         1.1113962780        -2.6510961075         2.8077603644         4.8469098988         1.3992310243 
        7.8700000000        -5.4837009135         1.1063036672        -2.7837570417         2.7853397590         4.3824516730         1.3814013219 
        7.8750000000        -5.5673023727         1.0833869187        -3.3807312452         2.7629191535         4.7805587237         1.3966839240 
        7.8800000000        -5.6497411722         1.0935721403        -3.1154093770         2.7437014918         4.5815051984         1.3890426230 
        7.8850001000        -5.7310017088         1.0910258349        -3.1817398440         2.7372956045         4.9132610740         1.4017781247 
        7.8900000000        -5.8110621729         1.0859332241        -3.3144007782         2.7180779427         4.9796122491         1.4043252250 
        7.8950001000        -5.8899122491         1.0859332241        -3.3144007782         2.7020632246         4.7805587237         1.3966839240 
        7.9000001000        -5.9675307034         1.0757480025        -3.5797226464         2.6956573373         4.7805587237         1.3966839240 
        7.9050000000        -6.0439014004         1.0859332241        -3.3144007782         2.6668308446         4.6478563735         1.3915897233 
        7.9100000000        -6.1190114459         1.0706553917        -3.7123835805         2.6572220137         4.7805587237         1.3966839240 
        7.9150000000        -6.1928436143         1.0884795295        -3.2480703111         2.6412072956         4.7805587237         1.3966839240 
        7.9200000000        -6.2653824866         1.0502849485        -4.2430273170         2.6091778593         4.7142075486         1.3941368236 
        7.9250000000        -6.3366129140         1.0706553917        -3.7123835805         2.5899601975         4.5815051984         1.3890426230 
        7.9300000000        -6.4065200209         1.0451923377        -4.3756882511         2.5611337048         4.7805587237         1.3966839240 
        7.9350001000        -6.4750905661         1.0477386431        -4.3093577841         2.5387130994         4.7805587237         1.3966839240 
        7.9400001000        -6.5423074867         1.0375534215        -4.5746796523         2.5162924940         4.7805587237         1.3966839240 
        7.9450000000        -6.6081568269         1.0553775593        -4.1103663829         2.5066836631         4.9796122491         1.4043252250 
        7.9500000000        -6.6726274689         1.0477386431        -4.3093577841         2.4906689449         4.8469098988         1.3992310243 
        7.9550000000        -6.7357046181         1.0477386431        -4.3093577841         2.4618424522         4.9796122491         1.4043252250 
        7.9600000000        -6.7973751016         1.0350071161        -4.6410101194         2.4330159596         4.7142075486         1.3941368236 
        7.9650000000        -6.8576260404         1.0350071161        -4.6410101194         2.4073924105         4.6478563735         1.3915897233 
        7.9700000000        -6.9164448518         1.0426460323        -4.4420187182         2.3913776924         4.7805587237         1.3966839240 
        7.9750000000        -6.9738192523         1.0350071161        -4.6410101194         2.3689570869         4.7142075486         1.3941368236 
        7.9800001000        -7.0297383636         1.0350071161        -4.6410101194         2.3465364815         4.3824516730         1.3814013219 
        7.9850000000        -7.0841871969         1.0350071161        -4.6410101194         2.3209129325         4.6478563735         1.3915897233 
        7.9900000000        -7.1371576922         1.0375534215        -4.5746796523         2.3081011580         4.7805587237         1.3966839240 
        7.9950000000        -7.1886376834         1.0273681999        -4.8400015206         2.2760717216         4.4488028481         1.3839484223 
        8.0000000000        -7.2386164197         1.0171829784        -5.1053233888         2.2504481726         4.6478563735         1.3915897233 
        8.0050000000        -7.2870834637         1.0248218946        -4.9063319876         2.2216216799         4.4488028481         1.3839484223 
        8.0100001000        -7.3340296172         1.0146366730        -5.1716538559         2.1959981309         4.7805587237         1.3966839240 
        8.0150000000        -7.3794423055         1.0044514514        -5.4369757241         2.1735775255         5.0459634242         1.4068723253 
        8.0200001000        -7.4233156774         1.0197292838        -5.0389929218         2.1575628073         4.6478563735         1.3915897233 
        8.0250000000        -7.4656370611         1.0095440622        -5.3043147900         2.1159245401         4.6478563735         1.3915897233 
        8.0300000000        -7.5064002040         1.0120903676        -5.2379843229         2.0999098219         4.8469098988         1.3992310243 
        8.0350000000        -7.5455957314         1.0069977568        -5.3706452571         2.0646774420         4.4488028481         1.3839484223 
        8.0400000000        -7.5832154578         0.9942662298        -5.7022975924         2.0262421184         4.6478563735         1.3915897233 
        8.0450001000        -7.6192522315         1.0120903676        -5.2379843229         2.0006185694         4.6478563735         1.3915897233 
        8.0500000000        -7.6536964125         0.9840810082        -5.9676194606         1.9814009076         4.9132610740         1.4017781247 
        8.0550001000        -7.6865435627         1.0120903676        -5.2379843229         1.9621832458         4.7805587237         1.3966839240 
        8.0600000000        -7.7177841950         1.0019051460        -5.5033061912         1.9333567531         4.7805587237         1.3966839240 
        8.0650001000        -7.7474142843         1.0171829784        -5.1053233888         1.9077332041         4.7142075486         1.3941368236 
        8.0700000000        -7.7754252726         0.9891736190        -5.8349585265         1.8692978805         4.6478563735         1.3915897233 
        8.0750000000        -7.8018130393         0.9968125352        -5.6359671253         1.8404713878         4.6478563735         1.3915897233 
        8.0800000000        -7.8265714972         0.9968125352        -5.6359671253         1.8052390079         4.7805587237         1.3966839240 
        8.0850000000        -7.8496954759         0.9815347028        -6.0339499277         1.7764125152         4.7805587237         1.3966839240 
        8.0900001000        -7.8711805596         0.9891736190        -5.8349585265         1.7571948534         5.0459634242         1.4068723253 
        8.0950000000        -7.8910210214         0.9993588406        -5.5696366583         1.7315713044         4.9796122491         1.4043252250 
        8.1000001000        -7.9092143053         1.0069977568        -5.3706452571         1.7027448117         5.0459634242         1.4068723253 
        8.1050000000        -7.9257551563         0.9891736190        -5.8349585265         1.6771212627         5.0459634242         1.4068723253 
        8.1100000000        -7.9406411623         1.0120903676        -5.2379843229         1.6418888827         4.7805587237         1.3966839240 
        8.1150000000        -7.9538688670         0.9789883974        -6.1002803948         1.6130623901         4.8469098988         1.3992310243 
        8.1200000000        -7.9654355080         1.0197292838        -5.0389929218         1.5970476719         4.7142075486         1.3941368236 
        8.1250001000        -7.9753388513         0.9866273136        -5.9012889936         1.5682211792         5.0459634242         1.4068723253 
        8.1300000000        -7.9835762844         1.0120903676        -5.2379843229         1.5458005738         5.0459634242         1.4068723253 
        8.1350001000        -7.9901467459         0.9968125352        -5.6359671253         1.5233799684         4.5815051984         1.3890426230 
        8.1400000000        -7.9950483382         0.9942662298        -5.7022975924         1.4881475885         4.9796122491         1.4043252250 
        8.1450001000        -7.9982804297         0.9942662298        -5.7022975924         1.4561181521         4.5815051984         1.3890426230 
        8.1500000000        -7.9998420868         0.9993588406        -5.5696366583         1.4272916595         4.7805587237         1.3966839240 
        8.1550000000        -7.9997331274         0.9840810082        -5.9676194606         1.4080739977         4.5815051984         1.3890426230 
        8.1600000000        -7.9979535261         0.9917199244        -5.7686280594         1.3792475050         4.7805587237         1.3966839240 
        8.1650000000        -7.9945036546         1.0222755892        -4.9726624547         1.3536239560         4.7805587237         1.3966839240 
        8.1700001000        -7.9893841144         1.0069977568        -5.3706452571         1.3344062942         4.7805587237         1.3966839240 
        8.1750000000        -7.9825963317         1.0171829784        -5.1053233888         1.3055798015         4.7805587237         1.3966839240 
        8.1800001000        -7.9741411811         1.0120903676        -5.2379843229         1.2831591961         4.5815051984         1.3890426230 
        8.1850000000        -7.9640211048         1.0120903676        -5.2379843229         1.2479268161         4.6478563735         1.3915897233 
        8.1900001000        -7.9522374065         0.9968125352        -5.6359671253         1.2223032671         4.5815051984         1.3890426230 
        8.1950000000        -7.9387934899         1.0069977568        -5.3706452571         1.1902738308         4.4488028481         1.3839484223 
        8.2000000000        -7.9236914056         1.0019051460        -5.5033061912         1.1582443945         4.7805587237         1.3966839240 
        8.2050000000        -7.9069345598         1.0044514514        -5.4369757241         1.1422296763         4.9796122491         1.4043252250 
        8.2100000000        -7.8885264520         1.0069977568        -5.3706452571         1.1134031836         4.9796122491         1.4043252250 
        8.2150000000        -7.8684709264         0.9968125352        -5.6359671253         1.0909825782         4.9796122491         1.4043252250 
        8.2200000000        -7.8467721715         0.9968125352        -5.6359671253         1.0525472547         4.6478563735         1.3915897233 
        8.2250000000        -7.8234347186         1.0044514514        -5.4369757241         1.0333295929         4.9132610740         1.4017781247 
        8.2300000000        -7.7984634417         1.0197292838        -5.0389929218         1.0141119311         4.7805587237         1.3966839240 
        8.2350000000        -7.7718635554         1.0171829784        -5.1053233888         0.9724736639         4.6478563735         1.3915897233 
        8.2400000000        -7.7436406150         1.0069977568        -5.3706452571         0.9532560021         4.9796122491         1.4043252250 
        8.2450000000        -7.7138005145         1.0019051460        -5.5033061912         0.9340383403         4.7142075486         1.3941368236 
        8.2500001000        -7.6823488403         1.0095440622        -5.3043147900         0.9052118476         4.6478563735         1.3915897233 
        8.2550000000        -7.6492940961         1.0095440622        -5.3043147900         0.8795882986         4.6478563735         1.3915897233 
        8.2600001000        -7.6146405406         1.0095440622        -5.3043147900         0.8603706368         4.8469098988         1.3992310243 
        8.2650000000        -7.5783981828         1.0095440622        -5.3043147900         0.8347470878         4.8469098988         1.3992310243 
        8.2700000000        -7.5405724646         1.0069977568        -5.3706452571         0.7995147078         4.9796122491         1.4043252250 
        8.2750000000        -7.5011719944         0.9968125352        -5.6359671253         0.7770941024         4.5815051984         1.3890426230 
        8.2800000000        -7.4602050005         1.0069977568        -5.3706452571         0.7482676097         4.6478563735         1.3915897233 
        8.2850000000        -7.4176800382         0.9968125352        -5.6359671253         0.7194411170         4.8469098988         1.3992310243 
        8.2900000000        -7.3736059886         1.0171829784        -5.1053233888         0.6938175680         4.7805587237         1.3966839240 
        8.2950001000        -7.3279911281         0.9866273136        -5.9012889936         0.6521793008         4.4488028481         1.3839484223 
        8.3000000000        -7.2808477655         1.0069977568        -5.3706452571         0.6265557518         4.6478563735         1.3915897233 
        8.3050000000        -7.2321829635         0.9891736190        -5.8349585265         0.6041351463         4.4488028481         1.3839484223 
        8.3100000000        -7.1820078127         0.9968125352        -5.6359671253         0.5753086537         4.5151540233         1.3864955226 
        8.3150000000        -7.1303327915         1.0095440622        -5.3043147900         0.5496851046         4.7142075486         1.3941368236 
        8.3200000000        -7.0771686916         0.9815347028        -6.0339499277         0.5144527247         4.5815051984         1.3890426230 
        8.3250000000        -7.0225266157         0.9993588406        -5.5696366583         0.4920321193         4.9132610740         1.4017781247 
        8.3300000000        -6.9664179750         0.9917199244        -5.7686280594         0.4632056266         4.7805587237         1.3966839240 
        8.3350000000        -6.9088544871         0.9993588406        -5.5696366583         0.4471909084         4.7142075486         1.3941368236 
        8.3400000000        -6.8498481735         1.0019051460        -5.5033061912         0.4119585285         4.9796122491         1.4043252250 
        8.3450000000        -6.7894113567         0.9815347028        -6.0339499277         0.3831320358         4.6478563735         1.3915897233 
        8.3500000000        -6.7275566584         0.9917199244        -5.7686280594         0.3575084868         4.5815051984         1.3890426230 
        8.3550000000        -6.6642969960         1.0120903676        -5.2379843229         0.3286819941         4.9796122491         1.4043252250 
        8.3600000000        -6.5996455805         0.9713494812        -6.2992717959         0.2902466705         4.7805587237         1.3966839240 
        8.3650000000        -6.5336159135         0.9968125352        -5.6359671253         0.2742319524         4.8469098988         1.3992310243 
        8.3700000000        -6.4662217845         1.0095440622        -5.3043147900         0.2550142906         4.8469098988         1.3992310243 
        8.3750001000        -6.3974758796         0.9840810082        -5.9676194606         0.2293907415         4.7805587237         1.3966839240 
        8.3800000000        -6.3273967201         1.0069977568        -5.3706452571         0.2005642488         4.7805587237         1.3966839240 
        8.3850001000        -6.2559933353         0.9891736190        -5.8349585265         0.1557230380         4.7805587237         1.3966839240 
        8.3900000000        -6.1832863485         0.9917199244        -5.7686280594         0.1365053762         4.7805587237         1.3966839240 
        8.3950000000        -6.1092866203         0.9993588406        -5.5696366583         0.1076788836         4.6478563735         1.3915897233 
        8.4000000000        -6.0340110459         0.9866273136        -5.9012889936         0.0756494472         4.7805587237         1.3966839240 
        8.4050000000        -5.9574753455         0.9968125352        -5.6359671253         0.0468229546         4.7805587237         1.3966839240 
        8.4100000000        -5.8796955027         0.9891736190        -5.8349585265         0.0308082364         4.6478563735         1.3915897233 
        8.4150000000        -5.8006877607         0.9968125352        -5.6359671253         0.0019817437         4.7142075486         1.3941368236 
        8.4200001000        -5.7204670031         1.0044514514        -5.4369757241        -0.0236418053         4.5815051984         1.3890426230 
        8.4250000000        -5.6390548315         0.9815347028        -6.0339499277        -0.0556712416         4.7805587237         1.3966839240 
        8.4300000000        -5.5564633992         1.0146366730        -5.1716538559        -0.0716859598         4.7142075486         1.3941368236 
        8.4350000000        -5.4727115707         0.9866273136        -5.9012889936        -0.1133242270         4.7805587237         1.3966839240 
        8.4400000000        -5.3878168364         1.0019051460        -5.5033061912        -0.1325418888         4.7142075486         1.3941368236 
        8.4450000000        -5.3017969256         0.9891736190        -5.8349585265        -0.1581654378         4.8469098988         1.3992310243 
        8.4500000000        -5.2146698024         0.9968125352        -5.6359671253        -0.1933978177         4.8469098988         1.3992310243 
        8.4550000000        -5.1264536622         0.9866273136        -5.9012889936        -0.2126154795         4.9132610740         1.4017781247 
        8.4600000000        -5.0371669278         1.0044514514        -5.4369757241        -0.2382390286         5.0459634242         1.4068723253 
        8.4650000000        -4.9468282455         0.9993588406        -5.5696366583        -0.2574566904         4.6478563735         1.3915897233 
        8.4700000000        -4.8554564815         0.9968125352        -5.6359671253        -0.2926890703         4.9796122491         1.4043252250 
        8.4750000000        -4.7630707177         0.9891736190        -5.8349585265        -0.3215155630         4.7805587237         1.3966839240 
        8.4800000000        -4.6696902475         0.9993588406        -5.5696366583        -0.3535449993         4.6478563735         1.3915897233 
        8.4850000000        -4.5753345722         0.9993588406        -5.5696366583        -0.3727626611         4.6478563735         1.3915897233 
        8.4900000000        -4.4800233970         0.9891736190        -5.8349585265        -0.4079950410         4.6478563735         1.3915897233 
        8.4950000000        -4.3837766262         1.0019051460        -5.5033061912        -0.4336185901         4.5815051984         1.3890426230 
        8.5000001000        -4.2866124076         0.9917199244        -5.7686280594        -0.4528362518         4.9132610740         1.4017781247 
        8.5050000000        -4.1885568889         1.0044514514        -5.4369757241        -0.4688509700         4.7805587237         1.3966839240 
        8.5100001000        -4.0896227043         0.9968125352        -5.6359671253        -0.5136921808         4.7805587237         1.3966839240 
        8.5150000000        -3.9898384284         1.0069977568        -5.3706452571        -0.5393157299         4.6478563735         1.3915897233 
        8.5200000000        -3.8892189387         0.9993588406        -5.5696366583        -0.5617363353         4.9132610740         1.4017781247 
        8.5250000000        -3.7877872353         1.0069977568        -5.3706452571        -0.5873598843         4.9132610740         1.4017781247 
        8.5300000000        -3.6855645011         1.0095440622        -5.3043147900        -0.6129834334         4.9796122491         1.4043252250 
        8.5350000000        -3.5825720839         1.0019051460        -5.5033061912        -0.6386069824         4.9796122491         1.4043252250 
        8.5400000000        -3.4788314924         1.0248218946        -4.9063319876        -0.6546217006         4.7805587237         1.3966839240 
        8.5450001000        -3.3743622951         1.0095440622        -5.3043147900        -0.6802452496         4.7805587237         1.3966839240 
        8.5500000000        -3.2691925979         1.0375534215        -4.5746796523        -0.7058687987         4.7805587237         1.3966839240 
        8.5550000000        -3.1633380752         1.0171829784        -5.1053233888        -0.7346952914         4.6478563735         1.3915897233 
        8.5600000000        -3.0568229299         1.0146366730        -5.1716538559        -0.7603188404         4.7142075486         1.3941368236 
        8.5650000000        -2.9496694062         1.0299145053        -4.7736710535        -0.7699276713         4.7805587237         1.3966839240 
        8.5700000000        -2.8418998819         1.0299145053        -4.7736710535        -0.8051600512         4.6478563735         1.3915897233 
        8.5750000000        -2.7335368631         1.0299145053        -4.7736710535        -0.8243777130         4.5815051984         1.3890426230 
        8.5800001000        -2.6246007960         1.0197292838        -5.0389929218        -0.8500012621         4.5815051984         1.3890426230 
        8.5850000000        -2.5151209826         1.0375534215        -4.5746796523        -0.8820306984         4.7805587237         1.3966839240 
        8.5900000000        -2.4051137341         1.0197292838        -5.0389929218        -0.9076542474         4.7805587237         1.3966839240 
        8.5950000000        -2.2946042085         1.0400997269        -4.5083491853        -0.9204660220         4.9132610740         1.4017781247 
        8.6000000000        -2.1836154841         1.0248218946        -4.9063319876        -0.9460895710         4.9796122491         1.4043252250 
        8.6050000000        -2.0721707397         1.0502849485        -4.2430273170        -0.9621042892         4.8469098988         1.3992310243 
        8.6100000000        -1.9602932488         1.0299145053        -4.7736710535        -0.9845248946         4.7805587237         1.3966839240 
        8.6150000000        -1.8480063759         1.0579238647        -4.0440359158        -1.0069455000         4.9132610740         1.4017781247 
        8.6200000000        -1.7353335705         1.0299145053        -4.7736710535        -1.0325690490         4.8469098988         1.3992310243 
        8.6250001000        -1.6222960987         1.0681090863        -3.7787140476        -1.0485837672         4.7805587237         1.3966839240 
        8.6300000000        -1.5089243590         1.0553775593        -4.1103663829        -1.0613955417         4.9796122491         1.4043252250 
        8.6350001000        -1.3952329588         1.0630164755        -3.9113749817        -1.0838161471         4.7805587237         1.3966839240 
        8.6400000000        -1.2812547352         1.0502849485        -4.2430273170        -1.0998308653         4.9796122491         1.4043252250 
        8.6450000000        -1.1670066612         1.0681090863        -3.7787140476        -1.1222514707         4.9132610740         1.4017781247 
        8.6500000000        -1.0525148727         1.0706553917        -3.7123835805        -1.1414691325         4.5815051984         1.3890426230 
        8.6550000000        -0.9378032800         1.0732016971        -3.6460531135        -1.1606867943         4.8469098988         1.3992310243 
        8.6600000000        -0.8228958391         1.0757480025        -3.5797226464        -1.1734985688         4.9796122491         1.4043252250 
        8.6650000000        -0.7078165470         1.0910258349        -3.1817398440        -1.1831073997         4.7805587237         1.3966839240 
        8.6700001000        -0.5925871306         1.0910258349        -3.1817398440        -1.1991221178         4.7142075486         1.3941368236 
        8.6750000000        -0.4772385711         1.0935721403        -3.1154093770        -1.2183397796         4.7805587237         1.3966839240 
        8.6800000000        -0.3617880407         1.1063036672        -2.7837570417        -1.2311515541         4.7142075486         1.3941368236 
        8.6850000000        -0.2462619554         1.1037573618        -2.8500875087        -1.2439633287         4.7142075486         1.3941368236 
        8.6900000000        -0.1306844415         1.1164888888        -2.5184351734        -1.2567751032         4.7805587237         1.3966839240 
        8.6950000000        -0.0150796358         1.1215814996        -2.3857742393        -1.2727898214         4.7142075486         1.3941368236 
        8.7000000000         0.1005283191         1.1343130266        -2.0541219040        -1.2823986522         4.7805587237         1.3966839240 
        8.7050001000         0.2161175913         1.1394056374        -1.9214609699        -1.2984133704         4.5815051984         1.3890426230 
        8.7100000000         0.3316571078         1.1394056374        -1.9214609699        -1.3176310322         4.7805587237         1.3966839240 
        8.7150000000         0.4471296734         1.1521371644        -1.5898086345        -1.3240369194         4.7805587237         1.3966839240 
        8.7200000000         0.5625088616         1.1725076076        -1.0591648980        -1.3304428067         4.7805587237         1.3966839240 
        8.7250000000         0.6777705771         1.2081558831        -0.1305383592        -1.3272398631         4.9796122491         1.4043252250 
        8.7300000000         0.7928907489         1.2234337155         0.2674444432        -1.3208339758         4.9796122491         1.4043252250 
        8.7350000000         0.9078453356         1.2132484939         0.0021225749        -1.3240369194         4.9796122491         1.4043252250 
        8.7400000000         1.0226103305         1.2132484939         0.0021225749        -1.3176310322         4.8469098988         1.3992310243 
        8.7450000000         1.1371617662         1.2259800209         0.3337749103        -1.3176310322         4.7805587237         1.3966839240 
        8.7500001000         1.2514780041         1.2183411047         0.1347835091        -1.3144280886         4.7805587237         1.3966839240 
        8.7550000000         1.3655283197         1.2107021885        -0.0642078921        -1.3240369194         4.6478563735         1.3915897233 
        8.7600001000         1.4792980184         1.2208874101         0.2011139761        -1.3144280886         4.8469098988         1.3992310243 
        8.7650000000         1.5927542404         1.2361652425         0.5990967785        -1.3144280886         4.7805587237         1.3966839240 
        8.7700000000         1.7058801084         1.2972765720         2.1910279880        -1.3080222013         4.7805587237         1.3966839240 
        8.7750000000         1.8186497252         1.2412578533         0.7317577126        -1.3080222013         4.9132610740         1.4017781247 
        8.7800000000         1.9310395403         1.2565356856         1.1297405150        -1.3080222013         4.7142075486         1.3941368236 
        8.7850000000         2.0430260825         1.2641746018         1.3287319162        -1.3048192577         4.5151540233         1.3864955226 
        8.7900000000         2.1545859648         1.2539893802         1.0634100479        -1.2952104268         4.9796122491         1.4043252250 
        8.7950001000         2.2656981070         1.2794524342         1.7267147186        -1.2823986522         4.4488028481         1.3839484223 
        8.8000000000         2.3763326526         1.2718135180         1.5277233174        -1.2823986522         4.6478563735         1.3915897233 
        8.8050000000         2.4864731491         1.2743598234         1.5940537844        -1.2727898214         4.7805587237         1.3966839240 
        8.8100000000         2.5960943775         1.2769061288         1.6603842515        -1.2663839341         4.6478563735         1.3915897233 
        8.8150000000         2.7051734448         1.2819987396         1.7930451856        -1.2727898214         4.7142075486         1.3941368236 
        8.8200000000         2.8136875713         1.2819987396         1.7930451856        -1.2407603850         4.7805587237         1.3966839240 
        8.8250000000         2.9216140951         1.2870913504         1.9257061197        -1.2375574414         4.7805587237         1.3966839240 
        8.8300001000         3.0289326174         1.2921839612         2.0583670539        -1.2279486105         4.7805587237         1.3966839240 
        8.8350000000         3.1356143061         1.2870913504         1.9257061197        -1.2183397796         4.6478563735         1.3915897233 
        8.8400000000         3.2416433021         1.2921839612         2.0583670539        -1.2087309487         4.7805587237         1.3966839240 
        8.8450000000         3.3469953223         1.2921839612         2.0583670539        -1.1991221178         4.7805587237         1.3966839240 
        8.8500000000         3.4516483654         1.2921839612         2.0583670539        -1.1959191742         4.5815051984         1.3890426230 
        8.8550000000         3.5555805760         1.3023691828         2.3236889221        -1.1863103433         4.6478563735         1.3915897233 
        8.8600000000         3.6587702491         1.3049154882         2.3900193892        -1.1638897379         4.7805587237         1.3966839240 
        8.8650000000         3.7611958349         1.3100080990         2.5226803233        -1.1542809070         4.8469098988         1.3992310243 
        8.8700000000         3.8628359431         1.3151007098         2.6553412574        -1.1542809070         4.6478563735         1.3915897233 
        8.8750001000         3.9636713559         1.3023691828         2.3236889221        -1.1382661889         4.6478563735         1.3915897233 
        8.8800000000         4.0636749902         1.3151007098         2.6553412574        -1.1350632452         4.6478563735         1.3915897233 
        8.8850001000         4.1628339611         1.2947302666         2.1246975209        -1.1222514707         4.7805587237         1.3966839240 
        8.8900000000         4.2611196287         1.3252859313         2.9206631257        -1.1062367525         4.7805587237         1.3966839240 
        8.8950000000         4.3585173906         1.3125544044         2.5890107904        -1.0870190908         5.0459634242         1.4068723253 
        8.9000000000         4.4550049319         1.3227396259         2.8543326586        -1.0774102599         4.9796122491         1.4043252250 
        8.9050000000         4.5505621025         1.3125544044         2.5890107904        -1.0710043726         4.8469098988         1.3992310243 
        8.9100000000         4.6451689465         1.3278322367         2.9869935927        -1.0421778799         4.7805587237         1.3966839240 
        8.9150000000         4.7388057064         1.3354711529         3.1859849939        -1.0357719927         5.0459634242         1.4068723253 
        8.9200001000         4.8314546704         1.3329248475         3.1196545269        -1.0101484436         4.5815051984         1.3890426230 
        8.9250000000         4.9230909614         1.3482026799         3.5176373292        -0.9973366691         4.8469098988         1.3992310243 
        8.9300000000         5.0137009709         1.3354711529         3.1859849939        -0.9941337255         4.3824516730         1.3814013219 
        8.9350000000         5.1032639331         1.3354711529         3.1859849939        -0.9685101764         4.3824516730         1.3814013219 
        8.9400000000         5.1917611441         1.3583879015         3.7829591975        -0.9492925146         4.7805587237         1.3966839240 
        8.9450000000         5.2791741221         1.3405637637         3.3186459280        -0.9396836837         4.9132610740         1.4017781247 
        8.9500000000         5.3654846123         1.3558415961         3.7166287304        -0.9204660220         4.3824516730         1.3814013219 
        8.9550001000         5.4506762822         1.3558415961         3.7166287304        -0.8948424729         4.8469098988         1.3992310243 
        8.9600000000         5.5347262635         1.3609342069         3.8492896645        -0.8820306984         4.5151540233         1.3864955226 
        8.9650000000         5.6176220806         1.3609342069         3.8492896645        -0.8692189239         4.6478563735         1.3915897233 
        8.9700000000         5.6993447293         1.3660268177         3.9819505987        -0.8596100930         4.7142075486         1.3941368236 
        8.9750000000         5.7798771428         1.3736657339         4.1809419998        -0.8211747694         4.8469098988         1.3992310243 
        8.9800000000         5.8592025030         1.3762120393         4.2472724669        -0.8115659385         4.9132610740         1.4017781247 
        8.9850000000         5.9373042438         1.3685731231         4.0482810657        -0.7987541640         4.7805587237         1.3966839240 
        8.9900000000         6.0141660546         1.3736657339         4.1809419998        -0.7699276713         4.3824516730         1.3814013219 
        8.9950000000         6.0897718838         1.3660268177         3.9819505987        -0.7635217840         4.7805587237         1.3966839240 
        9.0000001000         6.1641074161         1.3838509555         4.4462638681        -0.7314923477         4.9796122491         1.4043252250 
        9.0050000000         6.2371527060         1.3838509555         4.4462638681        -0.7154776296         4.9796122491         1.4043252250 
        9.0100001000         6.3088983420         1.3838509555         4.4462638681        -0.6994629114         4.7805587237         1.3966839240 
        9.0150000000         6.3793236023         1.3940361771         4.7115857363        -0.6674334751         4.6478563735         1.3915897233 
        9.0200000000         6.4484180442         1.3889435663         4.5789248022        -0.6546217006         4.7805587237         1.3966839240 
        9.0250000000         6.5161658166         1.3914898717         4.6452552693        -0.6289981515         4.8469098988         1.3992310243 
        9.0300000000         6.5825527712         1.3914898717         4.6452552693        -0.6097804898         4.8469098988         1.3992310243 
        9.0350000000         6.6475650439         1.3940361771         4.7115857363        -0.5841569407         4.7805587237         1.3966839240 
        9.0400000000         6.7111890578         1.4144066202         5.2422294728        -0.5521275044         5.0459634242         1.4068723253 
        9.0450001000         6.7734127562         1.4042213986         4.9769076046        -0.5265039554         4.9796122491         1.4043252250 
        9.0500000000         6.8342194536         1.4194992310         5.3748904070        -0.4880686318         4.9132610740         1.4017781247 
        9.0550000000         6.8936001421         1.4169529256         5.3085599399        -0.4720539136         4.7142075486         1.3941368236 
        9.0600000000         6.9515411906         1.4169529256         5.3085599399        -0.4560391955         4.8469098988         1.3992310243 
        9.0650000000         7.0080304986         1.4016750932         4.9105771375        -0.4272127028         5.0459634242         1.4068723253 
        9.0700000000         7.0630562692         1.4424159796         5.9718646105        -0.3887773792         4.5815051984         1.3890426230 
        9.0750000000         7.1166070110         1.4169529256         5.3085599399        -0.3663567738         4.9796122491         1.4043252250 
        9.0800001000         7.1686725669         1.4398696742         5.9055341435        -0.3407332248         4.8469098988         1.3992310243 
        9.0850000000         7.2192389848         1.4194992310         5.3748904070        -0.3183126194         4.4488028481         1.3839484223 
        9.0900000000         7.2682987835         1.4245918418         5.5075513411        -0.2926890703         4.7805587237         1.3966839240 
        9.0950000000         7.3158406910         1.4322307580         5.7065427423        -0.2670655213         4.4488028481         1.3839484223 
        9.1000000000         7.3618547789         1.4449622850         6.0381950776        -0.2350360850         4.4488028481         1.3839484223 
        9.1050000000         7.4063314377         1.4296844526         5.6402122752        -0.2126154795         5.0459634242         1.4068723253 
        9.1100000000         7.4492613790         1.4398696742         5.9055341435        -0.1805860432         4.4488028481         1.3839484223 
        9.1150000000         7.4906356375         1.4271381472         5.5738818081        -0.1645713251         4.7805587237         1.3966839240 
        9.1200000000         7.5304455726         1.4296844526         5.6402122752        -0.1357448324         4.5151540233         1.3864955226 
        9.1250001000         7.5686836196         1.4449622850         6.0381950776        -0.1037153961         4.5151540233         1.3864955226 
        9.1300000000         7.6053395461         1.4373233688         5.8392036764        -0.0684830161         4.9796122491         1.4043252250 
        9.1350001000         7.6404086293         1.4449622850         6.0381950776        -0.0332506362         4.7805587237         1.3966839240 
        9.1400000000         7.6738807402         1.4551475066         6.3035169458        -0.0012211999         4.7805587237         1.3966839240 
        9.1450000000         7.7057509449         1.4449622850         6.0381950776         0.0179964619         4.6478563735         1.3915897233 
        9.1500000000         7.7360119021         1.4500548958         6.1708560117         0.0436200109         4.6478563735         1.3915897233 
        9.1550000000         7.7646572923         1.4551475066         6.3035169458         0.0756494472         4.5815051984         1.3890426230 
        9.1600000000         7.7916811333         1.4551475066         6.3035169458         0.1076788836         5.0459634242         1.4068723253 
        9.1650000000         7.8170777814         1.4526012012         6.2371864788         0.1461142071         4.5151540233         1.3864955226 
        9.1700001000         7.8408423919         1.4551475066         6.3035169458         0.1621289253         4.7805587237         1.3966839240 
        9.1750000000         7.8629686251         1.4627864228         6.5025083470         0.2069701361         4.5151540233         1.3864955226 
        9.1800000000         7.8834532369         1.4704253390         6.7014997482         0.2389995724         4.5151540233         1.3864955226 
        9.1850000000         7.9022914904         1.4653327282         6.5688388141         0.2550142906         4.7805587237         1.3966839240 
        9.1900000000         7.9194794516         1.4576938120         6.3698474129         0.2998555014         4.7805587237         1.3966839240 
        9.1950000000         7.9350135308         1.4704253390         6.7014997482         0.3222761068         4.7142075486         1.3941368236 
        9.2000000000         7.9488904842         1.4627864228         6.5025083470         0.3478996559         4.8469098988         1.3992310243 
        9.2050001000         7.9611076412         1.4704253390         6.7014997482         0.3895379231         4.7805587237         1.3966839240 
        9.2100000000         7.9716617675         1.4576938120         6.3698474129         0.4247703030         5.1123145993         1.4094194257 
        9.2150000000         7.9805513420         1.4678790336         6.6351692811         0.4503938521         4.8469098988         1.3992310243 
        9.2200000000         7.9877742806         1.4551475066         6.3035169458         0.4856262320         5.0459634242         1.4068723253 
        9.2250000000         7.9933290747         1.4780642551         6.9004911494         0.5304674428         4.8469098988         1.3992310243 
        9.2300000000         7.9972145645         1.4755179497         6.8341606823         0.5592939355         4.9132610740         1.4017781247 
        9.2350000000         7.9994299384         1.4602401174         6.4361778800         0.5881204282         4.3824516730         1.3814013219 
        9.2400000000         7.9999747338         1.4551475066         6.3035169458         0.6073380900         4.5151540233         1.3864955226 
        9.2450000000         7.9988488370         1.4653327282         6.5688388141         0.6393675263         4.5815051984         1.3890426230 
        9.2500001000         7.9960524103         1.4373233688         5.8392036764         0.6713969626         4.5151540233         1.3864955226 
        9.2550000000         7.9915862557         1.4780642551         6.9004911494         0.7162381734         4.7805587237         1.3966839240 
        9.2600001000         7.9854509487         1.4526012012         6.2371864788         0.7418617225         4.3824516730         1.3814013219 
        9.2650000000         7.9776482612         1.4653327282         6.5688388141         0.7706882151         4.5151540233         1.3864955226 
        9.2700000000         7.9681794047         1.4551475066         6.3035169458         0.8091235387         4.7142075486         1.3941368236 
        9.2750000000         7.9570464959         1.4653327282         6.5688388141         0.8475588623         4.7805587237         1.3966839240 
        9.2800000000         7.9442518599         1.4678790336         6.6351692811         0.8763853550         4.5815051984         1.3890426230 
        9.2850000000         7.9297981686         1.4755179497         6.8341606823         0.9052118476         4.5815051984         1.3890426230 
        9.2900000000         7.9136884405         1.4576938120         6.3698474129         0.9340383403         4.4488028481         1.3839484223 
        9.2950001000         7.8959256681         1.4653327282         6.5688388141         0.9692707203         4.3824516730         1.3814013219 
        9.3000000000         7.8765146762         1.4602401174         6.4361778800         0.9980972129         4.5815051984         1.3890426230 
        9.3050000000         7.8554584034         1.4602401174         6.4361778800         1.0237207620         4.7805587237         1.3966839240 
        9.3100000000         7.8327616186         1.4475085904         6.1045255446         1.0557501983         4.7805587237         1.3966839240 
        9.3150000000         7.8084290619         1.4678790336         6.6351692811         1.0973884655         5.1123145993         1.4094194257 
        9.3200000000         7.7824658147         1.4526012012         6.2371864788         1.1230120145         4.7805587237         1.3966839240 
        9.3250000000         7.7548772992         1.4729716443         6.7678302153         1.1646502817         5.0459634242         1.4068723253 
        9.3300001000         7.7256686766         1.4449622850         6.0381950776         1.1934767744         4.9796122491         1.4043252250 
        9.3350000000         7.6948478475         1.4602401174         6.4361778800         1.2255062107         4.9796122491         1.4043252250 
        9.3400000000         7.6624194477         1.4755179497         6.8341606823         1.2575356470         4.9796122491         1.4043252250 
        9.3450000000         7.6283908497         1.4475085904         6.1045255446         1.2863621397         4.9796122491         1.4043252250 
        9.3500000000         7.5927691599         1.4500548958         6.1708560117         1.3280004069         4.8469098988         1.3992310243 
        9.3550000000         7.5555618176         1.4653327282         6.5688388141         1.3600298432         4.7805587237         1.3966839240 
        9.3600000000         7.5167765928         1.4449622850         6.0381950776         1.3728416177         4.8469098988         1.3992310243 
        9.3650000000         7.4764215856         1.4704253390         6.7014997482         1.4176828286         4.9796122491         1.4043252250 
        9.3700000000         7.4345052235         1.4424159796         5.9718646105         1.4465093213         4.3824516730         1.3814013219 
        9.3750001000         7.3910353752         1.4602401174         6.4361778800         1.4721328703         4.9132610740         1.4017781247 
        9.3800000000         7.3460237734         1.4526012012         6.2371864788         1.5137711375         4.7805587237         1.3966839240 
        9.3850001000         7.2994762176         1.4296844526         5.6402122752         1.5393946865         4.7805587237         1.3966839240 
        9.3900000000         7.2514061518         1.4678790336         6.6351692811         1.5714241229         4.7805587237         1.3966839240 
        9.3950000000         7.2018207765         1.4449622850         6.0381950776         1.6098594464         4.8469098988         1.3992310243 
        9.4000000000         7.1507313932         1.4526012012         6.2371864788         1.6258741646         4.7142075486         1.3941368236 
        9.4050000000         7.0981486712         1.4424159796         5.9718646105         1.6514977136         4.5815051984         1.3890426230 
        9.4100000000         7.0440835917         1.3838509555         4.4462638681         1.6771212627         4.9132610740         1.4017781247 
        9.4150000000         6.9885474456         1.4729716443         6.7678302153         1.7123536426         4.7142075486         1.3941368236 
        9.4200001000         6.9315506764         1.4322307580         5.7065427423         1.7411801353         4.7142075486         1.3941368236 
        9.4250000000         6.8731086502         1.4169529256         5.3085599399         1.7764125152         4.7805587237         1.3966839240 
        9.4300000000         6.8132301089         1.4627864228         6.5025083470         1.8084419515         4.5815051984         1.3890426230 
        9.4350000000         6.7519287116         1.4169529256         5.3085599399         1.8244566697         4.5815051984         1.3890426230 
        9.4400000000         6.6892172606         1.4627864228         6.5025083470         1.8596890496         4.8469098988         1.3992310243 
        9.4450000000         6.6251088522         1.4118603148         5.1758990058         1.8821096550         4.9796122491         1.4043252250 
        9.4500000000         6.5596168746         1.4271381472         5.5738818081         1.9109361477         4.9796122491         1.4043252250 
        9.4550001000         6.4927536542         1.4576938120         6.3698474129         1.9493714713         4.7805587237         1.3966839240 
        9.4600000000         6.4245372068         1.4194992310         5.3748904070         1.9685891331         4.6478563735         1.3915897233 
        9.4650000000         6.3549777261         1.4194992310         5.3748904070         1.9942126821         4.7142075486         1.3941368236 
        9.4700000000         6.2840910898         1.4194992310         5.3748904070         2.0262421184         4.6478563735         1.3915897233 
        9.4750000000         6.2118921015         1.4144066202         5.2422294728         2.0454597802         4.7805587237         1.3966839240 
        9.4800000000         6.1383958391         1.4118603148         5.1758990058         2.0710833293         4.6478563735         1.3915897233 
        9.4850000000         6.0636176513         1.4194992310         5.3748904070         2.1063157092         4.6478563735         1.3915897233 
        9.4900000000         5.9875731546         1.4093140094         5.1095685387         2.1223304274         4.8469098988         1.3992310243 
        9.4950000000         5.9102782300         1.4245918418         5.5075513411         2.1607657509         4.3824516730         1.3814013219 
        9.5000001000         5.8317474366         1.4067677040         5.0432380717         2.1831863564         4.7805587237         1.3966839240 
        9.5050000000         5.7520019227         1.4245918418         5.5075513411         2.2216216799         4.7805587237         1.3966839240 
        9.5100001000         5.6710519632         1.4144066202         5.2422294728         2.2344334544         4.6478563735         1.3915897233 
        9.5150000000         5.5889209385         1.4169529256         5.3085599399         2.2664628908         4.9796122491         1.4043252250 
        9.5200000000         5.5056211084         1.4194992310         5.3748904070         2.2984923271         4.3824516730         1.3814013219 
        9.5250000000         5.4211714998         1.4245918418         5.5075513411         2.3305217634         4.8469098988         1.3992310243 
        9.5300000000         5.3355897489         1.4144066202         5.2422294728         2.3465364815         4.7142075486         1.3941368236 
        9.5350000000         5.2488937285         1.4067677040         5.0432380717         2.3753629742         4.6478563735         1.3915897233 
        9.5400000000         5.1611015438         1.4118603148         5.1758990058         2.3977835796         4.9132610740         1.4017781247 
        9.5450001000         5.0722297411         1.4067677040         5.0432380717         2.4170012414         4.9132610740         1.4017781247 
        9.5500000000         4.9823022439         1.4042213986         4.9769076046         2.4554365650         4.7142075486         1.3941368236 
        9.5550000000         4.8913324686         1.4118603148         5.1758990058         2.4874660013         4.7805587237         1.3966839240 
        9.5600000000         4.7993412012         1.4144066202         5.2422294728         2.5034807194         4.6478563735         1.3915897233 
        9.5650000000         4.7063476528         1.4144066202         5.2422294728         2.5419160430         4.5151540233         1.3864955226 
        9.5700000000         4.6123712440         1.4042213986         4.9769076046         2.5547278175         4.5815051984         1.3890426230 
        9.5750000000         4.5174316005         1.4118603148         5.1758990058         2.5771484229         4.9796122491         1.4043252250 
        9.5800001000         4.4215466223         1.3965824825         4.7779162034         2.6027719720         4.5151540233         1.3864955226 
        9.5850000000         4.3247421143         1.4067677040         5.0432380717         2.6348014083         4.7805587237         1.3966839240 
        9.5900000000         4.2270325122         1.3940361771         4.7115857363         2.6508161265         4.7805587237         1.3966839240 
        9.5950000000         4.1284401486         1.3965824825         4.7779162034         2.6956573373         4.7805587237         1.3966839240 
        9.6000000000         4.0289856131         1.4118603148         5.1758990058         2.7084691118         4.7805587237         1.3966839240 
        9.6050000000         3.9286896755         1.3762120393         4.2472724669         2.7308897172         4.6478563735         1.3915897233 
        9.6100000000         3.8275732814         1.3965824825         4.7779162034         2.7597162099         4.5815051984         1.3890426230 
        9.6150000000         3.7256575477         1.3762120393         4.2472724669         2.7725279844         4.7805587237         1.3966839240 
        9.6200000000         3.6229637581         1.3889435663         4.5789248022         2.8077603644         4.3161004979         1.3788542216 
        9.6250001000         3.5195112824         1.3660268177         3.9819505987         2.8205721389         4.7805587237         1.3966839240 
        9.6300000000         3.4153279543         1.3863972609         4.5125943352         2.8558045188         4.7805587237         1.3966839240 
        9.6350001000         3.3104271974         1.3914898717         4.6452552693         2.8718192370         4.7805587237         1.3966839240 
        9.6400000000         3.2048393095         1.3914898717         4.6452552693         2.8974427860         4.7805587237         1.3966839240 
        9.6450000000         3.0985800271         1.3813046501         4.3799334010         2.9230663351         4.7805587237         1.3966839240 
        9.6500000000         2.9916736459         1.3558415961         3.7166287304         2.9294722223         4.8469098988         1.3992310243 
        9.6550000000         2.8841424920         1.3736657339         4.1809419998         2.9486898841         4.6478563735         1.3915897233 
        9.6600000000         2.7760090218         1.3762120393         4.2472724669         2.9807193204         4.9796122491         1.4043252250 
        9.6650000000         2.6672958177         1.3634805123         3.9156201316         3.0031399259         4.7805587237         1.3966839240 
        9.6700001000         2.5580233922         1.3482026799         3.5176373292         3.0127487567         4.7805587237         1.3966839240 
        9.6750000000         2.4482211375         1.3532952907         3.6502982634         3.0383723058         4.9796122491         1.4043252250 
        9.6800000000         2.3379054123         1.3583879015         3.7829591975         3.0543870239         4.7142075486         1.3941368236 
        9.6850000000         2.2271014455         1.3558415961         3.7166287304         3.0736046857         4.6478563735         1.3915897233 
        9.6900000000         2.1158323771         1.3252859313         2.9206631257         3.0864164603         4.8469098988         1.3992310243 
        9.6950000000         2.0041214442         1.3227396259         2.8543326586         3.0992282348         4.7805587237         1.3966839240 
        9.7000000000         1.8919919762         1.3354711529         3.1859849939         3.1248517838         4.7142075486         1.3941368236 
        9.7050001000         1.7794651356         1.3354711529         3.1859849939         3.1440694456         4.8469098988         1.3992310243 
        9.7100000000         1.6665711846         1.3252859313         2.9206631257         3.1472723892         4.8469098988         1.3992310243 
        9.7150000000         1.5533269373         1.3303785421         3.0533240598         3.1408665020         4.7142075486         1.3941368236 
        9.7200000000         1.4397582975         1.3151007098         2.6553412574         3.1376635583         4.7142075486         1.3941368236 
        9.7250000000         1.3258889826         1.3125544044         2.5890107904         3.1344606147         4.5151540233         1.3864955226 
        9.7300000000         1.2117427728         1.3049154882         2.3900193892         3.1408665020         4.9132610740         1.4017781247 
        9.7350000000         1.0973435061         1.3100080990         2.5226803233         3.1408665020         4.7805587237         1.3966839240 
        9.7400000000         0.9827150732         1.3049154882         2.3900193892         3.1504753329         4.5151540233         1.3864955226 
        9.7450000000         0.8678814128         1.3074617936         2.4563498562         3.1408665020         4.6478563735         1.3915897233 
        9.7500001000         0.7528642046         1.2972765720         2.1910279880         3.1376635583         4.3161004979         1.3788542216 
        9.7550000000         0.6376943737         1.2998228774         2.2573584551         3.1312576711         4.7805587237         1.3966839240 
        9.7600001000         0.5223867594         1.2794524342         1.7267147186        -1.7468254787         4.7805587237         1.3966839240 
        9.7650000000         0.4069746653         1.2921839612         2.0583670539        -1.7500284223         4.9132610740         1.4017781247 
        9.7700000000         0.2914752724         1.2870913504         1.9257061197        -1.7404195915         4.7805587237         1.3966839240 
        9.7750000000         0.1759150087         1.2743598234         1.5940537844        -1.7500284223         4.7142075486         1.3941368236 
        9.7800000000         0.0603180074         1.2692672126         1.4613928503        -1.7532313660         4.9132610740         1.4017781247 
        9.7850000000        -0.0552915905         1.2743598234         1.5940537844        -1.7436225351         4.7805587237         1.3966839240 
        9.7900000000        -0.1708896415         1.2514430748         0.9970795809        -1.7596372532         4.7805587237         1.3966839240 
        9.7950001000        -0.2864543151         1.2514430748         0.9970795809        -1.7500284223         4.5815051984         1.3890426230 
        9.8000000000        -0.4019545454         1.2387115479         0.6654272456        -1.7628401969         4.7142075486         1.3941368236 
        9.8050000000        -0.5173731434         1.2361652425         0.5990967785        -1.7468254787         4.9796122491         1.4043252250 
        9.8100000000        -0.6326836947         1.2107021885        -0.0642078921        -1.7532313660         4.9132610740         1.4017781247 
        9.8150000000        -0.7478621180         1.2107021885        -0.0642078921        -1.7500284223         4.9796122491         1.4043252250 
        9.8200000000        -0.8628843599         1.2234337155         0.2674444432        -1.7372166478         4.7805587237         1.3966839240 
        9.8250000000        -0.9777263995         1.2132484939         0.0021225749        -1.7404195915         4.9132610740         1.4017781247 
        9.8300001000        -1.0923665440         1.2107021885        -0.0642078921        -1.7468254787         4.6478563735         1.3915897233 
        9.8350000000        -1.2067739811         1.2157947993         0.0684530420        -1.7468254787         4.5815051984         1.3890426230 
        9.8400000000        -1.3209316895         1.2183411047         0.1347835091        -1.7404195915         4.7805587237         1.3966839240 
        9.8450000000        -1.4348135382         1.2132484939         0.0021225749        -1.7564343096         4.6478563735         1.3915897233 
        9.8500000000        -1.5483957444         1.1521371644        -1.5898086345        -1.7436225351         5.0459634242         1.4068723253 
        9.8550000000        -1.6616545880         1.1597760806        -1.3908172334        -1.7468254787         4.9796122491         1.4043252250 
        9.8600000000        -1.7745664164         1.1852391345        -0.7275125627        -1.7436225351         4.9796122491         1.4043252250 
        9.8650000000        -1.8871076493         1.1750539129        -0.9928344310        -1.7340137042         4.7805587237         1.3966839240 
        9.8700000000        -1.9992547839         1.1572297752        -1.4571477004        -1.7756519714         4.3824516730         1.3814013219 
        9.8750001000        -2.1109866300         1.1750539129        -0.9928344310        -1.7564343096         4.7142075486         1.3941368236 
        9.8800000000        -2.2222731635         1.1444982482        -1.7888000357        -1.7468254787         4.6478563735         1.3915897233 
        9.8850001000        -2.3331000457         1.1674149968        -1.1918258322        -1.7788549150         4.7142075486         1.3941368236 
        9.8900000000        -2.4434352669         1.1572297752        -1.4571477004        -1.7468254787         4.9796122491         1.4043252250 
        9.8950000000        -2.5532624196         1.1674149968        -1.1918258322         3.1440694456         4.5151540233         1.3864955226 
        9.9000000000        -2.6625563562         1.1597760806        -1.3908172334         3.1440694456         4.5815051984         1.3890426230 
        9.9050000000        -2.7712942519         1.1521371644        -1.5898086345         3.1376635583         4.6478563735         1.3915897233 
        9.9100000000        -2.8794533984         1.1597760806        -1.3908172334         3.1408665020         4.3824516730         1.3814013219 
        9.9150000000        -2.9870112079         1.1521371644        -1.5898086345         3.1472723892         4.7805587237         1.3966839240 
        9.9200001000        -3.0939473506         1.1546834698        -1.5234781675         3.1408665020         4.5151540233         1.3864955226 
        9.9250000000        -3.2002330979         1.1444982482        -1.7888000357         3.1312576711         4.7805587237         1.3966839240 
        9.9300000000        -3.3058526498         1.1546834698        -1.5234781675         3.1408665020         4.7805587237         1.3966839240 
        9.9350000000        -3.4107818167         1.1546834698        -1.5234781675         3.1472723892         4.7805587237         1.3966839240 
        9.9400000000        -3.5149986855         1.1495908590        -1.6561391016         3.1408665020         4.7805587237         1.3966839240 
        9.9450000000        -3.6184814918         1.1521371644        -1.5898086345         3.1408665020         4.6478563735         1.3915897233 
        9.9500000000        -3.7212086246         1.1546834698        -1.5234781675         3.1472723892         4.5151540233         1.3864955226 
        9.9550001000        -3.8231606617         1.1317667212        -2.1204523710         3.1312576711         4.8469098988         1.3992310243 
        9.9600000000        -3.9243102190         1.1343130266        -2.0541219040         3.1408665020         4.9796122491         1.4043252250 
        9.9650000000        -4.0246422653         1.1317667212        -2.1204523710         3.1312576711         4.7805587237         1.3966839240 
        9.9700000000        -4.1241338167         1.1368593320        -1.9877914369         3.1376635583         4.7805587237         1.3966839240 
        9.9750000000        -4.2227640956         1.1343130266        -2.0541219040         3.1408665020         4.9132610740         1.4017781247 
        9.9800000000        -4.3205125042         1.1419519428        -1.8551305028         3.1376635583         4.7805587237         1.3966839240 
        9.9850000000        -4.4173586291         1.1292204158        -2.1867828381         3.1120400093         4.6478563735         1.3915897233 
        9.9900000000        -4.5132822453         1.1368593320        -1.9877914369         3.1216488402         4.6478563735         1.3915897233 
        9.9950013000        -4.6082878910         1.1190351942        -2.4521047063         3.0928223475         4.7805587237         1.3966839240 
