           Time[sec]           V_{cmd}[V]          V_{gyro}[V]          \theta[deg] \omega_{gyro}[deg/sec] 
        0.0000000000         0.3400000000         1.2156476369        24.6968256591         3.9337549797 
        0.0050000000         0.3400000000         1.2130986854        24.1463262733         0.1293497769 
        0.0100000000         0.3400000000         1.2105497339        23.9628264781        -3.6750554259 
        0.0150000000         0.3400000000         1.2080007824        24.3298260686        -7.4794606288 
        0.0200000000         0.3400000000         1.2105497339        23.7793266828        -3.6750554259 
        0.0250000000         0.3400000000         1.2105497339        23.7793266828        -3.6750554259 
        0.0300000000         0.3400000000         1.2181965884        24.6968256591         7.7381601826 
        0.0350000000         0.3400000000         1.2130986854        24.1463262733         0.1293497769 
        0.0400000000         0.3400000000         1.2130986854        24.1463262733         0.1293497769 
        0.0450000000         0.3400000000         1.2156476369        24.6968256591         3.9337549797 
        0.0500000000         0.3400000000         1.2130986854        24.1463262733         0.1293497769 
        0.0550000000         0.3400000000         1.2080007824        24.3298260686        -7.4794606288 
        0.0600000000         0.3400000000         1.2130986854        24.1463262733         0.1293497769 
        0.0650000000         0.3400000000         1.2232944913        24.3298260686        15.3469705882 
        0.0700000000         0.3400000000         1.3252525508        24.6968256591       167.5231787014 
        0.0750000000         0.3400000000         1.4730917370        25.7978244306       388.1786804655 
        0.0800000000         0.3400000000         1.5062281063        27.9998219736       437.6359481023 
        0.0850000000         0.3400000000         1.5062281063        30.0183197213       437.6359481023 
        0.0900000000         0.3400000000         1.5113260093        32.5873168548       445.2447585079 
        0.0950000000         0.3400000000         1.4909343974        34.4223148073       414.8095168853 
        0.1000000000         0.3400000000         1.4883854459        37.1748117360       411.0051116825 
        0.1050000000         0.3400000000         1.4756406885        38.8263098932       391.9830856683 
        0.1100000000         0.3400000000         1.4628959310        40.2943082552       372.9610596542 
        0.1150000000         0.3400000000         1.4654448825        42.8633053887       376.7654648570 
        0.1200000000         0.3400000000         1.4679938340        44.5148035459       380.5698700598 
        0.1250000000         0.3400000000         1.4679938340        45.9828019079       380.5698700598 
        0.1300000000         0.3400000000         1.4756406885        48.0012996557       391.9830856683 
        0.1350000000         0.3400000000         1.4858364944        50.5702967891       407.2007064796 
        0.1400000000         0.3400000000         1.4960323003        52.7722943321       422.4183272909 
        0.1450000000         0.3400000000         1.4909343974        54.0567928989       414.8095168853 
        0.1500000000         0.3400000000         1.5011302033        56.4422902371       430.0271376966 
        0.1550000000         0.3400000000         1.4985812518        58.8277875753       426.2227324938 
        0.1600000000         0.3400000000         1.4985812518        60.4792857325       426.2227324938 
        0.1650000000         0.3400000000         1.4960323003        62.8647830708       422.4183272909 
        0.1700000000         0.3400000000         1.5087770578        65.2502804090       441.4403533051 
        0.1750002000         0.3400000000         1.5138749607        67.2687781567       449.0491637107 
        0.1800000000         0.3400000000         1.5062281063        68.9202763140       437.6359481023 
        0.1850000000         0.3400000000         1.5164239122        71.6727732427       452.8535689136 
        0.1900000000         0.3400000000         1.5291686697        73.8747707857       471.8755949277 
        0.1950000000         0.3400000000         1.5342665726        76.0767683287       479.4844053334 
        0.2000000000         0.3400000000         1.5164239122        77.7282664859       452.8535689136 
        0.2050000000         0.3400000000         1.5215218152        79.9302640289       460.4623793192 
        0.2100000000         0.3400000000         1.5317176211        82.8662607529       475.6800001306 
        0.2150000000         0.3400000000         1.5317176211        85.6187576816       475.6800001306 
        0.2200000000         0.3400000000         1.5317176211        87.4537556341       475.6800001306 
        0.2250000000         0.3400000000         1.5368155241        89.4722533818       483.2888105362 
        0.2300000000         0.3400000000         1.5368155241        91.4907511295       483.2888105362 
        0.2350000000         0.3400000000         1.5495602815        94.2432480583       502.3108365504 
        0.2400000000         0.3400000000         1.5546581845        96.9957449870       509.9196469560 
        0.2450000000         0.3400000000         1.5419134271        98.6472431442       490.8976209419 
        0.2500000000         0.3400000000         1.5546581845       101.3997400730       509.9196469560 
        0.2550000000         0.3400000000         1.5572071360       104.5192365922       513.7240521588 
        0.2600000000         0.3400000000         1.5419134271       105.8037351589       490.8976209419 
        0.2650000000         0.3400000000         1.5572071360       109.1067314734       513.7240521588 
        0.2700000000         0.3400000000         1.5495602815       110.7582296306       502.3108365504 
        0.2750000000         0.3400000000         1.5674029419       113.1437269689       528.9416729702 
        0.2800000000         0.3400000000         1.5521092330       116.6302230786       506.1152417532 
        0.2850000000         0.3400000000         1.5572071360       118.0982214406       513.7240521588 
        0.2900000000         0.3400000000         1.5572071360       121.7682173456       513.7240521588 
        0.2950000000         0.3400000000         1.5597560875       123.7867150933       517.5284573617 
        0.3000000000         0.3400000000         1.5521092330       125.6217130458       506.1152417532 
        0.3050000000         0.3400000000         1.5521092330       128.3742099745       506.1152417532 
        0.3100000000         0.3400000000         1.5597560875       131.1267069032       517.5284573617 
        0.3150044000         0.3400000000         1.5674029419       134.0627036272       528.9416729702 
        0.3200000000         0.3400000000         1.5623050390       136.4482009654       521.3328625645 
        0.3250010000         0.3400000000         1.5674029419       139.0171980989       528.9416729702 
        0.3300000000         0.3400000000         1.5775987479       142.1366946181       544.1592937815 
        0.3350000000         0.3400000000         1.5623050390       144.1551923659       521.3328625645 
        0.3400000000         0.3400000000         1.5546581845       146.1736901136       509.9196469560 
        0.3450092000         0.3400000000         1.5572071360       148.7426872471       513.7240521588 
        0.3500000000         0.3400000000         1.5750497964       151.8621837663       540.3548885786 
        0.3550000000         0.3400000000         1.5597560875       153.8806815140       517.5284573617 
        0.3600000000         0.3400000000         1.5775987479       157.1836778285       544.1592937815 
        0.3650000000         0.3400000000         1.5775987479       160.3031743477       544.1592937815 
        0.3700000000         0.3400000000         1.5597560875       161.9546725050       517.5284573617 
        0.3750000000         0.3400000000         1.5597560875       164.3401698432       517.5284573617 
        0.3800000000         0.3400000000         1.5674029419       167.6431661577       528.9416729702 
        0.3850000000         0.3400000000         1.5674029419       170.2121632912       528.9416729702 
        0.3900000000         0.3400000000         1.5597560875       172.5976606294       517.5284573617 
        0.3950000000         0.3400000000         1.5674029419       175.3501575581       528.9416729702 
        0.4000000000         0.3400000000         1.5750497964       178.2861542821       540.3548885786 
        0.4050000000         0.3400000000         1.5750497964       180.6716516203       540.3548885786 
        0.4100000000         0.3400000000         1.5750497964       182.8736491633       540.3548885786 
        0.4150000000         0.3400000000         1.5775987479       186.3601452730       544.1592937815 
        0.4200001000         0.3400000000         1.5750497964       189.1126422018       540.3548885786 
        0.4250032000         0.3400000000         1.5877945538       191.6816393352       559.3769145928 
        0.4300000000         0.3400000000         1.5775987479       193.5166372877       544.1592937815 
        0.4350000000         0.3400000000         1.5801476994       196.6361338069       547.9636989843 
        0.4400000000         0.3400000000         1.5852456023       199.5721305309       555.5725093900 
        0.4450000000         0.3400000000         1.5775987479       201.9576278691       544.1592937815 
        0.4500000000         0.3400000000         1.5725008449       204.5266250026       536.5504833758 
        0.4550006000         0.3400000000         1.5750497964       206.7286225456       540.3548885786 
        0.4600000000         0.3400000000         1.5801476994       209.8481190648       547.9636989843 
        0.4650000000         0.3400000000         1.5826966509       212.6006159936       551.7681041871 
        0.4700000000         0.3400000000         1.5852456023       215.1696131270       555.5725093900 
        0.4750000000         0.3400000000         1.5928924568       218.2891096463       566.9857249984 
        0.4800000000         0.3400000000         1.5954414083       221.0416065750       570.7901302013 
        0.4850000000         0.3400000000         1.5801476994       223.2436041180       547.9636989843 
        0.4900000000         0.3400000000         1.5826966509       226.1796008420       551.7681041871 
        0.4950000000         0.3400000000         1.5801476994       228.7485979754       547.9636989843 
        0.5000000000         0.3400000000         1.5826966509       231.5010949042       551.7681041871 
        0.5050000000         0.3400000000         1.5775987479       233.7030924471       544.1592937815 
        0.5100000000         0.3400000000         1.5801476994       236.2720895806       547.9636989843 
        0.5150000000         0.3400000000         1.5979903598       240.1255852808       574.5945354041 
        0.5200000000         0.3400000000         1.5826966509       242.6945824143       551.7681041871 
        0.5250000000         0.3400000000         1.5775987479       244.8965799573       544.1592937815 
        0.5300000000         0.3400000000         1.5903435053       248.3830760670       563.1813197956 
        0.5350000000         0.3400000000         1.5775987479       250.0345742243       544.1592937815 
        0.5400000000         0.3400000000         1.5852456023       253.1540707435       555.5725093900 
        0.5450000000         0.3400000000         1.5903435053       255.7230678770       563.1813197956 
        0.5500000000         0.3400000000         1.5903435053       259.0260641914       563.1813197956 
        0.5550000000         0.3400000000         1.5877945538       261.5950613249       559.3769145928 
        0.5600000000         0.3400000000         1.5903435053       264.8980576394       563.1813197956 
        0.5650000000         0.3400000000         1.5750497964       266.9165553871       540.3548885786 
        0.5700000000         0.3400000000         1.5903435053       270.4030514968       563.1813197956 
        0.5750001000         0.3400000000         1.5928924568       272.9720486303       566.9857249984 
        0.5800000000         0.3400000000         1.5954414083       275.5410457638       570.7901302013 
        0.5850000000         0.3400000000         1.5954414083       278.6605422830       570.7901302013 
        0.5900000000         0.3400000000         1.5903435053       281.0460396213       563.1813197956 
        0.5950000000         0.3400000000         1.5928924568       284.7160355262       566.9857249984 
        0.6000000000         0.3400000000         1.5826966509       286.3675336835       551.7681041871 
        0.6050000000         0.3400000000         1.5954414083       290.0375295884       570.7901302013 
        0.6100000000         0.3400000000         1.5954414083       292.0560273362       570.7901302013 
        0.6150000000         0.3400000000         1.5928924568       294.9920240601       566.9857249984 
        0.6200000000         0.3400000000         1.6056372142       298.6620199651       586.0077510126 
        0.6250000000         0.3400000000         1.5903435053       301.0475173033       563.1813197956 
        0.6300014000         0.3400000000         1.5928924568       304.3505136178       566.9857249984 
        0.6350029000         0.3400000000         1.5928924568       306.9195107513       566.9857249984 
        0.6400000000         0.3400000000         1.6132840687       309.8555074753       597.4209666211 
        0.6450000000         0.3400000000         1.6030882627       312.9750039945       582.2033458098 
        0.6500000000         0.3400000000         1.6081861657       316.2780003090       589.8121562154 
        0.6550000000         0.3400000000         1.6056372142       319.2139970329       586.0077510126 
        0.6600000000         0.3400000000         1.5903435053       321.0489949854       563.1813197956 
        0.6650000000         0.3400000000         1.6005393113       325.0859904809       578.3989406069 
        0.6700000000         0.3400000000         1.5979903598       327.4714878191       574.5945354041 
        0.6750000000         0.3400000000         1.6107351172       330.9579839289       593.6165614183 
        0.6800000000         0.3400000000         1.6030882627       333.3434812671       582.2033458098 
        0.6850000000         0.3400000000         1.6005393113       336.6464775816       578.3989406069 
        0.6900000000         0.3400000000         1.6081861657       339.9494738960       589.8121562154 
        0.6950000000         0.3400000000         1.5928924568       341.7844718485       566.9857249984 
        0.7000001000         0.3400000000         1.5979903598       345.2709679582       574.5945354041 
        0.7050000000         0.3400000000         1.6030882627       348.5739642727       582.2033458098 
        0.7100000000         0.3400000000         1.5979903598       350.7759618157       574.5945354041 
        0.7150000000         0.3400000000         1.6005393113       354.4459577207       578.3989406069 
        0.7200000000         0.3400000000         1.6030882627       357.3819544446       582.2033458098 
        0.7250000000         0.3400000000         1.6081861657       360.3179511686       589.8121562154 
        0.7300000000         0.3400000000         1.6107351172       360.3179511686       593.6165614183 
        0.7350000000         0.3400000000         1.6030882627       360.1344513734       582.2033458098 
        0.7400000000         0.3400000000         1.6030882627        79.7467642336       582.2033458098 
        0.7450000000         0.3400000000         1.6030882627        80.1137638241       582.2033458098 
        0.7500000000         0.3400000000         1.5979903598        -0.4426462900       574.5945354041 
        0.7550000000         0.3400000000         1.5954414083        -0.4426462900       570.7901302013 
        0.7600000000         0.3400000000         1.6107351172         0.6583524815       593.6165614183 
        0.7650000000         0.3400000000         1.5954414083         1.7593512530       570.7901302013 
        0.7700000000         0.3400000000         1.6081861657         5.0623475675       589.8121562154 
        0.7750026000         0.3400000000         1.6030882627         7.6313447010       582.2033458098 
        0.7800000000         0.3400000000         1.6005393113        10.5673414250       578.3989406069 
        0.7850000000         0.3400000000         1.6081861657        13.5033381489       589.8121562154 
        0.7900000000         0.3400000000         1.6081861657        16.8063344634       589.8121562154 
        0.7950000000         0.3400000000         1.6158330202        19.7423311874       601.2253718239 
        0.8000000000         0.3400000000         1.6081861657        22.8618277066       589.8121562154 
        0.8050000000         0.3400000000         1.6005393113        25.4308248401       578.3989406069 
        0.8100000000         0.3400000000         1.6030882627        28.5503213593       582.2033458098 
        0.8150000000         0.3400000000         1.6030882627        31.3028182880       582.2033458098 
        0.8200000000         0.3400000000         1.6081861657        34.4223148073       589.8121562154 
        0.8250001000         0.3400000000         1.6081861657        37.1748117360       589.8121562154 
        0.8300000000         0.3400000000         1.6081861657        39.9273086647       589.8121562154 
        0.8350000000         0.3400000000         1.5903435053        42.3128060029       563.1813197956 
        0.8400000000         0.3400000000         1.6005393113        45.6158023174       578.3989406069 
        0.8450000000         0.3400000000         1.5928924568        48.0012996557       566.9857249984 
        0.8500000000         0.3400000000         1.6056372142        51.3042959701       586.0077510126 
        0.8550000000         0.3400000000         1.6005393113        54.0567928989       578.3989406069 
        0.8600071000         0.3400000000         1.6030882627        56.9927896228       582.2033458098 
        0.8650000000         0.3400000000         1.5954414083        59.3782869611       570.7901302013 
        0.8700000000         0.3400000000         1.6005393113        62.6812832755       578.3989406069 
        0.8750000000         0.3400000000         1.6005393113        65.4337802043       578.3989406069 
        0.8800000000         0.3400000000         1.6030882627        68.1862771330       582.2033458098 
        0.8850000000         0.3400000000         1.6158330202        70.9387740617       601.2253718239 
        0.8900000000         0.3400000000         1.6030882627        74.4252701714       582.2033458098 
        0.8950000000         0.3400000000         1.6107351172        76.6272677144       593.6165614183 
        0.9000000000         0.3400000000         1.6081861657        79.7467642336       589.8121562154 
        0.9050000000         0.3400000000         1.6005393113        82.4992611624       578.3989406069 
        0.9100000000         0.3400000000         1.6056372142        84.8847585006       586.0077510126 
        0.9150000000         0.3400000000         1.6030882627        88.0042550198       582.2033458098 
        0.9200000000         0.3400000000         1.6107351172        90.9402517438       593.6165614183 
        0.9250000000         0.3400000000         1.6081861657        93.3257490820       589.8121562154 
        0.9300000000         0.3400000000         1.6107351172        96.2617458060       593.6165614183 
        0.9350000000         0.3400000000         1.6158330202        99.5647421205       601.2253718239 
        0.9400000000         0.3400000000         1.6081861657       101.9502394587       589.8121562154 
        0.9450000000         0.3400000000         1.6132840687       105.0697359779       597.4209666211 
        0.9500001000         0.3400000000         1.5979903598       106.9047339304       574.5945354041 
        0.9550000000         0.3400000000         1.6081861657       110.9417294259       589.8121562154 
        0.9600000000         0.3400000000         1.6107351172       113.1437269689       593.6165614183 
        0.9650000000         0.3400000000         1.6081861657       116.0797236928       589.8121562154 
        0.9700000000         0.3400000000         1.6081861657       119.3827200073       589.8121562154 
        0.9750000000         0.3400000000         1.6030882627       121.5847175503       582.2033458098 
        0.9800039000         0.3400000000         1.5954414083       124.1537146838       570.7901302013 
        0.9850000000         0.3400000000         1.6030882627       127.0897114078       582.2033458098 
        0.9900000000         0.3400000000         1.6056372142       129.4752087460       586.0077510126 
        0.9950000000         0.3400000000         1.6183819717       133.5122042415       605.0297770267 
        1.0000000000         0.3400000000         1.6081861657       135.8977015797       589.8121562154 
        1.0050000000         0.3400000000         1.6158330202       139.3841976894       601.2253718239 
        1.0100040000         0.3400000000         1.5877945538       141.5861952324       559.3769145928 
        1.0150000000         0.3400000000         1.6005393113       144.8891915469       578.3989406069 
        1.0200000000         0.3400000000         1.6030882627       147.4581886803       582.2033458098 
        1.0250000000         0.3400000000         1.6056372142       150.2106856091       586.0077510126 
        1.0300000000         0.3400000000         1.6030882627       153.5136819235       582.2033458098 
        1.0350000000         0.3400000000         1.6158330202       156.2661788523       601.2253718239 
        1.0400000000         0.3400000000         1.5979903598       158.8351759858       574.5945354041 
        1.0450000000         0.3400000000         1.5979903598       161.5876729145       574.5945354041 
        1.0500000000         0.3400000000         1.6081861657       164.5236696385       589.8121562154 
        1.0550000000         0.3400000000         1.6005393113       166.5421673862       578.3989406069 
        1.0600000000         0.3400000000         1.6081861657       170.7626626769       589.8121562154 
        1.0650000000         0.3400000000         1.6030882627       173.1481600151       582.2033458098 
        1.0700000000         0.3400000000         1.6005393113       175.5336573534       578.3989406069 
        1.0750000000         0.3400000000         1.5979903598       178.2861542821       574.5945354041 
        1.0800000000         0.3400000000         1.6005393113       181.2221510061       578.3989406069 
        1.0850000000         0.3400000000         1.5903435053       183.6076483443       563.1813197956 
        1.0900000000         0.3400000000         1.5954414083       187.0941444540       570.7901302013 
        1.0950000000         0.3400000000         1.6005393113       190.0301411780       578.3989406069 
        1.1000000000         0.3400000000         1.5979903598       192.5991383115       574.5945354041 
        1.1050000000         0.3400000000         1.5954414083       195.1681354450       570.7901302013 
        1.1100000000         0.3400000000         1.6056372142       198.6546315547       586.0077510126 
        1.1150000000         0.3400000000         1.6005393113       201.2236286882       578.3989406069 
        1.1200000000         0.3400000000         1.6005393113       203.7926258216       578.3989406069 
        1.1250000000         0.3400000000         1.5954414083       206.1781231599       570.7901302013 
        1.1300020000         0.3400000000         1.6056372142       209.8481190648       586.0077510126 
        1.1350000000         0.3400000000         1.6030882627       212.6006159936       582.2033458098 
        1.1400000000         0.3400000000         1.6081861657       215.5366127175       589.8121562154 
        1.1450000000         0.3400000000         1.5877945538       217.1881108748       559.3769145928 
        1.1500000000         0.3400000000         1.5903435053       220.4911071892       563.1813197956 
        1.1550001000         0.3400000000         1.5877945538       222.8766045275       559.3769145928 
        1.1600019000         0.3400000000         1.6081861657       226.5466004324       589.8121562154 
        1.1650000000         0.3400000000         1.6005393113       228.9320977707       578.3989406069 
        1.1700000000         0.3400000000         1.6005393113       231.8680944947       578.3989406069 
        1.1750000000         0.3400000000         1.6030882627       234.8040912186       582.2033458098 
        1.1800000000         0.3400000000         1.5954414083       237.3730883521       570.7901302013 
        1.1850000000         0.3400000000         1.5928924568       240.1255852808       566.9857249984 
        1.1900000000         0.3400000000         1.6005393113       243.0615820048       578.3989406069 
        1.1950000000         0.3400000000         1.6056372142       245.9975787288       586.0077510126 
        1.2000000000         0.3400000000         1.6056372142       248.7500756575       586.0077510126 
        1.2050000000         0.3400000000         1.6005393113       251.3190727910       578.3989406069 
        1.2100000000         0.3400000000         1.6056372142       255.3560682865       586.0077510126 
        1.2150000000         0.3400000000         1.6005393113       257.5580658294       578.3989406069 
        1.2200000000         0.3400000000         1.5877945538       260.3105627582       559.3769145928 
        1.2250000000         0.3400000000         1.5903435053       263.2465594822       563.1813197956 
        1.2300005000         0.3400000000         1.5877945538       265.6320568204       559.3769145928 
        1.2350000000         0.3400000000         1.5979903598       269.6690523158       574.5945354041 
        1.2400000000         0.3400000000         1.6030882627       272.2380494493       582.2033458098 
        1.2450000000         0.3400000000         1.6107351172       275.1740461733       593.6165614183 
        1.2500000000         0.3400000000         1.5903435053       276.8255443305       563.1813197956 
        1.2550000000         0.3400000000         1.6030882627       281.0460396213       582.2033458098 
        1.2600000000         0.3400000000         1.5928924568       283.0645373690       566.9857249984 
        1.2650000000         0.3400000000         1.5979903598       286.1840338882       574.5945354041 
        1.2700000000         0.3400000000         1.6005393113       289.1200306122       578.3989406069 
        1.2750000000         0.3400000000         1.6081861657       292.0560273362       589.8121562154 
        1.2800001000         0.3400000000         1.6081861657       295.5425234459       589.8121562154 
        1.2850018000         0.3400000000         1.6005393113       297.9280207841       578.3989406069 
        1.2900000000         0.3400000000         1.6005393113       300.8640175081       578.3989406069 
        1.2950000000         0.3400000000         1.6056372142       304.5340134131       586.0077510126 
        1.3000021000         0.3400000000         1.6056372142       306.7360109560       586.0077510126 
        1.3050000000         0.3400000000         1.6183819717       310.4060068610       605.0297770267 
        1.3100000000         0.3400000000         1.6081861657       312.6080044040       589.8121562154 
        1.3150004000         0.3400000000         1.6056372142       315.5440011280       586.0077510126 
        1.3200000000         0.3400000000         1.6005393113       318.8469974424       578.3989406069 
        1.3250000000         0.3400000000         1.6030882627       321.4159945759       582.2033458098 
        1.3300000000         0.3400000000         1.6005393113       323.9849917094       578.3989406069 
        1.3350000000         0.3400000000         1.6132840687       327.4714878191       597.4209666211 
        1.3400000000         0.3400000000         1.6005393113       330.0404849526       578.3989406069 
        1.3450000000         0.3400000000         1.6209309231       334.0774804481       608.8341822296 
        1.3500000000         0.3400000000         1.6183819717       336.6464775816       605.0297770267 
        1.3550000000         0.3400000000         1.6030882627       339.5824743055       582.2033458098 
        1.3600000000         0.3400000000         1.5979903598       342.7019708248       574.5945354041 
        1.3650000000         0.3400000000         1.6107351172       346.3719667297       593.6165614183 
        1.3700000000         0.3400000000         1.6107351172       348.7574640680       593.6165614183 
        1.3750000000         0.3400000000         1.6132840687       352.0604603824       597.4209666211 
        1.3800000000         0.3400000000         1.6081861657       355.1799569017       589.8121562154 
        1.3850000000         0.3400000000         1.6056372142       357.3819544446       586.0077510126 
        1.3900000000         0.3400000000         1.6005393113       360.1344513734       578.3989406069 
        1.3950000000         0.3400000000         1.6132840687       360.6849507591       597.4209666211 
        1.4000000000         0.3400000000         1.6158330202       360.1344513734       601.2253718239 
        1.4050001000         0.3400000000         1.6081861657        79.7467642336       589.8121562154 
        1.4100000000         0.3400000000         1.6183819717        79.0127650526       605.0297770267 
        1.4150000000         0.3400000000         1.6183819717         0.2913528910       605.0297770267 
        1.4200000000         0.3400000000         1.6183819717         0.6583524815       605.0297770267 
        1.4250000000         0.3400000000         1.6005393113         0.4748526863       578.3989406069 
        1.4300000000         0.3400000000         1.6081861657         3.0438498198       589.8121562154 
        1.4350000000         0.3400000000         1.6107351172         6.1633463390       593.6165614183 
        1.4400000000         0.3400000000         1.6107351172         8.9158432677       593.6165614183 
        1.4450000000         0.3400000000         1.6209309231        12.4023393774       608.8341822296 
        1.4500000000         0.3400000000         1.6158330202        14.9713365109       601.2253718239 
        1.4550000000         0.3400000000         1.6209309231        18.6413324159       608.8341822296 
        1.4600000000         0.3400000000         1.6081861657        20.6598301636       589.8121562154 
        1.4650000000         0.3400000000         1.6132840687        24.5133258638       597.4209666211 
        1.4700000000         0.3400000000         1.6158330202        27.6328223831       601.2253718239 
        1.4750000000         0.3400000000         1.6183819717        30.0183197213       605.0297770267 
        1.4800030000         0.3400000000         1.6107351172        33.1378162405       593.6165614183 
        1.4850047000         0.3400000000         1.6107351172        35.7068133740       593.6165614183 
        1.4900000000         0.3400000000         1.6158330202        39.3768092790       601.2253718239 
        1.4950000000         0.3400000000         1.6081861657        41.5788068220       589.8121562154 
        1.5000000000         0.3400000000         1.6183819717        45.2488027269       605.0297770267 
        1.5050000000         0.3400000000         1.6234798746        47.6343000652       612.6385874324 
        1.5100000000         0.3400000000         1.6081861657        50.2032971986       589.8121562154 
        1.5150000000         0.3400000000         1.6158330202        53.6897933084       601.2253718239 
        1.5200000000         0.3400000000         1.6107351172        56.4422902371       593.6165614183 
        1.5250000000         0.3400000000         1.6107351172        59.3782869611       593.6165614183 
        1.5300001000         0.3400000000         1.6081861657        62.3142836850       589.8121562154 
        1.5350000000         0.3400000000         1.6107351172        65.2502804090       593.6165614183 
        1.5400000000         0.3400000000         1.6132840687        68.0027773377       597.4209666211 
        1.5450000000         0.3400000000         1.6030882627        70.7552742665       582.2033458098 
        1.5500000000         0.3400000000         1.6107351172        74.0582705809       593.6165614183 
        1.5550000000         0.3400000000         1.6209309231        77.1777671002       608.8341822296 
        1.5600000000         0.3400000000         1.6158330202        79.5632644384       601.2253718239 
        1.5650000000         0.3400000000         1.6132840687        82.6827609576       597.4209666211 
        1.5700000000         0.3400000000         1.6132840687        85.4352578863       597.4209666211 
        1.5750000000         0.3400000000         1.6158330202        88.1877548151       601.2253718239 
        1.5800000000         0.3400000000         1.6081861657        90.7567519486       589.8121562154 
        1.5850000000         0.3400000000         1.6158330202        93.8762484678       601.2253718239 
        1.5900000000         0.3400000000         1.6030882627        95.8947462155       582.2033458098 
        1.5950000000         0.3400000000         1.6209309231        99.7482419157       608.8341822296 
        1.6000000000         0.3400000000         1.6132840687       102.3172390492       597.4209666211 
        1.6050000000         0.3400000000         1.6107351172       105.0697359779       593.6165614183 
        1.6100000000         0.3400000000         1.6183819717       108.1892324972       605.0297770267 
        1.6150002000         0.3400000000         1.6183819717       110.7582296306       605.0297770267 
        1.6200000000         0.3400000000         1.6081861657       113.6942263546       589.8121562154 
        1.6250000000         0.3400000000         1.6107351172       116.6302230786       593.6165614183 
        1.6300000000         0.3400000000         1.6081861657       119.3827200073       589.8121562154 
        1.6350000000         0.3400000000         1.6005393113       121.7682173456       578.3989406069 
        1.6400000000         0.3400000000         1.6081861657       125.2547134553       589.8121562154 
        1.6450000000         0.3400000000         1.5979903598       127.6402107935       574.5945354041 
        1.6500000000         0.3400000000         1.6158330202       130.3927077222       601.2253718239 
        1.6550001000         0.3400000000         1.6158330202       133.8792038320       601.2253718239 
        1.6600000000         0.3400000000         1.6030882627       136.2647011702       582.2033458098 
        1.6650052000         0.3400000000         1.6107351172       140.1181968704       593.6165614183 
        1.6700000000         0.3400000000         1.6030882627       142.5036942086       582.2033458098 
        1.6750000000         0.3400000000         1.5979903598       145.0726913421       574.5945354041 
        1.6800000000         0.3400000000         1.6030882627       148.1921878613       582.2033458098 
        1.6850000000         0.3400000000         1.6005393113       151.1281845853       578.3989406069 
        1.6900000000         0.3400000000         1.6005393113       154.0641813093       578.3989406069 
        1.6950000000         0.3400000000         1.5903435053       156.2661788523       563.1813197956 
        1.7000000000         0.3400000000         1.5979903598       159.2021755762       574.5945354041 
        1.7050000000         0.3400000000         1.6030882627       163.2391710717       582.2033458098 
        1.7100042000         0.3400000000         1.6056372142       165.8081682052       586.0077510126 
        1.7150000000         0.3400000000         1.6030882627       168.5606651339       582.2033458098 
        1.7200000000         0.3400000000         1.6056372142       171.4966618579       586.0077510126 
        1.7250000000         0.3400000000         1.6005393113       173.8821591961       578.3989406069 
        1.7300011000         0.3400000000         1.6081861657       176.8181559201       589.8121562154 
        1.7350000000         0.3400000000         1.6056372142       179.9376524393       586.0077510126 
        1.7400000000         0.3400000000         1.6081861657       182.3231497776       589.8121562154 
        1.7450000000         0.3400000000         1.6030882627       184.8921469110       582.2033458098 
        1.7500000000         0.3400000000         1.6030882627       187.6446438398       582.2033458098 
        1.7550000000         0.3400000000         1.5979903598       190.3971407685       574.5945354041 
        1.7600000000         0.3400000000         1.5928924568       193.5166372877       566.9857249984 
        1.7650000000         0.3400000000         1.6005393113       196.6361338069       578.3989406069 
        1.7700000000         0.3400000000         1.5928924568       198.8381313499       566.9857249984 
        1.7750000000         0.3400000000         1.6005393113       202.1411276644       578.3989406069 
        1.7800001000         0.3400000000         1.6132840687       205.4441239789       597.4209666211 
        1.7850000000         0.3400000000         1.6005393113       207.8296213171       578.3989406069 
        1.7900000000         0.3400000000         1.6005393113       210.3986184506       578.3989406069 
        1.7950000000         0.3400000000         1.6005393113       213.5181149698       578.3989406069 
        1.8000000000         0.3400000000         1.6030882627       216.4541116938       582.2033458098 
        1.8050002000         0.3400000000         1.6081861657       219.5736082130       589.8121562154 
        1.8100000000         0.3400000000         1.6005393113       221.5921059607       578.3989406069 
        1.8150000000         0.3400000000         1.6056372142       224.8951022752       586.0077510126 
        1.8200000000         0.3400000000         1.6005393113       227.6475992039       578.3989406069 
        1.8250000000         0.3400000000         1.6107351172       231.1340953137       593.6165614183 
        1.8300081000         0.3400000000         1.5954414083       233.1525930614       570.7901302013 
        1.8350000000         0.3400000000         1.5954414083       235.7215901949       570.7901302013 
        1.8400001000         0.3400000000         1.6107351172       239.5750858951       593.6165614183 
        1.8450000000         0.3400000000         1.6056372142       242.1440830286       586.0077510126 
        1.8500000000         0.3400000000         1.6005393113       244.5295803668       578.3989406069 
        1.8550056000         0.3400000000         1.6081861657       247.6490768860       589.8121562154 
        1.8600000000         0.3400000000         1.5979903598       250.2180740195       574.5945354041 
        1.8650000000         0.3400000000         1.6005393113       253.5210703340       578.3989406069 
        1.8700000000         0.3400000000         1.6056372142       256.6405668532       586.0077510126 
        1.8750000000         0.3400000000         1.5954414083       259.5765635772       570.7901302013 
        1.8800000000         0.3400000000         1.6081861657       262.8795598917       589.8121562154 
        1.8850000000         0.3400000000         1.6132840687       265.6320568204       597.4209666211 
        1.8900000000         0.3400000000         1.6056372142       268.0175541586       586.0077510126 
        1.8950000000         0.3400000000         1.5954414083       270.7700510873       570.7901302013 
        1.9000000000         0.3400000000         1.6056372142       274.4400469923       586.0077510126 
        1.9050001000         0.3400000000         1.6081861657       276.6420445353       589.8121562154 
        1.9100000000         0.3400000000         1.6005393113       279.5780412593       578.3989406069 
        1.9150000000         0.3400000000         1.6005393113       281.7800388023       578.3989406069 
        1.9200000000         0.3400000000         1.5979903598       285.0830351167       574.5945354041 
        1.9250000000         0.3400000000         1.6081861657       288.3860314312       589.8121562154 
        1.9300000000         0.3400000000         1.6081861657       291.3220281552       589.8121562154 
        1.9350000000         0.3400000000         1.6030882627       294.2580248791       582.2033458098 
        1.9400000000         0.3400000000         1.6081861657       297.1940216031       589.8121562154 
        1.9450000000         0.3400000000         1.6209309231       300.8640175081       608.8341822296 
        1.9500000000         0.3400000000         1.6107351172       303.0660150511       593.6165614183 
        1.9550000000         0.3400000000         1.6030882627       305.6350121846       582.2033458098 
        1.9600000000         0.3400000000         1.6081861657       308.9380084990       589.8121562154 
        1.9650000000         0.3400000000         1.6030882627       312.4245046088       582.2033458098 
        1.9700000000         0.3400000000         1.5979903598       314.6265021517       574.5945354041 
        1.9750000000         0.3400000000         1.6030882627       317.5624988757       582.2033458098 
        1.9800000000         0.3400000000         1.6030882627       320.4984955997       582.2033458098 
        1.9850008000         0.3400000000         1.6107351172       324.5354910952       593.6165614183 
        1.9900000000         0.3400000000         1.6030882627       326.7374886381       582.2033458098 
        1.9950000000         0.3400000000         1.6005393113       330.0404849526       578.3989406069 
        2.0000000000         0.3400000000         1.6005393113       332.4259822908       578.3989406069 
        2.0050000000         0.3400000000         1.6030882627       336.0959781958       582.2033458098 
        2.0100000000         0.3400000000         1.6081861657       339.5824743055       589.8121562154 
        2.0150001000         0.3400000000         1.5928924568       341.6009720533       566.9857249984 
        2.0200000000         0.3400000000         1.6030882627       344.7204685725       582.2033458098 
        2.0250000000         0.3400000000         1.6158330202       348.3904644775       601.2253718239 
        2.0300000000         0.3400000000         1.6132840687       351.3264612014       597.4209666211 
        2.0350000000         0.3400000000         1.6107351172       354.4459577207       593.6165614183 
        2.0400000000         0.3400000000         1.6158330202       357.9324538304       601.2253718239 
        2.0450000000         0.3400000000         1.6081861657       360.1344513734       589.8121562154 
        2.0500000000         0.3400000000         1.6183819717       360.1344513734       605.0297770267 
        2.0550000000         0.3400000000         1.6183819717       360.3179511686       605.0297770267 
        2.0600000000         0.3400000000         1.6056372142        79.7467642336       586.0077510126 
        2.0650000000         0.3400000000         1.6107351172        79.5632644384       593.6165614183 
        2.0700000000         0.3400000000         1.6030882627        -0.2591464947       582.2033458098 
        2.0750000000         0.3400000000         1.6030882627         0.1078530958       582.2033458098 
        2.0800000000         0.3400000000         1.6081861657        -0.0756466995       589.8121562154 
        2.0850000000         0.3400000000         1.6132840687         2.6768502293       597.4209666211 
        2.0900000000         0.3400000000         1.6132840687         5.6128469532       597.4209666211 
        2.0950000000         0.3400000000         1.6132840687         8.1818440867       597.4209666211 
        2.1000000000         0.3400000000         1.6081861657        10.9343410155       589.8121562154 
        2.1050000000         0.3400000000         1.6107351172        14.2373373299       593.6165614183 
        2.1100000000         0.3400000000         1.6081861657        17.5403336444       589.8121562154 
        2.1150000000         0.3400000000         1.6081861657        19.5588313921       589.8121562154 
        2.1200000000         0.3400000000         1.6158330202        23.7793266828       601.2253718239 
        2.1250009000         0.3400000000         1.6005393113        25.6143246353       578.3989406069 
        2.1300015000         0.3400000000         1.6158330202        28.9173209498       601.2253718239 
        2.1350000000         0.3400000000         1.6132840687        32.5873168548       597.4209666211 
        2.1400001000         0.3400000000         1.6030882627        35.1563139883       582.2033458098 
        2.1450000000         0.3400000000         1.6005393113        37.7253111217       578.3989406069 
        2.1500000000         0.3400000000         1.6183819717        41.0283074362       605.0297770267 
        2.1550000000         0.3400000000         1.6030882627        43.0468051839       582.2033458098 
        2.1600000000         0.3400000000         1.6209309231        47.0838006794       608.8341822296 
        2.1650000000         0.3400000000         1.6030882627        48.9187986319       582.2033458098 
        2.1700000000         0.3400000000         1.6107351172        52.0382951511       593.6165614183 
        2.1750000000         0.3400000000         1.6107351172        54.9742918751       593.6165614183 
        2.1800000000         0.3400000000         1.6081861657        58.0937883943       589.8121562154 
        2.1850000000         0.3400000000         1.6107351172        61.0297851183       593.6165614183 
        2.1900000000         0.3400000000         1.6081861657        63.9657818423       589.8121562154 
        2.1950000000         0.3400000000         1.6030882627        66.1677793853       582.2033458098 
        2.2000000000         0.3400000000         1.6081861657        69.4707756997       589.8121562154 
        2.2050000000         0.3400000000         1.6030882627        71.8562730380       582.2033458098 
        2.2100000000         0.3400000000         1.6107351172        75.1592693524       593.6165614183 
        2.2150000000         0.3400000000         1.6158330202        78.0952660764       601.2253718239 
        2.2200000000         0.3400000000         1.6030882627        80.6642632099       582.2033458098 
        2.2250000000         0.3400000000         1.6107351172        83.6002599339       593.6165614183 
        2.2300000000         0.3400000000         1.6132840687        86.7197564531       597.4209666211 
        2.2350000000         0.3400000000         1.6183819717        89.8392529723       605.0297770267 
        2.2400000000         0.3400000000         1.6030882627        91.6742509248       582.2033458098 
        2.2450000000         0.3400000000         1.6158330202        95.3442468298       601.2253718239 
        2.2500000000         0.3400000000         1.6030882627        97.5462443727       582.2033458098 
        2.2550000000         0.3400000000         1.6107351172       100.6657408920       593.6165614183 
        2.2600000000         0.3400000000         1.6158330202       103.4182378207       601.2253718239 
        2.2650001000         0.3400000000         1.6056372142       105.9872349542       586.0077510126 
        2.2700000000         0.3400000000         1.6081861657       109.2902312687       589.8121562154 
        2.2750000000         0.3400000000         1.6081861657       112.2262279926       589.8121562154 
        2.2800000000         0.3400000000         1.6209309231       115.3457245119       608.8341822296 
        2.2850000000         0.3400000000         1.6056372142       117.1807224643       586.0077510126 
        2.2900000000         0.3400000000         1.6183819717       121.0342181646       605.0297770267 
        2.2950000000         0.3400000000         1.6081861657       123.9702148885       589.8121562154 
        2.3000000000         0.3400000000         1.6081861657       126.5392120220       589.8121562154 
        2.3050000000         0.3400000000         1.6107351172       129.1082091555       593.6165614183 
        2.3100000000         0.3400000000         1.6081861657       131.6772062890       589.8121562154 
        2.3150000000         0.3400000000         1.6158330202       135.1637023987       601.2253718239 
        2.3200000000         0.3400000000         1.6081861657       137.9161993274       589.8121562154 
        2.3250000000         0.3400000000         1.6005393113       140.4851964609       578.3989406069 
        2.3300000000         0.3400000000         1.5979903598       143.4211931849       574.5945354041 
        2.3350000000         0.3400000000         1.6005393113       145.9901903184       578.3989406069 
        2.3400000000         0.3400000000         1.6005393113       149.6601862233       578.3989406069 
        2.3450000000         0.3400000000         1.5928924568       151.8621837663       566.9857249984 
        2.3500000000         0.3400000000         1.6107351172       156.0826790570       593.6165614183 
        2.3550000000         0.3400000000         1.6030882627       157.9176770095       582.2033458098 
        2.3600000000         0.3400000000         1.6081861657       160.8536737335       589.8121562154 
        2.3650000000         0.3400000000         1.6081861657       164.3401698432       589.8121562154 
        2.3700000000         0.3400000000         1.6158330202       167.2761665672       601.2253718239 
        2.3750000000         0.3400000000         1.6030882627       170.2121632912       582.2033458098 
        2.3800000000         0.3400000000         1.6107351172       172.9646602199       593.6165614183 
        2.3850000000         0.3400000000         1.6107351172       175.9006569439       593.6165614183 
        2.3900001000         0.3400000000         1.5903435053       177.7356548963       563.1813197956 
        2.3950000000         0.3400000000         1.6056372142       181.0386512108       586.0077510126 
        2.4000000000         0.3400000000         1.6081861657       183.9746479348       589.8121562154 
        2.4050000000         0.3400000000         1.6132840687       186.7271448635       597.4209666211 
        2.4100000000         0.3400000000         1.6005393113       189.6631415875       578.3989406069 
        2.4150000000         0.3400000000         1.5979903598       192.4156385162       574.5945354041 
        2.4200000000         0.3400000000         1.6081861657       195.1681354450       589.8121562154 
        2.4250034000         0.3400000000         1.5903435053       197.7371325784       563.1813197956 
        2.4300000000         0.3400000000         1.5979903598       200.4896295072       574.5945354041 
        2.4350007000         0.3400000000         1.6056372142       203.7926258216       586.0077510126 
        2.4400000000         0.3400000000         1.6056372142       207.0956221361       586.0077510126 
        2.4450000000         0.3400000000         1.6005393113       209.6646192696       578.3989406069 
        2.4500000000         0.3400000000         1.6005393113       212.4171161983       578.3989406069 
        2.4550033000         0.3400000000         1.6030882627       214.9861133318       582.2033458098 
        2.4600000000         0.3400000000         1.6081861657       217.9221100558       589.8121562154 
        2.4650000000         0.3400000000         1.6107351172       221.4086061655       593.6165614183 
        2.4700000000         0.3400000000         1.6005393113       223.6106037085       578.3989406069 
        2.4750000000         0.3400000000         1.6030882627       226.7301002277       582.2033458098 
        2.4800000000         0.3400000000         1.6081861657       230.0330965422       589.8121562154 
        2.4850000000         0.3400000000         1.6056372142       232.0515942899       586.0077510126 
        2.4900000000         0.3400000000         1.6005393113       234.9875910139       578.3989406069 
        2.4950000000         0.3400000000         1.6030882627       237.5565881474       582.2033458098 
        2.5000000000         0.3400000000         1.6107351172       241.4100838476       593.6165614183 
        2.5050000000         0.3400000000         1.6056372142       243.4285815953       586.0077510126 
        2.5100000000         0.3400000000         1.6030882627       246.7315779098       582.2033458098 
        2.5150001000         0.3400000000         1.6056372142       250.0345742243       586.0077510126 
        2.5200000000         0.3400000000         1.5979903598       252.4200715625       574.5945354041 
        2.5250000000         0.3400000000         1.5826966509       254.6220691055       551.7681041871 
        2.5300000000         0.3400000000         1.6056372142       258.4755648057       586.0077510126 
        2.5350000000         0.3400000000         1.6030882627       260.8610621439       582.2033458098 
        2.5400000000         0.3400000000         1.5979903598       263.4300592774       574.5945354041 
        2.5450000000         0.3400000000         1.6081861657       267.1000551824       589.8121562154 
        2.5500000000         0.3400000000         1.5979903598       269.4855525206       574.5945354041 
        2.5550019000         0.3400000000         1.5954414083       272.0545496541       570.7901302013 
        2.5600000000         0.3400000000         1.6005393113       275.1740461733       578.3989406069 
        2.5650000000         0.3400000000         1.6005393113       277.9265431020       578.3989406069 
        2.5700000000         0.3400000000         1.6005393113       281.0460396213       578.3989406069 
        2.5750000000         0.3400000000         1.6005393113       283.9820363452       578.3989406069 
        2.5800000000         0.3400000000         1.6081861657       287.4685324550       589.8121562154 
        2.5850000000         0.3400000000         1.5903435053       289.4870302027       563.1813197956 
        2.5900000000         0.3400000000         1.6030882627       292.7900265172       582.2033458098 
        2.5950000000         0.3400000000         1.6081861657       295.1755238554       589.8121562154 
        2.6000000000         0.3400000000         1.6234798746       299.2125193509       612.6385874324 
        2.6050000000         0.3400000000         1.6132840687       301.7815164843       597.4209666211 
        2.6100000000         0.3400000000         1.6005393113       304.7175132083       578.3989406069 
        2.6150200000         0.3400000000         1.6005393113       307.8370097275       578.3989406069 
        2.6200000000         0.3400000000         1.6081861657       310.9565062468       589.8121562154 
        2.6250000000         0.3400000000         1.5979903598       312.7915041992       574.5945354041 
        2.6300000000         0.3400000000         1.6132840687       316.2780003090       597.4209666211 
        2.6350000000         0.3400000000         1.6005393113       319.0304972377       578.3989406069 
        2.6400001000         0.3400000000         1.6081861657       322.5169933474       589.8121562154 
        2.6450000000         0.3400000000         1.6132840687       325.6364898666       597.4209666211 
        2.6500000000         0.3400000000         1.6132840687       329.1229859764       597.4209666211 
        2.6550000000         0.3400000000         1.6081861657       330.7744841336       589.8121562154 
        2.6600000000         0.3400000000         1.6107351172       334.4444800386       593.6165614183 
        2.6650000000         0.3400000000         1.6132840687       337.5639765578       597.4209666211 
        2.6700000000         0.3400000000         1.6132840687       340.4999732818       597.4209666211 
        2.6750000000         0.3400000000         1.6005393113       343.2524702105       578.3989406069 
        2.6800000000         0.3400000000         1.6030882627       346.9224661155       582.2033458098 
        2.6850000000         0.3400000000         1.6183819717       350.4089622252       605.0297770267 
        2.6900000000         0.3400000000         1.6158330202       353.5284587444       601.2253718239 
        2.6950000000         0.3400000000         1.6158330202       356.6479552636       601.2253718239 
        2.7000000000         0.3400000000         1.6209309231       359.4004521924       608.8341822296 
        2.7050000000         0.3400000000         1.6030882627       359.4004521924       582.2033458098 
        2.7100000000         0.3400000000         1.6132840687       359.9509515781       597.4209666211 
        2.7150000000         0.3400000000         1.6183819717       360.3179511686       605.0297770267 
        2.7200061000         0.3400000000         1.6158330202        80.1137638241       601.2253718239 
        2.7250000000         0.3400000000         1.6081861657         0.6583524815       589.8121562154 
        2.7300000000         0.3400000000         1.6081861657         0.1078530958       589.8121562154 
        2.7350000000         0.3400000000         1.6107351172         0.1078530958       593.6165614183 
        2.7400000000         0.3400000000         1.6158330202         1.2088518673       601.2253718239 
        2.7450000000         0.3400000000         1.6183819717         4.1448485913       605.0297770267 
        2.7500000000         0.3400000000         1.6056372142         6.1633463390       586.0077510126 
        2.7550000000         0.3400000000         1.6107351172         9.6498424487       593.6165614183 
        2.7600000000         0.3400000000         1.6107351172        12.4023393774       593.6165614183 
        2.7650053000         0.3400000000         1.6005393113        15.5218358967       578.3989406069 
        2.7700000000         0.3400000000         1.6158330202        19.0083320064       601.2253718239 
        2.7750000000         0.3400000000         1.6158330202        22.3113283209       601.2253718239 
        2.7800000000         0.3400000000         1.6158330202        25.2473250448       601.2253718239 
        2.7850000000         0.3400000000         1.5979903598        27.4493225878       574.5945354041 
        2.7900000000         0.3400000000         1.6005393113        30.5688191070       578.3989406069 
        2.7950000000         0.3400000000         1.6056372142        34.2388150120       586.0077510126 
        2.8000000000         0.3400000000         1.6081861657        36.6243123502       589.8121562154 
        2.8050000000         0.3400000000         1.6107351172        39.0098096885       593.6165614183 
        2.8100000000         0.3400000000         1.6030882627        41.9458064125       582.2033458098 
        2.8150000000         0.3400000000         1.6056372142        45.4323025222       586.0077510126 
        2.8200000000         0.3400000000         1.6056372142        48.1847994509       586.0077510126 
        2.8250000000         0.3400000000         1.6030882627        51.1207961749       582.2033458098 
        2.8300000000         0.3400000000         1.6081861657        54.4237924893       589.8121562154 
        2.8350000000         0.3400000000         1.6158330202        57.1762894181       601.2253718239 
        2.8400000000         0.3400000000         1.6056372142        59.3782869611       586.0077510126 
        2.8450000000         0.3400000000         1.6030882627        62.1307838898       582.2033458098 
        2.8500054000         0.3400000000         1.6158330202        65.4337802043       601.2253718239 
        2.8550000000         0.3400000000         1.6132840687        68.5532767235       597.4209666211 
        2.8600076000         0.3400000000         1.6081861657        71.3057736522       589.8121562154 
        2.8650000000         0.3400000000         1.6030882627        73.8747707857       582.2033458098 
        2.8700000000         0.3400000000         1.6056372142        76.6272677144       586.0077510126 
        2.8750000000         0.3400000000         1.6081861657        79.9302640289       589.8121562154 
        2.8800000000         0.3400000000         1.6081861657        82.4992611624       589.8121562154 
        2.8850000000         0.3400000000         1.6183819717        86.1692570673       605.0297770267 
        2.8900001000         0.3400000000         1.6081861657        87.8207552246       589.8121562154 
        2.8950000000         0.3400000000         1.6158330202        91.1237515391       601.2253718239 
        2.9000000000         0.3400000000         1.6158330202        94.0597482630       601.2253718239 
        2.9050013000         0.3400000000         1.6158330202        96.9957449870       601.2253718239 
        2.9100000000         0.3400000000         1.6132840687        99.9317417110       597.4209666211 
        2.9150000000         0.3400000000         1.6158330202       102.3172390492       601.2253718239 
        2.9200000000         0.3400000000         1.6081861657       104.8862361827       589.8121562154 
        2.9250000000         0.3400000000         1.6132840687       108.5562320877       597.4209666211 
        2.9300000000         0.3400000000         1.6183819717       111.6757286069       605.0297770267 
        2.9350000000         0.3400000000         1.6081861657       113.6942263546       589.8121562154 
        2.9400049000         0.3400000000         1.6056372142       116.6302230786       586.0077510126 
        2.9450000000         0.3400000000         1.6030882627       119.3827200073       582.2033458098 
        2.9500000000         0.3400000000         1.6183819717       122.6857163218       605.0297770267 
        2.9550000000         0.3400000000         1.6030882627       126.1722124315       582.2033458098 
        2.9600000000         0.3400000000         1.6158330202       129.1082091555       601.2253718239 
        2.9650000000         0.3400000000         1.6107351172       131.3102066985       593.6165614183 
        2.9700000000         0.3400000000         1.6107351172       133.8792038320       593.6165614183 
        2.9750000000         0.3400000000         1.6030882627       136.9987003512       582.2033458098 
        2.9800000000         0.3400000000         1.6209309231       140.6686962561       608.8341822296 
        2.9850000000         0.3400000000         1.6081861657       143.6046929801       589.8121562154 
        2.9900000000         0.3400000000         1.6030882627       145.8066905231       582.2033458098 
        2.9950000000         0.3400000000         1.6056372142       148.7426872471       586.0077510126 
        3.0000000000         0.3400000000         1.6081861657       151.6786839711       589.8121562154 
        3.0050000000         0.3400000000         1.6209309231       154.9816802855       608.8341822296 
        3.0100000000         0.3400000000         1.6183819717       158.1011768048       605.0297770267 
        3.0150001000         0.3400000000         1.6005393113       159.9361747572       578.3989406069 
        3.0200033000         0.3400000000         1.6132840687       163.6061706622       597.4209666211 
        3.0250000000         0.3400000000         1.6056372142       166.3586675909       586.0077510126 
        3.0300013000         0.3400000000         1.6081861657       169.1111645197       589.8121562154 
        3.0350000000         0.3400000000         1.6132840687       172.0471612436       597.4209666211 
        3.0400000000         0.3400000000         1.6081861657       174.9831579676       589.8121562154 
        3.0450000000         0.3400000000         1.6081861657       178.2861542821       589.8121562154 
        3.0500000000         0.3400000000         1.6005393113       180.3046520298       578.3989406069 
        3.0550000000         0.3400000000         1.6183819717       184.1581477300       605.0297770267 
        3.0600000000         0.3400000000         1.6005393113       186.7271448635       578.3989406069 
        3.0650000000         0.3400000000         1.6158330202       189.8466413827       601.2253718239 
        3.0700000000         0.3400000000         1.6107351172       192.2321387210       593.6165614183 
        3.0750001000         0.3400000000         1.6209309231       195.7186348307       608.8341822296 
        3.0800000000         0.3400000000         1.6158330202       198.1041321689       601.2253718239 
        3.0850000000         0.3400000000         1.6183819717       201.0401288929       605.0297770267 
        3.0900000000         0.3400000000         1.5928924568       203.4256262311       566.9857249984 
        3.0950000000         0.3400000000         1.6056372142       206.1781231599       586.0077510126 
        3.1000000000         0.3400000000         1.6005393113       209.2976196791       578.3989406069 
        3.1050000000         0.3400000000         1.6158330202       213.1511153793       601.2253718239 
        3.1100119000         0.3400000000         1.6081861657       214.8026135365       589.8121562154 
        3.1150000000         0.3400000000         1.6107351172       218.1056098510       593.6165614183 
        3.1200000000         0.3400000000         1.6107351172       221.0416065750       593.6165614183 
        3.1250000000         0.3400000000         1.6030882627       223.6106037085       582.2033458098 
        3.1300000000         0.3400000000         1.6081861657       226.7301002277       589.8121562154 
        3.1350000000         0.3400000000         1.6107351172       229.8495967469       593.6165614183 
        3.1400001000         0.3400000000         1.6158330202       232.6020936757       601.2253718239 
        3.1450000000         0.3400000000         1.6056372142       235.1710908091       586.0077510126 
        3.1500000000         0.3400000000         1.6158330202       239.0245865093       601.2253718239 
        3.1550000000         0.3400000000         1.6107351172       241.4100838476       593.6165614183 
        3.1600000000         0.3400000000         1.6081861657       244.3460805716       589.8121562154 
        3.1650000000         0.3400000000         1.6081861657       247.8325766813       589.8121562154 
        3.1700000000         0.3400000000         1.6056372142       250.2180740195       586.0077510126 
        3.1750000000         0.3400000000         1.6132840687       253.7045701292       597.4209666211 
        3.1800000000         0.3400000000         1.6107351172       256.0900674675       593.6165614183 
        3.1850000000         0.3400000000         1.6030882627       258.6590646009       582.2033458098 
        3.1900000000         0.3400000000         1.6056372142       261.2280617344       586.0077510126 
        3.1950000000         0.3400000000         1.6005393113       264.5310580489       578.3989406069 
        3.2000001000         0.3400000000         1.6005393113       267.8340543634       578.3989406069 
        3.2050000000         0.3400000000         1.5954414083       270.4030514968       570.7901302013 
        3.2100000000         0.3400000000         1.6107351172       274.2565471971       593.6165614183 
        3.2150000000         0.3400000000         1.6056372142       276.2750449448       586.0077510126 
        3.2200000000         0.3400000000         1.6081861657       279.5780412593       589.8121562154 
        3.2250000000         0.3400000000         1.6158330202       282.5140379832       601.2253718239 
        3.2300000000         0.3400000000         1.6030882627       285.4500347072       582.2033458098 
        3.2350000000         0.3400000000         1.6005393113       287.8355320455       578.3989406069 
        3.2400000000         0.3400000000         1.6005393113       291.3220281552       578.3989406069 
        3.2450000000         0.3400000000         1.5979903598       293.7075254934       574.5945354041 
        3.2500000000         0.3400000000         1.6209309231       297.9280207841       608.8341822296 
        3.2550000000         0.3400000000         1.6158330202       300.3135181223       601.2253718239 
        3.2600000000         0.3400000000         1.6158330202       303.6165144368       601.2253718239 
        3.2650001000         0.3400000000         1.6005393113       306.0020117751       578.3989406069 
        3.2700000000         0.3400000000         1.6005393113       308.5710089085       578.3989406069 
        3.2750000000         0.3400000000         1.6107351172       312.0575050183       593.6165614183 
        3.2800000000         0.3400000000         1.6183819717       315.5440011280       605.0297770267 
        3.2850000000         0.3400000000         1.6107351172       318.1129982615       593.6165614183 
        3.2900000000         0.3400000000         1.6030882627       320.6819953949       582.2033458098 
        3.2950000000         0.3400000000         1.5979903598       323.6179921189       574.5945354041 
        3.3000000000         0.3400000000         1.6107351172       327.2879880239       593.6165614183 
        3.3050000000         0.3400000000         1.6081861657       330.0404849526       589.8121562154 
        3.3100000000         0.3400000000         1.6132840687       332.7929818813       597.4209666211 
        3.3150000000         0.3400000000         1.6107351172       336.2794779911       593.6165614183 
        3.3200000000         0.3400000000         1.6056372142       339.0319749198       586.0077510126 
        3.3250001000         0.3400000000         1.6132840687       342.7019708248       597.4209666211 
        3.3300000000         0.3400000000         1.6107351172       345.6379675487       593.6165614183 
        3.3350000000         0.3400000000         1.6081861657       349.1244636585       589.8121562154 
        3.3400055000         0.3400000000         1.6132840687       351.5099609967       597.4209666211 
        3.3450000000         0.3400000000         1.6081861657       354.4459577207       589.8121562154 
        3.3500000000         0.3400000000         1.6158330202       357.5654542399       601.2253718239 
        3.3550000000         0.3400000000         1.6107351172       360.1344513734       593.6165614183 
        3.3600000000         0.3400000000         1.6209309231       360.6849507591       608.8341822296 
        3.3650000000         0.3400000000         1.6056372142       359.4004521924       586.0077510126 
        3.3700000000         0.3400000000         1.6132840687        79.9302640289       597.4209666211 
        3.3750000000         0.3400000000         1.6209309231        80.1137638241       608.8341822296 
        3.3800000000         0.3400000000         1.6107351172         0.2913528910       593.6165614183 
        3.3850000000         0.3400000000         1.6056372142        -0.2591464947       586.0077510126 
        3.3900001000         0.3400000000         1.6234798746         0.4748526863       612.6385874324 
        3.3950000000         0.3400000000         1.6081861657         2.6768502293       589.8121562154 
        3.4000000000         0.3400000000         1.6107351172         5.4293471580       593.6165614183 
        3.4050000000         0.3400000000         1.6132840687         8.5488436772       597.4209666211 
        3.4100000000         0.3400000000         1.6107351172        10.9343410155       593.6165614183 
        3.4150000000         0.3400000000         1.6081861657        14.2373373299       589.8121562154 
        3.4200000000         0.3400000000         1.6132840687        17.5403336444       597.4209666211 
        3.4250000000         0.3400000000         1.6183819717        20.6598301636       605.0297770267 
        3.4300000000         0.3400000000         1.6005393113        23.2288272971       578.3989406069 
        3.4350008000         0.3400000000         1.6132840687        26.7153234068       597.4209666211 
        3.4400000000         0.3400000000         1.6030882627        28.9173209498       582.2033458098 
        3.4450000000         0.3400000000         1.6081861657        32.4038170595       589.8121562154 
        3.4500058000         0.3400000000         1.6132840687        35.3398137835       597.4209666211 
        3.4550000000         0.3400000000         1.6183819717        38.6428100980       605.0297770267 
        3.4600000000         0.3400000000         1.6107351172        41.2118072315       593.6165614183 
        3.4650000000         0.3400000000         1.6030882627        43.9643041602       582.2033458098 
        3.4700000000         0.3400000000         1.6030882627        46.9003008842       582.2033458098 
        3.4750000000         0.3400000000         1.6158330202        50.2032971986       601.2253718239 
        3.4800000000         0.3400000000         1.6209309231        53.5062935131       608.8341822296 
        3.4850000000         0.3400000000         1.6005393113        54.9742918751       578.3989406069 
        3.4900000000         0.3400000000         1.6107351172        58.6442877801       593.6165614183 
        3.4950000000         0.3400000000         1.6056372142        61.0297851183       586.0077510126 
        3.5000000000         0.3400000000         1.6056372142        63.9657818423       586.0077510126 
        3.5050000000         0.3400000000         1.6030882627        66.9017785662       582.2033458098 
        3.5100000000         0.3400000000         1.6209309231        70.3882746760       608.8341822296 
        3.5150001000         0.3400000000         1.6081861657        73.1407716047       589.8121562154 
        3.5200000000         0.3400000000         1.6107351172        76.0767683287       593.6165614183 
        3.5250000000         0.3400000000         1.6081861657        78.4622656669       589.8121562154 
        3.5300000000         0.3400000000         1.6183819717        82.1322615719       605.0297770267 
        3.5350000000         0.3400000000         1.6056372142        83.9672595244       586.0077510126 
        3.5400000000         0.3400000000         1.6132840687        87.2702558388       597.4209666211 
        3.5450000000         0.3400000000         1.6107351172        90.2062525628       593.6165614183 
        3.5500000000         0.3400000000         1.6132840687        92.4082501058       597.4209666211 
        3.5550000000         0.3400000000         1.6209309231        96.4452456013       608.8341822296 
        3.5600000000         0.3400000000         1.6209309231        98.8307429395       608.8341822296 
        3.5650000000         0.3400000000         1.6183819717       101.9502394587       605.0297770267 
        3.5700000000         0.3400000000         1.6107351172       104.8862361827       593.6165614183 
        3.5750001000         0.3400000000         1.6081861657       106.5377343399       589.8121562154 
        3.5800000000         0.3400000000         1.6081861657       109.6572308591       589.8121562154 
        3.5850000000         0.3400000000         1.6081861657       112.4097277879       589.8121562154 
        3.5900000000         0.3400000000         1.6183819717       116.4467232833       605.0297770267 
        3.5950000000         0.3400000000         1.6107351172       118.8322206216       593.6165614183 
        3.6000000000         0.3400000000         1.6107351172       122.3187167313       593.6165614183 
        3.6050000000         0.3400000000         1.6081861657       124.7042140695       589.8121562154 
        3.6100000000         0.3400000000         1.6107351172       127.2732112030       593.6165614183 
        3.6150000000         0.3400000000         1.6081861657       129.8422083365       589.8121562154 
        3.6200000000         0.3400000000         1.6209309231       133.8792038320       608.8341822296 
        3.6250000000         0.3400000000         1.6209309231       136.8152005559       608.8341822296 
        3.6300000000         0.3400000000         1.6209309231       139.7511972799       608.8341822296 
        3.6350000000         0.3400000000         1.6005393113       141.9531948229       578.3989406069 
        3.6400001000         0.3400000000         1.6081861657       144.8891915469       589.8121562154 
        3.6450000000         0.3400000000         1.6081861657       147.8251882708       589.8121562154 
        3.6500000000         0.3400000000         1.6132840687       150.5776851996       597.4209666211 
        3.6550000000         0.3400000000         1.5979903598       153.3301821283       574.5945354041 
        3.6600000000         0.3400000000         1.6056372142       156.0826790570       586.0077510126 
        3.6650000000         0.3400000000         1.6081861657       159.2021755762       589.8121562154 
        3.6700000000         0.3400000000         1.6005393113       161.5876729145       578.3989406069 
        3.6750000000         0.3400000000         1.6107351172       165.4411686147       593.6165614183 
        3.6800000000         0.3400000000         1.6081861657       168.0101657482       589.8121562154 
        3.6850000000         0.3400000000         1.6081861657       171.1296622674       589.8121562154 
        3.6900000000         0.3400000000         1.6081861657       173.8821591961       589.8121562154 
        3.6950000000         0.3400000000         1.6107351172       177.0016557154       593.6165614183 
        3.7000001000         0.3400000000         1.6005393113       179.0201534631       578.3989406069 
        3.7050000000         0.3400000000         1.5979903598       181.5891505966       574.5945354041 
        3.7100000000         0.3400000000         1.5954414083       184.7086471158       570.7901302013 
        3.7150000000         0.3400000000         1.6081861657       188.5621428160       589.8121562154 
        3.7200000000         0.3400000000         1.6081861657       190.9476401542       589.8121562154 
        3.7250000000         0.3400000000         1.6183819717       194.2506364687       605.0297770267 
        3.7300000000         0.3400000000         1.6107351172       196.6361338069       593.6165614183 
        3.7350000000         0.3400000000         1.6056372142       199.3886307357       586.0077510126 
        3.7400000000         0.3400000000         1.5979903598       201.9576278691       574.5945354041 
        3.7450000000         0.3400000000         1.6030882627       204.7101247979       582.2033458098 
        3.7500000000         0.3400000000         1.6107351172       207.6461215219       593.6165614183 
        3.7550000000         0.3400000000         1.6183819717       211.6831170173       605.0297770267 
        3.7600000000         0.3400000000         1.6081861657       213.5181149698       589.8121562154 
        3.7650001000         0.3400000000         1.6132840687       216.8211112843       597.4209666211 
        3.7700000000         0.3400000000         1.6158330202       219.5736082130       601.2253718239 
        3.7750000000         0.3400000000         1.6056372142       222.5096049370       586.0077510126 
        3.7800000000         0.3400000000         1.6081861657       225.4456016610       589.8121562154 
        3.7850031000         0.3400000000         1.6132840687       228.1980985897       597.4209666211 
        3.7900032000         0.3400000000         1.6132840687       231.1340953137       597.4209666211 
        3.7950000000         0.3400000000         1.6005393113       233.7030924471       578.3989406069 
        3.8000000000         0.3400000000         1.6056372142       237.0060887616       586.0077510126 
        3.8050000000         0.3400000000         1.5979903598       239.5750858951       574.5945354041 
        3.8100000000         0.3400000000         1.6005393113       242.6945824143       578.3989406069 
        3.8150000000         0.3400000000         1.6056372142       245.6305791383       586.0077510126 
        3.8200000000         0.3400000000         1.5954414083       248.0160764765       570.7901302013 
        3.8250001000         0.3400000000         1.6005393113       251.5025725862       578.3989406069 
        3.8300000000         0.3400000000         1.6081861657       254.4385693102       589.8121562154 
        3.8350000000         0.3400000000         1.6081861657       257.5580658294       589.8121562154 
        3.8400000000         0.3400000000         1.6030882627       260.6775623487       582.2033458098 
        3.8450000000         0.3400000000         1.6005393113       263.2465594822       578.3989406069 
        3.8500000000         0.3400000000         1.6081861657       266.5495557966       589.8121562154 
        3.8550025000         0.3400000000         1.6005393113       268.9350531349       578.3989406069 
        3.8600000000         0.3400000000         1.6158330202       272.4215492446       601.2253718239 
        3.8650000000         0.3400000000         1.6030882627       274.6235467876       582.2033458098 
        3.8700000000         0.3400000000         1.6005393113       277.7430433068       578.3989406069 
        3.8750000000         0.3400000000         1.6081861657       281.0460396213       589.8121562154 
        3.8800000000         0.3400000000         1.6005393113       283.6150367547       578.3989406069 
        3.8850015000         0.3400000000         1.5954414083       285.6335345025       570.7901302013 
        3.8900001000         0.3400000000         1.6081861657       289.1200306122       589.8121562154 
        3.8950000000         0.3400000000         1.6030882627       291.8725275409       582.2033458098 
        3.9000046000         0.3400000000         1.6056372142       295.3590236506       586.0077510126 
        3.9050000000         0.3400000000         1.6107351172       298.2950203746       593.6165614183 
        3.9100000000         0.3400000000         1.6030882627       301.9650162796       582.2033458098 
        3.9150000000         0.3400000000         1.6030882627       304.1670138226       582.2033458098 
        3.9200000000         0.3400000000         1.6158330202       307.4700101370       601.2253718239 
        3.9250000000         0.3400000000         1.6081861657       309.6720076800       589.8121562154 
        3.9300000000         0.3400000000         1.6183819717       313.5255033802       605.0297770267 
        3.9350000000         0.3400000000         1.6107351172       316.2780003090       593.6165614183 
        3.9400000000         0.3400000000         1.6081861657       319.2139970329       589.8121562154 
        3.9450000000         0.3400000000         1.6107351172       322.3334935522       593.6165614183 
        3.9500001000         0.3400000000         1.6132840687       325.4529900714       597.4209666211 
        3.9550000000         0.3400000000         1.6081861657       328.0219872049       589.8121562154 
        3.9600041000         0.3400000000         1.6081861657       330.5909843384       589.8121562154 
        3.9650000000         0.3400000000         1.6183819717       334.0774804481       605.0297770267 
        3.9700000000         0.3400000000         1.6107351172       337.1969769673       593.6165614183 
        3.9750000000         0.3400000000         1.6158330202       340.8669728723       601.2253718239 
        3.9800000000         0.3400000000         1.6081861657       343.4359700057       589.8121562154 
        3.9850000000         0.3400000000         1.6132840687       346.1884669345       597.4209666211 
        3.9900000000         0.3400000000         1.6234798746       349.8584628394       612.6385874324 
        3.9950000000         0.3400000000         1.6234798746       352.7944595634       612.6385874324 
        4.0000000000         0.3400000000         1.6132840687       355.7304562874       597.4209666211 
        4.0050000000         0.3400000000         1.6158330202       359.2169523971       601.2253718239 
        4.0100000000         0.3400000000         1.6158330202       360.3179511686       601.2253718239 
        4.0150000000         0.3400000000         1.6158330202       360.3179511686       601.2253718239 
        4.0200000000         0.3400000000         1.6209309231       359.7674517829       608.8341822296 
        4.0250000000         0.3400000000         1.6158330202        79.3797646431       601.2253718239 
        4.0300001000         0.3400000000         1.6183819717         0.1078530958       605.0297770267 
        4.0350000000         0.3400000000         1.6107351172        -0.0756466995       593.6165614183 
        4.0400000000         0.3400000000         1.6209309231         0.6583524815       608.8341822296 
        4.0450000000         0.3400000000         1.6158330202         1.3923516625       601.2253718239 
        4.0500000000         0.3400000000         1.6107351172         3.7778490008       593.6165614183 
        4.0550000000         0.3400000000         1.6081861657         6.8973455200       589.8121562154 
        4.0600000000         0.3400000000         1.6158330202         9.2828428582       601.2253718239 
        4.0650000000         0.3400000000         1.6234798746        13.5033381489       612.6385874324 
        4.0700000000         0.3400000000         1.6158330202        15.7053356919       601.2253718239 
        4.0750001000         0.3400000000         1.6209309231        19.7423311874       608.8341822296 
        4.0800000000         0.3400000000         1.6209309231        22.1278285256       608.8341822296 
        4.0850000000         0.3400000000         1.6183819717        25.2473250448       605.0297770267 
        4.0900000000         0.3400000000         1.6132840687        28.3668215641       597.4209666211 
        4.0950000000         0.3400000000         1.6132840687        30.7523189023       597.4209666211 
        4.1000000000         0.3400000000         1.6234798746        34.7893143978       612.6385874324 
        4.1050000000         0.3400000000         1.6234798746        37.7253111217       612.6385874324 
        4.1100000000         0.3400000000         1.6234798746        40.4778080505       612.6385874324 
        4.1150000000         0.3400000000         1.6107351172        42.6798055934       593.6165614183 
        4.1200000000         0.3400000000         1.6285777776        45.9828019079       620.2473978381 
        4.1250000000         0.3400000000         1.6183819717        49.1022984271       605.0297770267 
        4.1300000000         0.3400000000         1.6285777776        52.5887945369       620.2473978381 
        4.1350000000         0.3400000000         1.6234798746        55.3412914656       612.6385874324 
        4.1400000000         0.3400000000         1.6081861657        57.5432890086       589.8121562154 
        4.1450000000         0.3400000000         1.6081861657        60.4792857325       589.8121562154 
        4.1500000000         0.3400000000         1.6107351172        63.7822820470       593.6165614183 
        4.1550000000         0.3400000000         1.6209309231        66.7182787710       608.8341822296 
        4.1600000000         0.3400000000         1.6132840687        69.6542754950       597.4209666211 
        4.1650000000         0.3400000000         1.6158330202        72.4067724237       601.2253718239 
        4.1700000000         0.3400000000         1.6183819717        75.5262689429       605.0297770267 
        4.1750000000         0.3400000000         1.6158330202        78.0952660764       601.2253718239 
        4.1800000000         0.3400000000         1.6081861657        81.0312628004       589.8121562154 
        4.1850000000         0.3400000000         1.6158330202        83.9672595244       601.2253718239 
        4.1900000000         0.3400000000         1.6081861657        86.7197564531       589.8121562154 
        4.1950000000         0.3400000000         1.6056372142        89.4722533818       586.0077510126 
        4.2000000000         0.3400000000         1.6209309231        92.9587494915       608.8341822296 
        4.2050000000         0.3400000000         1.6158330202        94.9772472393       601.2253718239 
        4.2100000000         0.3400000000         1.6132840687        98.0967437585       597.4209666211 
        4.2150000000         0.3400000000         1.6056372142       101.5832398682       586.0077510126 
        4.2200000000         0.3400000000         1.6107351172       103.7852374112       593.6165614183 
        4.2250000000         0.3400000000         1.6158330202       106.5377343399       601.2253718239 
        4.2300000000         0.3400000000         1.6056372142       109.1067314734       586.0077510126 
        4.2350000000         0.3400000000         1.6056372142       112.2262279926       586.0077510126 
        4.2400000000         0.3400000000         1.6005393113       115.1622247166       578.3989406069 
        4.2450000000         0.3400000000         1.6030882627       117.9147216453       582.2033458098 
        4.2500000000         0.3400000000         1.6183819717       121.4012177551       605.0297770267 
        4.2550000000         0.3400000000         1.6107351172       123.9702148885       593.6165614183 
        4.2600000000         0.3400000000         1.6081861657       126.7227118173       589.8121562154 
        4.2650000000         0.3400000000         1.6132840687       130.2092079270       597.4209666211 
        4.2700000000         0.3400000000         1.6158330202       132.5947052652       601.2253718239 
        4.2750000000         0.3400000000         1.6158330202       135.1637023987       601.2253718239 
        4.2800000000         0.3400000000         1.6081861657       138.2831989179       589.8121562154 
        4.2850000000         0.3400000000         1.6209309231       141.7696950276       608.8341822296 
        4.2900000000         0.3400000000         1.6081861657       143.7881927754       589.8121562154 
        4.2950000000         0.3400000000         1.6030882627       147.0911890898       582.2033458098 
        4.3000000000         0.3400000000         1.6056372142       149.8436860186       586.0077510126 
        4.3050000000         0.3400000000         1.6030882627       152.4126831521       582.2033458098 
        4.3100000000         0.3400000000         1.6132840687       155.5321796713       597.4209666211 
        4.3150000000         0.3400000000         1.6005393113       158.8351759858       578.3989406069 
        4.3200000000         0.3400000000         1.6183819717       162.1381723002       605.0297770267 
        4.3250000000         0.3400000000         1.6183819717       164.7071694337       605.0297770267 
        4.3300000000         0.3400000000         1.6132840687       167.8266659529       597.4209666211 
        4.3350000000         0.3400000000         1.6183819717       170.9461624722       605.0297770267 
        4.3400000000         0.3400000000         1.6081861657       172.5976606294       589.8121562154 
        4.3450030000         0.3400000000         1.6107351172       176.8181559201       593.6165614183 
        4.3500000000         0.3400000000         1.6030882627       179.0201534631       582.2033458098 
        4.3550000000         0.3400000000         1.6183819717       182.3231497776       605.0297770267 
        4.3600000000         0.3400000000         1.6183819717       185.4426462968       605.0297770267 
        4.3650000000         0.3400000000         1.6081861657       187.2776442493       589.8121562154 
        4.3700000000         0.3400000000         1.6158330202       191.1311399495       601.2253718239 
        4.3750000000         0.3400000000         1.6056372142       193.5166372877       586.0077510126 
        4.3800000000         0.3400000000         1.6158330202       196.8196336022       601.2253718239 
        4.3850032000         0.3400000000         1.6056372142       199.9391301214       586.0077510126 
        4.3900000000         0.3400000000         1.6158330202       202.6916270501       601.2253718239 
        4.3950000000         0.3400000000         1.6081861657       204.5266250026       589.8121562154 
        4.4000000000         0.3400000000         1.6081861657       207.4626217266       589.8121562154 
        4.4050000000         0.3400000000         1.6158330202       211.3161174268       601.2253718239 
        4.4100000000         0.3400000000         1.6107351172       213.3346151746       593.6165614183 
        4.4150000000         0.3400000000         1.6107351172       216.8211112843       593.6165614183 
        4.4200000000         0.3400000000         1.6030882627       218.8396090320       582.2033458098 
        4.4250000000         0.3400000000         1.6183819717       222.5096049370       605.0297770267 
        4.4300000000         0.3400000000         1.6107351172       224.7116024800       593.6165614183 
        4.4350000000         0.3400000000         1.6209309231       228.7485979754       608.8341822296 
        4.4400000000         0.3400000000         1.6005393113       230.5835959279       578.3989406069 
        4.4450000000         0.3400000000         1.6107351172       233.7030924471       593.6165614183 
        4.4500000000         0.3400000000         1.6081861657       236.6390891711       589.8121562154 
        4.4550000000         0.3400000000         1.6081861657       239.5750858951       589.8121562154 
        4.4600000000         0.3400000000         1.6005393113       241.9605832333       578.3989406069 
        4.4650000000         0.3400000000         1.6132840687       245.4470793430       597.4209666211 
        4.4700000000         0.3400000000         1.5954414083       247.8325766813       570.7901302013 
        4.4750000000         0.3400000000         1.6158330202       251.6860723815       601.2253718239 
        4.4800000000         0.3400000000         1.6081861657       253.7045701292       589.8121562154 
        4.4850000000         0.3400000000         1.6005393113       256.6405668532       578.3989406069 
        4.4900000000         0.3400000000         1.6132840687       260.4940625534       597.4209666211 
        4.4950047000         0.3400000000         1.6005393113       262.5125603012       578.3989406069 
        4.5000000000         0.3400000000         1.6056372142       265.8155566156       586.0077510126 
        4.5050000000         0.3400000000         1.6081861657       268.7515533396       589.8121562154 
        4.5100000000         0.3400000000         1.6056372142       271.3205504731       586.0077510126 
        4.5150000000         0.3400000000         1.6132840687       274.8070465828       597.4209666211 
        4.5200000000         0.3400000000         1.6030882627       277.7430433068       582.2033458098 
        4.5250016000         0.3400000000         1.6056372142       280.3120404403       586.0077510126 
        4.5300000000         0.3400000000         1.6107351172       283.4315369595       593.6165614183 
        4.5350026000         0.3400000000         1.6107351172       286.3675336835       593.6165614183 
        4.5400000000         0.3400000000         1.6158330202       289.3035304074       601.2253718239 
        4.5450000000         0.3400000000         1.6209309231       292.7900265172       608.8341822296 
        4.5500000000         0.3400000000         1.6081861657       295.5425234459       589.8121562154 
        4.5550000000         0.3400000000         1.6030882627       298.8455197604       582.2033458098 
        4.5600000000         0.3400000000         1.6081861657       301.2310170986       589.8121562154 
        4.5650000000         0.3400000000         1.6081861657       304.5340134131       589.8121562154 
        4.5700000000         0.3400000000         1.6183819717       308.2040093180       605.0297770267 
        4.5750000000         0.3400000000         1.6107351172       310.4060068610       593.6165614183 
        4.5800000000         0.3400000000         1.6209309231       313.5255033802       608.8341822296 
        4.5850000000         0.3400000000         1.6158330202       316.2780003090       601.2253718239 
        4.5900000000         0.3400000000         1.6030882627       318.6634976472       582.2033458098 
        4.5950000000         0.3400000000         1.6209309231       322.5169933474       608.8341822296 
        4.6000000000         0.3400000000         1.6107351172       325.4529900714       593.6165614183 
        4.6050000000         0.3400000000         1.6132840687       328.3889867954       597.4209666211 
        4.6100000000         0.3400000000         1.6234798746       331.5084833146       612.6385874324 
        4.6150000000         0.3400000000         1.6107351172       335.3619790148       593.6165614183 
        4.6200000000         0.3400000000         1.6005393113       337.1969769673       578.3989406069 
        4.6250000000         0.3400000000         1.6081861657       340.6834730770       589.8121562154 
        4.6300000000         0.3400000000         1.6056372142       343.4359700057       586.0077510126 
        4.6350000000         0.3400000000         1.6285777776       347.4729655012       620.2473978381 
        4.6400000000         0.3400000000         1.6183819717       350.0419626347       605.0297770267 
        4.6450000000         0.3400000000         1.6158330202       353.1614591539       601.2253718239 
        4.6500000000         0.3400000000         1.6158330202       356.4644554684       601.2253718239 
        4.6550000000         0.3400000000         1.6107351172       359.5839519876       593.6165614183 
        4.6600000000         0.3400000000         1.6081861657       359.9509515781       589.8121562154 
        4.6650000000         0.3400000000         1.6260288261       359.9509515781       616.4429926352 
        4.6700000000         0.3400000000         1.6183819717       359.0334526019       605.0297770267 
        4.6750000000         0.3400000000         1.6260288261        80.6642632099       616.4429926352 
        4.6800000000         0.3400000000         1.6234798746         0.1078530958       612.6385874324 
        4.6850000000         0.3400000000         1.6081861657        -0.6261460852       589.8121562154 
        4.6900000000         0.3400000000         1.6132840687         0.6583524815       597.4209666211 
        4.6950000000         0.3400000000         1.6081861657         1.2088518673       589.8121562154 
        4.7000000000         0.3400000000         1.6158330202         3.9613487960       601.2253718239 
        4.7050016000         0.3400000000         1.6260288261         7.9983442915       616.4429926352 
        4.7100000000         0.3400000000         1.6132840687        10.7508412202       597.4209666211 
        4.7150000000         0.3400000000         1.6260288261        14.4208371252       616.4429926352 
        4.7200000000         0.3400000000         1.6132840687        16.4393348729       597.4209666211 
        4.7250000000         0.3400000000         1.6183819717        19.9258309826       605.0297770267 
        4.7300000000         0.3400000000         1.6081861657        22.4948281161       589.8121562154 
        4.7350000000         0.3400000000         1.6209309231        25.9813242258       608.8341822296 
        4.7400000000         0.3400000000         1.6158330202        28.5503213593       601.2253718239 
        4.7450000000         0.3400000000         1.6081861657        31.4863180833       589.8121562154 
        4.7500000000         0.3400000000         1.6081861657        34.4223148073       589.8121562154 
        4.7550000000         0.3400000000         1.6056372142        37.1748117360       586.0077510126 
        4.7600000000         0.3400000000         1.6132840687        40.2943082552       597.4209666211 
        4.7650000000         0.3400000000         1.6158330202        44.3313037507       601.2253718239 
        4.7700000000         0.3400000000         1.6183819717        46.3498014984       605.0297770267 
        4.7750000000         0.3400000000         1.6209309231        49.6527978129       608.8341822296 
        4.7800000000         0.3400000000         1.6260288261        53.5062935131       616.4429926352 
        4.7850000000         0.3400000000         1.6183819717        56.0752906466       605.0297770267 
        4.7900000000         0.3400000000         1.6209309231        59.0112873706       608.8341822296 
        4.7950000000         0.3400000000         1.6107351172        60.8462853230       593.6165614183 
        4.8000000000         0.3400000000         1.6081861657        63.5987822518       589.8121562154 
        4.8050000000         0.3400000000         1.6209309231        67.6357777472       608.8341822296 
        4.8100000000         0.3400000000         1.6081861657        69.6542754950       589.8121562154 
        4.8150000000         0.3400000000         1.6132840687        73.1407716047       597.4209666211 
        4.8200000000         0.3400000000         1.6030882627        75.5262689429       582.2033458098 
        4.8250000000         0.3400000000         1.6183819717        78.8292652574       605.0297770267 
        4.8300000000         0.3400000000         1.6183819717        82.1322615719       605.0297770267 
        4.8350000000         0.3400000000         1.6158330202        84.3342591149       601.2253718239 
        4.8400000000         0.3400000000         1.6183819717        87.2702558388       605.0297770267 
        4.8450000000         0.3400000000         1.6107351172        90.0227527676       593.6165614183 
        4.8500000000         0.3400000000         1.6158330202        92.9587494915       601.2253718239 
        4.8550000000         0.3400000000         1.6183819717        95.8947462155       605.0297770267 
        4.8600000000         0.3400000000         1.6158330202        99.1977425300       601.2253718239 
        4.8650000000         0.3400000000         1.6158330202       101.0327404825       601.2253718239 
        4.8700000000         0.3400000000         1.6183819717       103.9687372064       605.0297770267 
        4.8750005000         0.3400000000         1.6209309231       107.6387331114       608.8341822296 
        4.8800000000         0.3400000000         1.6030882627       109.4737310639       582.2033458098 
        4.8850008000         0.3400000000         1.6132840687       113.5107265594       597.4209666211 
        4.8900000000         0.3400000000         1.6005393113       115.7127241024       578.3989406069 
        4.8950000000         0.3400000000         1.6030882627       118.0982214406       582.2033458098 
        4.9000000000         0.3400000000         1.6107351172       121.5847175503       593.6165614183 
        4.9050000000         0.3400000000         1.6158330202       124.5207142743       601.2253718239 
        4.9100000000         0.3400000000         1.6081861657       127.4567109983       589.8121562154 
        4.9150000000         0.3400000000         1.6183819717       130.3927077222       605.0297770267 
        4.9200000000         0.3400000000         1.6158330202       132.9617048557       601.2253718239 
        4.9250000000         0.3400000000         1.6081861657       135.8977015797       589.8121562154 
        4.9300000000         0.3400000000         1.6132840687       139.0171980989       597.4209666211 
        4.9350000000         0.3400000000         1.6132840687       142.3201944134       597.4209666211 
        4.9400000000         0.3400000000         1.6107351172       144.7056917516       593.6165614183 
        4.9450000000         0.3400000000         1.6132840687       147.6416884756       597.4209666211 
        4.9500036000         0.3400000000         1.6081861657       150.9446847901       589.8121562154 
        4.9550000000         0.3400000000         1.6030882627       152.9631825378       582.2033458098 
        4.9600000000         0.3400000000         1.6158330202       156.4496786475       601.2253718239 
        4.9650000000         0.3400000000         1.6056372142       158.8351759858       586.0077510126 
        4.9700025000         0.3400000000         1.6158330202       162.1381723002       601.2253718239 
        4.9750041000         0.3400000000         1.6183819717       165.8081682052       605.0297770267 
        4.9800000000         0.3400000000         1.6030882627       167.6431661577       582.2033458098 
        4.9850000000         0.3400000000         1.6081861657       170.9461624722       589.8121562154 
        4.9900000000         0.3400000000         1.6081861657       173.8821591961       589.8121562154 
        4.9950000000         0.3400000000         1.6081861657       176.4511563296       589.8121562154 
